row_id,fold,true_label,technique,pred_xgb,pred_cnn,proba_xgb,proba_cnn,disagreement_direction,llm_verdict,llm_pred,llm_confidence,llm_agrees_with,parse_status,rationale_steps,key_features,raw
115,3,0,benign,0,1,0.6923177242279053,0.9917534589767456,xgb_benign_cnn_malicious,,-1,,,call_error,[],[],"ReadTimeout(ReadTimeoutError(""HTTPConnectionPool(host='127.0.0.1', port=12435): Read timed out. (read timeout=300)""))"
123,3,1,T1078_Valid_Accounts,0,1,0.6923177242279053,0.9917534589767456,xgb_benign_cnn_malicious,,-1,,,call_error,[],[],"ReadTimeout(ReadTimeoutError(""HTTPConnectionPool(host='127.0.0.1', port=12435): Read timed out. (read timeout=300)""))"
234,4,0,benign,0,1,0.4626511931419372,0.7419862747192383,xgb_benign_cnn_malicious,,-1,,,call_error,[],[],"ReadTimeout(ReadTimeoutError(""HTTPConnectionPool(host='127.0.0.1', port=12435): Read timed out. (read timeout=300)""))"
238,4,0,benign,0,1,0.5382307767868042,0.9489884972572328,xgb_benign_cnn_malicious,,-1,,,call_error,[],[],"ReadTimeout(ReadTimeoutError(""HTTPConnectionPool(host='127.0.0.1', port=12435): Read timed out. (read timeout=300)""))"
697,3,0,benign,0,1,0.6923177242279053,0.9917534589767456,xgb_benign_cnn_malicious,,-1,,,call_error,[],[],"ReadTimeout(ReadTimeoutError(""HTTPConnectionPool(host='127.0.0.1', port=12435): Read timed out. (read timeout=300)""))"
868,1,0,benign,0,1,0.694502592086792,0.9362074136734008,xgb_benign_cnn_malicious,,-1,,,call_error,[],[],"ReadTimeout(ReadTimeoutError(""HTTPConnectionPool(host='127.0.0.1', port=12435): Read timed out. (read timeout=300)""))"
1039,4,0,benign,0,1,0.5382307767868042,0.9489884972572328,xgb_benign_cnn_malicious,MALICIOUS,1,0.92,cnn,ok,"[""Privilege state: max_uid_euid_delta is high (p99+) and auid_euid_mismatch is set -- a real identity inconsistency and privilege transition."", ""Mechanism: is_suid_exec is set and a shell was spawned from a service context with priv_op_count elevated -- a classic setuid-shell escalation."", ""Behavioural anomaly: parent_child_rarity is near 1 (essentially never seen in benign activity) and events_per_second is extremely high (p93) -- an unusual syscall throughput."", ""Benign-explanation test: very short lifetime (p36) and low throughput argue against a routine admin script, cron job, or health-check."", ""Decide: the escalation mechanism, sensitive-path access, and unusual syscall throughput outweigh XGBoost's benign call; this supports the CNN.""]","[""parent_child_rarity"", ""lifetime_seconds"", ""events_per_second"", ""max_uid_euid_delta"", ""auid_euid_mismatch""]","{
  ""verdict"": ""MALICIOUS"",
  ""confidence"": 0.92,
  ""rationale_steps"": [
    ""Privilege state: max_uid_euid_delta is high (p99+) and auid_euid_mismatch is set -- a real identity inconsistency and privilege transition."",
    ""Mechanism: is_suid_exec is set and a shell was spawned from a service context with priv_op_count elevated -- a classic setuid-shell escalation."",
    ""Behavioural anomaly: parent_child_rarity is near 1 (essentially never seen in benign activity) and events_per_second is extremely high (p93) -- an unusual syscall throughput."",
    ""Benign-explanation test: very short lifetime (p36) and low throughput argue against a routine admin script, cron job, or health-check."",
    ""Decide: the escalation mechanism, sensitive-path access, and unusual syscall throughput outweigh XGBoost's benign call; this supports the CNN.""
  ],
  ""key_features"": [""parent_child_rarity"", ""lifetime_seconds"", ""events_per_second"", ""max_uid_euid_delta"", ""auid_euid_mismatch""],
  ""agrees_with"": ""cnn""
}"
1438,3,1,T1078_Valid_Accounts,0,1,0.6923177242279053,0.9917534589767456,xgb_benign_cnn_malicious,MALICIOUS,1,0.92,cnn,ok,"[""Privilege state: max_uid_euid_delta is high (p98) and auid_euid_mismatch is set -- a real identity inconsistency and privilege transition."", ""Mechanism: is_suid_exec is set and a shell was spawned from a service context with priv_op_count elevated -- a classic setuid-shell escalation."", ""Behavioural anomaly: parent_child_rarity is near 1 (essentially never seen in benign activity) and unique_syscalls is high (p98) -- an exec pair and syscall types essentially never seen in benign activity."", ""Benign-explanation test: very short lifetime (p42) and high throughput argue against a routine admin script, cron job, or health-check."", ""Decide: the escalation mechanism, sensitive-path access, and behavioural anomalies outweigh XGBoost's benign call; this supports the CNN.""]","[""unique_syscalls"", ""exec_count"", ""parent_child_rarity"", ""seq_length"", ""lifetime_seconds""]","{
  ""verdict"": ""MALICIOUS"",
  ""confidence"": 0.92,
  ""rationale_steps"": [
    ""Privilege state: max_uid_euid_delta is high (p98) and auid_euid_mismatch is set -- a real identity inconsistency and privilege transition."",
    ""Mechanism: is_suid_exec is set and a shell was spawned from a service context with priv_op_count elevated -- a classic setuid-shell escalation."",
    ""Behavioural anomaly: parent_child_rarity is near 1 (essentially never seen in benign activity) and unique_syscalls is high (p98) -- an exec pair and syscall types essentially never seen in benign activity."",
    ""Benign-explanation test: very short lifetime (p42) and high throughput argue against a routine admin script, cron job, or health-check."",
    ""Decide: the escalation mechanism, sensitive-path access, and behavioural anomalies outweigh XGBoost's benign call; this supports the CNN.""
  ],
  ""key_features"": [""unique_syscalls"", ""exec_count"", ""parent_child_rarity"", ""seq_length"", ""lifetime_seconds""],
  ""agrees_with"": ""cnn""
}"
1837,4,0,benign,0,1,0.4626511931419372,0.7419862747192383,xgb_benign_cnn_malicious,MALICIOUS,1,0.83,cnn,ok,"[""Privilege state: max_uid_euid_delta is high (p98) and auid_euid_mismatch is set -- a real identity inconsistency and privilege transition."", ""Mechanism: is_suid_exec is not set, but exec_count is high (p73) and a shell was spawned from a service context with priv_op_count elevated -- a suspicious escalation attempt."", ""Behavioural anomaly: failed_call_rate is high (p98), failed_call_count is high (p98), and parent_child_rarity is near 1 -- an exec pair essentially never seen in benign activity."", ""Benign-explanation test: very high throughput (p98) and short lifetime (p42) argue against a routine admin script, cron job, or health-check."", ""Decide: the escalation mechanism and behavioural anomalies outweigh XGBoost's benign call; this supports the CNN.""]","[""events_per_second"", ""seq_length"", ""auid_euid_mismatch"", ""failed_call_rate"", ""failed_call_count""]","{
  ""verdict"": ""MALICIOUS"",
  ""confidence"": 0.83,
  ""rationale_steps"": [
    ""Privilege state: max_uid_euid_delta is high (p98) and auid_euid_mismatch is set -- a real identity inconsistency and privilege transition."",
    ""Mechanism: is_suid_exec is not set, but exec_count is high (p73) and a shell was spawned from a service context with priv_op_count elevated -- a suspicious escalation attempt."",
    ""Behavioural anomaly: failed_call_rate is high (p98), failed_call_count is high (p98), and parent_child_rarity is near 1 -- an exec pair essentially never seen in benign activity."",
    ""Benign-explanation test: very high throughput (p98) and short lifetime (p42) argue against a routine admin script, cron job, or health-check."",
    ""Decide: the escalation mechanism and behavioural anomalies outweigh XGBoost's benign call; this supports the CNN.""
  ],
  ""key_features"": [""events_per_second"", ""seq_length"", ""auid_euid_mismatch"", ""failed_call_rate"", ""failed_call_count""],
  ""agrees_with"": ""cnn""
}"
1880,4,0,benign,0,1,0.5382307767868042,0.9489884972572328,xgb_benign_cnn_malicious,MALICIOUS,1,0.92,cnn,ok,"[""Privilege state: max_uid_euid_delta is high (p99+) and auid_euid_mismatch is set -- a real identity inconsistency and privilege transition."", ""Mechanism: is_suid_exec is set and a shell was spawned from a service context with priv_op_count elevated -- a classic setuid-shell escalation."", ""Behavioural anomaly: parent_child_rarity is near 1 (essentially never seen in benign activity) and events_per_second is extremely high (p93) -- an unusual syscall throughput."", ""Benign-explanation test: very short lifetime (p36) and low throughput argue against a routine admin script, cron job, or health-check."", ""Decide: the escalation mechanism, sensitive-path access, and unusual syscall throughput outweigh XGBoost's benign call; this supports the CNN.""]","[""parent_child_rarity"", ""lifetime_seconds"", ""events_per_second"", ""max_uid_euid_delta"", ""auid_euid_mismatch""]","{
  ""verdict"": ""MALICIOUS"",
  ""confidence"": 0.92,
  ""rationale_steps"": [
    ""Privilege state: max_uid_euid_delta is high (p99+) and auid_euid_mismatch is set -- a real identity inconsistency and privilege transition."",
    ""Mechanism: is_suid_exec is set and a shell was spawned from a service context with priv_op_count elevated -- a classic setuid-shell escalation."",
    ""Behavioural anomaly: parent_child_rarity is near 1 (essentially never seen in benign activity) and events_per_second is extremely high (p93) -- an unusual syscall throughput."",
    ""Benign-explanation test: very short lifetime (p36) and low throughput argue against a routine admin script, cron job, or health-check."",
    ""Decide: the escalation mechanism, sensitive-path access, and unusual syscall throughput outweigh XGBoost's benign call; this supports the CNN.""
  ],
  ""key_features"": [""parent_child_rarity"", ""lifetime_seconds"", ""events_per_second"", ""max_uid_euid_delta"", ""auid_euid_mismatch""],
  ""agrees_with"": ""cnn""
}"
2204,4,0,benign,0,1,0.4626511931419372,0.7419862747192383,xgb_benign_cnn_malicious,MALICIOUS,1,0.83,cnn,ok,"[""Privilege state: max_uid_euid_delta is high (p98) and auid_euid_mismatch is set -- a real identity inconsistency and privilege transition."", ""Mechanism: is_suid_exec is not set, but exec_count is high (p73) and a shell was spawned from a service context with priv_op_count elevated -- a suspicious escalation attempt."", ""Behavioural anomaly: failed_call_rate is high (p98), failed_call_count is high (p98), and parent_child_rarity is near 1 -- an exec pair essentially never seen in benign activity."", ""Benign-explanation test: very high throughput (p98) and short lifetime (p42) argue against a routine admin script, cron job, or health-check."", ""Decide: the escalation mechanism and behavioural anomalies outweigh XGBoost's benign call; this supports the CNN.""]","[""events_per_second"", ""seq_length"", ""auid_euid_mismatch"", ""failed_call_rate"", ""failed_call_count""]","{
  ""verdict"": ""MALICIOUS"",
  ""confidence"": 0.83,
  ""rationale_steps"": [
    ""Privilege state: max_uid_euid_delta is high (p98) and auid_euid_mismatch is set -- a real identity inconsistency and privilege transition."",
    ""Mechanism: is_suid_exec is not set, but exec_count is high (p73) and a shell was spawned from a service context with priv_op_count elevated -- a suspicious escalation attempt."",
    ""Behavioural anomaly: failed_call_rate is high (p98), failed_call_count is high (p98), and parent_child_rarity is near 1 -- an exec pair essentially never seen in benign activity."",
    ""Benign-explanation test: very high throughput (p98) and short lifetime (p42) argue against a routine admin script, cron job, or health-check."",
    ""Decide: the escalation mechanism and behavioural anomalies outweigh XGBoost's benign call; this supports the CNN.""
  ],
  ""key_features"": [""events_per_second"", ""seq_length"", ""auid_euid_mismatch"", ""failed_call_rate"", ""failed_call_count""],
  ""agrees_with"": ""cnn""
}"
2840,4,0,benign,0,1,0.3245709240436554,0.9654507040977478,xgb_benign_cnn_malicious,MALICIOUS,1,0.92,cnn,ok,"[""Privilege state: max_uid_euid_delta is high (p99+) and auid_euid_mismatch is set -- a real identity inconsistency and privilege transition."", ""Mechanism: is_suid_exec is set and a shell was spawned from a service context with priv_op_count elevated -- a classic setuid-shell escalation."", ""Behavioural anomaly: parent_child_rarity is near 1 (essentially never seen in benign activity) and events_per_second is extremely high (p93) -- an unusual and potentially malicious process."", ""Benign-explanation test: very short lifetime (p36) and low throughput argue against a routine admin script, cron job, or health-check."", ""Decide: the escalation mechanism, sensitive-path access, and unusual behavioural features outweigh XGBoost's benign call; this supports the CNN.""]","[""parent_child_rarity"", ""lifetime_seconds"", ""events_per_second"", ""max_uid_euid_delta"", ""auid_euid_mismatch""]","{
  ""verdict"": ""MALICIOUS"",
  ""confidence"": 0.92,
  ""rationale_steps"": [
    ""Privilege state: max_uid_euid_delta is high (p99+) and auid_euid_mismatch is set -- a real identity inconsistency and privilege transition."",
    ""Mechanism: is_suid_exec is set and a shell was spawned from a service context with priv_op_count elevated -- a classic setuid-shell escalation."",
    ""Behavioural anomaly: parent_child_rarity is near 1 (essentially never seen in benign activity) and events_per_second is extremely high (p93) -- an unusual and potentially malicious process."",
    ""Benign-explanation test: very short lifetime (p36) and low throughput argue against a routine admin script, cron job, or health-check."",
    ""Decide: the escalation mechanism, sensitive-path access, and unusual behavioural features outweigh XGBoost's benign call; this supports the CNN.""
  ],
  ""key_features"": [""parent_child_rarity"", ""lifetime_seconds"", ""events_per_second"", ""max_uid_euid_delta"", ""auid_euid_mismatch""],
  ""agrees_with"": ""cnn""
}"
2847,4,1,T1078_Valid_Accounts,0,1,0.619727611541748,0.9672528505325316,xgb_benign_cnn_malicious,MALICIOUS,1,0.92,cnn,ok,"[""Privilege state: max_uid_euid_delta is high (p99+) and auid_euid_mismatch is set -- a real identity inconsistency and privilege transition."", ""Mechanism: is_suid_exec is set and a shell was spawned from a service context with priv_op_count elevated -- a classic setuid-shell escalation."", ""Behavioural anomaly: parent_child_rarity is near 1 (essentially never seen in benign activity) and events_per_second is extremely high (p94) -- an unusual and potentially malicious process."", ""Benign-explanation test: very short lifetime (p36) and low throughput argue against a routine admin script, cron job, or health-check."", ""Decide: the escalation mechanism, sensitive-path access, and unusual process behavior outweigh XGBoost's benign call; this supports the CNN.""]","[""parent_child_rarity"", ""lifetime_seconds"", ""events_per_second"", ""max_uid_euid_delta"", ""auid_euid_mismatch""]","{
  ""verdict"": ""MALICIOUS"",
  ""confidence"": 0.92,
  ""rationale_steps"": [
    ""Privilege state: max_uid_euid_delta is high (p99+) and auid_euid_mismatch is set -- a real identity inconsistency and privilege transition."",
    ""Mechanism: is_suid_exec is set and a shell was spawned from a service context with priv_op_count elevated -- a classic setuid-shell escalation."",
    ""Behavioural anomaly: parent_child_rarity is near 1 (essentially never seen in benign activity) and events_per_second is extremely high (p94) -- an unusual and potentially malicious process."",
    ""Benign-explanation test: very short lifetime (p36) and low throughput argue against a routine admin script, cron job, or health-check."",
    ""Decide: the escalation mechanism, sensitive-path access, and unusual process behavior outweigh XGBoost's benign call; this supports the CNN.""
  ],
  ""key_features"": [""parent_child_rarity"", ""lifetime_seconds"", ""events_per_second"", ""max_uid_euid_delta"", ""auid_euid_mismatch""],
  ""agrees_with"": ""cnn""
}"
2874,4,0,benign,0,1,0.4626511931419372,0.7419862747192383,xgb_benign_cnn_malicious,MALICIOUS,1,0.83,cnn,ok,"[""Privilege state: max_uid_euid_delta is high (p98) and auid_euid_mismatch is set -- a real identity inconsistency and privilege transition."", ""Mechanism: is_suid_exec is not set, but exec_count is high (p73) and a shell was spawned from a service context with priv_op_count elevated -- a suspicious escalation attempt."", ""Behavioural anomaly: failed_call_rate is high (p98), failed_call_count is high (p98), and parent_child_rarity is near 1 -- an exec pair essentially never seen in benign activity."", ""Benign-explanation test: very high throughput (p98) and short lifetime (p42) argue against a routine admin script, cron job, or health-check."", ""Decide: the escalation mechanism and behavioural anomalies outweigh XGBoost's benign call; this supports the CNN.""]","[""events_per_second"", ""seq_length"", ""auid_euid_mismatch"", ""failed_call_rate"", ""failed_call_count""]","{
  ""verdict"": ""MALICIOUS"",
  ""confidence"": 0.83,
  ""rationale_steps"": [
    ""Privilege state: max_uid_euid_delta is high (p98) and auid_euid_mismatch is set -- a real identity inconsistency and privilege transition."",
    ""Mechanism: is_suid_exec is not set, but exec_count is high (p73) and a shell was spawned from a service context with priv_op_count elevated -- a suspicious escalation attempt."",
    ""Behavioural anomaly: failed_call_rate is high (p98), failed_call_count is high (p98), and parent_child_rarity is near 1 -- an exec pair essentially never seen in benign activity."",
    ""Benign-explanation test: very high throughput (p98) and short lifetime (p42) argue against a routine admin script, cron job, or health-check."",
    ""Decide: the escalation mechanism and behavioural anomalies outweigh XGBoost's benign call; this supports the CNN.""
  ],
  ""key_features"": [""events_per_second"", ""seq_length"", ""auid_euid_mismatch"", ""failed_call_rate"", ""failed_call_count""],
  ""agrees_with"": ""cnn""
}"
2879,4,0,benign,0,1,0.4626511931419372,0.7419862747192383,xgb_benign_cnn_malicious,MALICIOUS,1,0.83,cnn,ok,"[""Privilege state: auid_euid_mismatch is set, indicating an identity inconsistency, but max_uid_euid_delta is low, suggesting no genuine UID/EUID transition."", ""Mechanism: is_suid_exec is not set, but exec_count is elevated, which could indicate an unusual exec chain."", ""Behavioural anomaly: failed_call_rate and failed_call_count are both high, indicating a high rate of failed syscalls, and parent_child_rarity is near 1, indicating a rare parent->child exec pair."", ""Benign-explanation test: the short lifetime and high throughput do not strongly suggest a routine admin script, cron job, or health-check."", ""Decide: the combination of failed_call_rate, failed_call_count, and parent_child_rarity outweighs XGBoost's benign call, supporting CNN's flag on this one feature.""]","[""events_per_second"", ""seq_length"", ""auid_euid_mismatch"", ""failed_call_rate"", ""failed_call_count""]","{
  ""verdict"": ""MALICIOUS"",
  ""confidence"": 0.83,
  ""rationale_steps"": [
    ""Privilege state: auid_euid_mismatch is set, indicating an identity inconsistency, but max_uid_euid_delta is low, suggesting no genuine UID/EUID transition."",
    ""Mechanism: is_suid_exec is not set, but exec_count is elevated, which could indicate an unusual exec chain."",
    ""Behavioural anomaly: failed_call_rate and failed_call_count are both high, indicating a high rate of failed syscalls, and parent_child_rarity is near 1, indicating a rare parent->child exec pair."",
    ""Benign-explanation test: the short lifetime and high throughput do not strongly suggest a routine admin script, cron job, or health-check."",
    ""Decide: the combination of failed_call_rate, failed_call_count, and parent_child_rarity outweighs XGBoost's benign call, supporting CNN's flag on this one feature.""
  ],
  ""key_features"": [""events_per_second"", ""seq_length"", ""auid_euid_mismatch"", ""failed_call_rate"", ""failed_call_count""],
  ""agrees_with"": ""cnn""
}"
2988,4,0,benign,0,1,0.5382307767868042,0.9489884972572328,xgb_benign_cnn_malicious,MALICIOUS,1,0.92,cnn,ok,"[""Privilege state: max_uid_euid_delta is high (p99+) and auid_euid_mismatch is set -- a real identity inconsistency and privilege transition."", ""Mechanism: is_suid_exec is set and a shell was spawned from a service context with priv_op_count elevated -- a classic setuid-shell escalation."", ""Behavioural anomaly: parent_child_rarity is near 1 (essentially never seen in benign activity) and events_per_second is extremely high (p93) -- an unusual syscall throughput."", ""Benign-explanation test: very short lifetime (p36) and low throughput argue against a routine admin script, cron job, or health-check."", ""Decide: the escalation mechanism, sensitive-path access, and unusual syscall throughput outweigh XGBoost's benign call; this supports the CNN.""]","[""parent_child_rarity"", ""lifetime_seconds"", ""events_per_second"", ""max_uid_euid_delta"", ""auid_euid_mismatch""]","{
  ""verdict"": ""MALICIOUS"",
  ""confidence"": 0.92,
  ""rationale_steps"": [
    ""Privilege state: max_uid_euid_delta is high (p99+) and auid_euid_mismatch is set -- a real identity inconsistency and privilege transition."",
    ""Mechanism: is_suid_exec is set and a shell was spawned from a service context with priv_op_count elevated -- a classic setuid-shell escalation."",
    ""Behavioural anomaly: parent_child_rarity is near 1 (essentially never seen in benign activity) and events_per_second is extremely high (p93) -- an unusual syscall throughput."",
    ""Benign-explanation test: very short lifetime (p36) and low throughput argue against a routine admin script, cron job, or health-check."",
    ""Decide: the escalation mechanism, sensitive-path access, and unusual syscall throughput outweigh XGBoost's benign call; this supports the CNN.""
  ],
  ""key_features"": [""parent_child_rarity"", ""lifetime_seconds"", ""events_per_second"", ""max_uid_euid_delta"", ""auid_euid_mismatch""],
  ""agrees_with"": ""cnn""
}"
3034,4,1,T1078_Valid_Accounts,0,1,0.4626511931419372,0.7419862747192383,xgb_benign_cnn_malicious,MALICIOUS,1,0.83,cnn,ok,"[""Privilege state: max_uid_euid_delta is high (p98) and auid_euid_mismatch is set -- a real identity inconsistency and privilege transition."", ""Mechanism: is_suid_exec is not set, but exec_count is high (p73) and a shell was spawned from a service context with priv_op_count elevated -- a suspicious escalation attempt."", ""Behavioural anomaly: failed_call_rate is high (p98), failed_call_count is high (p98), and parent_child_rarity is near 1 -- an exec pair essentially never seen in benign activity."", ""Benign-explanation test: very high throughput (p98) and short lifetime (p42) argue against a routine admin script, cron job, or health-check."", ""Decide: the escalation mechanism and behavioural anomalies outweigh XGBoost's benign call; this supports the CNN.""]","[""events_per_second"", ""seq_length"", ""auid_euid_mismatch"", ""failed_call_rate"", ""failed_call_count""]","{
  ""verdict"": ""MALICIOUS"",
  ""confidence"": 0.83,
  ""rationale_steps"": [
    ""Privilege state: max_uid_euid_delta is high (p98) and auid_euid_mismatch is set -- a real identity inconsistency and privilege transition."",
    ""Mechanism: is_suid_exec is not set, but exec_count is high (p73) and a shell was spawned from a service context with priv_op_count elevated -- a suspicious escalation attempt."",
    ""Behavioural anomaly: failed_call_rate is high (p98), failed_call_count is high (p98), and parent_child_rarity is near 1 -- an exec pair essentially never seen in benign activity."",
    ""Benign-explanation test: very high throughput (p98) and short lifetime (p42) argue against a routine admin script, cron job, or health-check."",
    ""Decide: the escalation mechanism and behavioural anomalies outweigh XGBoost's benign call; this supports the CNN.""
  ],
  ""key_features"": [""events_per_second"", ""seq_length"", ""auid_euid_mismatch"", ""failed_call_rate"", ""failed_call_count""],
  ""agrees_with"": ""cnn""
}"
3244,4,0,benign,0,1,0.4626511931419372,0.7419862747192383,xgb_benign_cnn_malicious,MALICIOUS,1,0.83,cnn,ok,"[""Privilege state: auid_euid_mismatch is set, indicating an identity inconsistency, but max_uid_euid_delta is low, suggesting no genuine UID/EUID transition."", ""Mechanism: is_suid_exec is not set, but exec_count is elevated, which could indicate an unusual exec chain."", ""Behavioural anomaly: failed_call_rate and failed_call_count are both high, indicating a high rate of failed syscalls, and parent_child_rarity is near 1, indicating a rare parent->child exec pair."", ""Benign-explanation test: the short lifetime and high throughput do not strongly suggest a routine admin script, cron job, or health-check."", ""Decide: the combination of failed_call_rate, failed_call_count, and parent_child_rarity outweighs XGBoost's benign call, supporting CNN's flag on this one feature.""]","[""events_per_second"", ""seq_length"", ""auid_euid_mismatch"", ""failed_call_rate"", ""failed_call_count""]","{
  ""verdict"": ""MALICIOUS"",
  ""confidence"": 0.83,
  ""rationale_steps"": [
    ""Privilege state: auid_euid_mismatch is set, indicating an identity inconsistency, but max_uid_euid_delta is low, suggesting no genuine UID/EUID transition."",
    ""Mechanism: is_suid_exec is not set, but exec_count is elevated, which could indicate an unusual exec chain."",
    ""Behavioural anomaly: failed_call_rate and failed_call_count are both high, indicating a high rate of failed syscalls, and parent_child_rarity is near 1, indicating a rare parent->child exec pair."",
    ""Benign-explanation test: the short lifetime and high throughput do not strongly suggest a routine admin script, cron job, or health-check."",
    ""Decide: the combination of failed_call_rate, failed_call_count, and parent_child_rarity outweighs XGBoost's benign call, supporting CNN's flag on this one feature.""
  ],
  ""key_features"": [""events_per_second"", ""seq_length"", ""auid_euid_mismatch"", ""failed_call_rate"", ""failed_call_count""],
  ""agrees_with"": ""cnn""
}"
3489,4,0,benign,0,1,0.4626511931419372,0.7419862747192383,xgb_benign_cnn_malicious,MALICIOUS,1,0.83,cnn,ok,"[""Privilege state: auid_euid_mismatch is set, indicating an identity inconsistency, but max_uid_euid_delta is low, suggesting no genuine UID/EUID transition."", ""Mechanism: is_suid_exec is not set, but exec_count is elevated, which could indicate an unusual exec chain."", ""Behavioural anomaly: failed_call_rate and failed_call_count are both high, indicating a high rate of failed syscalls, and parent_child_rarity is near 1, indicating a rare parent->child exec pair."", ""Benign-explanation test: the short lifetime and high throughput do not strongly suggest a routine admin script, cron job, or health-check."", ""Decide: the combination of failed_call_rate, failed_call_count, and parent_child_rarity outweighs XGBoost's benign call, supporting CNN's flag on this one feature.""]","[""events_per_second"", ""seq_length"", ""auid_euid_mismatch"", ""failed_call_rate"", ""failed_call_count""]","{
  ""verdict"": ""MALICIOUS"",
  ""confidence"": 0.83,
  ""rationale_steps"": [
    ""Privilege state: auid_euid_mismatch is set, indicating an identity inconsistency, but max_uid_euid_delta is low, suggesting no genuine UID/EUID transition."",
    ""Mechanism: is_suid_exec is not set, but exec_count is elevated, which could indicate an unusual exec chain."",
    ""Behavioural anomaly: failed_call_rate and failed_call_count are both high, indicating a high rate of failed syscalls, and parent_child_rarity is near 1, indicating a rare parent->child exec pair."",
    ""Benign-explanation test: the short lifetime and high throughput do not strongly suggest a routine admin script, cron job, or health-check."",
    ""Decide: the combination of failed_call_rate, failed_call_count, and parent_child_rarity outweighs XGBoost's benign call, supporting CNN's flag on this one feature.""
  ],
  ""key_features"": [""events_per_second"", ""seq_length"", ""auid_euid_mismatch"", ""failed_call_rate"", ""failed_call_count""],
  ""agrees_with"": ""cnn""
}"
3781,4,0,benign,0,1,0.4626511931419372,0.7419862747192383,xgb_benign_cnn_malicious,MALICIOUS,1,0.83,cnn,ok,"[""Privilege state: auid_euid_mismatch is set, indicating an identity inconsistency, but max_uid_euid_delta is low, suggesting no genuine UID/EUID transition."", ""Mechanism: is_suid_exec is not set, but exec_count is elevated, which could indicate an unusual exec chain."", ""Behavioural anomaly: failed_call_rate and failed_call_count are both high, indicating a high rate of failed syscalls, and parent_child_rarity is near 1, indicating a rare parent->child exec pair."", ""Benign-explanation test: the short lifetime and high throughput do not strongly suggest a routine admin script, cron job, or health-check."", ""Decide: the combination of failed_call_rate, failed_call_count, and parent_child_rarity outweighs XGBoost's benign call, supporting CNN's flag on this one feature.""]","[""events_per_second"", ""seq_length"", ""auid_euid_mismatch"", ""failed_call_rate"", ""failed_call_count""]","{
  ""verdict"": ""MALICIOUS"",
  ""confidence"": 0.83,
  ""rationale_steps"": [
    ""Privilege state: auid_euid_mismatch is set, indicating an identity inconsistency, but max_uid_euid_delta is low, suggesting no genuine UID/EUID transition."",
    ""Mechanism: is_suid_exec is not set, but exec_count is elevated, which could indicate an unusual exec chain."",
    ""Behavioural anomaly: failed_call_rate and failed_call_count are both high, indicating a high rate of failed syscalls, and parent_child_rarity is near 1, indicating a rare parent->child exec pair."",
    ""Benign-explanation test: the short lifetime and high throughput do not strongly suggest a routine admin script, cron job, or health-check."",
    ""Decide: the combination of failed_call_rate, failed_call_count, and parent_child_rarity outweighs XGBoost's benign call, supporting CNN's flag on this one feature.""
  ],
  ""key_features"": [""events_per_second"", ""seq_length"", ""auid_euid_mismatch"", ""failed_call_rate"", ""failed_call_count""],
  ""agrees_with"": ""cnn""
}"
3893,4,0,benign,0,1,0.5382307767868042,0.9489884972572328,xgb_benign_cnn_malicious,MALICIOUS,1,0.92,cnn,ok,"[""Privilege state: max_uid_euid_delta is high (p99+) and auid_euid_mismatch is set -- a real identity inconsistency and privilege transition."", ""Mechanism: is_suid_exec is set and a shell was spawned from a service context with priv_op_count elevated -- a classic setuid-shell escalation."", ""Behavioural anomaly: parent_child_rarity is near 1 (essentially never seen in benign activity) and events_per_second is extremely high (p93) -- an unusual syscall throughput."", ""Benign-explanation test: very short lifetime (p36) and low throughput argue against a routine admin script, cron job, or health-check."", ""Decide: the escalation mechanism, sensitive-path access, and unusual syscall throughput outweigh XGBoost's benign call; this supports the CNN.""]","[""parent_child_rarity"", ""lifetime_seconds"", ""events_per_second"", ""max_uid_euid_delta"", ""auid_euid_mismatch""]","{
  ""verdict"": ""MALICIOUS"",
  ""confidence"": 0.92,
  ""rationale_steps"": [
    ""Privilege state: max_uid_euid_delta is high (p99+) and auid_euid_mismatch is set -- a real identity inconsistency and privilege transition."",
    ""Mechanism: is_suid_exec is set and a shell was spawned from a service context with priv_op_count elevated -- a classic setuid-shell escalation."",
    ""Behavioural anomaly: parent_child_rarity is near 1 (essentially never seen in benign activity) and events_per_second is extremely high (p93) -- an unusual syscall throughput."",
    ""Benign-explanation test: very short lifetime (p36) and low throughput argue against a routine admin script, cron job, or health-check."",
    ""Decide: the escalation mechanism, sensitive-path access, and unusual syscall throughput outweigh XGBoost's benign call; this supports the CNN.""
  ],
  ""key_features"": [""parent_child_rarity"", ""lifetime_seconds"", ""events_per_second"", ""max_uid_euid_delta"", ""auid_euid_mismatch""],
  ""agrees_with"": ""cnn""
}"
4164,1,0,benign,0,1,0.4333839416503906,0.931560218334198,xgb_benign_cnn_malicious,MALICIOUS,1,0.93,cnn,ok,"[""Privilege state: auid_euid_mismatch is set, indicating an identity inconsistency, and max_uid_euid_delta is low, suggesting a privilege transition."", ""Mechanism: is_suid_exec is not set, but the exec_count is high, indicating a potential escalation attempt."", ""Behavioural anomaly: parent_child_rarity is near 1, indicating a rare exec pair, and the process has a short lifetime, suggesting a potential attack."", ""Benign-explanation test: the high syscall throughput and short lifetime argue against a routine admin script or health-check."", ""Decide: the evidence supports CNN's call, with auid_euid_mismatch and high exec_count indicating a potential escalation attempt.""]","[""events_per_second"", ""seq_length"", ""failed_call_count"", ""exec_count"", ""parent_child_rarity""]","{
  ""verdict"": ""MALICIOUS"",
  ""confidence"": 0.93,
  ""rationale_steps"": [
    ""Privilege state: auid_euid_mismatch is set, indicating an identity inconsistency, and max_uid_euid_delta is low, suggesting a privilege transition."",
    ""Mechanism: is_suid_exec is not set, but the exec_count is high, indicating a potential escalation attempt."",
    ""Behavioural anomaly: parent_child_rarity is near 1, indicating a rare exec pair, and the process has a short lifetime, suggesting a potential attack."",
    ""Benign-explanation test: the high syscall throughput and short lifetime argue against a routine admin script or health-check."",
    ""Decide: the evidence supports CNN's call, with auid_euid_mismatch and high exec_count indicating a potential escalation attempt.""
  ],
  ""key_features"": [""events_per_second"", ""seq_length"", ""failed_call_count"", ""exec_count"", ""parent_child_rarity""],
  ""agrees_with"": ""cnn""
}"
5237,4,0,benign,0,1,0.4626511931419372,0.7419862747192383,xgb_benign_cnn_malicious,MALICIOUS,1,0.83,cnn,ok,"[""Privilege state: max_uid_euid_delta is high (p98) and auid_euid_mismatch is set -- a real identity inconsistency and privilege transition."", ""Mechanism: is_suid_exec is not set, but exec_count is high (p73) and a shell was spawned from a service context with priv_op_count elevated -- a suspicious escalation attempt."", ""Behavioural anomaly: failed_call_rate is high (p98), failed_call_count is high (p98), and parent_child_rarity is near 1 -- an exec pair essentially never seen in benign activity."", ""Benign-explanation test: very high throughput (p98) and short lifetime (p42) argue against a routine admin script, cron job, or health-check."", ""Decide: the escalation mechanism and behavioural anomalies outweigh XGBoost's benign call; this supports the CNN.""]","[""events_per_second"", ""seq_length"", ""auid_euid_mismatch"", ""failed_call_rate"", ""failed_call_count""]","{
  ""verdict"": ""MALICIOUS"",
  ""confidence"": 0.83,
  ""rationale_steps"": [
    ""Privilege state: max_uid_euid_delta is high (p98) and auid_euid_mismatch is set -- a real identity inconsistency and privilege transition."",
    ""Mechanism: is_suid_exec is not set, but exec_count is high (p73) and a shell was spawned from a service context with priv_op_count elevated -- a suspicious escalation attempt."",
    ""Behavioural anomaly: failed_call_rate is high (p98), failed_call_count is high (p98), and parent_child_rarity is near 1 -- an exec pair essentially never seen in benign activity."",
    ""Benign-explanation test: very high throughput (p98) and short lifetime (p42) argue against a routine admin script, cron job, or health-check."",
    ""Decide: the escalation mechanism and behavioural anomalies outweigh XGBoost's benign call; this supports the CNN.""
  ],
  ""key_features"": [""events_per_second"", ""seq_length"", ""auid_euid_mismatch"", ""failed_call_rate"", ""failed_call_count""],
  ""agrees_with"": ""cnn""
}"
5351,3,1,T1078_Valid_Accounts,0,1,0.6923177242279053,0.9917534589767456,xgb_benign_cnn_malicious,MALICIOUS,1,0.92,cnn,ok,"[""Privilege state: max_uid_euid_delta is high (p98) and auid_euid_mismatch is set -- a real identity inconsistency and privilege transition."", ""Mechanism: is_suid_exec is set and a shell was spawned from a service context with priv_op_count elevated -- a classic setuid-shell escalation."", ""Behavioural anomaly: parent_child_rarity is near 1 (essentially never seen in benign activity) and unique_syscalls is high (p98) -- an exec pair and syscall types essentially never seen in benign activity."", ""Benign-explanation test: very short lifetime (p42) and high throughput argue against a routine admin script, cron job, or health-check."", ""Decide: the escalation mechanism, sensitive-path access, and behavioural anomalies outweigh XGBoost's benign call; this supports the CNN.""]","[""unique_syscalls"", ""exec_count"", ""parent_child_rarity"", ""seq_length"", ""lifetime_seconds""]","{
  ""verdict"": ""MALICIOUS"",
  ""confidence"": 0.92,
  ""rationale_steps"": [
    ""Privilege state: max_uid_euid_delta is high (p98) and auid_euid_mismatch is set -- a real identity inconsistency and privilege transition."",
    ""Mechanism: is_suid_exec is set and a shell was spawned from a service context with priv_op_count elevated -- a classic setuid-shell escalation."",
    ""Behavioural anomaly: parent_child_rarity is near 1 (essentially never seen in benign activity) and unique_syscalls is high (p98) -- an exec pair and syscall types essentially never seen in benign activity."",
    ""Benign-explanation test: very short lifetime (p42) and high throughput argue against a routine admin script, cron job, or health-check."",
    ""Decide: the escalation mechanism, sensitive-path access, and behavioural anomalies outweigh XGBoost's benign call; this supports the CNN.""
  ],
  ""key_features"": [""unique_syscalls"", ""exec_count"", ""parent_child_rarity"", ""seq_length"", ""lifetime_seconds""],
  ""agrees_with"": ""cnn""
}"
5458,4,1,T1078_Valid_Accounts,0,1,0.5382307767868042,0.9489884972572328,xgb_benign_cnn_malicious,MALICIOUS,1,0.92,cnn,ok,"[""Privilege state: max_uid_euid_delta is high (p99+) and auid_euid_mismatch is set -- a real identity inconsistency and privilege transition."", ""Mechanism: is_suid_exec is set and a shell was spawned from a service context with priv_op_count elevated -- a classic setuid-shell escalation."", ""Behavioural anomaly: parent_child_rarity is near 1 (essentially never seen in benign activity) and events_per_second is extremely high (p93) -- an unusual syscall throughput."", ""Benign-explanation test: very short lifetime (p36) and low throughput argue against a routine admin script, cron job, or health-check."", ""Decide: the escalation mechanism, sensitive-path access, and unusual syscall throughput outweigh XGBoost's benign call; this supports the CNN.""]","[""parent_child_rarity"", ""lifetime_seconds"", ""events_per_second"", ""max_uid_euid_delta"", ""auid_euid_mismatch""]","{
  ""verdict"": ""MALICIOUS"",
  ""confidence"": 0.92,
  ""rationale_steps"": [
    ""Privilege state: max_uid_euid_delta is high (p99+) and auid_euid_mismatch is set -- a real identity inconsistency and privilege transition."",
    ""Mechanism: is_suid_exec is set and a shell was spawned from a service context with priv_op_count elevated -- a classic setuid-shell escalation."",
    ""Behavioural anomaly: parent_child_rarity is near 1 (essentially never seen in benign activity) and events_per_second is extremely high (p93) -- an unusual syscall throughput."",
    ""Benign-explanation test: very short lifetime (p36) and low throughput argue against a routine admin script, cron job, or health-check."",
    ""Decide: the escalation mechanism, sensitive-path access, and unusual syscall throughput outweigh XGBoost's benign call; this supports the CNN.""
  ],
  ""key_features"": [""parent_child_rarity"", ""lifetime_seconds"", ""events_per_second"", ""max_uid_euid_delta"", ""auid_euid_mismatch""],
  ""agrees_with"": ""cnn""
}"
5642,4,1,T1078_Valid_Accounts,0,1,0.5382307767868042,0.9489884972572328,xgb_benign_cnn_malicious,MALICIOUS,1,0.92,cnn,ok,"[""Privilege state: max_uid_euid_delta is high (p99+) and auid_euid_mismatch is set -- a real identity inconsistency and privilege transition."", ""Mechanism: is_suid_exec is set and a shell was spawned from a service context with priv_op_count elevated -- a classic setuid-shell escalation."", ""Behavioural anomaly: parent_child_rarity is near 1 (essentially never seen in benign activity) and events_per_second is extremely high (p93) -- an unusual syscall throughput."", ""Benign-explanation test: very short lifetime (p36) and low throughput argue against a routine admin script, cron job, or health-check."", ""Decide: the escalation mechanism, sensitive-path access, and unusual syscall throughput outweigh XGBoost's benign call; this supports the CNN.""]","[""parent_child_rarity"", ""lifetime_seconds"", ""events_per_second"", ""max_uid_euid_delta"", ""auid_euid_mismatch""]","{
  ""verdict"": ""MALICIOUS"",
  ""confidence"": 0.92,
  ""rationale_steps"": [
    ""Privilege state: max_uid_euid_delta is high (p99+) and auid_euid_mismatch is set -- a real identity inconsistency and privilege transition."",
    ""Mechanism: is_suid_exec is set and a shell was spawned from a service context with priv_op_count elevated -- a classic setuid-shell escalation."",
    ""Behavioural anomaly: parent_child_rarity is near 1 (essentially never seen in benign activity) and events_per_second is extremely high (p93) -- an unusual syscall throughput."",
    ""Benign-explanation test: very short lifetime (p36) and low throughput argue against a routine admin script, cron job, or health-check."",
    ""Decide: the escalation mechanism, sensitive-path access, and unusual syscall throughput outweigh XGBoost's benign call; this supports the CNN.""
  ],
  ""key_features"": [""parent_child_rarity"", ""lifetime_seconds"", ""events_per_second"", ""max_uid_euid_delta"", ""auid_euid_mismatch""],
  ""agrees_with"": ""cnn""
}"
5947,3,0,benign,0,1,0.6923177242279053,0.9917534589767456,xgb_benign_cnn_malicious,MALICIOUS,1,0.92,cnn,ok,"[""Privilege state: max_uid_euid_delta is high (p98) and auid_euid_mismatch is set -- a real identity inconsistency and privilege transition."", ""Mechanism: is_suid_exec is set and a shell was spawned from a service context with priv_op_count elevated -- a classic setuid-shell escalation."", ""Behavioural anomaly: parent_child_rarity is near 1 (essentially never seen in benign activity) and unique_syscalls is high (p98) -- an exec pair and syscall types essentially never seen in benign activity."", ""Benign-explanation test: very short lifetime (p42) and high throughput argue against a routine admin script, cron job, or health-check."", ""Decide: the escalation mechanism, sensitive-path access, and behavioural anomalies outweigh XGBoost's benign call; this supports the CNN.""]","[""unique_syscalls"", ""exec_count"", ""parent_child_rarity"", ""seq_length"", ""lifetime_seconds""]","{
  ""verdict"": ""MALICIOUS"",
  ""confidence"": 0.92,
  ""rationale_steps"": [
    ""Privilege state: max_uid_euid_delta is high (p98) and auid_euid_mismatch is set -- a real identity inconsistency and privilege transition."",
    ""Mechanism: is_suid_exec is set and a shell was spawned from a service context with priv_op_count elevated -- a classic setuid-shell escalation."",
    ""Behavioural anomaly: parent_child_rarity is near 1 (essentially never seen in benign activity) and unique_syscalls is high (p98) -- an exec pair and syscall types essentially never seen in benign activity."",
    ""Benign-explanation test: very short lifetime (p42) and high throughput argue against a routine admin script, cron job, or health-check."",
    ""Decide: the escalation mechanism, sensitive-path access, and behavioural anomalies outweigh XGBoost's benign call; this supports the CNN.""
  ],
  ""key_features"": [""unique_syscalls"", ""exec_count"", ""parent_child_rarity"", ""seq_length"", ""lifetime_seconds""],
  ""agrees_with"": ""cnn""
}"
6278,4,1,T1078_Valid_Accounts,0,1,0.3245709240436554,0.9654507040977478,xgb_benign_cnn_malicious,MALICIOUS,1,0.92,cnn,ok,"[""Privilege state: max_uid_euid_delta is high (p99+) and auid_euid_mismatch is set -- a real identity inconsistency and privilege transition."", ""Mechanism: is_suid_exec is set and a shell was spawned from a service context with priv_op_count elevated -- a classic setuid-shell escalation."", ""Behavioural anomaly: parent_child_rarity is near 1 (essentially never seen in benign activity) and events_per_second is extremely high (p93) -- an unusual and potentially malicious process."", ""Benign-explanation test: very short lifetime (p36) and low throughput argue against a routine admin script, cron job, or health-check."", ""Decide: the escalation mechanism, sensitive-path access, and unusual behavioural features outweigh XGBoost's benign call; this supports the CNN.""]","[""parent_child_rarity"", ""lifetime_seconds"", ""events_per_second"", ""max_uid_euid_delta"", ""auid_euid_mismatch""]","{
  ""verdict"": ""MALICIOUS"",
  ""confidence"": 0.92,
  ""rationale_steps"": [
    ""Privilege state: max_uid_euid_delta is high (p99+) and auid_euid_mismatch is set -- a real identity inconsistency and privilege transition."",
    ""Mechanism: is_suid_exec is set and a shell was spawned from a service context with priv_op_count elevated -- a classic setuid-shell escalation."",
    ""Behavioural anomaly: parent_child_rarity is near 1 (essentially never seen in benign activity) and events_per_second is extremely high (p93) -- an unusual and potentially malicious process."",
    ""Benign-explanation test: very short lifetime (p36) and low throughput argue against a routine admin script, cron job, or health-check."",
    ""Decide: the escalation mechanism, sensitive-path access, and unusual behavioural features outweigh XGBoost's benign call; this supports the CNN.""
  ],
  ""key_features"": [""parent_child_rarity"", ""lifetime_seconds"", ""events_per_second"", ""max_uid_euid_delta"", ""auid_euid_mismatch""],
  ""agrees_with"": ""cnn""
}"
6373,4,0,benign,0,1,0.4626511931419372,0.7419862747192383,xgb_benign_cnn_malicious,MALICIOUS,1,0.83,cnn,ok,"[""Privilege state: max_uid_euid_delta is high (p98) and auid_euid_mismatch is set -- a real identity inconsistency and privilege transition."", ""Mechanism: is_suid_exec is not set, but exec_count is high (p73) and a shell was spawned from a service context with priv_op_count elevated -- a suspicious escalation attempt."", ""Behavioural anomaly: failed_call_rate is high (p98), failed_call_count is high (p98), and parent_child_rarity is near 1 -- an exec pair essentially never seen in benign activity."", ""Benign-explanation test: very high throughput (p98) and short lifetime (p42) argue against a routine admin script, cron job, or health-check."", ""Decide: the escalation mechanism and behavioural anomalies outweigh XGBoost's benign call; this supports the CNN.""]","[""events_per_second"", ""seq_length"", ""auid_euid_mismatch"", ""failed_call_rate"", ""failed_call_count""]","{
  ""verdict"": ""MALICIOUS"",
  ""confidence"": 0.83,
  ""rationale_steps"": [
    ""Privilege state: max_uid_euid_delta is high (p98) and auid_euid_mismatch is set -- a real identity inconsistency and privilege transition."",
    ""Mechanism: is_suid_exec is not set, but exec_count is high (p73) and a shell was spawned from a service context with priv_op_count elevated -- a suspicious escalation attempt."",
    ""Behavioural anomaly: failed_call_rate is high (p98), failed_call_count is high (p98), and parent_child_rarity is near 1 -- an exec pair essentially never seen in benign activity."",
    ""Benign-explanation test: very high throughput (p98) and short lifetime (p42) argue against a routine admin script, cron job, or health-check."",
    ""Decide: the escalation mechanism and behavioural anomalies outweigh XGBoost's benign call; this supports the CNN.""
  ],
  ""key_features"": [""events_per_second"", ""seq_length"", ""auid_euid_mismatch"", ""failed_call_rate"", ""failed_call_count""],
  ""agrees_with"": ""cnn""
}"
6470,4,0,benign,0,1,0.4626511931419372,0.7419862747192383,xgb_benign_cnn_malicious,MALICIOUS,1,0.83,cnn,ok,"[""Privilege state: auid_euid_mismatch is set, indicating an identity inconsistency, but max_uid_euid_delta is low, suggesting no genuine UID/EUID transition."", ""Mechanism: is_suid_exec is not set, but exec_count is elevated, which could indicate an unusual exec chain."", ""Behavioural anomaly: failed_call_rate and failed_call_count are both high, indicating a high rate of failed syscalls, and parent_child_rarity is near 1, indicating a rare parent->child exec pair."", ""Benign-explanation test: the short lifetime and high throughput do not strongly suggest a routine admin script, cron job, or health-check."", ""Decide: the combination of failed_call_rate, failed_call_count, and parent_child_rarity outweighs XGBoost's benign call, supporting CNN's flag on this one feature.""]","[""events_per_second"", ""seq_length"", ""auid_euid_mismatch"", ""failed_call_rate"", ""failed_call_count""]","{
  ""verdict"": ""MALICIOUS"",
  ""confidence"": 0.83,
  ""rationale_steps"": [
    ""Privilege state: auid_euid_mismatch is set, indicating an identity inconsistency, but max_uid_euid_delta is low, suggesting no genuine UID/EUID transition."",
    ""Mechanism: is_suid_exec is not set, but exec_count is elevated, which could indicate an unusual exec chain."",
    ""Behavioural anomaly: failed_call_rate and failed_call_count are both high, indicating a high rate of failed syscalls, and parent_child_rarity is near 1, indicating a rare parent->child exec pair."",
    ""Benign-explanation test: the short lifetime and high throughput do not strongly suggest a routine admin script, cron job, or health-check."",
    ""Decide: the combination of failed_call_rate, failed_call_count, and parent_child_rarity outweighs XGBoost's benign call, supporting CNN's flag on this one feature.""
  ],
  ""key_features"": [""events_per_second"", ""seq_length"", ""auid_euid_mismatch"", ""failed_call_rate"", ""failed_call_count""],
  ""agrees_with"": ""cnn""
}"
7190,4,0,benign,0,1,0.4626511931419372,0.7419862747192383,xgb_benign_cnn_malicious,MALICIOUS,1,0.83,cnn,ok,"[""Privilege state: auid_euid_mismatch is set, indicating an identity inconsistency, but max_uid_euid_delta is low, suggesting no genuine UID/EUID transition."", ""Mechanism: is_suid_exec is not set, but exec_count is elevated, which could indicate an unusual exec chain."", ""Behavioural anomaly: failed_call_rate and failed_call_count are both high, indicating a high rate of failed syscalls, and parent_child_rarity is near 1, indicating a rare parent->child exec pair."", ""Benign-explanation test: the short lifetime and high throughput do not strongly suggest a routine admin script, cron job, or health-check."", ""Decide: the combination of failed_call_rate, failed_call_count, and parent_child_rarity outweighs XGBoost's benign call, supporting CNN's flag on this one feature.""]","[""events_per_second"", ""seq_length"", ""auid_euid_mismatch"", ""failed_call_rate"", ""failed_call_count""]","{
  ""verdict"": ""MALICIOUS"",
  ""confidence"": 0.83,
  ""rationale_steps"": [
    ""Privilege state: auid_euid_mismatch is set, indicating an identity inconsistency, but max_uid_euid_delta is low, suggesting no genuine UID/EUID transition."",
    ""Mechanism: is_suid_exec is not set, but exec_count is elevated, which could indicate an unusual exec chain."",
    ""Behavioural anomaly: failed_call_rate and failed_call_count are both high, indicating a high rate of failed syscalls, and parent_child_rarity is near 1, indicating a rare parent->child exec pair."",
    ""Benign-explanation test: the short lifetime and high throughput do not strongly suggest a routine admin script, cron job, or health-check."",
    ""Decide: the combination of failed_call_rate, failed_call_count, and parent_child_rarity outweighs XGBoost's benign call, supporting CNN's flag on this one feature.""
  ],
  ""key_features"": [""events_per_second"", ""seq_length"", ""auid_euid_mismatch"", ""failed_call_rate"", ""failed_call_count""],
  ""agrees_with"": ""cnn""
}"
7425,4,1,T1078_Valid_Accounts,0,1,0.5382307767868042,0.9489884972572328,xgb_benign_cnn_malicious,MALICIOUS,1,0.92,cnn,ok,"[""Privilege state: max_uid_euid_delta is high (p99+) and auid_euid_mismatch is set -- a real identity inconsistency and privilege transition."", ""Mechanism: is_suid_exec is set and a shell was spawned from a service context with priv_op_count elevated -- a classic setuid-shell escalation."", ""Behavioural anomaly: parent_child_rarity is near 1 (essentially never seen in benign activity) and events_per_second is extremely high (p93) -- an unusual syscall throughput."", ""Benign-explanation test: very short lifetime (p36) and low throughput argue against a routine admin script, cron job, or health-check."", ""Decide: the escalation mechanism, sensitive-path access, and unusual syscall throughput outweigh XGBoost's benign call; this supports the CNN.""]","[""parent_child_rarity"", ""lifetime_seconds"", ""events_per_second"", ""max_uid_euid_delta"", ""auid_euid_mismatch""]","{
  ""verdict"": ""MALICIOUS"",
  ""confidence"": 0.92,
  ""rationale_steps"": [
    ""Privilege state: max_uid_euid_delta is high (p99+) and auid_euid_mismatch is set -- a real identity inconsistency and privilege transition."",
    ""Mechanism: is_suid_exec is set and a shell was spawned from a service context with priv_op_count elevated -- a classic setuid-shell escalation."",
    ""Behavioural anomaly: parent_child_rarity is near 1 (essentially never seen in benign activity) and events_per_second is extremely high (p93) -- an unusual syscall throughput."",
    ""Benign-explanation test: very short lifetime (p36) and low throughput argue against a routine admin script, cron job, or health-check."",
    ""Decide: the escalation mechanism, sensitive-path access, and unusual syscall throughput outweigh XGBoost's benign call; this supports the CNN.""
  ],
  ""key_features"": [""parent_child_rarity"", ""lifetime_seconds"", ""events_per_second"", ""max_uid_euid_delta"", ""auid_euid_mismatch""],
  ""agrees_with"": ""cnn""
}"
7657,4,0,benign,0,1,0.4626511931419372,0.7419862747192383,xgb_benign_cnn_malicious,MALICIOUS,1,0.83,cnn,ok,"[""Privilege state: max_uid_euid_delta is high (p98) and auid_euid_mismatch is set -- a real identity inconsistency and privilege transition."", ""Mechanism: is_suid_exec is not set, but exec_count is high (p73) and a shell was spawned from a service context with priv_op_count elevated -- a suspicious escalation attempt."", ""Behavioural anomaly: failed_call_rate is high (p98), failed_call_count is high (p98), and parent_child_rarity is near 1 -- an exec pair essentially never seen in benign activity."", ""Benign-explanation test: very high throughput (p98) and short lifetime (p42) argue against a routine admin script, cron job, or health-check."", ""Decide: the escalation mechanism and behavioural anomalies outweigh XGBoost's benign call; this supports the CNN.""]","[""events_per_second"", ""seq_length"", ""auid_euid_mismatch"", ""failed_call_rate"", ""failed_call_count""]","{
  ""verdict"": ""MALICIOUS"",
  ""confidence"": 0.83,
  ""rationale_steps"": [
    ""Privilege state: max_uid_euid_delta is high (p98) and auid_euid_mismatch is set -- a real identity inconsistency and privilege transition."",
    ""Mechanism: is_suid_exec is not set, but exec_count is high (p73) and a shell was spawned from a service context with priv_op_count elevated -- a suspicious escalation attempt."",
    ""Behavioural anomaly: failed_call_rate is high (p98), failed_call_count is high (p98), and parent_child_rarity is near 1 -- an exec pair essentially never seen in benign activity."",
    ""Benign-explanation test: very high throughput (p98) and short lifetime (p42) argue against a routine admin script, cron job, or health-check."",
    ""Decide: the escalation mechanism and behavioural anomalies outweigh XGBoost's benign call; this supports the CNN.""
  ],
  ""key_features"": [""events_per_second"", ""seq_length"", ""auid_euid_mismatch"", ""failed_call_rate"", ""failed_call_count""],
  ""agrees_with"": ""cnn""
}"
7740,4,1,T1078_Valid_Accounts,0,1,0.5382307767868042,0.9489884972572328,xgb_benign_cnn_malicious,MALICIOUS,1,0.92,cnn,ok,"[""Privilege state: max_uid_euid_delta is high (p99+) and auid_euid_mismatch is set -- a real identity inconsistency and privilege transition."", ""Mechanism: is_suid_exec is set and a shell was spawned from a service context with priv_op_count elevated -- a classic setuid-shell escalation."", ""Behavioural anomaly: parent_child_rarity is near 1 (essentially never seen in benign activity) and events_per_second is extremely high (p93) -- an unusual syscall throughput."", ""Benign-explanation test: very short lifetime (p36) and low throughput argue against a routine admin script, cron job, or health-check."", ""Decide: the escalation mechanism, sensitive-path access, and unusual syscall throughput outweigh XGBoost's benign call; this supports the CNN.""]","[""parent_child_rarity"", ""lifetime_seconds"", ""events_per_second"", ""max_uid_euid_delta"", ""auid_euid_mismatch""]","{
  ""verdict"": ""MALICIOUS"",
  ""confidence"": 0.92,
  ""rationale_steps"": [
    ""Privilege state: max_uid_euid_delta is high (p99+) and auid_euid_mismatch is set -- a real identity inconsistency and privilege transition."",
    ""Mechanism: is_suid_exec is set and a shell was spawned from a service context with priv_op_count elevated -- a classic setuid-shell escalation."",
    ""Behavioural anomaly: parent_child_rarity is near 1 (essentially never seen in benign activity) and events_per_second is extremely high (p93) -- an unusual syscall throughput."",
    ""Benign-explanation test: very short lifetime (p36) and low throughput argue against a routine admin script, cron job, or health-check."",
    ""Decide: the escalation mechanism, sensitive-path access, and unusual syscall throughput outweigh XGBoost's benign call; this supports the CNN.""
  ],
  ""key_features"": [""parent_child_rarity"", ""lifetime_seconds"", ""events_per_second"", ""max_uid_euid_delta"", ""auid_euid_mismatch""],
  ""agrees_with"": ""cnn""
}"
7925,4,0,benign,0,1,0.4626511931419372,0.7419862747192383,xgb_benign_cnn_malicious,MALICIOUS,1,0.83,cnn,ok,"[""Privilege state: max_uid_euid_delta is high (p98) and auid_euid_mismatch is set -- a real identity inconsistency and privilege transition."", ""Mechanism: is_suid_exec is not set, but exec_count is high (p73) and a shell was spawned from a service context with priv_op_count elevated -- a suspicious escalation attempt."", ""Behavioural anomaly: failed_call_rate is high (p98), failed_call_count is high (p98), and parent_child_rarity is near 1 -- an exec pair essentially never seen in benign activity."", ""Benign-explanation test: very high throughput (p98) and short lifetime (p42) argue against a routine admin script, cron job, or health-check."", ""Decide: the escalation mechanism and behavioural anomalies outweigh XGBoost's benign call; this supports the CNN.""]","[""events_per_second"", ""seq_length"", ""auid_euid_mismatch"", ""failed_call_rate"", ""failed_call_count""]","{
  ""verdict"": ""MALICIOUS"",
  ""confidence"": 0.83,
  ""rationale_steps"": [
    ""Privilege state: max_uid_euid_delta is high (p98) and auid_euid_mismatch is set -- a real identity inconsistency and privilege transition."",
    ""Mechanism: is_suid_exec is not set, but exec_count is high (p73) and a shell was spawned from a service context with priv_op_count elevated -- a suspicious escalation attempt."",
    ""Behavioural anomaly: failed_call_rate is high (p98), failed_call_count is high (p98), and parent_child_rarity is near 1 -- an exec pair essentially never seen in benign activity."",
    ""Benign-explanation test: very high throughput (p98) and short lifetime (p42) argue against a routine admin script, cron job, or health-check."",
    ""Decide: the escalation mechanism and behavioural anomalies outweigh XGBoost's benign call; this supports the CNN.""
  ],
  ""key_features"": [""events_per_second"", ""seq_length"", ""auid_euid_mismatch"", ""failed_call_rate"", ""failed_call_count""],
  ""agrees_with"": ""cnn""
}"
8389,4,0,benign,0,1,0.4626511931419372,0.7419862747192383,xgb_benign_cnn_malicious,MALICIOUS,1,0.83,cnn,ok,"[""Privilege state: auid_euid_mismatch is set, indicating an identity inconsistency, but max_uid_euid_delta is low, suggesting no genuine UID/EUID transition."", ""Mechanism: is_suid_exec is not set, but exec_count is elevated, which could indicate an unusual exec chain."", ""Behavioural anomaly: failed_call_rate and failed_call_count are both high, indicating a high rate of failed syscalls, and parent_child_rarity is near 1, indicating a rare parent->child exec pair."", ""Benign-explanation test: the short lifetime and high throughput do not strongly suggest a routine admin script, cron job, or health-check."", ""Decide: the combination of failed_call_rate, failed_call_count, and parent_child_rarity outweighs XGBoost's benign call, supporting CNN's flag on this one feature.""]","[""events_per_second"", ""seq_length"", ""auid_euid_mismatch"", ""failed_call_rate"", ""failed_call_count""]","{
  ""verdict"": ""MALICIOUS"",
  ""confidence"": 0.83,
  ""rationale_steps"": [
    ""Privilege state: auid_euid_mismatch is set, indicating an identity inconsistency, but max_uid_euid_delta is low, suggesting no genuine UID/EUID transition."",
    ""Mechanism: is_suid_exec is not set, but exec_count is elevated, which could indicate an unusual exec chain."",
    ""Behavioural anomaly: failed_call_rate and failed_call_count are both high, indicating a high rate of failed syscalls, and parent_child_rarity is near 1, indicating a rare parent->child exec pair."",
    ""Benign-explanation test: the short lifetime and high throughput do not strongly suggest a routine admin script, cron job, or health-check."",
    ""Decide: the combination of failed_call_rate, failed_call_count, and parent_child_rarity outweighs XGBoost's benign call, supporting CNN's flag on this one feature.""
  ],
  ""key_features"": [""events_per_second"", ""seq_length"", ""auid_euid_mismatch"", ""failed_call_rate"", ""failed_call_count""],
  ""agrees_with"": ""cnn""
}"
8675,4,0,benign,0,1,0.4626511931419372,0.7419862747192383,xgb_benign_cnn_malicious,MALICIOUS,1,0.83,cnn,ok,"[""Privilege state: auid_euid_mismatch is set, indicating an identity inconsistency, but max_uid_euid_delta is low, suggesting no genuine UID/EUID transition."", ""Mechanism: is_suid_exec is not set, but exec_count is elevated, which could indicate an unusual exec chain."", ""Behavioural anomaly: failed_call_rate and failed_call_count are both high, indicating a high rate of failed syscalls, and parent_child_rarity is near 1, indicating a rare parent->child exec pair."", ""Benign-explanation test: the short lifetime and high throughput do not strongly suggest a routine admin script, cron job, or health-check."", ""Decide: the combination of failed_call_rate, failed_call_count, and parent_child_rarity outweighs XGBoost's benign call, supporting CNN's flag on this one feature.""]","[""events_per_second"", ""seq_length"", ""auid_euid_mismatch"", ""failed_call_rate"", ""failed_call_count""]","{
  ""verdict"": ""MALICIOUS"",
  ""confidence"": 0.83,
  ""rationale_steps"": [
    ""Privilege state: auid_euid_mismatch is set, indicating an identity inconsistency, but max_uid_euid_delta is low, suggesting no genuine UID/EUID transition."",
    ""Mechanism: is_suid_exec is not set, but exec_count is elevated, which could indicate an unusual exec chain."",
    ""Behavioural anomaly: failed_call_rate and failed_call_count are both high, indicating a high rate of failed syscalls, and parent_child_rarity is near 1, indicating a rare parent->child exec pair."",
    ""Benign-explanation test: the short lifetime and high throughput do not strongly suggest a routine admin script, cron job, or health-check."",
    ""Decide: the combination of failed_call_rate, failed_call_count, and parent_child_rarity outweighs XGBoost's benign call, supporting CNN's flag on this one feature.""
  ],
  ""key_features"": [""events_per_second"", ""seq_length"", ""auid_euid_mismatch"", ""failed_call_rate"", ""failed_call_count""],
  ""agrees_with"": ""cnn""
}"
8734,4,0,benign,0,1,0.4626511931419372,0.7419862747192383,xgb_benign_cnn_malicious,MALICIOUS,1,0.83,cnn,ok,"[""Privilege state: auid_euid_mismatch is set, indicating an identity inconsistency, but max_uid_euid_delta is low, suggesting no genuine UID/EUID transition."", ""Mechanism: is_suid_exec is not set, but exec_count is elevated, which could indicate an unusual exec chain."", ""Behavioural anomaly: failed_call_rate and failed_call_count are both high, indicating a high rate of failed syscalls, and parent_child_rarity is near 1, indicating a rare parent->child exec pair."", ""Benign-explanation test: the short lifetime and high throughput do not strongly suggest a routine admin script, cron job, or health-check."", ""Decide: the combination of failed_call_rate, failed_call_count, and parent_child_rarity outweighs XGBoost's benign call, supporting CNN's flag on this one feature.""]","[""events_per_second"", ""seq_length"", ""auid_euid_mismatch"", ""failed_call_rate"", ""failed_call_count""]","{
  ""verdict"": ""MALICIOUS"",
  ""confidence"": 0.83,
  ""rationale_steps"": [
    ""Privilege state: auid_euid_mismatch is set, indicating an identity inconsistency, but max_uid_euid_delta is low, suggesting no genuine UID/EUID transition."",
    ""Mechanism: is_suid_exec is not set, but exec_count is elevated, which could indicate an unusual exec chain."",
    ""Behavioural anomaly: failed_call_rate and failed_call_count are both high, indicating a high rate of failed syscalls, and parent_child_rarity is near 1, indicating a rare parent->child exec pair."",
    ""Benign-explanation test: the short lifetime and high throughput do not strongly suggest a routine admin script, cron job, or health-check."",
    ""Decide: the combination of failed_call_rate, failed_call_count, and parent_child_rarity outweighs XGBoost's benign call, supporting CNN's flag on this one feature.""
  ],
  ""key_features"": [""events_per_second"", ""seq_length"", ""auid_euid_mismatch"", ""failed_call_rate"", ""failed_call_count""],
  ""agrees_with"": ""cnn""
}"
9039,4,1,T1078_Valid_Accounts,0,1,0.5382307767868042,0.9489884972572328,xgb_benign_cnn_malicious,MALICIOUS,1,0.92,cnn,ok,"[""Privilege state: max_uid_euid_delta is high (p99+) and auid_euid_mismatch is set -- a real identity inconsistency and privilege transition."", ""Mechanism: is_suid_exec is set and a shell was spawned from a service context with priv_op_count elevated -- a classic setuid-shell escalation."", ""Behavioural anomaly: parent_child_rarity is near 1 (essentially never seen in benign activity) and events_per_second is extremely high (p93) -- an unusual syscall throughput."", ""Benign-explanation test: very short lifetime (p36) and low throughput argue against a routine admin script, cron job, or health-check."", ""Decide: the escalation mechanism, sensitive-path access, and unusual syscall throughput outweigh XGBoost's benign call; this supports the CNN.""]","[""parent_child_rarity"", ""lifetime_seconds"", ""events_per_second"", ""max_uid_euid_delta"", ""auid_euid_mismatch""]","{
  ""verdict"": ""MALICIOUS"",
  ""confidence"": 0.92,
  ""rationale_steps"": [
    ""Privilege state: max_uid_euid_delta is high (p99+) and auid_euid_mismatch is set -- a real identity inconsistency and privilege transition."",
    ""Mechanism: is_suid_exec is set and a shell was spawned from a service context with priv_op_count elevated -- a classic setuid-shell escalation."",
    ""Behavioural anomaly: parent_child_rarity is near 1 (essentially never seen in benign activity) and events_per_second is extremely high (p93) -- an unusual syscall throughput."",
    ""Benign-explanation test: very short lifetime (p36) and low throughput argue against a routine admin script, cron job, or health-check."",
    ""Decide: the escalation mechanism, sensitive-path access, and unusual syscall throughput outweigh XGBoost's benign call; this supports the CNN.""
  ],
  ""key_features"": [""parent_child_rarity"", ""lifetime_seconds"", ""events_per_second"", ""max_uid_euid_delta"", ""auid_euid_mismatch""],
  ""agrees_with"": ""cnn""
}"
9041,4,0,benign,0,1,0.4626511931419372,0.7419862747192383,xgb_benign_cnn_malicious,MALICIOUS,1,0.83,cnn,ok,"[""Privilege state: max_uid_euid_delta is high (p98) and auid_euid_mismatch is set -- a real identity inconsistency and privilege transition."", ""Mechanism: is_suid_exec is not set, but exec_count is high (p73) and a shell was spawned from a service context with priv_op_count elevated -- a suspicious escalation attempt."", ""Behavioural anomaly: failed_call_rate is high (p98), failed_call_count is high (p98), and parent_child_rarity is near 1 -- an exec pair essentially never seen in benign activity."", ""Benign-explanation test: very high throughput (p98) and short lifetime (p42) argue against a routine admin script, cron job, or health-check."", ""Decide: the escalation mechanism and behavioural anomalies outweigh XGBoost's benign call; this supports the CNN.""]","[""events_per_second"", ""seq_length"", ""auid_euid_mismatch"", ""failed_call_rate"", ""failed_call_count""]","{
  ""verdict"": ""MALICIOUS"",
  ""confidence"": 0.83,
  ""rationale_steps"": [
    ""Privilege state: max_uid_euid_delta is high (p98) and auid_euid_mismatch is set -- a real identity inconsistency and privilege transition."",
    ""Mechanism: is_suid_exec is not set, but exec_count is high (p73) and a shell was spawned from a service context with priv_op_count elevated -- a suspicious escalation attempt."",
    ""Behavioural anomaly: failed_call_rate is high (p98), failed_call_count is high (p98), and parent_child_rarity is near 1 -- an exec pair essentially never seen in benign activity."",
    ""Benign-explanation test: very high throughput (p98) and short lifetime (p42) argue against a routine admin script, cron job, or health-check."",
    ""Decide: the escalation mechanism and behavioural anomalies outweigh XGBoost's benign call; this supports the CNN.""
  ],
  ""key_features"": [""events_per_second"", ""seq_length"", ""auid_euid_mismatch"", ""failed_call_rate"", ""failed_call_count""],
  ""agrees_with"": ""cnn""
}"
9051,1,0,benign,0,1,0.6505191326141357,0.9784662127494812,xgb_benign_cnn_malicious,MALICIOUS,1,0.92,cnn,ok,"[""Privilege state: max_uid_euid_delta is high (p99+) and auid_euid_mismatch is set -- a real identity inconsistency and privilege transition."", ""Mechanism: is_suid_exec is set and a shell was spawned from a service context with priv_op_count elevated -- a classic setuid-shell escalation."", ""Behavioural anomaly: failed_call_rate is high (p6) and failed_call_count is high (p99+) -- a high rate of failed syscalls, indicative of an attack."", ""Benign-explanation test: the process has a long syscall sequence (p99+) and a high number of unique syscalls (p99+), which is unusual for a benign process."", ""Decide: the combination of privilege escalation, setuid-shell mechanism, and behavioural anomalies outweigh XGBoost's benign call; this supports the CNN.""]","[""max_uid_euid_delta"", ""auid_euid_mismatch"", ""is_suid_exec"", ""shell_from_service"", ""failed_call_rate""]","{
  ""verdict"": ""MALICIOUS"",
  ""confidence"": 0.92,
  ""rationale_steps"": [
    ""Privilege state: max_uid_euid_delta is high (p99+) and auid_euid_mismatch is set -- a real identity inconsistency and privilege transition."",
    ""Mechanism: is_suid_exec is set and a shell was spawned from a service context with priv_op_count elevated -- a classic setuid-shell escalation."",
    ""Behavioural anomaly: failed_call_rate is high (p6) and failed_call_count is high (p99+) -- a high rate of failed syscalls, indicative of an attack."",
    ""Benign-explanation test: the process has a long syscall sequence (p99+) and a high number of unique syscalls (p99+), which is unusual for a benign process."",
    ""Decide: the combination of privilege escalation, setuid-shell mechanism, and behavioural anomalies outweigh XGBoost's benign call; this supports the CNN.""
  ],
  ""key_features"": [
    ""max_uid_euid_delta"",
    ""auid_euid_mismatch"",
    ""is_suid_exec"",
    ""shell_from_service"",
    ""failed_call_rate""
  ],
  ""agrees_with"": ""cnn""
}"
9078,4,1,T1078_Valid_Accounts,0,1,0.5382307767868042,0.9489884972572328,xgb_benign_cnn_malicious,MALICIOUS,1,0.92,cnn,ok,"[""Privilege state: max_uid_euid_delta is high (p99+) and auid_euid_mismatch is set -- a real identity inconsistency and privilege transition."", ""Mechanism: is_suid_exec is set and a shell was spawned from a service context with priv_op_count elevated -- a classic setuid-shell escalation."", ""Behavioural anomaly: parent_child_rarity is near 1 (essentially never seen in benign activity) and events_per_second is extremely high (p93) -- an unusual syscall throughput."", ""Benign-explanation test: very short lifetime (p36) and low throughput argue against a routine admin script, cron job, or health-check."", ""Decide: the escalation mechanism, sensitive-path access, and unusual syscall throughput outweigh XGBoost's benign call; this supports the CNN.""]","[""parent_child_rarity"", ""lifetime_seconds"", ""events_per_second"", ""max_uid_euid_delta"", ""auid_euid_mismatch""]","{
  ""verdict"": ""MALICIOUS"",
  ""confidence"": 0.92,
  ""rationale_steps"": [
    ""Privilege state: max_uid_euid_delta is high (p99+) and auid_euid_mismatch is set -- a real identity inconsistency and privilege transition."",
    ""Mechanism: is_suid_exec is set and a shell was spawned from a service context with priv_op_count elevated -- a classic setuid-shell escalation."",
    ""Behavioural anomaly: parent_child_rarity is near 1 (essentially never seen in benign activity) and events_per_second is extremely high (p93) -- an unusual syscall throughput."",
    ""Benign-explanation test: very short lifetime (p36) and low throughput argue against a routine admin script, cron job, or health-check."",
    ""Decide: the escalation mechanism, sensitive-path access, and unusual syscall throughput outweigh XGBoost's benign call; this supports the CNN.""
  ],
  ""key_features"": [""parent_child_rarity"", ""lifetime_seconds"", ""events_per_second"", ""max_uid_euid_delta"", ""auid_euid_mismatch""],
  ""agrees_with"": ""cnn""
}"
10245,4,1,T1078_Valid_Accounts,0,1,0.5382307767868042,0.9489884972572328,xgb_benign_cnn_malicious,MALICIOUS,1,0.92,cnn,ok,"[""Privilege state: max_uid_euid_delta is high (p99+) and auid_euid_mismatch is set -- a real identity inconsistency and privilege transition."", ""Mechanism: is_suid_exec is set and a shell was spawned from a service context with priv_op_count elevated -- a classic setuid-shell escalation."", ""Behavioural anomaly: parent_child_rarity is near 1 (essentially never seen in benign activity) and events_per_second is extremely high (p93) -- an unusual syscall throughput."", ""Benign-explanation test: very short lifetime (p36) and low throughput argue against a routine admin script, cron job, or health-check."", ""Decide: the escalation mechanism, sensitive-path access, and unusual syscall throughput outweigh XGBoost's benign call; this supports the CNN.""]","[""parent_child_rarity"", ""lifetime_seconds"", ""events_per_second"", ""max_uid_euid_delta"", ""auid_euid_mismatch""]","{
  ""verdict"": ""MALICIOUS"",
  ""confidence"": 0.92,
  ""rationale_steps"": [
    ""Privilege state: max_uid_euid_delta is high (p99+) and auid_euid_mismatch is set -- a real identity inconsistency and privilege transition."",
    ""Mechanism: is_suid_exec is set and a shell was spawned from a service context with priv_op_count elevated -- a classic setuid-shell escalation."",
    ""Behavioural anomaly: parent_child_rarity is near 1 (essentially never seen in benign activity) and events_per_second is extremely high (p93) -- an unusual syscall throughput."",
    ""Benign-explanation test: very short lifetime (p36) and low throughput argue against a routine admin script, cron job, or health-check."",
    ""Decide: the escalation mechanism, sensitive-path access, and unusual syscall throughput outweigh XGBoost's benign call; this supports the CNN.""
  ],
  ""key_features"": [""parent_child_rarity"", ""lifetime_seconds"", ""events_per_second"", ""max_uid_euid_delta"", ""auid_euid_mismatch""],
  ""agrees_with"": ""cnn""
}"
10257,4,0,benign,0,1,0.4626511931419372,0.7419862747192383,xgb_benign_cnn_malicious,MALICIOUS,1,0.83,cnn,ok,"[""Privilege state: max_uid_euid_delta is high (p98) and auid_euid_mismatch is set -- a real identity inconsistency and privilege transition."", ""Mechanism: is_suid_exec is not set, but exec_count is high (p73) and a shell was spawned from a service context with priv_op_count elevated -- a suspicious escalation attempt."", ""Behavioural anomaly: failed_call_rate is high (p98), failed_call_count is high (p98), and parent_child_rarity is near 1 -- an exec pair essentially never seen in benign activity."", ""Benign-explanation test: very high throughput (p98) and short lifetime (p42) argue against a routine admin script, cron job, or health-check."", ""Decide: the escalation mechanism and behavioural anomalies outweigh XGBoost's benign call; this supports the CNN.""]","[""events_per_second"", ""seq_length"", ""auid_euid_mismatch"", ""failed_call_rate"", ""failed_call_count""]","{
  ""verdict"": ""MALICIOUS"",
  ""confidence"": 0.83,
  ""rationale_steps"": [
    ""Privilege state: max_uid_euid_delta is high (p98) and auid_euid_mismatch is set -- a real identity inconsistency and privilege transition."",
    ""Mechanism: is_suid_exec is not set, but exec_count is high (p73) and a shell was spawned from a service context with priv_op_count elevated -- a suspicious escalation attempt."",
    ""Behavioural anomaly: failed_call_rate is high (p98), failed_call_count is high (p98), and parent_child_rarity is near 1 -- an exec pair essentially never seen in benign activity."",
    ""Benign-explanation test: very high throughput (p98) and short lifetime (p42) argue against a routine admin script, cron job, or health-check."",
    ""Decide: the escalation mechanism and behavioural anomalies outweigh XGBoost's benign call; this supports the CNN.""
  ],
  ""key_features"": [""events_per_second"", ""seq_length"", ""auid_euid_mismatch"", ""failed_call_rate"", ""failed_call_count""],
  ""agrees_with"": ""cnn""
}"
10469,4,0,benign,0,1,0.4626511931419372,0.7419862747192383,xgb_benign_cnn_malicious,MALICIOUS,1,0.83,cnn,ok,"[""Privilege state: auid_euid_mismatch is set, indicating an identity inconsistency, but max_uid_euid_delta is low, suggesting no genuine UID/EUID transition."", ""Mechanism: is_suid_exec is not set, but exec_count is elevated, which could indicate an unusual exec chain."", ""Behavioural anomaly: failed_call_rate and failed_call_count are both high, indicating a high rate of failed syscalls, and parent_child_rarity is near 1, indicating a rare parent->child exec pair."", ""Benign-explanation test: the short lifetime and high throughput do not strongly suggest a routine admin script, cron job, or health-check."", ""Decide: the combination of failed_call_rate, failed_call_count, and parent_child_rarity outweighs XGBoost's benign call, supporting CNN's flag on this one feature.""]","[""events_per_second"", ""seq_length"", ""auid_euid_mismatch"", ""failed_call_rate"", ""failed_call_count""]","{
  ""verdict"": ""MALICIOUS"",
  ""confidence"": 0.83,
  ""rationale_steps"": [
    ""Privilege state: auid_euid_mismatch is set, indicating an identity inconsistency, but max_uid_euid_delta is low, suggesting no genuine UID/EUID transition."",
    ""Mechanism: is_suid_exec is not set, but exec_count is elevated, which could indicate an unusual exec chain."",
    ""Behavioural anomaly: failed_call_rate and failed_call_count are both high, indicating a high rate of failed syscalls, and parent_child_rarity is near 1, indicating a rare parent->child exec pair."",
    ""Benign-explanation test: the short lifetime and high throughput do not strongly suggest a routine admin script, cron job, or health-check."",
    ""Decide: the combination of failed_call_rate, failed_call_count, and parent_child_rarity outweighs XGBoost's benign call, supporting CNN's flag on this one feature.""
  ],
  ""key_features"": [""events_per_second"", ""seq_length"", ""auid_euid_mismatch"", ""failed_call_rate"", ""failed_call_count""],
  ""agrees_with"": ""cnn""
}"
10522,4,0,benign,0,1,0.4626511931419372,0.7419862747192383,xgb_benign_cnn_malicious,MALICIOUS,1,0.83,cnn,ok,"[""Privilege state: auid_euid_mismatch is set, indicating an identity inconsistency, but max_uid_euid_delta is low, suggesting no genuine UID/EUID transition."", ""Mechanism: is_suid_exec is not set, but exec_count is elevated, which could indicate an unusual exec chain."", ""Behavioural anomaly: failed_call_rate and failed_call_count are both high, indicating a high rate of failed syscalls, and parent_child_rarity is near 1, indicating a rare parent->child exec pair."", ""Benign-explanation test: the short lifetime and high throughput do not strongly suggest a routine admin script, cron job, or health-check."", ""Decide: the combination of failed_call_rate, failed_call_count, and parent_child_rarity outweighs XGBoost's benign call, supporting CNN's flag on this one feature.""]","[""events_per_second"", ""seq_length"", ""auid_euid_mismatch"", ""failed_call_rate"", ""failed_call_count""]","{
  ""verdict"": ""MALICIOUS"",
  ""confidence"": 0.83,
  ""rationale_steps"": [
    ""Privilege state: auid_euid_mismatch is set, indicating an identity inconsistency, but max_uid_euid_delta is low, suggesting no genuine UID/EUID transition."",
    ""Mechanism: is_suid_exec is not set, but exec_count is elevated, which could indicate an unusual exec chain."",
    ""Behavioural anomaly: failed_call_rate and failed_call_count are both high, indicating a high rate of failed syscalls, and parent_child_rarity is near 1, indicating a rare parent->child exec pair."",
    ""Benign-explanation test: the short lifetime and high throughput do not strongly suggest a routine admin script, cron job, or health-check."",
    ""Decide: the combination of failed_call_rate, failed_call_count, and parent_child_rarity outweighs XGBoost's benign call, supporting CNN's flag on this one feature.""
  ],
  ""key_features"": [""events_per_second"", ""seq_length"", ""auid_euid_mismatch"", ""failed_call_rate"", ""failed_call_count""],
  ""agrees_with"": ""cnn""
}"
10573,1,0,benign,0,1,0.5584598183631897,0.9479522109031676,xgb_benign_cnn_malicious,MALICIOUS,1,0.95,cnn,ok,"[""Privilege state: auid_euid_mismatch is set, indicating an identity inconsistency, and max_uid_euid_delta is high, suggesting a privilege transition."", ""Mechanism: is_suid_exec is set, indicating a setuid/setgid binary was executed, and shell_from_service is set, suggesting a shell was spawned from a service context."", ""Behavioural anomaly: failed_call_rate is high, indicating a high rate of failed syscalls, and parent_child_rarity is low, suggesting an unusual parent->child exec pair."", ""Benign-explanation test: the short lifetime and high throughput are not consistent with a routine admin script, cron job, or health-check."", ""Decide: the combination of privilege transition, setuid/setgid execution, and unusual behavioural patterns outweighs XGBoost's benign call; this supports the CNN.""]","[""failed_call_rate"", ""seq_length"", ""unique_syscalls"", ""failed_call_count"", ""events_per_second""]","{
  ""verdict"": ""MALICIOUS"",
  ""confidence"": 0.95,
  ""rationale_steps"": [
    ""Privilege state: auid_euid_mismatch is set, indicating an identity inconsistency, and max_uid_euid_delta is high, suggesting a privilege transition."",
    ""Mechanism: is_suid_exec is set, indicating a setuid/setgid binary was executed, and shell_from_service is set, suggesting a shell was spawned from a service context."",
    ""Behavioural anomaly: failed_call_rate is high, indicating a high rate of failed syscalls, and parent_child_rarity is low, suggesting an unusual parent->child exec pair."",
    ""Benign-explanation test: the short lifetime and high throughput are not consistent with a routine admin script, cron job, or health-check."",
    ""Decide: the combination of privilege transition, setuid/setgid execution, and unusual behavioural patterns outweighs XGBoost's benign call; this supports the CNN.""
  ],
  ""key_features"": [
    ""failed_call_rate"",
    ""seq_length"",
    ""unique_syscalls"",
    ""failed_call_count"",
    ""events_per_second""
  ],
  ""agrees_with"": ""cnn""
}"
10615,4,0,benign,0,1,0.3904956877231598,0.9424631595611572,xgb_benign_cnn_malicious,MALICIOUS,1,0.94,cnn,ok,"[""Privilege state: auid_euid_mismatch is set, indicating an identity inconsistency, and max_uid_euid_delta is low, suggesting a privilege transition."", ""Mechanism: exec_count is high, indicating a potential escalation attempt, and unique_syscalls is low, suggesting a limited syscall set."", ""Behavioural anomaly: failed_call_rate and failed_call_count are both high, indicating a high rate of failed syscalls, and parent_child_rarity is near 1, indicating an exec pair essentially never seen in benign activity."", ""Benign-explanation test: the short lifetime and high throughput argue against a routine admin script, cron job, or health-check."", ""Decide: the escalation mechanism, behavioural anomalies, and lack of benign explanations support CNN's call over XGBoost's.""]","[""failed_call_rate"", ""failed_call_count"", ""exec_count"", ""unique_syscalls"", ""parent_child_rarity""]","{
  ""verdict"": ""MALICIOUS"",
  ""confidence"": 0.94,
  ""rationale_steps"": [
    ""Privilege state: auid_euid_mismatch is set, indicating an identity inconsistency, and max_uid_euid_delta is low, suggesting a privilege transition."",
    ""Mechanism: exec_count is high, indicating a potential escalation attempt, and unique_syscalls is low, suggesting a limited syscall set."",
    ""Behavioural anomaly: failed_call_rate and failed_call_count are both high, indicating a high rate of failed syscalls, and parent_child_rarity is near 1, indicating an exec pair essentially never seen in benign activity."",
    ""Benign-explanation test: the short lifetime and high throughput argue against a routine admin script, cron job, or health-check."",
    ""Decide: the escalation mechanism, behavioural anomalies, and lack of benign explanations support CNN's call over XGBoost's.""
  ],
  ""key_features"": [""failed_call_rate"", ""failed_call_count"", ""exec_count"", ""unique_syscalls"", ""parent_child_rarity""],
  ""agrees_with"": ""cnn""
}"
10804,4,0,benign,0,1,0.4626511931419372,0.7419862747192383,xgb_benign_cnn_malicious,MALICIOUS,1,0.83,cnn,ok,"[""Privilege state: max_uid_euid_delta is high (p98) and auid_euid_mismatch is set -- a real identity inconsistency and privilege transition."", ""Mechanism: is_suid_exec is not set, but exec_count is high (p73) and a shell was spawned from a service context with priv_op_count elevated -- a suspicious escalation attempt."", ""Behavioural anomaly: failed_call_rate is high (p98), failed_call_count is high (p98), and parent_child_rarity is near 1 -- an exec pair essentially never seen in benign activity."", ""Benign-explanation test: very high throughput (p98) and short lifetime (p42) argue against a routine admin script, cron job, or health-check."", ""Decide: the escalation mechanism and behavioural anomalies outweigh XGBoost's benign call; this supports the CNN.""]","[""events_per_second"", ""seq_length"", ""auid_euid_mismatch"", ""failed_call_rate"", ""failed_call_count""]","{
  ""verdict"": ""MALICIOUS"",
  ""confidence"": 0.83,
  ""rationale_steps"": [
    ""Privilege state: max_uid_euid_delta is high (p98) and auid_euid_mismatch is set -- a real identity inconsistency and privilege transition."",
    ""Mechanism: is_suid_exec is not set, but exec_count is high (p73) and a shell was spawned from a service context with priv_op_count elevated -- a suspicious escalation attempt."",
    ""Behavioural anomaly: failed_call_rate is high (p98), failed_call_count is high (p98), and parent_child_rarity is near 1 -- an exec pair essentially never seen in benign activity."",
    ""Benign-explanation test: very high throughput (p98) and short lifetime (p42) argue against a routine admin script, cron job, or health-check."",
    ""Decide: the escalation mechanism and behavioural anomalies outweigh XGBoost's benign call; this supports the CNN.""
  ],
  ""key_features"": [""events_per_second"", ""seq_length"", ""auid_euid_mismatch"", ""failed_call_rate"", ""failed_call_count""],
  ""agrees_with"": ""cnn""
}"
10865,4,1,T1078_Valid_Accounts,0,1,0.5382307767868042,0.9489884972572328,xgb_benign_cnn_malicious,MALICIOUS,1,0.92,cnn,ok,"[""Privilege state: max_uid_euid_delta is high (p99+) and auid_euid_mismatch is set -- a real identity inconsistency and privilege transition."", ""Mechanism: is_suid_exec is set and a shell was spawned from a service context with priv_op_count elevated -- a classic setuid-shell escalation."", ""Behavioural anomaly: parent_child_rarity is near 1 (essentially never seen in benign activity) and events_per_second is extremely high (p93) -- an unusual syscall throughput."", ""Benign-explanation test: very short lifetime (p36) and low throughput argue against a routine admin script, cron job, or health-check."", ""Decide: the escalation mechanism, sensitive-path access, and unusual syscall throughput outweigh XGBoost's benign call; this supports the CNN.""]","[""parent_child_rarity"", ""lifetime_seconds"", ""events_per_second"", ""max_uid_euid_delta"", ""auid_euid_mismatch""]","{
  ""verdict"": ""MALICIOUS"",
  ""confidence"": 0.92,
  ""rationale_steps"": [
    ""Privilege state: max_uid_euid_delta is high (p99+) and auid_euid_mismatch is set -- a real identity inconsistency and privilege transition."",
    ""Mechanism: is_suid_exec is set and a shell was spawned from a service context with priv_op_count elevated -- a classic setuid-shell escalation."",
    ""Behavioural anomaly: parent_child_rarity is near 1 (essentially never seen in benign activity) and events_per_second is extremely high (p93) -- an unusual syscall throughput."",
    ""Benign-explanation test: very short lifetime (p36) and low throughput argue against a routine admin script, cron job, or health-check."",
    ""Decide: the escalation mechanism, sensitive-path access, and unusual syscall throughput outweigh XGBoost's benign call; this supports the CNN.""
  ],
  ""key_features"": [""parent_child_rarity"", ""lifetime_seconds"", ""events_per_second"", ""max_uid_euid_delta"", ""auid_euid_mismatch""],
  ""agrees_with"": ""cnn""
}"
10876,4,1,T1078_Valid_Accounts,0,1,0.619727611541748,0.9672528505325316,xgb_benign_cnn_malicious,MALICIOUS,1,0.92,cnn,ok,"[""Privilege state: max_uid_euid_delta is high (p99+) and auid_euid_mismatch is set -- a real identity inconsistency and privilege transition."", ""Mechanism: is_suid_exec is set and a shell was spawned from a service context with priv_op_count elevated -- a classic setuid-shell escalation."", ""Behavioural anomaly: parent_child_rarity is near 1 (essentially never seen in benign activity) and events_per_second is extremely high (p94) -- an unusual and potentially malicious process."", ""Benign-explanation test: very short lifetime (p36) and low throughput argue against a routine admin script, cron job, or health-check."", ""Decide: the escalation mechanism, sensitive-path access, and unusual process behavior outweigh XGBoost's benign call; this supports the CNN.""]","[""parent_child_rarity"", ""lifetime_seconds"", ""events_per_second"", ""max_uid_euid_delta"", ""auid_euid_mismatch""]","{
  ""verdict"": ""MALICIOUS"",
  ""confidence"": 0.92,
  ""rationale_steps"": [
    ""Privilege state: max_uid_euid_delta is high (p99+) and auid_euid_mismatch is set -- a real identity inconsistency and privilege transition."",
    ""Mechanism: is_suid_exec is set and a shell was spawned from a service context with priv_op_count elevated -- a classic setuid-shell escalation."",
    ""Behavioural anomaly: parent_child_rarity is near 1 (essentially never seen in benign activity) and events_per_second is extremely high (p94) -- an unusual and potentially malicious process."",
    ""Benign-explanation test: very short lifetime (p36) and low throughput argue against a routine admin script, cron job, or health-check."",
    ""Decide: the escalation mechanism, sensitive-path access, and unusual process behavior outweigh XGBoost's benign call; this supports the CNN.""
  ],
  ""key_features"": [""parent_child_rarity"", ""lifetime_seconds"", ""events_per_second"", ""max_uid_euid_delta"", ""auid_euid_mismatch""],
  ""agrees_with"": ""cnn""
}"
11046,4,0,benign,0,1,0.4626511931419372,0.7419862747192383,xgb_benign_cnn_malicious,MALICIOUS,1,0.83,cnn,ok,"[""Privilege state: max_uid_euid_delta is high (p98) and auid_euid_mismatch is set -- a real identity inconsistency and privilege transition."", ""Mechanism: is_suid_exec is not set, but exec_count is high (p73) and a shell was spawned from a service context with priv_op_count elevated -- a suspicious escalation attempt."", ""Behavioural anomaly: failed_call_rate is high (p98), failed_call_count is high (p98), and parent_child_rarity is near 1 -- an exec pair essentially never seen in benign activity."", ""Benign-explanation test: very high throughput (p98) and short lifetime (p42) argue against a routine admin script, cron job, or health-check."", ""Decide: the escalation mechanism and behavioural anomalies outweigh XGBoost's benign call; this supports the CNN.""]","[""events_per_second"", ""seq_length"", ""auid_euid_mismatch"", ""failed_call_rate"", ""failed_call_count""]","{
  ""verdict"": ""MALICIOUS"",
  ""confidence"": 0.83,
  ""rationale_steps"": [
    ""Privilege state: max_uid_euid_delta is high (p98) and auid_euid_mismatch is set -- a real identity inconsistency and privilege transition."",
    ""Mechanism: is_suid_exec is not set, but exec_count is high (p73) and a shell was spawned from a service context with priv_op_count elevated -- a suspicious escalation attempt."",
    ""Behavioural anomaly: failed_call_rate is high (p98), failed_call_count is high (p98), and parent_child_rarity is near 1 -- an exec pair essentially never seen in benign activity."",
    ""Benign-explanation test: very high throughput (p98) and short lifetime (p42) argue against a routine admin script, cron job, or health-check."",
    ""Decide: the escalation mechanism and behavioural anomalies outweigh XGBoost's benign call; this supports the CNN.""
  ],
  ""key_features"": [""events_per_second"", ""seq_length"", ""auid_euid_mismatch"", ""failed_call_rate"", ""failed_call_count""],
  ""agrees_with"": ""cnn""
}"
11050,3,1,T1078_Valid_Accounts,0,1,0.6828815937042236,0.9918093085289,xgb_benign_cnn_malicious,MALICIOUS,1,0.92,cnn,ok,"[""Privilege state: max_uid_euid_delta is high (p98) and auid_euid_mismatch is set -- a real identity inconsistency and privilege transition."", ""Mechanism: is_suid_exec is set and a shell was spawned from a service context with priv_op_count elevated -- a classic setuid-shell escalation."", ""Behavioural anomaly: parent_child_rarity is near 1 (essentially never seen in benign activity) and unique_syscalls is high (p98) -- an exec pair and syscall types essentially never seen in benign activity."", ""Benign-explanation test: very high throughput (p56) and short lifetime (p42) argue against a routine admin script, cron job, or health-check."", ""Decide: the escalation mechanism, sensitive-path access, and behavioural anomalies outweigh XGBoost's benign call; this supports the CNN.""]","[""unique_syscalls"", ""exec_count"", ""parent_child_rarity"", ""max_uid_euid_delta"", ""auid_euid_mismatch""]","{
  ""verdict"": ""MALICIOUS"",
  ""confidence"": 0.92,
  ""rationale_steps"": [
    ""Privilege state: max_uid_euid_delta is high (p98) and auid_euid_mismatch is set -- a real identity inconsistency and privilege transition."",
    ""Mechanism: is_suid_exec is set and a shell was spawned from a service context with priv_op_count elevated -- a classic setuid-shell escalation."",
    ""Behavioural anomaly: parent_child_rarity is near 1 (essentially never seen in benign activity) and unique_syscalls is high (p98) -- an exec pair and syscall types essentially never seen in benign activity."",
    ""Benign-explanation test: very high throughput (p56) and short lifetime (p42) argue against a routine admin script, cron job, or health-check."",
    ""Decide: the escalation mechanism, sensitive-path access, and behavioural anomalies outweigh XGBoost's benign call; this supports the CNN.""
  ],
  ""key_features"": [""unique_syscalls"", ""exec_count"", ""parent_child_rarity"", ""max_uid_euid_delta"", ""auid_euid_mismatch""],
  ""agrees_with"": ""cnn""
}"
11125,4,1,T1078_Valid_Accounts,0,1,0.612684965133667,0.7579640746116638,xgb_benign_cnn_malicious,MALICIOUS,1,0.83,cnn,ok,"[""Privilege state: auid_euid_mismatch is set, indicating an identity inconsistency, but max_uid_euid_delta is low, suggesting no genuine UID/EUID transition."", ""Mechanism: is_suid_exec is not set, but exec_count is high, indicating a potential escalation attempt."", ""Behavioural anomaly: events_per_second is extremely high, indicating a potential attack, and parent_child_rarity is near 1, indicating a rare exec pair."", ""Benign-explanation test: the short lifetime and high throughput make it unlikely to be a routine admin script, cron job, or health-check."", ""Decide: the high syscall throughput and rare exec pair outweigh XGBoost's benign call; this supports the CNN.""]","[""events_per_second"", ""seq_length"", ""auid_euid_mismatch"", ""failed_call_count"", ""exec_count""]","{
  ""verdict"": ""MALICIOUS"",
  ""confidence"": 0.83,
  ""rationale_steps"": [
    ""Privilege state: auid_euid_mismatch is set, indicating an identity inconsistency, but max_uid_euid_delta is low, suggesting no genuine UID/EUID transition."",
    ""Mechanism: is_suid_exec is not set, but exec_count is high, indicating a potential escalation attempt."",
    ""Behavioural anomaly: events_per_second is extremely high, indicating a potential attack, and parent_child_rarity is near 1, indicating a rare exec pair."",
    ""Benign-explanation test: the short lifetime and high throughput make it unlikely to be a routine admin script, cron job, or health-check."",
    ""Decide: the high syscall throughput and rare exec pair outweigh XGBoost's benign call; this supports the CNN.""
  ],
  ""key_features"": [""events_per_second"", ""seq_length"", ""auid_euid_mismatch"", ""failed_call_count"", ""exec_count""],
  ""agrees_with"": ""cnn""
}"
11231,4,0,benign,0,1,0.4626511931419372,0.7419862747192383,xgb_benign_cnn_malicious,MALICIOUS,1,0.83,cnn,ok,"[""Privilege state: max_uid_euid_delta is high (p98) and auid_euid_mismatch is set -- a real identity inconsistency and privilege transition."", ""Mechanism: is_suid_exec is not set, but exec_count is high (p73) and a shell was spawned from a service context with priv_op_count elevated -- a suspicious escalation attempt."", ""Behavioural anomaly: failed_call_rate is high (p98), failed_call_count is high (p98), and parent_child_rarity is near 1 -- an exec pair essentially never seen in benign activity."", ""Benign-explanation test: very high throughput (p98) and short lifetime (p42) argue against a routine admin script, cron job, or health-check."", ""Decide: the escalation mechanism and behavioural anomalies outweigh XGBoost's benign call; this supports the CNN.""]","[""events_per_second"", ""seq_length"", ""auid_euid_mismatch"", ""failed_call_rate"", ""failed_call_count""]","{
  ""verdict"": ""MALICIOUS"",
  ""confidence"": 0.83,
  ""rationale_steps"": [
    ""Privilege state: max_uid_euid_delta is high (p98) and auid_euid_mismatch is set -- a real identity inconsistency and privilege transition."",
    ""Mechanism: is_suid_exec is not set, but exec_count is high (p73) and a shell was spawned from a service context with priv_op_count elevated -- a suspicious escalation attempt."",
    ""Behavioural anomaly: failed_call_rate is high (p98), failed_call_count is high (p98), and parent_child_rarity is near 1 -- an exec pair essentially never seen in benign activity."",
    ""Benign-explanation test: very high throughput (p98) and short lifetime (p42) argue against a routine admin script, cron job, or health-check."",
    ""Decide: the escalation mechanism and behavioural anomalies outweigh XGBoost's benign call; this supports the CNN.""
  ],
  ""key_features"": [""events_per_second"", ""seq_length"", ""auid_euid_mismatch"", ""failed_call_rate"", ""failed_call_count""],
  ""agrees_with"": ""cnn""
}"
11272,4,1,T1078_Valid_Accounts,0,1,0.4626511931419372,0.7419862747192383,xgb_benign_cnn_malicious,MALICIOUS,1,0.83,cnn,ok,"[""Privilege state: auid_euid_mismatch is set, indicating an identity inconsistency, but max_uid_euid_delta is low, suggesting no genuine UID/EUID transition."", ""Mechanism: is_suid_exec is not set, but exec_count is elevated, which could indicate an unusual exec chain."", ""Behavioural anomaly: failed_call_rate and failed_call_count are both high, indicating a high rate of failed syscalls, and parent_child_rarity is near 1, indicating a rare parent->child exec pair."", ""Benign-explanation test: the short lifetime and high throughput do not strongly suggest a routine admin script, cron job, or health-check."", ""Decide: the combination of failed_call_rate, failed_call_count, and parent_child_rarity outweighs XGBoost's benign call, supporting CNN's flag on this one feature.""]","[""events_per_second"", ""seq_length"", ""auid_euid_mismatch"", ""failed_call_rate"", ""failed_call_count""]","{
  ""verdict"": ""MALICIOUS"",
  ""confidence"": 0.83,
  ""rationale_steps"": [
    ""Privilege state: auid_euid_mismatch is set, indicating an identity inconsistency, but max_uid_euid_delta is low, suggesting no genuine UID/EUID transition."",
    ""Mechanism: is_suid_exec is not set, but exec_count is elevated, which could indicate an unusual exec chain."",
    ""Behavioural anomaly: failed_call_rate and failed_call_count are both high, indicating a high rate of failed syscalls, and parent_child_rarity is near 1, indicating a rare parent->child exec pair."",
    ""Benign-explanation test: the short lifetime and high throughput do not strongly suggest a routine admin script, cron job, or health-check."",
    ""Decide: the combination of failed_call_rate, failed_call_count, and parent_child_rarity outweighs XGBoost's benign call, supporting CNN's flag on this one feature.""
  ],
  ""key_features"": [""events_per_second"", ""seq_length"", ""auid_euid_mismatch"", ""failed_call_rate"", ""failed_call_count""],
  ""agrees_with"": ""cnn""
}"
11312,1,0,benign,0,1,0.4249598085880279,0.9877406358718872,xgb_benign_cnn_malicious,,-1,,,parse_error,[],[],"{
  ""verdict"": ""MALICIOUS"",
  ""confidence"": 0.92,
  ""rationale_steps"": [
    ""Privilege state: max_uid_euid_delta is high (p99+) and auid_euid_mismatch is set -- a real identity inconsistency and privilege transition."",
    ""Mechanism: is_suid_exec is set and a shell was spawned from a service context with priv_op_count elevated -- a classic setuid-shell escalation."",
    ""Behavioural anomaly: failed_call_rate is high (p6) and failed_call_count is high (p99+) -- a high rate of failed syscalls, indicative of an attack."",
    ""Benign-explanation test: the process has a very short lifetime (p92) and high throughput (p12) -- not consistent with a routine admin script, cron job, or health-check."",
    ""Decide: the escalation mechanism, sensitive-path access, and high failed-call rate outweigh XGBoost's benign call; this supports the CNN.""
  ],
  ""key_features"": [""seq_length"", ""unique_syscalls"", ""failed_call_count"", ""file_access_count"", ""uid_changed"", ""failed_call_rate"", ""lifetime_seconds"", ""events_per_second""],
  ""agrees_with"": ""cnn""
}"
11440,1,0,benign,0,1,0.3924641609191894,0.9988299012184144,xgb_benign_cnn_malicious,MALICIOUS,1,0.92,cnn,ok,"[""Privilege state: max_uid_euid_delta is extremely high (p99+) and auid_euid_mismatch is set -- a clear identity inconsistency and privilege transition."", ""Mechanism: is_suid_exec is set and a shell was spawned from a service context with priv_op_count elevated -- a classic setuid-shell escalation."", ""Behavioural anomaly: failed_call_rate is high (p74) and failed_call_count is also high (p72) -- a high rate of failed syscalls, indicating potential privilege escalation."", ""Benign-explanation test: the extremely high syscall throughput (events_per_second) and exec_count argue against a routine admin script, cron job, or health-check."", ""Decide: the combination of privilege transition, escalation mechanism, and behavioural anomalies outweigh XGBoost's benign call; this supports the CNN.""]","[""max_uid_euid_delta"", ""is_suid_exec"", ""uid_changed"", ""events_per_second"", ""failed_call_rate""]","{
  ""verdict"": ""MALICIOUS"",
  ""confidence"": 0.92,
  ""rationale_steps"": [
    ""Privilege state: max_uid_euid_delta is extremely high (p99+) and auid_euid_mismatch is set -- a clear identity inconsistency and privilege transition."",
    ""Mechanism: is_suid_exec is set and a shell was spawned from a service context with priv_op_count elevated -- a classic setuid-shell escalation."",
    ""Behavioural anomaly: failed_call_rate is high (p74) and failed_call_count is also high (p72) -- a high rate of failed syscalls, indicating potential privilege escalation."",
    ""Benign-explanation test: the extremely high syscall throughput (events_per_second) and exec_count argue against a routine admin script, cron job, or health-check."",
    ""Decide: the combination of privilege transition, escalation mechanism, and behavioural anomalies outweigh XGBoost's benign call; this supports the CNN.""
  ],
  ""key_features"": [""max_uid_euid_delta"", ""is_suid_exec"", ""uid_changed"", ""events_per_second"", ""failed_call_rate""],
  ""agrees_with"": ""cnn""
}"
11816,3,1,T1078_Valid_Accounts,0,1,0.6923177242279053,0.9917534589767456,xgb_benign_cnn_malicious,MALICIOUS,1,0.92,cnn,ok,"[""Privilege state: max_uid_euid_delta is high (p98) and auid_euid_mismatch is set -- a real identity inconsistency and privilege transition."", ""Mechanism: is_suid_exec is set and a shell was spawned from a service context with priv_op_count elevated -- a classic setuid-shell escalation."", ""Behavioural anomaly: parent_child_rarity is near 1 (essentially never seen in benign activity) and unique_syscalls is high (p98) -- an exec pair and syscall types essentially never seen in benign activity."", ""Benign-explanation test: very short lifetime (p42) and high throughput argue against a routine admin script, cron job, or health-check."", ""Decide: the escalation mechanism, sensitive-path access, and behavioural anomalies outweigh XGBoost's benign call; this supports the CNN.""]","[""unique_syscalls"", ""exec_count"", ""parent_child_rarity"", ""seq_length"", ""lifetime_seconds""]","{
  ""verdict"": ""MALICIOUS"",
  ""confidence"": 0.92,
  ""rationale_steps"": [
    ""Privilege state: max_uid_euid_delta is high (p98) and auid_euid_mismatch is set -- a real identity inconsistency and privilege transition."",
    ""Mechanism: is_suid_exec is set and a shell was spawned from a service context with priv_op_count elevated -- a classic setuid-shell escalation."",
    ""Behavioural anomaly: parent_child_rarity is near 1 (essentially never seen in benign activity) and unique_syscalls is high (p98) -- an exec pair and syscall types essentially never seen in benign activity."",
    ""Benign-explanation test: very short lifetime (p42) and high throughput argue against a routine admin script, cron job, or health-check."",
    ""Decide: the escalation mechanism, sensitive-path access, and behavioural anomalies outweigh XGBoost's benign call; this supports the CNN.""
  ],
  ""key_features"": [""unique_syscalls"", ""exec_count"", ""parent_child_rarity"", ""seq_length"", ""lifetime_seconds""],
  ""agrees_with"": ""cnn""
}"
11857,3,1,T1078_Valid_Accounts,0,1,0.5284601449966431,0.9978947043418884,xgb_benign_cnn_malicious,MALICIOUS,1,0.92,cnn,ok,"[""Privilege state: max_uid_euid_delta is high (p99+) and auid_euid_mismatch is set -- a real identity inconsistency and privilege transition."", ""Mechanism: is_suid_exec is set and a shell was spawned from a service context with priv_op_count elevated -- a classic setuid-shell escalation."", ""Behavioural anomaly: failed_call_rate is high (p98) and failed_call_count is high (p99+) -- a high rate of failed syscalls, indicative of an attack."", ""Benign-explanation test: very short lifetime (p88) and high throughput argue against a routine admin script, cron job, or health-check."", ""Decide: the escalation mechanism, sensitive-path access, and high failed syscall rate outweigh XGBoost's benign call; this supports the CNN.""]","[""seq_length"", ""failed_call_count"", ""exec_count"", ""failed_call_rate"", ""lifetime_seconds""]","{
  ""verdict"": ""MALICIOUS"",
  ""confidence"": 0.92,
  ""rationale_steps"": [
    ""Privilege state: max_uid_euid_delta is high (p99+) and auid_euid_mismatch is set -- a real identity inconsistency and privilege transition."",
    ""Mechanism: is_suid_exec is set and a shell was spawned from a service context with priv_op_count elevated -- a classic setuid-shell escalation."",
    ""Behavioural anomaly: failed_call_rate is high (p98) and failed_call_count is high (p99+) -- a high rate of failed syscalls, indicative of an attack."",
    ""Benign-explanation test: very short lifetime (p88) and high throughput argue against a routine admin script, cron job, or health-check."",
    ""Decide: the escalation mechanism, sensitive-path access, and high failed syscall rate outweigh XGBoost's benign call; this supports the CNN.""
  ],
  ""key_features"": [""seq_length"", ""failed_call_count"", ""exec_count"", ""failed_call_rate"", ""lifetime_seconds""],
  ""agrees_with"": ""cnn""
}"
12034,4,0,benign,0,1,0.4626511931419372,0.7419862747192383,xgb_benign_cnn_malicious,MALICIOUS,1,0.83,cnn,ok,"[""Privilege state: max_uid_euid_delta is high (p98) and auid_euid_mismatch is set -- a real identity inconsistency and privilege transition."", ""Mechanism: is_suid_exec is not set, but exec_count is high (p73) and a shell was spawned from a service context with priv_op_count elevated -- a suspicious escalation attempt."", ""Behavioural anomaly: failed_call_rate is high (p98), failed_call_count is high (p98), and parent_child_rarity is near 1 -- an exec pair essentially never seen in benign activity."", ""Benign-explanation test: very high throughput (p98) and short lifetime (p42) argue against a routine admin script, cron job, or health-check."", ""Decide: the escalation mechanism and behavioural anomalies outweigh XGBoost's benign call; this supports the CNN.""]","[""events_per_second"", ""seq_length"", ""auid_euid_mismatch"", ""failed_call_rate"", ""failed_call_count""]","{
  ""verdict"": ""MALICIOUS"",
  ""confidence"": 0.83,
  ""rationale_steps"": [
    ""Privilege state: max_uid_euid_delta is high (p98) and auid_euid_mismatch is set -- a real identity inconsistency and privilege transition."",
    ""Mechanism: is_suid_exec is not set, but exec_count is high (p73) and a shell was spawned from a service context with priv_op_count elevated -- a suspicious escalation attempt."",
    ""Behavioural anomaly: failed_call_rate is high (p98), failed_call_count is high (p98), and parent_child_rarity is near 1 -- an exec pair essentially never seen in benign activity."",
    ""Benign-explanation test: very high throughput (p98) and short lifetime (p42) argue against a routine admin script, cron job, or health-check."",
    ""Decide: the escalation mechanism and behavioural anomalies outweigh XGBoost's benign call; this supports the CNN.""
  ],
  ""key_features"": [""events_per_second"", ""seq_length"", ""auid_euid_mismatch"", ""failed_call_rate"", ""failed_call_count""],
  ""agrees_with"": ""cnn""
}"
12322,4,0,benign,0,1,0.3245709240436554,0.9654507040977478,xgb_benign_cnn_malicious,MALICIOUS,1,0.92,cnn,ok,"[""Privilege state: max_uid_euid_delta is high (p99+) and auid_euid_mismatch is set -- a real identity inconsistency and privilege transition."", ""Mechanism: is_suid_exec is set and a shell was spawned from a service context with priv_op_count elevated -- a classic setuid-shell escalation."", ""Behavioural anomaly: parent_child_rarity is near 1 (essentially never seen in benign activity) and events_per_second is extremely high (p93) -- an unusual and potentially malicious process."", ""Benign-explanation test: very short lifetime (p36) and low throughput argue against a routine admin script, cron job, or health-check."", ""Decide: the escalation mechanism, sensitive-path access, and unusual behavioural features outweigh XGBoost's benign call; this supports the CNN.""]","[""parent_child_rarity"", ""lifetime_seconds"", ""events_per_second"", ""max_uid_euid_delta"", ""auid_euid_mismatch""]","{
  ""verdict"": ""MALICIOUS"",
  ""confidence"": 0.92,
  ""rationale_steps"": [
    ""Privilege state: max_uid_euid_delta is high (p99+) and auid_euid_mismatch is set -- a real identity inconsistency and privilege transition."",
    ""Mechanism: is_suid_exec is set and a shell was spawned from a service context with priv_op_count elevated -- a classic setuid-shell escalation."",
    ""Behavioural anomaly: parent_child_rarity is near 1 (essentially never seen in benign activity) and events_per_second is extremely high (p93) -- an unusual and potentially malicious process."",
    ""Benign-explanation test: very short lifetime (p36) and low throughput argue against a routine admin script, cron job, or health-check."",
    ""Decide: the escalation mechanism, sensitive-path access, and unusual behavioural features outweigh XGBoost's benign call; this supports the CNN.""
  ],
  ""key_features"": [""parent_child_rarity"", ""lifetime_seconds"", ""events_per_second"", ""max_uid_euid_delta"", ""auid_euid_mismatch""],
  ""agrees_with"": ""cnn""
}"
12540,4,1,T1078_Valid_Accounts,0,1,0.5382307767868042,0.9489884972572328,xgb_benign_cnn_malicious,MALICIOUS,1,0.92,cnn,ok,"[""Privilege state: max_uid_euid_delta is high (p99+) and auid_euid_mismatch is set -- a real identity inconsistency and privilege transition."", ""Mechanism: is_suid_exec is set and a shell was spawned from a service context with priv_op_count elevated -- a classic setuid-shell escalation."", ""Behavioural anomaly: parent_child_rarity is near 1 (essentially never seen in benign activity) and events_per_second is extremely high (p93) -- an unusual syscall throughput."", ""Benign-explanation test: very short lifetime (p36) and low throughput argue against a routine admin script, cron job, or health-check."", ""Decide: the escalation mechanism, sensitive-path access, and unusual syscall throughput outweigh XGBoost's benign call; this supports the CNN.""]","[""parent_child_rarity"", ""lifetime_seconds"", ""events_per_second"", ""max_uid_euid_delta"", ""auid_euid_mismatch""]","{
  ""verdict"": ""MALICIOUS"",
  ""confidence"": 0.92,
  ""rationale_steps"": [
    ""Privilege state: max_uid_euid_delta is high (p99+) and auid_euid_mismatch is set -- a real identity inconsistency and privilege transition."",
    ""Mechanism: is_suid_exec is set and a shell was spawned from a service context with priv_op_count elevated -- a classic setuid-shell escalation."",
    ""Behavioural anomaly: parent_child_rarity is near 1 (essentially never seen in benign activity) and events_per_second is extremely high (p93) -- an unusual syscall throughput."",
    ""Benign-explanation test: very short lifetime (p36) and low throughput argue against a routine admin script, cron job, or health-check."",
    ""Decide: the escalation mechanism, sensitive-path access, and unusual syscall throughput outweigh XGBoost's benign call; this supports the CNN.""
  ],
  ""key_features"": [""parent_child_rarity"", ""lifetime_seconds"", ""events_per_second"", ""max_uid_euid_delta"", ""auid_euid_mismatch""],
  ""agrees_with"": ""cnn""
}"
12613,3,1,T1078_Valid_Accounts,0,1,0.6923177242279053,0.9917534589767456,xgb_benign_cnn_malicious,MALICIOUS,1,0.92,cnn,ok,"[""Privilege state: max_uid_euid_delta is high (p98) and auid_euid_mismatch is set -- a real identity inconsistency and privilege transition."", ""Mechanism: is_suid_exec is set and a shell was spawned from a service context with priv_op_count elevated -- a classic setuid-shell escalation."", ""Behavioural anomaly: parent_child_rarity is near 1 (essentially never seen in benign activity) and unique_syscalls is high (p98) -- an exec pair and syscall types essentially never seen in benign activity."", ""Benign-explanation test: very short lifetime (p42) and high throughput argue against a routine admin script, cron job, or health-check."", ""Decide: the escalation mechanism, sensitive-path access, and behavioural anomalies outweigh XGBoost's benign call; this supports the CNN.""]","[""unique_syscalls"", ""exec_count"", ""parent_child_rarity"", ""seq_length"", ""lifetime_seconds""]","{
  ""verdict"": ""MALICIOUS"",
  ""confidence"": 0.92,
  ""rationale_steps"": [
    ""Privilege state: max_uid_euid_delta is high (p98) and auid_euid_mismatch is set -- a real identity inconsistency and privilege transition."",
    ""Mechanism: is_suid_exec is set and a shell was spawned from a service context with priv_op_count elevated -- a classic setuid-shell escalation."",
    ""Behavioural anomaly: parent_child_rarity is near 1 (essentially never seen in benign activity) and unique_syscalls is high (p98) -- an exec pair and syscall types essentially never seen in benign activity."",
    ""Benign-explanation test: very short lifetime (p42) and high throughput argue against a routine admin script, cron job, or health-check."",
    ""Decide: the escalation mechanism, sensitive-path access, and behavioural anomalies outweigh XGBoost's benign call; this supports the CNN.""
  ],
  ""key_features"": [""unique_syscalls"", ""exec_count"", ""parent_child_rarity"", ""seq_length"", ""lifetime_seconds""],
  ""agrees_with"": ""cnn""
}"
12943,3,0,benign,0,1,0.5248250365257263,0.9974316954612732,xgb_benign_cnn_malicious,MALICIOUS,1,0.92,cnn,ok,"[""Privilege state: auid_euid_mismatch is set, indicating an identity inconsistency, and max_uid_euid_delta is low, suggesting a lack of genuine privilege transition."", ""Mechanism: is_suid_exec is set, indicating a setuid/setgid binary was executed, and shell_from_service is set, indicating a shell was spawned from a service context, which is a classic escalation mechanism."", ""Behavioural anomaly: failed_call_rate is high, indicating a high rate of failed syscalls, and parent_child_rarity is near 1, indicating an exec pair essentially never seen in benign activity."", ""Benign-explanation test: the short lifetime and high throughput argue against a routine admin script, cron job, or health-check."", ""Decide: the escalation mechanism and behavioural anomalies outweigh XGBoost's benign call; this supports the CNN's flag.""]","[""failed_call_rate"", ""parent_child_rarity"", ""max_uid_euid_delta"", ""is_suid_exec"", ""shell_from_service""]","{
  ""verdict"": ""MALICIOUS"",
  ""confidence"": 0.92,
  ""rationale_steps"": [
    ""Privilege state: auid_euid_mismatch is set, indicating an identity inconsistency, and max_uid_euid_delta is low, suggesting a lack of genuine privilege transition."",
    ""Mechanism: is_suid_exec is set, indicating a setuid/setgid binary was executed, and shell_from_service is set, indicating a shell was spawned from a service context, which is a classic escalation mechanism."",
    ""Behavioural anomaly: failed_call_rate is high, indicating a high rate of failed syscalls, and parent_child_rarity is near 1, indicating an exec pair essentially never seen in benign activity."",
    ""Benign-explanation test: the short lifetime and high throughput argue against a routine admin script, cron job, or health-check."",
    ""Decide: the escalation mechanism and behavioural anomalies outweigh XGBoost's benign call; this supports the CNN's flag.""
  ],
  ""key_features"": [""failed_call_rate"", ""parent_child_rarity"", ""max_uid_euid_delta"", ""is_suid_exec"", ""shell_from_service""],
  ""agrees_with"": ""cnn""
}"
12992,4,0,benign,0,1,0.5382307767868042,0.9489884972572328,xgb_benign_cnn_malicious,MALICIOUS,1,0.92,cnn,ok,"[""Privilege state: max_uid_euid_delta is high (p99+) and auid_euid_mismatch is set -- a real identity inconsistency and privilege transition."", ""Mechanism: is_suid_exec is set and a shell was spawned from a service context with priv_op_count elevated -- a classic setuid-shell escalation."", ""Behavioural anomaly: parent_child_rarity is near 1 (essentially never seen in benign activity) and events_per_second is extremely high (p93) -- an unusual syscall throughput."", ""Benign-explanation test: very short lifetime (p36) and low throughput argue against a routine admin script, cron job, or health-check."", ""Decide: the escalation mechanism, sensitive-path access, and unusual syscall throughput outweigh XGBoost's benign call; this supports the CNN.""]","[""parent_child_rarity"", ""lifetime_seconds"", ""events_per_second"", ""max_uid_euid_delta"", ""auid_euid_mismatch""]","{
  ""verdict"": ""MALICIOUS"",
  ""confidence"": 0.92,
  ""rationale_steps"": [
    ""Privilege state: max_uid_euid_delta is high (p99+) and auid_euid_mismatch is set -- a real identity inconsistency and privilege transition."",
    ""Mechanism: is_suid_exec is set and a shell was spawned from a service context with priv_op_count elevated -- a classic setuid-shell escalation."",
    ""Behavioural anomaly: parent_child_rarity is near 1 (essentially never seen in benign activity) and events_per_second is extremely high (p93) -- an unusual syscall throughput."",
    ""Benign-explanation test: very short lifetime (p36) and low throughput argue against a routine admin script, cron job, or health-check."",
    ""Decide: the escalation mechanism, sensitive-path access, and unusual syscall throughput outweigh XGBoost's benign call; this supports the CNN.""
  ],
  ""key_features"": [""parent_child_rarity"", ""lifetime_seconds"", ""events_per_second"", ""max_uid_euid_delta"", ""auid_euid_mismatch""],
  ""agrees_with"": ""cnn""
}"
13125,4,1,T1078_Valid_Accounts,0,1,0.4296572804450989,0.8444210290908813,xgb_benign_cnn_malicious,MALICIOUS,1,0.83,cnn,ok,"[""Privilege state: max_uid_euid_delta is high (p98) and auid_euid_mismatch is set -- a real identity inconsistency and privilege transition."", ""Mechanism: is_suid_exec is set and a shell was spawned from a service context with priv_op_count elevated -- a classic setuid-shell escalation."", ""Behavioural anomaly: failed_call_count and exec_count are both high (p98) and parent_child_rarity is near 1 -- an exec pair essentially never seen in benign activity."", ""Benign-explanation test: very short lifetime (p88) and high throughput argue against a routine admin script, cron job, or health-check."", ""Decide: the escalation mechanism and sensitive-path access outweigh XGBoost's benign call; this supports the CNN.""]","[""seq_length"", ""failed_call_count"", ""exec_count"", ""lifetime_seconds"", ""events_per_second""]","{
  ""verdict"": ""MALICIOUS"",
  ""confidence"": 0.83,
  ""rationale_steps"": [
    ""Privilege state: max_uid_euid_delta is high (p98) and auid_euid_mismatch is set -- a real identity inconsistency and privilege transition."",
    ""Mechanism: is_suid_exec is set and a shell was spawned from a service context with priv_op_count elevated -- a classic setuid-shell escalation."",
    ""Behavioural anomaly: failed_call_count and exec_count are both high (p98) and parent_child_rarity is near 1 -- an exec pair essentially never seen in benign activity."",
    ""Benign-explanation test: very short lifetime (p88) and high throughput argue against a routine admin script, cron job, or health-check."",
    ""Decide: the escalation mechanism and sensitive-path access outweigh XGBoost's benign call; this supports the CNN.""
  ],
  ""key_features"": [""seq_length"", ""failed_call_count"", ""exec_count"", ""lifetime_seconds"", ""events_per_second""],
  ""agrees_with"": ""cnn""
}"
13479,4,0,benign,0,1,0.4626511931419372,0.7419862747192383,xgb_benign_cnn_malicious,MALICIOUS,1,0.83,cnn,ok,"[""Privilege state: max_uid_euid_delta is high (p98) and auid_euid_mismatch is set -- a real identity inconsistency and privilege transition."", ""Mechanism: is_suid_exec is not set, but exec_count is high (p73) and a shell was spawned from a service context with priv_op_count elevated -- a suspicious escalation attempt."", ""Behavioural anomaly: failed_call_rate is high (p98), failed_call_count is high (p98), and parent_child_rarity is near 1 -- an exec pair essentially never seen in benign activity."", ""Benign-explanation test: very high throughput (p98) and short lifetime (p42) argue against a routine admin script, cron job, or health-check."", ""Decide: the escalation mechanism and behavioural anomalies outweigh XGBoost's benign call; this supports the CNN.""]","[""events_per_second"", ""seq_length"", ""auid_euid_mismatch"", ""failed_call_rate"", ""failed_call_count""]","{
  ""verdict"": ""MALICIOUS"",
  ""confidence"": 0.83,
  ""rationale_steps"": [
    ""Privilege state: max_uid_euid_delta is high (p98) and auid_euid_mismatch is set -- a real identity inconsistency and privilege transition."",
    ""Mechanism: is_suid_exec is not set, but exec_count is high (p73) and a shell was spawned from a service context with priv_op_count elevated -- a suspicious escalation attempt."",
    ""Behavioural anomaly: failed_call_rate is high (p98), failed_call_count is high (p98), and parent_child_rarity is near 1 -- an exec pair essentially never seen in benign activity."",
    ""Benign-explanation test: very high throughput (p98) and short lifetime (p42) argue against a routine admin script, cron job, or health-check."",
    ""Decide: the escalation mechanism and behavioural anomalies outweigh XGBoost's benign call; this supports the CNN.""
  ],
  ""key_features"": [""events_per_second"", ""seq_length"", ""auid_euid_mismatch"", ""failed_call_rate"", ""failed_call_count""],
  ""agrees_with"": ""cnn""
}"
13763,4,0,benign,0,1,0.4048436880111694,0.974132776260376,xgb_benign_cnn_malicious,MALICIOUS,1,0.92,cnn,ok,"[""Privilege state: max_uid_euid_delta is low and auid_euid_mismatch is set, indicating a potential identity inconsistency and privilege transition."", ""Mechanism: is_suid_exec is not set, but the exec_count is elevated, suggesting a potential escalation attempt."", ""Behavioural anomaly: parent_child_rarity is near 1, indicating a rare parent->child exec pair, and failed_call_rate is high, suggesting a potential error in the syscall sequence."", ""Benign-explanation test: the short lifetime and high syscall throughput are not consistent with a routine admin script, cron job, or health-check."", ""Decide: the combination of a potential privilege transition, elevated exec_count, and behavioural anomalies outweigh XGBoost's benign call; this supports the CNN.""]","[""parent_child_rarity"", ""failed_call_rate"", ""exec_count"", ""max_uid_euid_delta"", ""auid_euid_mismatch""]","{
  ""verdict"": ""MALICIOUS"",
  ""confidence"": 0.92,
  ""rationale_steps"": [
    ""Privilege state: max_uid_euid_delta is low and auid_euid_mismatch is set, indicating a potential identity inconsistency and privilege transition."",
    ""Mechanism: is_suid_exec is not set, but the exec_count is elevated, suggesting a potential escalation attempt."",
    ""Behavioural anomaly: parent_child_rarity is near 1, indicating a rare parent->child exec pair, and failed_call_rate is high, suggesting a potential error in the syscall sequence."",
    ""Benign-explanation test: the short lifetime and high syscall throughput are not consistent with a routine admin script, cron job, or health-check."",
    ""Decide: the combination of a potential privilege transition, elevated exec_count, and behavioural anomalies outweigh XGBoost's benign call; this supports the CNN.""
  ],
  ""key_features"": [""parent_child_rarity"", ""failed_call_rate"", ""exec_count"", ""max_uid_euid_delta"", ""auid_euid_mismatch""],
  ""agrees_with"": ""cnn""
}"
13793,3,1,T1078_Valid_Accounts,0,1,0.6923177242279053,0.9917534589767456,xgb_benign_cnn_malicious,MALICIOUS,1,0.92,cnn,ok,"[""Privilege state: max_uid_euid_delta is high (p98) and auid_euid_mismatch is set -- a real identity inconsistency and privilege transition."", ""Mechanism: is_suid_exec is set and a shell was spawned from a service context with priv_op_count elevated -- a classic setuid-shell escalation."", ""Behavioural anomaly: parent_child_rarity is near 1 (essentially never seen in benign activity) and unique_syscalls is high (p98) -- an exec pair and syscall types essentially never seen in benign activity."", ""Benign-explanation test: very short lifetime (p42) and high throughput argue against a routine admin script, cron job, or health-check."", ""Decide: the escalation mechanism, sensitive-path access, and behavioural anomalies outweigh XGBoost's benign call; this supports the CNN.""]","[""unique_syscalls"", ""exec_count"", ""parent_child_rarity"", ""seq_length"", ""lifetime_seconds""]","{
  ""verdict"": ""MALICIOUS"",
  ""confidence"": 0.92,
  ""rationale_steps"": [
    ""Privilege state: max_uid_euid_delta is high (p98) and auid_euid_mismatch is set -- a real identity inconsistency and privilege transition."",
    ""Mechanism: is_suid_exec is set and a shell was spawned from a service context with priv_op_count elevated -- a classic setuid-shell escalation."",
    ""Behavioural anomaly: parent_child_rarity is near 1 (essentially never seen in benign activity) and unique_syscalls is high (p98) -- an exec pair and syscall types essentially never seen in benign activity."",
    ""Benign-explanation test: very short lifetime (p42) and high throughput argue against a routine admin script, cron job, or health-check."",
    ""Decide: the escalation mechanism, sensitive-path access, and behavioural anomalies outweigh XGBoost's benign call; this supports the CNN.""
  ],
  ""key_features"": [""unique_syscalls"", ""exec_count"", ""parent_child_rarity"", ""seq_length"", ""lifetime_seconds""],
  ""agrees_with"": ""cnn""
}"
13883,3,0,benign,0,1,0.6923177242279053,0.9917534589767456,xgb_benign_cnn_malicious,MALICIOUS,1,0.92,cnn,ok,"[""Privilege state: max_uid_euid_delta is high (p98) and auid_euid_mismatch is set -- a real identity inconsistency and privilege transition."", ""Mechanism: is_suid_exec is set and a shell was spawned from a service context with priv_op_count elevated -- a classic setuid-shell escalation."", ""Behavioural anomaly: unique_syscalls is high (p98) and parent_child_rarity is near 1 -- an exec pair essentially never seen in benign activity."", ""Benign-explanation test: very high throughput (p56) and short lifetime (p42) argue against a routine admin script, cron job, or health-check."", ""Decide: the escalation mechanism, sensitive-path access, and behavioural anomalies outweigh XGBoost's benign call; this supports the CNN.""]","[""unique_syscalls"", ""exec_count"", ""parent_child_rarity"", ""max_uid_euid_delta"", ""auid_euid_mismatch""]","{
  ""verdict"": ""MALICIOUS"",
  ""confidence"": 0.92,
  ""rationale_steps"": [
    ""Privilege state: max_uid_euid_delta is high (p98) and auid_euid_mismatch is set -- a real identity inconsistency and privilege transition."",
    ""Mechanism: is_suid_exec is set and a shell was spawned from a service context with priv_op_count elevated -- a classic setuid-shell escalation."",
    ""Behavioural anomaly: unique_syscalls is high (p98) and parent_child_rarity is near 1 -- an exec pair essentially never seen in benign activity."",
    ""Benign-explanation test: very high throughput (p56) and short lifetime (p42) argue against a routine admin script, cron job, or health-check."",
    ""Decide: the escalation mechanism, sensitive-path access, and behavioural anomalies outweigh XGBoost's benign call; this supports the CNN.""
  ],
  ""key_features"": [""unique_syscalls"", ""exec_count"", ""parent_child_rarity"", ""max_uid_euid_delta"", ""auid_euid_mismatch""],
  ""agrees_with"": ""cnn""
}"
14188,4,1,T1087_Account_Discovery,0,1,0.5437732934951782,0.9991608262062072,xgb_benign_cnn_malicious,MALICIOUS,1,0.92,cnn,ok,"[""Privilege state: max_uid_euid_delta is high (p99+) and auid_euid_mismatch is set -- a real identity inconsistency and privilege transition."", ""Mechanism: is_suid_exec is set and a shell was spawned from a service context with priv_op_count elevated -- a classic setuid-shell escalation."", ""Behavioural anomaly: lifetime_seconds is extremely high (p99+), seq_length is long (p99+), unique_syscalls is high (p99+), and failed_call_count is high (p99+) -- an unusual and potentially malicious process execution."", ""Benign-explanation test: the process execution characteristics (high lifetime, long syscall sequence, and high failed syscall count) are not consistent with routine admin scripting, cron jobs, or health-checks."", ""Decide: the combination of privilege escalation, setuid-shell mechanism, and unusual process execution characteristics outweigh XGBoost's benign call; this supports the CNN.""]","[""max_uid_euid_delta"", ""auid_euid_mismatch"", ""is_suid_exec"", ""shell_from_service"", ""lifetime_seconds""]","{
  ""verdict"": ""MALICIOUS"",
  ""confidence"": 0.92,
  ""rationale_steps"": [
    ""Privilege state: max_uid_euid_delta is high (p99+) and auid_euid_mismatch is set -- a real identity inconsistency and privilege transition."",
    ""Mechanism: is_suid_exec is set and a shell was spawned from a service context with priv_op_count elevated -- a classic setuid-shell escalation."",
    ""Behavioural anomaly: lifetime_seconds is extremely high (p99+), seq_length is long (p99+), unique_syscalls is high (p99+), and failed_call_count is high (p99+) -- an unusual and potentially malicious process execution."",
    ""Benign-explanation test: the process execution characteristics (high lifetime, long syscall sequence, and high failed syscall count) are not consistent with routine admin scripting, cron jobs, or health-checks."",
    ""Decide: the combination of privilege escalation, setuid-shell mechanism, and unusual process execution characteristics outweigh XGBoost's benign call; this supports the CNN.""
  ],
  ""key_features"": [
    ""max_uid_euid_delta"",
    ""auid_euid_mismatch"",
    ""is_suid_exec"",
    ""shell_from_service"",
    ""lifetime_seconds""
  ],
  ""agrees_with"": ""cnn""
}"
14190,4,0,benign,0,1,0.4626511931419372,0.7419862747192383,xgb_benign_cnn_malicious,MALICIOUS,1,0.83,cnn,ok,"[""Privilege state: max_uid_euid_delta is high (p98) and auid_euid_mismatch is set -- a real identity inconsistency and privilege transition."", ""Mechanism: is_suid_exec is not set, but exec_count is high (p73) and a shell was spawned from a service context with priv_op_count elevated -- a suspicious escalation attempt."", ""Behavioural anomaly: failed_call_rate is high (p98), failed_call_count is high (p98), and parent_child_rarity is near 1 -- an exec pair essentially never seen in benign activity."", ""Benign-explanation test: very high throughput (p98) and short lifetime (p42) argue against a routine admin script, cron job, or health-check."", ""Decide: the escalation mechanism and behavioural anomalies outweigh XGBoost's benign call; this supports the CNN.""]","[""events_per_second"", ""seq_length"", ""auid_euid_mismatch"", ""failed_call_rate"", ""failed_call_count""]","{
  ""verdict"": ""MALICIOUS"",
  ""confidence"": 0.83,
  ""rationale_steps"": [
    ""Privilege state: max_uid_euid_delta is high (p98) and auid_euid_mismatch is set -- a real identity inconsistency and privilege transition."",
    ""Mechanism: is_suid_exec is not set, but exec_count is high (p73) and a shell was spawned from a service context with priv_op_count elevated -- a suspicious escalation attempt."",
    ""Behavioural anomaly: failed_call_rate is high (p98), failed_call_count is high (p98), and parent_child_rarity is near 1 -- an exec pair essentially never seen in benign activity."",
    ""Benign-explanation test: very high throughput (p98) and short lifetime (p42) argue against a routine admin script, cron job, or health-check."",
    ""Decide: the escalation mechanism and behavioural anomalies outweigh XGBoost's benign call; this supports the CNN.""
  ],
  ""key_features"": [""events_per_second"", ""seq_length"", ""auid_euid_mismatch"", ""failed_call_rate"", ""failed_call_count""],
  ""agrees_with"": ""cnn""
}"
14221,1,0,benign,0,1,0.6632530093193054,0.8552455306053162,xgb_benign_cnn_malicious,MALICIOUS,1,0.86,cnn,ok,"[""Privilege state: auid_euid_mismatch is set, indicating an identity inconsistency, and max_uid_euid_delta is low, suggesting a real privilege transition."", ""Mechanism: is_suid_exec is not set, but the exec_count is elevated, which could indicate a setuid-shell escalation."", ""Behavioural anomaly: failed_call_rate is high, failed_call_count is high, and parent_child_rarity is near 1, indicating a rare exec pair and potential escalation."", ""Benign-explanation test: the short lifetime and high throughput make it unlikely to be a routine admin script, cron job, or health-check."", ""Decide: the evidence supports CNN's call, as the privilege transition and behavioural anomalies outweigh XGBoost's benign call.""]","[""auid_euid_mismatch"", ""lifetime_seconds"", ""events_per_second"", ""failed_call_rate"", ""parent_child_rarity""]","{
  ""verdict"": ""MALICIOUS"",
  ""confidence"": 0.86,
  ""rationale_steps"": [
    ""Privilege state: auid_euid_mismatch is set, indicating an identity inconsistency, and max_uid_euid_delta is low, suggesting a real privilege transition."",
    ""Mechanism: is_suid_exec is not set, but the exec_count is elevated, which could indicate a setuid-shell escalation."",
    ""Behavioural anomaly: failed_call_rate is high, failed_call_count is high, and parent_child_rarity is near 1, indicating a rare exec pair and potential escalation."",
    ""Benign-explanation test: the short lifetime and high throughput make it unlikely to be a routine admin script, cron job, or health-check."",
    ""Decide: the evidence supports CNN's call, as the privilege transition and behavioural anomalies outweigh XGBoost's benign call.""
  ],
  ""key_features"": [""auid_euid_mismatch"", ""lifetime_seconds"", ""events_per_second"", ""failed_call_rate"", ""parent_child_rarity""],
  ""agrees_with"": ""cnn""
}"
14576,4,0,benign,0,1,0.3245709240436554,0.9654507040977478,xgb_benign_cnn_malicious,MALICIOUS,1,0.92,cnn,ok,"[""Privilege state: max_uid_euid_delta is high (p99+) and auid_euid_mismatch is set -- a real identity inconsistency and privilege transition."", ""Mechanism: is_suid_exec is set and a shell was spawned from a service context with priv_op_count elevated -- a classic setuid-shell escalation."", ""Behavioural anomaly: parent_child_rarity is near 1 (essentially never seen in benign activity) and events_per_second is extremely high (p93) -- an unusual and potentially malicious process."", ""Benign-explanation test: very short lifetime (p36) and low throughput argue against a routine admin script, cron job, or health-check."", ""Decide: the escalation mechanism, sensitive-path access, and unusual behavioural features outweigh XGBoost's benign call; this supports the CNN.""]","[""parent_child_rarity"", ""lifetime_seconds"", ""events_per_second"", ""max_uid_euid_delta"", ""auid_euid_mismatch""]","{
  ""verdict"": ""MALICIOUS"",
  ""confidence"": 0.92,
  ""rationale_steps"": [
    ""Privilege state: max_uid_euid_delta is high (p99+) and auid_euid_mismatch is set -- a real identity inconsistency and privilege transition."",
    ""Mechanism: is_suid_exec is set and a shell was spawned from a service context with priv_op_count elevated -- a classic setuid-shell escalation."",
    ""Behavioural anomaly: parent_child_rarity is near 1 (essentially never seen in benign activity) and events_per_second is extremely high (p93) -- an unusual and potentially malicious process."",
    ""Benign-explanation test: very short lifetime (p36) and low throughput argue against a routine admin script, cron job, or health-check."",
    ""Decide: the escalation mechanism, sensitive-path access, and unusual behavioural features outweigh XGBoost's benign call; this supports the CNN.""
  ],
  ""key_features"": [""parent_child_rarity"", ""lifetime_seconds"", ""events_per_second"", ""max_uid_euid_delta"", ""auid_euid_mismatch""],
  ""agrees_with"": ""cnn""
}"
14628,4,0,benign,0,1,0.5382307767868042,0.9489884972572328,xgb_benign_cnn_malicious,MALICIOUS,1,0.92,cnn,ok,"[""Privilege state: max_uid_euid_delta is high (p99+) and auid_euid_mismatch is set -- a real identity inconsistency and privilege transition."", ""Mechanism: is_suid_exec is set and a shell was spawned from a service context with priv_op_count elevated -- a classic setuid-shell escalation."", ""Behavioural anomaly: parent_child_rarity is near 1 (essentially never seen in benign activity) and events_per_second is extremely high (p93) -- an unusual syscall throughput."", ""Benign-explanation test: very short lifetime (p36) and low throughput argue against a routine admin script, cron job, or health-check."", ""Decide: the escalation mechanism, sensitive-path access, and unusual syscall throughput outweigh XGBoost's benign call; this supports the CNN.""]","[""parent_child_rarity"", ""lifetime_seconds"", ""events_per_second"", ""max_uid_euid_delta"", ""auid_euid_mismatch""]","{
  ""verdict"": ""MALICIOUS"",
  ""confidence"": 0.92,
  ""rationale_steps"": [
    ""Privilege state: max_uid_euid_delta is high (p99+) and auid_euid_mismatch is set -- a real identity inconsistency and privilege transition."",
    ""Mechanism: is_suid_exec is set and a shell was spawned from a service context with priv_op_count elevated -- a classic setuid-shell escalation."",
    ""Behavioural anomaly: parent_child_rarity is near 1 (essentially never seen in benign activity) and events_per_second is extremely high (p93) -- an unusual syscall throughput."",
    ""Benign-explanation test: very short lifetime (p36) and low throughput argue against a routine admin script, cron job, or health-check."",
    ""Decide: the escalation mechanism, sensitive-path access, and unusual syscall throughput outweigh XGBoost's benign call; this supports the CNN.""
  ],
  ""key_features"": [""parent_child_rarity"", ""lifetime_seconds"", ""events_per_second"", ""max_uid_euid_delta"", ""auid_euid_mismatch""],
  ""agrees_with"": ""cnn""
}"
14630,4,0,benign,0,1,0.4626511931419372,0.7419862747192383,xgb_benign_cnn_malicious,MALICIOUS,1,0.83,cnn,ok,"[""Privilege state: max_uid_euid_delta is high (p98) and auid_euid_mismatch is set -- a real identity inconsistency and privilege transition."", ""Mechanism: is_suid_exec is not set, but exec_count is high (p73) and a shell was spawned from a service context with priv_op_count elevated -- a suspicious escalation attempt."", ""Behavioural anomaly: failed_call_rate is high (p98), failed_call_count is high (p98), and parent_child_rarity is near 1 -- an exec pair essentially never seen in benign activity."", ""Benign-explanation test: very high throughput (p98) and short lifetime (p42) argue against a routine admin script, cron job, or health-check."", ""Decide: the escalation mechanism and behavioural anomalies outweigh XGBoost's benign call; this supports the CNN.""]","[""events_per_second"", ""seq_length"", ""auid_euid_mismatch"", ""failed_call_rate"", ""failed_call_count""]","{
  ""verdict"": ""MALICIOUS"",
  ""confidence"": 0.83,
  ""rationale_steps"": [
    ""Privilege state: max_uid_euid_delta is high (p98) and auid_euid_mismatch is set -- a real identity inconsistency and privilege transition."",
    ""Mechanism: is_suid_exec is not set, but exec_count is high (p73) and a shell was spawned from a service context with priv_op_count elevated -- a suspicious escalation attempt."",
    ""Behavioural anomaly: failed_call_rate is high (p98), failed_call_count is high (p98), and parent_child_rarity is near 1 -- an exec pair essentially never seen in benign activity."",
    ""Benign-explanation test: very high throughput (p98) and short lifetime (p42) argue against a routine admin script, cron job, or health-check."",
    ""Decide: the escalation mechanism and behavioural anomalies outweigh XGBoost's benign call; this supports the CNN.""
  ],
  ""key_features"": [""events_per_second"", ""seq_length"", ""auid_euid_mismatch"", ""failed_call_rate"", ""failed_call_count""],
  ""agrees_with"": ""cnn""
}"
14696,4,0,benign,0,1,0.4626511931419372,0.7419862747192383,xgb_benign_cnn_malicious,MALICIOUS,1,0.83,cnn,ok,"[""Privilege state: auid_euid_mismatch is set, indicating an identity inconsistency, but max_uid_euid_delta is low, suggesting no genuine UID/EUID transition."", ""Mechanism: is_suid_exec is not set, but exec_count is elevated, which could indicate an unusual exec chain."", ""Behavioural anomaly: failed_call_rate and failed_call_count are both high, indicating a high rate of failed syscalls, and parent_child_rarity is near 1, indicating a rare parent->child exec pair."", ""Benign-explanation test: the short lifetime and high throughput do not strongly suggest a routine admin script, cron job, or health-check."", ""Decide: the combination of failed_call_rate, failed_call_count, and parent_child_rarity outweighs XGBoost's benign call, supporting CNN's flag on this one feature.""]","[""events_per_second"", ""seq_length"", ""auid_euid_mismatch"", ""failed_call_rate"", ""failed_call_count""]","{
  ""verdict"": ""MALICIOUS"",
  ""confidence"": 0.83,
  ""rationale_steps"": [
    ""Privilege state: auid_euid_mismatch is set, indicating an identity inconsistency, but max_uid_euid_delta is low, suggesting no genuine UID/EUID transition."",
    ""Mechanism: is_suid_exec is not set, but exec_count is elevated, which could indicate an unusual exec chain."",
    ""Behavioural anomaly: failed_call_rate and failed_call_count are both high, indicating a high rate of failed syscalls, and parent_child_rarity is near 1, indicating a rare parent->child exec pair."",
    ""Benign-explanation test: the short lifetime and high throughput do not strongly suggest a routine admin script, cron job, or health-check."",
    ""Decide: the combination of failed_call_rate, failed_call_count, and parent_child_rarity outweighs XGBoost's benign call, supporting CNN's flag on this one feature.""
  ],
  ""key_features"": [""events_per_second"", ""seq_length"", ""auid_euid_mismatch"", ""failed_call_rate"", ""failed_call_count""],
  ""agrees_with"": ""cnn""
}"
15040,3,0,benign,0,1,0.6923177242279053,0.9917534589767456,xgb_benign_cnn_malicious,MALICIOUS,1,0.92,cnn,ok,"[""Privilege state: max_uid_euid_delta is high (p98) and auid_euid_mismatch is set -- a real identity inconsistency and privilege transition."", ""Mechanism: is_suid_exec is set and a shell was spawned from a service context with priv_op_count elevated -- a classic setuid-shell escalation."", ""Behavioural anomaly: parent_child_rarity is near 1 (essentially never seen in benign activity) and unique_syscalls is high (p98) -- an exec pair and syscall types essentially never seen in benign activity."", ""Benign-explanation test: very short lifetime (p42) and high throughput argue against a routine admin script, cron job, or health-check."", ""Decide: the escalation mechanism, sensitive-path access, and behavioural anomalies outweigh XGBoost's benign call; this supports the CNN.""]","[""unique_syscalls"", ""exec_count"", ""parent_child_rarity"", ""seq_length"", ""lifetime_seconds""]","{
  ""verdict"": ""MALICIOUS"",
  ""confidence"": 0.92,
  ""rationale_steps"": [
    ""Privilege state: max_uid_euid_delta is high (p98) and auid_euid_mismatch is set -- a real identity inconsistency and privilege transition."",
    ""Mechanism: is_suid_exec is set and a shell was spawned from a service context with priv_op_count elevated -- a classic setuid-shell escalation."",
    ""Behavioural anomaly: parent_child_rarity is near 1 (essentially never seen in benign activity) and unique_syscalls is high (p98) -- an exec pair and syscall types essentially never seen in benign activity."",
    ""Benign-explanation test: very short lifetime (p42) and high throughput argue against a routine admin script, cron job, or health-check."",
    ""Decide: the escalation mechanism, sensitive-path access, and behavioural anomalies outweigh XGBoost's benign call; this supports the CNN.""
  ],
  ""key_features"": [""unique_syscalls"", ""exec_count"", ""parent_child_rarity"", ""seq_length"", ""lifetime_seconds""],
  ""agrees_with"": ""cnn""
}"
15293,4,1,T1078_Valid_Accounts,0,1,0.3759605586528778,0.8749561309814453,xgb_benign_cnn_malicious,MALICIOUS,1,0.92,cnn,ok,"[""Privilege state: max_uid_euid_delta is high (p99+) and auid_euid_mismatch is set -- a real identity inconsistency and privilege transition."", ""Mechanism: is_suid_exec is set and a shell was spawned from a service context with priv_op_count elevated -- a classic setuid-shell escalation."", ""Behavioural anomaly: parent_child_rarity is near 1 (essentially never seen in benign activity) and network_count is 0 -- an exec pair and network activity profile of a novel attack chain."", ""Benign-explanation test: very short lifetime (p88) and high-throughput execution from a service context is inconsistent with a routine health-check or monitoring script."", ""Decide: the escalation mechanism and sensitive-path access outweigh XGBoost's benign call; this supports the CNN.""]","[""is_suid_exec"", ""shell_from_service"", ""parent_child_rarity"", ""max_uid_euid_delta"", ""auid_euid_mismatch""]","{
  ""verdict"": ""MALICIOUS"",
  ""confidence"": 0.92,
  ""rationale_steps"": [
    ""Privilege state: max_uid_euid_delta is high (p99+) and auid_euid_mismatch is set -- a real identity inconsistency and privilege transition."",
    ""Mechanism: is_suid_exec is set and a shell was spawned from a service context with priv_op_count elevated -- a classic setuid-shell escalation."",
    ""Behavioural anomaly: parent_child_rarity is near 1 (essentially never seen in benign activity) and network_count is 0 -- an exec pair and network activity profile of a novel attack chain."",
    ""Benign-explanation test: very short lifetime (p88) and high-throughput execution from a service context is inconsistent with a routine health-check or monitoring script."",
    ""Decide: the escalation mechanism and sensitive-path access outweigh XGBoost's benign call; this supports the CNN.""
  ],
  ""key_features"": [""is_suid_exec"", ""shell_from_service"", ""parent_child_rarity"", ""max_uid_euid_delta"", ""auid_euid_mismatch""],
  ""agrees_with"": ""cnn""
}"
15443,4,0,benign,0,1,0.4626511931419372,0.7419862747192383,xgb_benign_cnn_malicious,MALICIOUS,1,0.83,cnn,ok,"[""Privilege state: max_uid_euid_delta is high (p98) and auid_euid_mismatch is set -- a real identity inconsistency and privilege transition."", ""Mechanism: is_suid_exec is not set, but exec_count is high (p73) and a shell was spawned from a service context with priv_op_count elevated -- a suspicious escalation attempt."", ""Behavioural anomaly: failed_call_rate is high (p98), failed_call_count is high (p98), and parent_child_rarity is near 1 -- an exec pair essentially never seen in benign activity."", ""Benign-explanation test: very high throughput (p98) and short lifetime (p42) argue against a routine admin script, cron job, or health-check."", ""Decide: the escalation mechanism and behavioural anomalies outweigh XGBoost's benign call; this supports the CNN.""]","[""events_per_second"", ""seq_length"", ""auid_euid_mismatch"", ""failed_call_rate"", ""failed_call_count""]","{
  ""verdict"": ""MALICIOUS"",
  ""confidence"": 0.83,
  ""rationale_steps"": [
    ""Privilege state: max_uid_euid_delta is high (p98) and auid_euid_mismatch is set -- a real identity inconsistency and privilege transition."",
    ""Mechanism: is_suid_exec is not set, but exec_count is high (p73) and a shell was spawned from a service context with priv_op_count elevated -- a suspicious escalation attempt."",
    ""Behavioural anomaly: failed_call_rate is high (p98), failed_call_count is high (p98), and parent_child_rarity is near 1 -- an exec pair essentially never seen in benign activity."",
    ""Benign-explanation test: very high throughput (p98) and short lifetime (p42) argue against a routine admin script, cron job, or health-check."",
    ""Decide: the escalation mechanism and behavioural anomalies outweigh XGBoost's benign call; this supports the CNN.""
  ],
  ""key_features"": [""events_per_second"", ""seq_length"", ""auid_euid_mismatch"", ""failed_call_rate"", ""failed_call_count""],
  ""agrees_with"": ""cnn""
}"
15545,4,1,T1078_Valid_Accounts,0,1,0.5382307767868042,0.9489884972572328,xgb_benign_cnn_malicious,MALICIOUS,1,0.92,cnn,ok,"[""Privilege state: max_uid_euid_delta is high (p99+) and auid_euid_mismatch is set -- a real identity inconsistency and privilege transition."", ""Mechanism: is_suid_exec is set and a shell was spawned from a service context with priv_op_count elevated -- a classic setuid-shell escalation."", ""Behavioural anomaly: parent_child_rarity is near 1 (essentially never seen in benign activity) and events_per_second is extremely high (p93) -- an unusual syscall throughput."", ""Benign-explanation test: very short lifetime (p36) and low throughput argue against a routine admin script, cron job, or health-check."", ""Decide: the escalation mechanism, sensitive-path access, and unusual syscall throughput outweigh XGBoost's benign call; this supports the CNN.""]","[""parent_child_rarity"", ""lifetime_seconds"", ""events_per_second"", ""max_uid_euid_delta"", ""auid_euid_mismatch""]","{
  ""verdict"": ""MALICIOUS"",
  ""confidence"": 0.92,
  ""rationale_steps"": [
    ""Privilege state: max_uid_euid_delta is high (p99+) and auid_euid_mismatch is set -- a real identity inconsistency and privilege transition."",
    ""Mechanism: is_suid_exec is set and a shell was spawned from a service context with priv_op_count elevated -- a classic setuid-shell escalation."",
    ""Behavioural anomaly: parent_child_rarity is near 1 (essentially never seen in benign activity) and events_per_second is extremely high (p93) -- an unusual syscall throughput."",
    ""Benign-explanation test: very short lifetime (p36) and low throughput argue against a routine admin script, cron job, or health-check."",
    ""Decide: the escalation mechanism, sensitive-path access, and unusual syscall throughput outweigh XGBoost's benign call; this supports the CNN.""
  ],
  ""key_features"": [""parent_child_rarity"", ""lifetime_seconds"", ""events_per_second"", ""max_uid_euid_delta"", ""auid_euid_mismatch""],
  ""agrees_with"": ""cnn""
}"
15905,4,0,benign,0,1,0.4626511931419372,0.7419862747192383,xgb_benign_cnn_malicious,MALICIOUS,1,0.83,cnn,ok,"[""Privilege state: max_uid_euid_delta is high (p98) and auid_euid_mismatch is set -- a real identity inconsistency and privilege transition."", ""Mechanism: is_suid_exec is not set, but exec_count is high (p73) and a shell was spawned from a service context with priv_op_count elevated -- a suspicious escalation attempt."", ""Behavioural anomaly: failed_call_rate is high (p98), failed_call_count is high (p98), and parent_child_rarity is near 1 -- an exec pair essentially never seen in benign activity."", ""Benign-explanation test: very high throughput (p98) and short lifetime (p42) argue against a routine admin script, cron job, or health-check."", ""Decide: the escalation mechanism and behavioural anomalies outweigh XGBoost's benign call; this supports the CNN.""]","[""events_per_second"", ""seq_length"", ""auid_euid_mismatch"", ""failed_call_rate"", ""failed_call_count""]","{
  ""verdict"": ""MALICIOUS"",
  ""confidence"": 0.83,
  ""rationale_steps"": [
    ""Privilege state: max_uid_euid_delta is high (p98) and auid_euid_mismatch is set -- a real identity inconsistency and privilege transition."",
    ""Mechanism: is_suid_exec is not set, but exec_count is high (p73) and a shell was spawned from a service context with priv_op_count elevated -- a suspicious escalation attempt."",
    ""Behavioural anomaly: failed_call_rate is high (p98), failed_call_count is high (p98), and parent_child_rarity is near 1 -- an exec pair essentially never seen in benign activity."",
    ""Benign-explanation test: very high throughput (p98) and short lifetime (p42) argue against a routine admin script, cron job, or health-check."",
    ""Decide: the escalation mechanism and behavioural anomalies outweigh XGBoost's benign call; this supports the CNN.""
  ],
  ""key_features"": [""events_per_second"", ""seq_length"", ""auid_euid_mismatch"", ""failed_call_rate"", ""failed_call_count""],
  ""agrees_with"": ""cnn""
}"
16131,4,0,benign,0,1,0.3245709240436554,0.9654507040977478,xgb_benign_cnn_malicious,MALICIOUS,1,0.92,cnn,ok,"[""Privilege state: max_uid_euid_delta is high (p99+) and auid_euid_mismatch is set -- a real identity inconsistency and privilege transition."", ""Mechanism: is_suid_exec is set and a shell was spawned from a service context with priv_op_count elevated -- a classic setuid-shell escalation."", ""Behavioural anomaly: parent_child_rarity is near 1 (essentially never seen in benign activity) and events_per_second is extremely high (p93) -- an unusual and potentially malicious process."", ""Benign-explanation test: very short lifetime (p36) and low throughput argue against a routine admin script, cron job, or health-check."", ""Decide: the escalation mechanism, sensitive-path access, and unusual behavioural features outweigh XGBoost's benign call; this supports the CNN.""]","[""parent_child_rarity"", ""lifetime_seconds"", ""events_per_second"", ""max_uid_euid_delta"", ""auid_euid_mismatch""]","{
  ""verdict"": ""MALICIOUS"",
  ""confidence"": 0.92,
  ""rationale_steps"": [
    ""Privilege state: max_uid_euid_delta is high (p99+) and auid_euid_mismatch is set -- a real identity inconsistency and privilege transition."",
    ""Mechanism: is_suid_exec is set and a shell was spawned from a service context with priv_op_count elevated -- a classic setuid-shell escalation."",
    ""Behavioural anomaly: parent_child_rarity is near 1 (essentially never seen in benign activity) and events_per_second is extremely high (p93) -- an unusual and potentially malicious process."",
    ""Benign-explanation test: very short lifetime (p36) and low throughput argue against a routine admin script, cron job, or health-check."",
    ""Decide: the escalation mechanism, sensitive-path access, and unusual behavioural features outweigh XGBoost's benign call; this supports the CNN.""
  ],
  ""key_features"": [""parent_child_rarity"", ""lifetime_seconds"", ""events_per_second"", ""max_uid_euid_delta"", ""auid_euid_mismatch""],
  ""agrees_with"": ""cnn""
}"
16250,3,1,T1078_Valid_Accounts,0,1,0.6923177242279053,0.9917534589767456,xgb_benign_cnn_malicious,MALICIOUS,1,0.92,cnn,ok,"[""Privilege state: max_uid_euid_delta is high (p98) and auid_euid_mismatch is set -- a real identity inconsistency and privilege transition."", ""Mechanism: is_suid_exec is set and a shell was spawned from a service context with priv_op_count elevated -- a classic setuid-shell escalation."", ""Behavioural anomaly: parent_child_rarity is near 1 (essentially never seen in benign activity) and unique_syscalls is high (p98) -- an exec pair and syscall types essentially never seen in benign activity."", ""Benign-explanation test: very short lifetime (p42) and high throughput argue against a routine admin script, cron job, or health-check."", ""Decide: the escalation mechanism, sensitive-path access, and behavioural anomalies outweigh XGBoost's benign call; this supports the CNN.""]","[""unique_syscalls"", ""exec_count"", ""parent_child_rarity"", ""seq_length"", ""lifetime_seconds""]","{
  ""verdict"": ""MALICIOUS"",
  ""confidence"": 0.92,
  ""rationale_steps"": [
    ""Privilege state: max_uid_euid_delta is high (p98) and auid_euid_mismatch is set -- a real identity inconsistency and privilege transition."",
    ""Mechanism: is_suid_exec is set and a shell was spawned from a service context with priv_op_count elevated -- a classic setuid-shell escalation."",
    ""Behavioural anomaly: parent_child_rarity is near 1 (essentially never seen in benign activity) and unique_syscalls is high (p98) -- an exec pair and syscall types essentially never seen in benign activity."",
    ""Benign-explanation test: very short lifetime (p42) and high throughput argue against a routine admin script, cron job, or health-check."",
    ""Decide: the escalation mechanism, sensitive-path access, and behavioural anomalies outweigh XGBoost's benign call; this supports the CNN.""
  ],
  ""key_features"": [""unique_syscalls"", ""exec_count"", ""parent_child_rarity"", ""seq_length"", ""lifetime_seconds""],
  ""agrees_with"": ""cnn""
}"
16582,4,1,T1078_Valid_Accounts,0,1,0.612684965133667,0.7579640746116638,xgb_benign_cnn_malicious,MALICIOUS,1,0.83,cnn,ok,"[""Privilege state: auid_euid_mismatch is set, indicating an identity inconsistency, but max_uid_euid_delta is low, suggesting no genuine UID/EUID transition."", ""Mechanism: is_suid_exec is not set, but exec_count is high, indicating a potential escalation attempt."", ""Behavioural anomaly: events_per_second is extremely high, indicating a potential attack, and parent_child_rarity is near 1, indicating a rare exec pair."", ""Benign-explanation test: the short lifetime and high throughput make it unlikely to be a routine admin script, cron job, or health-check."", ""Decide: the high syscall throughput and rare exec pair outweigh XGBoost's benign call; this supports the CNN.""]","[""events_per_second"", ""seq_length"", ""auid_euid_mismatch"", ""failed_call_count"", ""exec_count""]","{
  ""verdict"": ""MALICIOUS"",
  ""confidence"": 0.83,
  ""rationale_steps"": [
    ""Privilege state: auid_euid_mismatch is set, indicating an identity inconsistency, but max_uid_euid_delta is low, suggesting no genuine UID/EUID transition."",
    ""Mechanism: is_suid_exec is not set, but exec_count is high, indicating a potential escalation attempt."",
    ""Behavioural anomaly: events_per_second is extremely high, indicating a potential attack, and parent_child_rarity is near 1, indicating a rare exec pair."",
    ""Benign-explanation test: the short lifetime and high throughput make it unlikely to be a routine admin script, cron job, or health-check."",
    ""Decide: the high syscall throughput and rare exec pair outweigh XGBoost's benign call; this supports the CNN.""
  ],
  ""key_features"": [""events_per_second"", ""seq_length"", ""auid_euid_mismatch"", ""failed_call_count"", ""exec_count""],
  ""agrees_with"": ""cnn""
}"
16618,4,0,benign,0,1,0.4626511931419372,0.7419862747192383,xgb_benign_cnn_malicious,MALICIOUS,1,0.83,cnn,ok,"[""Privilege state: max_uid_euid_delta is high (p98) and auid_euid_mismatch is set -- a real identity inconsistency and privilege transition."", ""Mechanism: is_suid_exec is not set, but exec_count is high (p73) and a shell was spawned from a service context with priv_op_count elevated -- a suspicious escalation attempt."", ""Behavioural anomaly: failed_call_rate is high (p98), failed_call_count is high (p98), and parent_child_rarity is near 1 -- an exec pair essentially never seen in benign activity."", ""Benign-explanation test: very high throughput (p98) and short lifetime (p42) argue against a routine admin script, cron job, or health-check."", ""Decide: the escalation mechanism and behavioural anomalies outweigh XGBoost's benign call; this supports the CNN.""]","[""events_per_second"", ""seq_length"", ""auid_euid_mismatch"", ""failed_call_rate"", ""failed_call_count""]","{
  ""verdict"": ""MALICIOUS"",
  ""confidence"": 0.83,
  ""rationale_steps"": [
    ""Privilege state: max_uid_euid_delta is high (p98) and auid_euid_mismatch is set -- a real identity inconsistency and privilege transition."",
    ""Mechanism: is_suid_exec is not set, but exec_count is high (p73) and a shell was spawned from a service context with priv_op_count elevated -- a suspicious escalation attempt."",
    ""Behavioural anomaly: failed_call_rate is high (p98), failed_call_count is high (p98), and parent_child_rarity is near 1 -- an exec pair essentially never seen in benign activity."",
    ""Benign-explanation test: very high throughput (p98) and short lifetime (p42) argue against a routine admin script, cron job, or health-check."",
    ""Decide: the escalation mechanism and behavioural anomalies outweigh XGBoost's benign call; this supports the CNN.""
  ],
  ""key_features"": [""events_per_second"", ""seq_length"", ""auid_euid_mismatch"", ""failed_call_rate"", ""failed_call_count""],
  ""agrees_with"": ""cnn""
}"
16677,4,0,benign,0,1,0.4626511931419372,0.7419862747192383,xgb_benign_cnn_malicious,MALICIOUS,1,0.83,cnn,ok,"[""Privilege state: auid_euid_mismatch is set, indicating an identity inconsistency, but max_uid_euid_delta is low, suggesting no genuine UID/EUID transition."", ""Mechanism: is_suid_exec is not set, but exec_count is elevated, which could indicate an unusual exec chain."", ""Behavioural anomaly: failed_call_rate and failed_call_count are both high, indicating a high rate of failed syscalls, and parent_child_rarity is near 1, indicating a rare parent->child exec pair."", ""Benign-explanation test: the short lifetime and high throughput do not strongly suggest a routine admin script, cron job, or health-check."", ""Decide: the combination of failed_call_rate, failed_call_count, and parent_child_rarity outweighs XGBoost's benign call, supporting CNN's flag on this one feature.""]","[""events_per_second"", ""seq_length"", ""auid_euid_mismatch"", ""failed_call_rate"", ""failed_call_count""]","{
  ""verdict"": ""MALICIOUS"",
  ""confidence"": 0.83,
  ""rationale_steps"": [
    ""Privilege state: auid_euid_mismatch is set, indicating an identity inconsistency, but max_uid_euid_delta is low, suggesting no genuine UID/EUID transition."",
    ""Mechanism: is_suid_exec is not set, but exec_count is elevated, which could indicate an unusual exec chain."",
    ""Behavioural anomaly: failed_call_rate and failed_call_count are both high, indicating a high rate of failed syscalls, and parent_child_rarity is near 1, indicating a rare parent->child exec pair."",
    ""Benign-explanation test: the short lifetime and high throughput do not strongly suggest a routine admin script, cron job, or health-check."",
    ""Decide: the combination of failed_call_rate, failed_call_count, and parent_child_rarity outweighs XGBoost's benign call, supporting CNN's flag on this one feature.""
  ],
  ""key_features"": [""events_per_second"", ""seq_length"", ""auid_euid_mismatch"", ""failed_call_rate"", ""failed_call_count""],
  ""agrees_with"": ""cnn""
}"
16794,3,0,benign,0,1,0.6923177242279053,0.9917534589767456,xgb_benign_cnn_malicious,MALICIOUS,1,0.92,cnn,ok,"[""Privilege state: max_uid_euid_delta is high (p98) and auid_euid_mismatch is set -- a real identity inconsistency and privilege transition."", ""Mechanism: is_suid_exec is set and a shell was spawned from a service context with priv_op_count elevated -- a classic setuid-shell escalation."", ""Behavioural anomaly: parent_child_rarity is near 1 (essentially never seen in benign activity) and unique_syscalls is high (p98) -- an exec pair and syscall types essentially never seen in benign activity."", ""Benign-explanation test: very short lifetime (p42) and high throughput argue against a routine admin script, cron job, or health-check."", ""Decide: the escalation mechanism, sensitive-path access, and behavioural anomalies outweigh XGBoost's benign call; this supports the CNN.""]","[""unique_syscalls"", ""exec_count"", ""parent_child_rarity"", ""seq_length"", ""lifetime_seconds""]","{
  ""verdict"": ""MALICIOUS"",
  ""confidence"": 0.92,
  ""rationale_steps"": [
    ""Privilege state: max_uid_euid_delta is high (p98) and auid_euid_mismatch is set -- a real identity inconsistency and privilege transition."",
    ""Mechanism: is_suid_exec is set and a shell was spawned from a service context with priv_op_count elevated -- a classic setuid-shell escalation."",
    ""Behavioural anomaly: parent_child_rarity is near 1 (essentially never seen in benign activity) and unique_syscalls is high (p98) -- an exec pair and syscall types essentially never seen in benign activity."",
    ""Benign-explanation test: very short lifetime (p42) and high throughput argue against a routine admin script, cron job, or health-check."",
    ""Decide: the escalation mechanism, sensitive-path access, and behavioural anomalies outweigh XGBoost's benign call; this supports the CNN.""
  ],
  ""key_features"": [""unique_syscalls"", ""exec_count"", ""parent_child_rarity"", ""seq_length"", ""lifetime_seconds""],
  ""agrees_with"": ""cnn""
}"
16889,4,1,T1078_Valid_Accounts,0,1,0.5382307767868042,0.9489884972572328,xgb_benign_cnn_malicious,MALICIOUS,1,0.92,cnn,ok,"[""Privilege state: max_uid_euid_delta is high (p99+) and auid_euid_mismatch is set -- a real identity inconsistency and privilege transition."", ""Mechanism: is_suid_exec is set and a shell was spawned from a service context with priv_op_count elevated -- a classic setuid-shell escalation."", ""Behavioural anomaly: parent_child_rarity is near 1 (essentially never seen in benign activity) and events_per_second is extremely high (p93) -- an unusual syscall throughput."", ""Benign-explanation test: very short lifetime (p36) and low throughput argue against a routine admin script, cron job, or health-check."", ""Decide: the escalation mechanism, sensitive-path access, and unusual syscall throughput outweigh XGBoost's benign call; this supports the CNN.""]","[""parent_child_rarity"", ""lifetime_seconds"", ""events_per_second"", ""max_uid_euid_delta"", ""auid_euid_mismatch""]","{
  ""verdict"": ""MALICIOUS"",
  ""confidence"": 0.92,
  ""rationale_steps"": [
    ""Privilege state: max_uid_euid_delta is high (p99+) and auid_euid_mismatch is set -- a real identity inconsistency and privilege transition."",
    ""Mechanism: is_suid_exec is set and a shell was spawned from a service context with priv_op_count elevated -- a classic setuid-shell escalation."",
    ""Behavioural anomaly: parent_child_rarity is near 1 (essentially never seen in benign activity) and events_per_second is extremely high (p93) -- an unusual syscall throughput."",
    ""Benign-explanation test: very short lifetime (p36) and low throughput argue against a routine admin script, cron job, or health-check."",
    ""Decide: the escalation mechanism, sensitive-path access, and unusual syscall throughput outweigh XGBoost's benign call; this supports the CNN.""
  ],
  ""key_features"": [""parent_child_rarity"", ""lifetime_seconds"", ""events_per_second"", ""max_uid_euid_delta"", ""auid_euid_mismatch""],
  ""agrees_with"": ""cnn""
}"
17150,4,0,benign,0,1,0.612684965133667,0.7579640746116638,xgb_benign_cnn_malicious,MALICIOUS,1,0.83,cnn,ok,"[""Privilege state: auid_euid_mismatch is set, indicating an identity inconsistency, but max_uid_euid_delta is low, suggesting no genuine UID/EUID transition."", ""Mechanism: is_suid_exec is not set, but exec_count is high, indicating a potential escalation attempt."", ""Behavioural anomaly: events_per_second is extremely high, indicating a potential attack, and parent_child_rarity is near 1, indicating a rare exec pair."", ""Benign-explanation test: the short lifetime and high throughput make it unlikely to be a routine admin script, cron job, or health-check."", ""Decide: the high syscall throughput and rare exec pair outweigh XGBoost's benign call; this supports the CNN.""]","[""events_per_second"", ""seq_length"", ""auid_euid_mismatch"", ""failed_call_count"", ""exec_count""]","{
  ""verdict"": ""MALICIOUS"",
  ""confidence"": 0.83,
  ""rationale_steps"": [
    ""Privilege state: auid_euid_mismatch is set, indicating an identity inconsistency, but max_uid_euid_delta is low, suggesting no genuine UID/EUID transition."",
    ""Mechanism: is_suid_exec is not set, but exec_count is high, indicating a potential escalation attempt."",
    ""Behavioural anomaly: events_per_second is extremely high, indicating a potential attack, and parent_child_rarity is near 1, indicating a rare exec pair."",
    ""Benign-explanation test: the short lifetime and high throughput make it unlikely to be a routine admin script, cron job, or health-check."",
    ""Decide: the high syscall throughput and rare exec pair outweigh XGBoost's benign call; this supports the CNN.""
  ],
  ""key_features"": [""events_per_second"", ""seq_length"", ""auid_euid_mismatch"", ""failed_call_count"", ""exec_count""],
  ""agrees_with"": ""cnn""
}"
17241,3,1,T1078_Valid_Accounts,0,1,0.6923177242279053,0.9917534589767456,xgb_benign_cnn_malicious,MALICIOUS,1,0.92,cnn,ok,"[""Privilege state: max_uid_euid_delta is high (p98) and auid_euid_mismatch is set -- a real identity inconsistency and privilege transition."", ""Mechanism: is_suid_exec is set and a shell was spawned from a service context with priv_op_count elevated -- a classic setuid-shell escalation."", ""Behavioural anomaly: parent_child_rarity is near 1 (essentially never seen in benign activity) and unique_syscalls is high (p98) -- an exec pair and syscall types essentially never seen in benign activity."", ""Benign-explanation test: very short lifetime (p42) and high throughput argue against a routine admin script, cron job, or health-check."", ""Decide: the escalation mechanism, sensitive-path access, and behavioural anomalies outweigh XGBoost's benign call; this supports the CNN.""]","[""unique_syscalls"", ""exec_count"", ""parent_child_rarity"", ""seq_length"", ""lifetime_seconds""]","{
  ""verdict"": ""MALICIOUS"",
  ""confidence"": 0.92,
  ""rationale_steps"": [
    ""Privilege state: max_uid_euid_delta is high (p98) and auid_euid_mismatch is set -- a real identity inconsistency and privilege transition."",
    ""Mechanism: is_suid_exec is set and a shell was spawned from a service context with priv_op_count elevated -- a classic setuid-shell escalation."",
    ""Behavioural anomaly: parent_child_rarity is near 1 (essentially never seen in benign activity) and unique_syscalls is high (p98) -- an exec pair and syscall types essentially never seen in benign activity."",
    ""Benign-explanation test: very short lifetime (p42) and high throughput argue against a routine admin script, cron job, or health-check."",
    ""Decide: the escalation mechanism, sensitive-path access, and behavioural anomalies outweigh XGBoost's benign call; this supports the CNN.""
  ],
  ""key_features"": [""unique_syscalls"", ""exec_count"", ""parent_child_rarity"", ""seq_length"", ""lifetime_seconds""],
  ""agrees_with"": ""cnn""
}"
17525,1,0,benign,0,1,0.6150367259979248,0.9260253310203552,xgb_benign_cnn_malicious,MALICIOUS,1,0.93,cnn,ok,"[""Privilege state: auid_euid_mismatch is set, indicating an identity inconsistency, and max_uid_euid_delta is high, suggesting a privilege transition."", ""Mechanism: is_suid_exec is set, indicating a setuid/setgid binary was executed, and shell_from_service is set, suggesting a shell was spawned from a service context."", ""Behavioural anomaly: failed_call_rate is high, indicating a high rate of failed syscalls, and parent_child_rarity is near 1, indicating an exec pair essentially never seen in benign activity."", ""Benign-explanation test: the short lifetime and high throughput argue against a routine admin script, cron job, or health-check."", ""Decide: the escalation mechanism, sensitive-path access, and behavioural anomalies outweigh XGBoost's benign call; this supports the CNN.""]","[""failed_call_rate"", ""seq_length"", ""unique_syscalls"", ""failed_call_count"", ""lifetime_seconds""]","{
  ""verdict"": ""MALICIOUS"",
  ""confidence"": 0.93,
  ""rationale_steps"": [
    ""Privilege state: auid_euid_mismatch is set, indicating an identity inconsistency, and max_uid_euid_delta is high, suggesting a privilege transition."",
    ""Mechanism: is_suid_exec is set, indicating a setuid/setgid binary was executed, and shell_from_service is set, suggesting a shell was spawned from a service context."",
    ""Behavioural anomaly: failed_call_rate is high, indicating a high rate of failed syscalls, and parent_child_rarity is near 1, indicating an exec pair essentially never seen in benign activity."",
    ""Benign-explanation test: the short lifetime and high throughput argue against a routine admin script, cron job, or health-check."",
    ""Decide: the escalation mechanism, sensitive-path access, and behavioural anomalies outweigh XGBoost's benign call; this supports the CNN.""
  ],
  ""key_features"": [
    ""failed_call_rate"",
    ""seq_length"",
    ""unique_syscalls"",
    ""failed_call_count"",
    ""lifetime_seconds""
  ],
  ""agrees_with"": ""cnn""
}"
17708,1,0,benign,0,1,0.4763945043087005,0.9780054688453674,xgb_benign_cnn_malicious,MALICIOUS,1,0.92,cnn,ok,"[""Privilege state: auid_euid_mismatch is set, indicating an identity inconsistency, and max_uid_euid_delta is high, suggesting a privilege transition."", ""Mechanism: is_suid_exec is set, indicating a setuid/setgid binary was executed, and shell_from_service is set, suggesting a shell was spawned from a service context."", ""Behavioural anomaly: failed_call_rate is high, indicating a high rate of failed syscalls, and parent_child_rarity is near 1, indicating an exec pair essentially never seen in benign activity."", ""Benign-explanation test: the process has a very short lifetime and high throughput, making it unlikely to be a routine admin script, cron job, or health-check."", ""Decide: the combination of privilege transition, setuid/setgid execution, and behavioural anomalies outweighs XGBoost's benign call; this supports the CNN.""]","[""failed_call_rate"", ""seq_length"", ""failed_call_count"", ""exec_count"", ""auid_euid_mismatch""]","{
  ""verdict"": ""MALICIOUS"",
  ""confidence"": 0.92,
  ""rationale_steps"": [
    ""Privilege state: auid_euid_mismatch is set, indicating an identity inconsistency, and max_uid_euid_delta is high, suggesting a privilege transition."",
    ""Mechanism: is_suid_exec is set, indicating a setuid/setgid binary was executed, and shell_from_service is set, suggesting a shell was spawned from a service context."",
    ""Behavioural anomaly: failed_call_rate is high, indicating a high rate of failed syscalls, and parent_child_rarity is near 1, indicating an exec pair essentially never seen in benign activity."",
    ""Benign-explanation test: the process has a very short lifetime and high throughput, making it unlikely to be a routine admin script, cron job, or health-check."",
    ""Decide: the combination of privilege transition, setuid/setgid execution, and behavioural anomalies outweighs XGBoost's benign call; this supports the CNN.""
  ],
  ""key_features"": [""failed_call_rate"", ""seq_length"", ""failed_call_count"", ""exec_count"", ""auid_euid_mismatch""],
  ""agrees_with"": ""cnn""
}"
18013,4,0,benign,0,1,0.619727611541748,0.9672528505325316,xgb_benign_cnn_malicious,MALICIOUS,1,0.92,cnn,ok,"[""Privilege state: max_uid_euid_delta is high (p99+) and auid_euid_mismatch is set -- a real identity inconsistency and privilege transition."", ""Mechanism: is_suid_exec is set and a shell was spawned from a service context with priv_op_count elevated -- a classic setuid-shell escalation."", ""Behavioural anomaly: parent_child_rarity is near 1 (essentially never seen in benign activity) and events_per_second is extremely high (p94) -- an unusual and potentially malicious process."", ""Benign-explanation test: very short lifetime (p36) and low throughput argue against a routine admin script, cron job, or health-check."", ""Decide: the escalation mechanism, sensitive-path access, and unusual process behavior outweigh XGBoost's benign call; this supports the CNN.""]","[""parent_child_rarity"", ""lifetime_seconds"", ""events_per_second"", ""max_uid_euid_delta"", ""auid_euid_mismatch""]","{
  ""verdict"": ""MALICIOUS"",
  ""confidence"": 0.92,
  ""rationale_steps"": [
    ""Privilege state: max_uid_euid_delta is high (p99+) and auid_euid_mismatch is set -- a real identity inconsistency and privilege transition."",
    ""Mechanism: is_suid_exec is set and a shell was spawned from a service context with priv_op_count elevated -- a classic setuid-shell escalation."",
    ""Behavioural anomaly: parent_child_rarity is near 1 (essentially never seen in benign activity) and events_per_second is extremely high (p94) -- an unusual and potentially malicious process."",
    ""Benign-explanation test: very short lifetime (p36) and low throughput argue against a routine admin script, cron job, or health-check."",
    ""Decide: the escalation mechanism, sensitive-path access, and unusual process behavior outweigh XGBoost's benign call; this supports the CNN.""
  ],
  ""key_features"": [""parent_child_rarity"", ""lifetime_seconds"", ""events_per_second"", ""max_uid_euid_delta"", ""auid_euid_mismatch""],
  ""agrees_with"": ""cnn""
}"
18161,1,0,benign,0,1,0.4333839416503906,0.931560218334198,xgb_benign_cnn_malicious,MALICIOUS,1,0.93,cnn,ok,"[""Privilege state: auid_euid_mismatch is set, indicating an identity inconsistency, and max_uid_euid_delta is low, suggesting a privilege transition."", ""Mechanism: is_suid_exec is not set, but the exec_count is high, indicating a potential escalation attempt."", ""Behavioural anomaly: parent_child_rarity is near 1, indicating a rare exec pair, and the process has a short lifetime, suggesting a potential attack."", ""Benign-explanation test: the high syscall throughput and short lifetime argue against a routine admin script or health-check."", ""Decide: the evidence supports CNN's call, with auid_euid_mismatch and high exec_count indicating a potential escalation attempt.""]","[""events_per_second"", ""seq_length"", ""failed_call_count"", ""exec_count"", ""parent_child_rarity""]","{
  ""verdict"": ""MALICIOUS"",
  ""confidence"": 0.93,
  ""rationale_steps"": [
    ""Privilege state: auid_euid_mismatch is set, indicating an identity inconsistency, and max_uid_euid_delta is low, suggesting a privilege transition."",
    ""Mechanism: is_suid_exec is not set, but the exec_count is high, indicating a potential escalation attempt."",
    ""Behavioural anomaly: parent_child_rarity is near 1, indicating a rare exec pair, and the process has a short lifetime, suggesting a potential attack."",
    ""Benign-explanation test: the high syscall throughput and short lifetime argue against a routine admin script or health-check."",
    ""Decide: the evidence supports CNN's call, with auid_euid_mismatch and high exec_count indicating a potential escalation attempt.""
  ],
  ""key_features"": [""events_per_second"", ""seq_length"", ""failed_call_count"", ""exec_count"", ""parent_child_rarity""],
  ""agrees_with"": ""cnn""
}"
18448,2,1,T1078_Valid_Accounts,0,1,0.5467879176139832,0.9972876906394958,xgb_benign_cnn_malicious,MALICIOUS,1,0.92,cnn,ok,"[""Privilege state: max_uid_euid_delta is high (p99+) and auid_euid_mismatch is set -- a real identity inconsistency and privilege transition."", ""Mechanism: is_suid_exec is set and a shell was spawned from a service context with priv_op_count elevated -- a classic setuid-shell escalation."", ""Behavioural anomaly: file_access_count is high (p99+), unique_syscalls is high (p98), and failed_call_rate is low (p5) -- an unusual combination of activity."", ""Benign-explanation test: very short lifetime (p92) and high throughput argue against a routine admin script, cron job, or health-check."", ""Decide: the escalation mechanism, sensitive-path access, and unusual behavioural patterns outweigh XGBoost's benign call; this supports the CNN.""]","[""file_access_count"", ""unique_syscalls"", ""auid_euid_mismatch"", ""failed_call_rate"", ""events_per_second""]","{
  ""verdict"": ""MALICIOUS"",
  ""confidence"": 0.92,
  ""rationale_steps"": [
    ""Privilege state: max_uid_euid_delta is high (p99+) and auid_euid_mismatch is set -- a real identity inconsistency and privilege transition."",
    ""Mechanism: is_suid_exec is set and a shell was spawned from a service context with priv_op_count elevated -- a classic setuid-shell escalation."",
    ""Behavioural anomaly: file_access_count is high (p99+), unique_syscalls is high (p98), and failed_call_rate is low (p5) -- an unusual combination of activity."",
    ""Benign-explanation test: very short lifetime (p92) and high throughput argue against a routine admin script, cron job, or health-check."",
    ""Decide: the escalation mechanism, sensitive-path access, and unusual behavioural patterns outweigh XGBoost's benign call; this supports the CNN.""
  ],
  ""key_features"": [""file_access_count"", ""unique_syscalls"", ""auid_euid_mismatch"", ""failed_call_rate"", ""events_per_second""],
  ""agrees_with"": ""cnn""
}"
18904,3,0,benign,0,1,0.6923177242279053,0.9917534589767456,xgb_benign_cnn_malicious,MALICIOUS,1,0.92,cnn,ok,"[""Privilege state: max_uid_euid_delta is high (p98) and auid_euid_mismatch is set -- a real identity inconsistency and privilege transition."", ""Mechanism: is_suid_exec is set and a shell was spawned from a service context with priv_op_count elevated -- a classic setuid-shell escalation."", ""Behavioural anomaly: parent_child_rarity is near 1 (essentially never seen in benign activity) and unique_syscalls is high (p98) -- an exec pair and syscall types essentially never seen in benign activity."", ""Benign-explanation test: very short lifetime (p42) and high throughput argue against a routine admin script, cron job, or health-check."", ""Decide: the escalation mechanism, sensitive-path access, and behavioural anomalies outweigh XGBoost's benign call; this supports the CNN.""]","[""unique_syscalls"", ""exec_count"", ""parent_child_rarity"", ""seq_length"", ""lifetime_seconds""]","{
  ""verdict"": ""MALICIOUS"",
  ""confidence"": 0.92,
  ""rationale_steps"": [
    ""Privilege state: max_uid_euid_delta is high (p98) and auid_euid_mismatch is set -- a real identity inconsistency and privilege transition."",
    ""Mechanism: is_suid_exec is set and a shell was spawned from a service context with priv_op_count elevated -- a classic setuid-shell escalation."",
    ""Behavioural anomaly: parent_child_rarity is near 1 (essentially never seen in benign activity) and unique_syscalls is high (p98) -- an exec pair and syscall types essentially never seen in benign activity."",
    ""Benign-explanation test: very short lifetime (p42) and high throughput argue against a routine admin script, cron job, or health-check."",
    ""Decide: the escalation mechanism, sensitive-path access, and behavioural anomalies outweigh XGBoost's benign call; this supports the CNN.""
  ],
  ""key_features"": [""unique_syscalls"", ""exec_count"", ""parent_child_rarity"", ""seq_length"", ""lifetime_seconds""],
  ""agrees_with"": ""cnn""
}"
19012,3,0,benign,0,1,0.6923177242279053,0.9917534589767456,xgb_benign_cnn_malicious,MALICIOUS,1,0.92,cnn,ok,"[""Privilege state: max_uid_euid_delta is high (p98) and auid_euid_mismatch is set -- a real identity inconsistency and privilege transition."", ""Mechanism: is_suid_exec is set and a shell was spawned from a service context with priv_op_count elevated -- a classic setuid-shell escalation."", ""Behavioural anomaly: unique_syscalls is high (p98) and parent_child_rarity is near 1 -- an exec pair essentially never seen in benign activity."", ""Benign-explanation test: very high throughput (p56) and short lifetime (p42) argue against a routine admin script, cron job, or health-check."", ""Decide: the escalation mechanism, sensitive-path access, and behavioural anomalies outweigh XGBoost's benign call; this supports the CNN.""]","[""unique_syscalls"", ""exec_count"", ""parent_child_rarity"", ""max_uid_euid_delta"", ""auid_euid_mismatch""]","{
  ""verdict"": ""MALICIOUS"",
  ""confidence"": 0.92,
  ""rationale_steps"": [
    ""Privilege state: max_uid_euid_delta is high (p98) and auid_euid_mismatch is set -- a real identity inconsistency and privilege transition."",
    ""Mechanism: is_suid_exec is set and a shell was spawned from a service context with priv_op_count elevated -- a classic setuid-shell escalation."",
    ""Behavioural anomaly: unique_syscalls is high (p98) and parent_child_rarity is near 1 -- an exec pair essentially never seen in benign activity."",
    ""Benign-explanation test: very high throughput (p56) and short lifetime (p42) argue against a routine admin script, cron job, or health-check."",
    ""Decide: the escalation mechanism, sensitive-path access, and behavioural anomalies outweigh XGBoost's benign call; this supports the CNN.""
  ],
  ""key_features"": [""unique_syscalls"", ""exec_count"", ""parent_child_rarity"", ""max_uid_euid_delta"", ""auid_euid_mismatch""],
  ""agrees_with"": ""cnn""
}"
19060,4,0,benign,0,1,0.4626511931419372,0.7419862747192383,xgb_benign_cnn_malicious,MALICIOUS,1,0.83,cnn,ok,"[""Privilege state: max_uid_euid_delta is high (p98) and auid_euid_mismatch is set -- a real identity inconsistency and privilege transition."", ""Mechanism: is_suid_exec is not set, but exec_count is high (p73) and a shell was spawned from a service context with priv_op_count elevated -- a suspicious escalation attempt."", ""Behavioural anomaly: failed_call_rate is high (p98), failed_call_count is high (p98), and parent_child_rarity is near 1 -- an exec pair essentially never seen in benign activity."", ""Benign-explanation test: very high throughput (p98) and short lifetime (p42) argue against a routine admin script, cron job, or health-check."", ""Decide: the escalation mechanism and behavioural anomalies outweigh XGBoost's benign call; this supports the CNN.""]","[""events_per_second"", ""seq_length"", ""auid_euid_mismatch"", ""failed_call_rate"", ""failed_call_count""]","{
  ""verdict"": ""MALICIOUS"",
  ""confidence"": 0.83,
  ""rationale_steps"": [
    ""Privilege state: max_uid_euid_delta is high (p98) and auid_euid_mismatch is set -- a real identity inconsistency and privilege transition."",
    ""Mechanism: is_suid_exec is not set, but exec_count is high (p73) and a shell was spawned from a service context with priv_op_count elevated -- a suspicious escalation attempt."",
    ""Behavioural anomaly: failed_call_rate is high (p98), failed_call_count is high (p98), and parent_child_rarity is near 1 -- an exec pair essentially never seen in benign activity."",
    ""Benign-explanation test: very high throughput (p98) and short lifetime (p42) argue against a routine admin script, cron job, or health-check."",
    ""Decide: the escalation mechanism and behavioural anomalies outweigh XGBoost's benign call; this supports the CNN.""
  ],
  ""key_features"": [""events_per_second"", ""seq_length"", ""auid_euid_mismatch"", ""failed_call_rate"", ""failed_call_count""],
  ""agrees_with"": ""cnn""
}"
19168,3,1,T1078_Valid_Accounts,0,1,0.6923177242279053,0.9917534589767456,xgb_benign_cnn_malicious,MALICIOUS,1,0.92,cnn,ok,"[""Privilege state: max_uid_euid_delta is high (p98) and auid_euid_mismatch is set -- a real identity inconsistency and privilege transition."", ""Mechanism: is_suid_exec is set and a shell was spawned from a service context with priv_op_count elevated -- a classic setuid-shell escalation."", ""Behavioural anomaly: parent_child_rarity is near 1 (essentially never seen in benign activity) and unique_syscalls is high (p98) -- an exec pair and syscall types essentially never seen in benign activity."", ""Benign-explanation test: very short lifetime (p42) and high throughput argue against a routine admin script, cron job, or health-check."", ""Decide: the escalation mechanism, sensitive-path access, and behavioural anomalies outweigh XGBoost's benign call; this supports the CNN.""]","[""unique_syscalls"", ""exec_count"", ""parent_child_rarity"", ""seq_length"", ""lifetime_seconds""]","{
  ""verdict"": ""MALICIOUS"",
  ""confidence"": 0.92,
  ""rationale_steps"": [
    ""Privilege state: max_uid_euid_delta is high (p98) and auid_euid_mismatch is set -- a real identity inconsistency and privilege transition."",
    ""Mechanism: is_suid_exec is set and a shell was spawned from a service context with priv_op_count elevated -- a classic setuid-shell escalation."",
    ""Behavioural anomaly: parent_child_rarity is near 1 (essentially never seen in benign activity) and unique_syscalls is high (p98) -- an exec pair and syscall types essentially never seen in benign activity."",
    ""Benign-explanation test: very short lifetime (p42) and high throughput argue against a routine admin script, cron job, or health-check."",
    ""Decide: the escalation mechanism, sensitive-path access, and behavioural anomalies outweigh XGBoost's benign call; this supports the CNN.""
  ],
  ""key_features"": [""unique_syscalls"", ""exec_count"", ""parent_child_rarity"", ""seq_length"", ""lifetime_seconds""],
  ""agrees_with"": ""cnn""
}"
19185,4,0,benign,0,1,0.4626511931419372,0.7419862747192383,xgb_benign_cnn_malicious,MALICIOUS,1,0.83,cnn,ok,"[""Privilege state: max_uid_euid_delta is high (p98) and auid_euid_mismatch is set -- a real identity inconsistency and privilege transition."", ""Mechanism: is_suid_exec is not set, but exec_count is high (p73) and a shell was spawned from a service context with priv_op_count elevated -- a suspicious escalation attempt."", ""Behavioural anomaly: failed_call_rate is high (p98), failed_call_count is high (p98), and parent_child_rarity is near 1 -- an exec pair essentially never seen in benign activity."", ""Benign-explanation test: very high throughput (p98) and short lifetime (p42) argue against a routine admin script, cron job, or health-check."", ""Decide: the escalation mechanism and behavioural anomalies outweigh XGBoost's benign call; this supports the CNN.""]","[""events_per_second"", ""seq_length"", ""auid_euid_mismatch"", ""failed_call_rate"", ""failed_call_count""]","{
  ""verdict"": ""MALICIOUS"",
  ""confidence"": 0.83,
  ""rationale_steps"": [
    ""Privilege state: max_uid_euid_delta is high (p98) and auid_euid_mismatch is set -- a real identity inconsistency and privilege transition."",
    ""Mechanism: is_suid_exec is not set, but exec_count is high (p73) and a shell was spawned from a service context with priv_op_count elevated -- a suspicious escalation attempt."",
    ""Behavioural anomaly: failed_call_rate is high (p98), failed_call_count is high (p98), and parent_child_rarity is near 1 -- an exec pair essentially never seen in benign activity."",
    ""Benign-explanation test: very high throughput (p98) and short lifetime (p42) argue against a routine admin script, cron job, or health-check."",
    ""Decide: the escalation mechanism and behavioural anomalies outweigh XGBoost's benign call; this supports the CNN.""
  ],
  ""key_features"": [""events_per_second"", ""seq_length"", ""auid_euid_mismatch"", ""failed_call_rate"", ""failed_call_count""],
  ""agrees_with"": ""cnn""
}"
19199,4,0,benign,0,1,0.4626511931419372,0.7419862747192383,xgb_benign_cnn_malicious,MALICIOUS,1,0.83,cnn,ok,"[""Privilege state: auid_euid_mismatch is set, indicating an identity inconsistency, but max_uid_euid_delta is low, suggesting no genuine UID/EUID transition."", ""Mechanism: is_suid_exec is not set, but exec_count is elevated, which could indicate an unusual exec chain."", ""Behavioural anomaly: failed_call_rate and failed_call_count are both high, indicating a high rate of failed syscalls, and parent_child_rarity is near 1, indicating a rare parent->child exec pair."", ""Benign-explanation test: the short lifetime and high throughput do not strongly suggest a routine admin script, cron job, or health-check."", ""Decide: the combination of failed_call_rate, failed_call_count, and parent_child_rarity outweighs XGBoost's benign call, supporting CNN's flag on this one feature.""]","[""events_per_second"", ""seq_length"", ""auid_euid_mismatch"", ""failed_call_rate"", ""failed_call_count""]","{
  ""verdict"": ""MALICIOUS"",
  ""confidence"": 0.83,
  ""rationale_steps"": [
    ""Privilege state: auid_euid_mismatch is set, indicating an identity inconsistency, but max_uid_euid_delta is low, suggesting no genuine UID/EUID transition."",
    ""Mechanism: is_suid_exec is not set, but exec_count is elevated, which could indicate an unusual exec chain."",
    ""Behavioural anomaly: failed_call_rate and failed_call_count are both high, indicating a high rate of failed syscalls, and parent_child_rarity is near 1, indicating a rare parent->child exec pair."",
    ""Benign-explanation test: the short lifetime and high throughput do not strongly suggest a routine admin script, cron job, or health-check."",
    ""Decide: the combination of failed_call_rate, failed_call_count, and parent_child_rarity outweighs XGBoost's benign call, supporting CNN's flag on this one feature.""
  ],
  ""key_features"": [""events_per_second"", ""seq_length"", ""auid_euid_mismatch"", ""failed_call_rate"", ""failed_call_count""],
  ""agrees_with"": ""cnn""
}"
19452,4,0,benign,0,1,0.5382307767868042,0.9489884972572328,xgb_benign_cnn_malicious,MALICIOUS,1,0.92,cnn,ok,"[""Privilege state: max_uid_euid_delta is high (p99+) and auid_euid_mismatch is set -- a real identity inconsistency and privilege transition."", ""Mechanism: is_suid_exec is set and a shell was spawned from a service context with priv_op_count elevated -- a classic setuid-shell escalation."", ""Behavioural anomaly: parent_child_rarity is near 1 (essentially never seen in benign activity) and events_per_second is extremely high (p93) -- an unusual syscall throughput."", ""Benign-explanation test: very short lifetime (p36) and low throughput argue against a routine admin script, cron job, or health-check."", ""Decide: the escalation mechanism, sensitive-path access, and unusual syscall throughput outweigh XGBoost's benign call; this supports the CNN.""]","[""parent_child_rarity"", ""lifetime_seconds"", ""events_per_second"", ""max_uid_euid_delta"", ""auid_euid_mismatch""]","{
  ""verdict"": ""MALICIOUS"",
  ""confidence"": 0.92,
  ""rationale_steps"": [
    ""Privilege state: max_uid_euid_delta is high (p99+) and auid_euid_mismatch is set -- a real identity inconsistency and privilege transition."",
    ""Mechanism: is_suid_exec is set and a shell was spawned from a service context with priv_op_count elevated -- a classic setuid-shell escalation."",
    ""Behavioural anomaly: parent_child_rarity is near 1 (essentially never seen in benign activity) and events_per_second is extremely high (p93) -- an unusual syscall throughput."",
    ""Benign-explanation test: very short lifetime (p36) and low throughput argue against a routine admin script, cron job, or health-check."",
    ""Decide: the escalation mechanism, sensitive-path access, and unusual syscall throughput outweigh XGBoost's benign call; this supports the CNN.""
  ],
  ""key_features"": [""parent_child_rarity"", ""lifetime_seconds"", ""events_per_second"", ""max_uid_euid_delta"", ""auid_euid_mismatch""],
  ""agrees_with"": ""cnn""
}"
19672,1,0,benign,0,1,0.5205070972442627,0.9959560632705688,xgb_benign_cnn_malicious,MALICIOUS,1,0.92,cnn,ok,"[""Privilege state: auid_euid_mismatch is set, indicating an identity inconsistency, and max_uid_euid_delta is high, suggesting a privilege transition."", ""Mechanism: is_suid_exec is set, indicating a setuid/setgid binary was executed, and shell_from_service is set, suggesting a shell was spawned from a service context."", ""Behavioural anomaly: failed_call_count is high, indicating a high rate of failed syscalls, and parent_child_rarity is near 1, suggesting an exec pair essentially never seen in benign activity."", ""Benign-explanation test: the process has a very short lifetime and high throughput, making it unlikely to be a routine admin script, cron job, or health-check."", ""Decide: the combination of privilege transition, setuid/setgid execution, and behavioural anomalies outweighs XGBoost's benign call; this supports the CNN.""]","[""seq_length"", ""unique_syscalls"", ""failed_call_count"", ""uid_changed"", ""auid_euid_mismatch""]","{
  ""verdict"": ""MALICIOUS"",
  ""confidence"": 0.92,
  ""rationale_steps"": [
    ""Privilege state: auid_euid_mismatch is set, indicating an identity inconsistency, and max_uid_euid_delta is high, suggesting a privilege transition."",
    ""Mechanism: is_suid_exec is set, indicating a setuid/setgid binary was executed, and shell_from_service is set, suggesting a shell was spawned from a service context."",
    ""Behavioural anomaly: failed_call_count is high, indicating a high rate of failed syscalls, and parent_child_rarity is near 1, suggesting an exec pair essentially never seen in benign activity."",
    ""Benign-explanation test: the process has a very short lifetime and high throughput, making it unlikely to be a routine admin script, cron job, or health-check."",
    ""Decide: the combination of privilege transition, setuid/setgid execution, and behavioural anomalies outweighs XGBoost's benign call; this supports the CNN.""
  ],
  ""key_features"": [""seq_length"", ""unique_syscalls"", ""failed_call_count"", ""uid_changed"", ""auid_euid_mismatch""],
  ""agrees_with"": ""cnn""
}"
19860,4,0,benign,0,1,0.4626511931419372,0.7419862747192383,xgb_benign_cnn_malicious,MALICIOUS,1,0.83,cnn,ok,"[""Privilege state: max_uid_euid_delta is high (p98) and auid_euid_mismatch is set -- a real identity inconsistency and privilege transition."", ""Mechanism: is_suid_exec is not set, but exec_count is high (p73) and a shell was spawned from a service context with priv_op_count elevated -- a suspicious escalation attempt."", ""Behavioural anomaly: failed_call_rate is high (p98), failed_call_count is high (p98), and parent_child_rarity is near 1 -- an exec pair essentially never seen in benign activity."", ""Benign-explanation test: very high throughput (p98) and short lifetime (p42) argue against a routine admin script, cron job, or health-check."", ""Decide: the escalation mechanism and behavioural anomalies outweigh XGBoost's benign call; this supports the CNN.""]","[""events_per_second"", ""seq_length"", ""auid_euid_mismatch"", ""failed_call_rate"", ""failed_call_count""]","{
  ""verdict"": ""MALICIOUS"",
  ""confidence"": 0.83,
  ""rationale_steps"": [
    ""Privilege state: max_uid_euid_delta is high (p98) and auid_euid_mismatch is set -- a real identity inconsistency and privilege transition."",
    ""Mechanism: is_suid_exec is not set, but exec_count is high (p73) and a shell was spawned from a service context with priv_op_count elevated -- a suspicious escalation attempt."",
    ""Behavioural anomaly: failed_call_rate is high (p98), failed_call_count is high (p98), and parent_child_rarity is near 1 -- an exec pair essentially never seen in benign activity."",
    ""Benign-explanation test: very high throughput (p98) and short lifetime (p42) argue against a routine admin script, cron job, or health-check."",
    ""Decide: the escalation mechanism and behavioural anomalies outweigh XGBoost's benign call; this supports the CNN.""
  ],
  ""key_features"": [""events_per_second"", ""seq_length"", ""auid_euid_mismatch"", ""failed_call_rate"", ""failed_call_count""],
  ""agrees_with"": ""cnn""
}"
20138,3,0,benign,0,1,0.6923177242279053,0.9917534589767456,xgb_benign_cnn_malicious,MALICIOUS,1,0.92,cnn,ok,"[""Privilege state: max_uid_euid_delta is high (p98) and auid_euid_mismatch is set -- a real identity inconsistency and privilege transition."", ""Mechanism: is_suid_exec is set and a shell was spawned from a service context with priv_op_count elevated -- a classic setuid-shell escalation."", ""Behavioural anomaly: parent_child_rarity is near 1 (essentially never seen in benign activity) and unique_syscalls is high (p98) -- an exec pair and syscall types essentially never seen in benign activity."", ""Benign-explanation test: very short lifetime (p42) and high throughput argue against a routine admin script, cron job, or health-check."", ""Decide: the escalation mechanism, sensitive-path access, and behavioural anomalies outweigh XGBoost's benign call; this supports the CNN.""]","[""unique_syscalls"", ""exec_count"", ""parent_child_rarity"", ""seq_length"", ""lifetime_seconds""]","{
  ""verdict"": ""MALICIOUS"",
  ""confidence"": 0.92,
  ""rationale_steps"": [
    ""Privilege state: max_uid_euid_delta is high (p98) and auid_euid_mismatch is set -- a real identity inconsistency and privilege transition."",
    ""Mechanism: is_suid_exec is set and a shell was spawned from a service context with priv_op_count elevated -- a classic setuid-shell escalation."",
    ""Behavioural anomaly: parent_child_rarity is near 1 (essentially never seen in benign activity) and unique_syscalls is high (p98) -- an exec pair and syscall types essentially never seen in benign activity."",
    ""Benign-explanation test: very short lifetime (p42) and high throughput argue against a routine admin script, cron job, or health-check."",
    ""Decide: the escalation mechanism, sensitive-path access, and behavioural anomalies outweigh XGBoost's benign call; this supports the CNN.""
  ],
  ""key_features"": [""unique_syscalls"", ""exec_count"", ""parent_child_rarity"", ""seq_length"", ""lifetime_seconds""],
  ""agrees_with"": ""cnn""
}"
20476,4,0,benign,0,1,0.4626511931419372,0.7419862747192383,xgb_benign_cnn_malicious,MALICIOUS,1,0.83,cnn,ok,"[""Privilege state: max_uid_euid_delta is high (p98) and auid_euid_mismatch is set -- a real identity inconsistency and privilege transition."", ""Mechanism: is_suid_exec is not set, but exec_count is high (p73) and a shell was spawned from a service context with priv_op_count elevated -- a suspicious escalation attempt."", ""Behavioural anomaly: failed_call_rate is high (p98), failed_call_count is high (p98), and parent_child_rarity is near 1 -- an exec pair essentially never seen in benign activity."", ""Benign-explanation test: very high throughput (p98) and short lifetime (p42) argue against a routine admin script, cron job, or health-check."", ""Decide: the escalation mechanism and behavioural anomalies outweigh XGBoost's benign call; this supports the CNN.""]","[""events_per_second"", ""seq_length"", ""auid_euid_mismatch"", ""failed_call_rate"", ""failed_call_count""]","{
  ""verdict"": ""MALICIOUS"",
  ""confidence"": 0.83,
  ""rationale_steps"": [
    ""Privilege state: max_uid_euid_delta is high (p98) and auid_euid_mismatch is set -- a real identity inconsistency and privilege transition."",
    ""Mechanism: is_suid_exec is not set, but exec_count is high (p73) and a shell was spawned from a service context with priv_op_count elevated -- a suspicious escalation attempt."",
    ""Behavioural anomaly: failed_call_rate is high (p98), failed_call_count is high (p98), and parent_child_rarity is near 1 -- an exec pair essentially never seen in benign activity."",
    ""Benign-explanation test: very high throughput (p98) and short lifetime (p42) argue against a routine admin script, cron job, or health-check."",
    ""Decide: the escalation mechanism and behavioural anomalies outweigh XGBoost's benign call; this supports the CNN.""
  ],
  ""key_features"": [""events_per_second"", ""seq_length"", ""auid_euid_mismatch"", ""failed_call_rate"", ""failed_call_count""],
  ""agrees_with"": ""cnn""
}"
20538,4,0,benign,0,1,0.5382307767868042,0.9489884972572328,xgb_benign_cnn_malicious,MALICIOUS,1,0.92,cnn,ok,"[""Privilege state: max_uid_euid_delta is high (p99+) and auid_euid_mismatch is set -- a real identity inconsistency and privilege transition."", ""Mechanism: is_suid_exec is set and a shell was spawned from a service context with priv_op_count elevated -- a classic setuid-shell escalation."", ""Behavioural anomaly: parent_child_rarity is near 1 (essentially never seen in benign activity) and events_per_second is extremely high (p93) -- an unusual syscall throughput."", ""Benign-explanation test: very short lifetime (p36) and low throughput argue against a routine admin script, cron job, or health-check."", ""Decide: the escalation mechanism, sensitive-path access, and unusual syscall throughput outweigh XGBoost's benign call; this supports the CNN.""]","[""parent_child_rarity"", ""lifetime_seconds"", ""events_per_second"", ""max_uid_euid_delta"", ""auid_euid_mismatch""]","{
  ""verdict"": ""MALICIOUS"",
  ""confidence"": 0.92,
  ""rationale_steps"": [
    ""Privilege state: max_uid_euid_delta is high (p99+) and auid_euid_mismatch is set -- a real identity inconsistency and privilege transition."",
    ""Mechanism: is_suid_exec is set and a shell was spawned from a service context with priv_op_count elevated -- a classic setuid-shell escalation."",
    ""Behavioural anomaly: parent_child_rarity is near 1 (essentially never seen in benign activity) and events_per_second is extremely high (p93) -- an unusual syscall throughput."",
    ""Benign-explanation test: very short lifetime (p36) and low throughput argue against a routine admin script, cron job, or health-check."",
    ""Decide: the escalation mechanism, sensitive-path access, and unusual syscall throughput outweigh XGBoost's benign call; this supports the CNN.""
  ],
  ""key_features"": [""parent_child_rarity"", ""lifetime_seconds"", ""events_per_second"", ""max_uid_euid_delta"", ""auid_euid_mismatch""],
  ""agrees_with"": ""cnn""
}"
20775,4,1,T1078_Valid_Accounts,0,1,0.3759605586528778,0.8749561309814453,xgb_benign_cnn_malicious,MALICIOUS,1,0.92,cnn,ok,"[""Privilege state: max_uid_euid_delta is high (p99+) and auid_euid_mismatch is set -- a real identity inconsistency and privilege transition."", ""Mechanism: is_suid_exec is set and a shell was spawned from a service context with priv_op_count elevated -- a classic setuid-shell escalation."", ""Behavioural anomaly: parent_child_rarity is near 1 (essentially never seen in benign activity) and network_count is 0 -- an exec pair and network activity profile of a novel attack chain."", ""Benign-explanation test: very short lifetime (p88) and high-throughput execution from a service context is inconsistent with a routine health-check or monitoring script."", ""Decide: the escalation mechanism and sensitive-path access outweigh XGBoost's benign call; this supports the CNN.""]","[""is_suid_exec"", ""shell_from_service"", ""parent_child_rarity"", ""max_uid_euid_delta"", ""auid_euid_mismatch""]","{
  ""verdict"": ""MALICIOUS"",
  ""confidence"": 0.92,
  ""rationale_steps"": [
    ""Privilege state: max_uid_euid_delta is high (p99+) and auid_euid_mismatch is set -- a real identity inconsistency and privilege transition."",
    ""Mechanism: is_suid_exec is set and a shell was spawned from a service context with priv_op_count elevated -- a classic setuid-shell escalation."",
    ""Behavioural anomaly: parent_child_rarity is near 1 (essentially never seen in benign activity) and network_count is 0 -- an exec pair and network activity profile of a novel attack chain."",
    ""Benign-explanation test: very short lifetime (p88) and high-throughput execution from a service context is inconsistent with a routine health-check or monitoring script."",
    ""Decide: the escalation mechanism and sensitive-path access outweigh XGBoost's benign call; this supports the CNN.""
  ],
  ""key_features"": [""is_suid_exec"", ""shell_from_service"", ""parent_child_rarity"", ""max_uid_euid_delta"", ""auid_euid_mismatch""],
  ""agrees_with"": ""cnn""
}"
21006,4,0,benign,0,1,0.4626511931419372,0.7419862747192383,xgb_benign_cnn_malicious,MALICIOUS,1,0.83,cnn,ok,"[""Privilege state: max_uid_euid_delta is high (p98) and auid_euid_mismatch is set -- a real identity inconsistency and privilege transition."", ""Mechanism: is_suid_exec is not set, but exec_count is high (p73) and a shell was spawned from a service context with priv_op_count elevated -- a suspicious escalation attempt."", ""Behavioural anomaly: failed_call_rate is high (p98), failed_call_count is high (p98), and parent_child_rarity is near 1 -- an exec pair essentially never seen in benign activity."", ""Benign-explanation test: very high throughput (p98) and short lifetime (p42) argue against a routine admin script, cron job, or health-check."", ""Decide: the escalation mechanism and behavioural anomalies outweigh XGBoost's benign call; this supports the CNN.""]","[""events_per_second"", ""seq_length"", ""auid_euid_mismatch"", ""failed_call_rate"", ""failed_call_count""]","{
  ""verdict"": ""MALICIOUS"",
  ""confidence"": 0.83,
  ""rationale_steps"": [
    ""Privilege state: max_uid_euid_delta is high (p98) and auid_euid_mismatch is set -- a real identity inconsistency and privilege transition."",
    ""Mechanism: is_suid_exec is not set, but exec_count is high (p73) and a shell was spawned from a service context with priv_op_count elevated -- a suspicious escalation attempt."",
    ""Behavioural anomaly: failed_call_rate is high (p98), failed_call_count is high (p98), and parent_child_rarity is near 1 -- an exec pair essentially never seen in benign activity."",
    ""Benign-explanation test: very high throughput (p98) and short lifetime (p42) argue against a routine admin script, cron job, or health-check."",
    ""Decide: the escalation mechanism and behavioural anomalies outweigh XGBoost's benign call; this supports the CNN.""
  ],
  ""key_features"": [""events_per_second"", ""seq_length"", ""auid_euid_mismatch"", ""failed_call_rate"", ""failed_call_count""],
  ""agrees_with"": ""cnn""
}"
21349,4,0,benign,0,1,0.4626511931419372,0.7419862747192383,xgb_benign_cnn_malicious,MALICIOUS,1,0.83,cnn,ok,"[""Privilege state: auid_euid_mismatch is set, indicating an identity inconsistency, but max_uid_euid_delta is low, suggesting no genuine UID/EUID transition."", ""Mechanism: is_suid_exec is not set, but exec_count is elevated, which could indicate an unusual exec chain."", ""Behavioural anomaly: failed_call_rate and failed_call_count are both high, indicating a high rate of failed syscalls, and parent_child_rarity is near 1, indicating a rare parent->child exec pair."", ""Benign-explanation test: the short lifetime and high throughput do not strongly suggest a routine admin script, cron job, or health-check."", ""Decide: the combination of failed_call_rate, failed_call_count, and parent_child_rarity outweighs XGBoost's benign call, supporting CNN's flag on this one feature.""]","[""events_per_second"", ""seq_length"", ""auid_euid_mismatch"", ""failed_call_rate"", ""failed_call_count""]","{
  ""verdict"": ""MALICIOUS"",
  ""confidence"": 0.83,
  ""rationale_steps"": [
    ""Privilege state: auid_euid_mismatch is set, indicating an identity inconsistency, but max_uid_euid_delta is low, suggesting no genuine UID/EUID transition."",
    ""Mechanism: is_suid_exec is not set, but exec_count is elevated, which could indicate an unusual exec chain."",
    ""Behavioural anomaly: failed_call_rate and failed_call_count are both high, indicating a high rate of failed syscalls, and parent_child_rarity is near 1, indicating a rare parent->child exec pair."",
    ""Benign-explanation test: the short lifetime and high throughput do not strongly suggest a routine admin script, cron job, or health-check."",
    ""Decide: the combination of failed_call_rate, failed_call_count, and parent_child_rarity outweighs XGBoost's benign call, supporting CNN's flag on this one feature.""
  ],
  ""key_features"": [""events_per_second"", ""seq_length"", ""auid_euid_mismatch"", ""failed_call_rate"", ""failed_call_count""],
  ""agrees_with"": ""cnn""
}"
21364,4,0,benign,0,1,0.3759605586528778,0.8749561309814453,xgb_benign_cnn_malicious,MALICIOUS,1,0.92,cnn,ok,"[""Privilege state: max_uid_euid_delta is high (p99+) and auid_euid_mismatch is set -- a real identity inconsistency and privilege transition."", ""Mechanism: is_suid_exec is set and a shell was spawned from a service context with priv_op_count elevated -- a classic setuid-shell escalation."", ""Behavioural anomaly: parent_child_rarity is near 1 (essentially never seen in benign activity) and network_count is 0 -- an exec pair and network activity profile of a novel attack chain."", ""Benign-explanation test: very short lifetime (p88) and high-throughput execution from a service context is inconsistent with a routine health-check or monitoring script."", ""Decide: the escalation mechanism and sensitive-path access outweigh XGBoost's benign call; this supports the CNN.""]","[""is_suid_exec"", ""shell_from_service"", ""parent_child_rarity"", ""max_uid_euid_delta"", ""auid_euid_mismatch""]","{
  ""verdict"": ""MALICIOUS"",
  ""confidence"": 0.92,
  ""rationale_steps"": [
    ""Privilege state: max_uid_euid_delta is high (p99+) and auid_euid_mismatch is set -- a real identity inconsistency and privilege transition."",
    ""Mechanism: is_suid_exec is set and a shell was spawned from a service context with priv_op_count elevated -- a classic setuid-shell escalation."",
    ""Behavioural anomaly: parent_child_rarity is near 1 (essentially never seen in benign activity) and network_count is 0 -- an exec pair and network activity profile of a novel attack chain."",
    ""Benign-explanation test: very short lifetime (p88) and high-throughput execution from a service context is inconsistent with a routine health-check or monitoring script."",
    ""Decide: the escalation mechanism and sensitive-path access outweigh XGBoost's benign call; this supports the CNN.""
  ],
  ""key_features"": [""is_suid_exec"", ""shell_from_service"", ""parent_child_rarity"", ""max_uid_euid_delta"", ""auid_euid_mismatch""],
  ""agrees_with"": ""cnn""
}"
21489,4,0,benign,0,1,0.5382307767868042,0.9489884972572328,xgb_benign_cnn_malicious,MALICIOUS,1,0.92,cnn,ok,"[""Privilege state: max_uid_euid_delta is high (p99+) and auid_euid_mismatch is set -- a real identity inconsistency and privilege transition."", ""Mechanism: is_suid_exec is set and a shell was spawned from a service context with priv_op_count elevated -- a classic setuid-shell escalation."", ""Behavioural anomaly: parent_child_rarity is near 1 (essentially never seen in benign activity) and events_per_second is extremely high (p93) -- an unusual syscall throughput."", ""Benign-explanation test: very short lifetime (p36) and low throughput argue against a routine admin script, cron job, or health-check."", ""Decide: the escalation mechanism, sensitive-path access, and unusual syscall throughput outweigh XGBoost's benign call; this supports the CNN.""]","[""parent_child_rarity"", ""lifetime_seconds"", ""events_per_second"", ""max_uid_euid_delta"", ""auid_euid_mismatch""]","{
  ""verdict"": ""MALICIOUS"",
  ""confidence"": 0.92,
  ""rationale_steps"": [
    ""Privilege state: max_uid_euid_delta is high (p99+) and auid_euid_mismatch is set -- a real identity inconsistency and privilege transition."",
    ""Mechanism: is_suid_exec is set and a shell was spawned from a service context with priv_op_count elevated -- a classic setuid-shell escalation."",
    ""Behavioural anomaly: parent_child_rarity is near 1 (essentially never seen in benign activity) and events_per_second is extremely high (p93) -- an unusual syscall throughput."",
    ""Benign-explanation test: very short lifetime (p36) and low throughput argue against a routine admin script, cron job, or health-check."",
    ""Decide: the escalation mechanism, sensitive-path access, and unusual syscall throughput outweigh XGBoost's benign call; this supports the CNN.""
  ],
  ""key_features"": [""parent_child_rarity"", ""lifetime_seconds"", ""events_per_second"", ""max_uid_euid_delta"", ""auid_euid_mismatch""],
  ""agrees_with"": ""cnn""
}"
21506,3,1,T1078_Valid_Accounts,0,1,0.6923177242279053,0.9917534589767456,xgb_benign_cnn_malicious,MALICIOUS,1,0.92,cnn,ok,"[""Privilege state: max_uid_euid_delta is high (p98) and auid_euid_mismatch is set -- a real identity inconsistency and privilege transition."", ""Mechanism: is_suid_exec is set and a shell was spawned from a service context with priv_op_count elevated -- a classic setuid-shell escalation."", ""Behavioural anomaly: parent_child_rarity is near 1 (essentially never seen in benign activity) and unique_syscalls is high (p98) -- an exec pair and syscall types essentially never seen in benign activity."", ""Benign-explanation test: very short lifetime (p42) and high throughput argue against a routine admin script, cron job, or health-check."", ""Decide: the escalation mechanism, sensitive-path access, and behavioural anomalies outweigh XGBoost's benign call; this supports the CNN.""]","[""unique_syscalls"", ""exec_count"", ""parent_child_rarity"", ""seq_length"", ""lifetime_seconds""]","{
  ""verdict"": ""MALICIOUS"",
  ""confidence"": 0.92,
  ""rationale_steps"": [
    ""Privilege state: max_uid_euid_delta is high (p98) and auid_euid_mismatch is set -- a real identity inconsistency and privilege transition."",
    ""Mechanism: is_suid_exec is set and a shell was spawned from a service context with priv_op_count elevated -- a classic setuid-shell escalation."",
    ""Behavioural anomaly: parent_child_rarity is near 1 (essentially never seen in benign activity) and unique_syscalls is high (p98) -- an exec pair and syscall types essentially never seen in benign activity."",
    ""Benign-explanation test: very short lifetime (p42) and high throughput argue against a routine admin script, cron job, or health-check."",
    ""Decide: the escalation mechanism, sensitive-path access, and behavioural anomalies outweigh XGBoost's benign call; this supports the CNN.""
  ],
  ""key_features"": [""unique_syscalls"", ""exec_count"", ""parent_child_rarity"", ""seq_length"", ""lifetime_seconds""],
  ""agrees_with"": ""cnn""
}"
21707,3,0,benign,0,1,0.6923177242279053,0.9917534589767456,xgb_benign_cnn_malicious,MALICIOUS,1,0.92,cnn,ok,"[""Privilege state: max_uid_euid_delta is high (p98) and auid_euid_mismatch is set -- a real identity inconsistency and privilege transition."", ""Mechanism: is_suid_exec is set and a shell was spawned from a service context with priv_op_count elevated -- a classic setuid-shell escalation."", ""Behavioural anomaly: unique_syscalls is high (p98) and parent_child_rarity is near 1 -- an exec pair essentially never seen in benign activity."", ""Benign-explanation test: very high throughput (p56) and short lifetime (p42) argue against a routine admin script, cron job, or health-check."", ""Decide: the escalation mechanism, sensitive-path access, and behavioural anomalies outweigh XGBoost's benign call; this supports the CNN.""]","[""unique_syscalls"", ""exec_count"", ""parent_child_rarity"", ""max_uid_euid_delta"", ""auid_euid_mismatch""]","{
  ""verdict"": ""MALICIOUS"",
  ""confidence"": 0.92,
  ""rationale_steps"": [
    ""Privilege state: max_uid_euid_delta is high (p98) and auid_euid_mismatch is set -- a real identity inconsistency and privilege transition."",
    ""Mechanism: is_suid_exec is set and a shell was spawned from a service context with priv_op_count elevated -- a classic setuid-shell escalation."",
    ""Behavioural anomaly: unique_syscalls is high (p98) and parent_child_rarity is near 1 -- an exec pair essentially never seen in benign activity."",
    ""Benign-explanation test: very high throughput (p56) and short lifetime (p42) argue against a routine admin script, cron job, or health-check."",
    ""Decide: the escalation mechanism, sensitive-path access, and behavioural anomalies outweigh XGBoost's benign call; this supports the CNN.""
  ],
  ""key_features"": [""unique_syscalls"", ""exec_count"", ""parent_child_rarity"", ""max_uid_euid_delta"", ""auid_euid_mismatch""],
  ""agrees_with"": ""cnn""
}"
22020,4,0,benign,0,1,0.5382307767868042,0.9489884972572328,xgb_benign_cnn_malicious,MALICIOUS,1,0.92,cnn,ok,"[""Privilege state: max_uid_euid_delta is high (p99+) and auid_euid_mismatch is set -- a real identity inconsistency and privilege transition."", ""Mechanism: is_suid_exec is set and a shell was spawned from a service context with priv_op_count elevated -- a classic setuid-shell escalation."", ""Behavioural anomaly: parent_child_rarity is near 1 (essentially never seen in benign activity) and events_per_second is extremely high (p93) -- an unusual syscall throughput."", ""Benign-explanation test: very short lifetime (p36) and low throughput argue against a routine admin script, cron job, or health-check."", ""Decide: the escalation mechanism, sensitive-path access, and unusual syscall throughput outweigh XGBoost's benign call; this supports the CNN.""]","[""parent_child_rarity"", ""lifetime_seconds"", ""events_per_second"", ""max_uid_euid_delta"", ""auid_euid_mismatch""]","{
  ""verdict"": ""MALICIOUS"",
  ""confidence"": 0.92,
  ""rationale_steps"": [
    ""Privilege state: max_uid_euid_delta is high (p99+) and auid_euid_mismatch is set -- a real identity inconsistency and privilege transition."",
    ""Mechanism: is_suid_exec is set and a shell was spawned from a service context with priv_op_count elevated -- a classic setuid-shell escalation."",
    ""Behavioural anomaly: parent_child_rarity is near 1 (essentially never seen in benign activity) and events_per_second is extremely high (p93) -- an unusual syscall throughput."",
    ""Benign-explanation test: very short lifetime (p36) and low throughput argue against a routine admin script, cron job, or health-check."",
    ""Decide: the escalation mechanism, sensitive-path access, and unusual syscall throughput outweigh XGBoost's benign call; this supports the CNN.""
  ],
  ""key_features"": [""parent_child_rarity"", ""lifetime_seconds"", ""events_per_second"", ""max_uid_euid_delta"", ""auid_euid_mismatch""],
  ""agrees_with"": ""cnn""
}"
22033,4,0,benign,0,1,0.4626511931419372,0.7419862747192383,xgb_benign_cnn_malicious,MALICIOUS,1,0.83,cnn,ok,"[""Privilege state: max_uid_euid_delta is high (p98) and auid_euid_mismatch is set -- a real identity inconsistency and privilege transition."", ""Mechanism: is_suid_exec is not set, but exec_count is high (p73) and a shell was spawned from a service context with priv_op_count elevated -- a suspicious escalation attempt."", ""Behavioural anomaly: failed_call_rate is high (p98), failed_call_count is high (p98), and parent_child_rarity is near 1 -- an exec pair essentially never seen in benign activity."", ""Benign-explanation test: very high throughput (p98) and short lifetime (p42) argue against a routine admin script, cron job, or health-check."", ""Decide: the escalation mechanism and behavioural anomalies outweigh XGBoost's benign call; this supports the CNN.""]","[""events_per_second"", ""seq_length"", ""auid_euid_mismatch"", ""failed_call_rate"", ""failed_call_count""]","{
  ""verdict"": ""MALICIOUS"",
  ""confidence"": 0.83,
  ""rationale_steps"": [
    ""Privilege state: max_uid_euid_delta is high (p98) and auid_euid_mismatch is set -- a real identity inconsistency and privilege transition."",
    ""Mechanism: is_suid_exec is not set, but exec_count is high (p73) and a shell was spawned from a service context with priv_op_count elevated -- a suspicious escalation attempt."",
    ""Behavioural anomaly: failed_call_rate is high (p98), failed_call_count is high (p98), and parent_child_rarity is near 1 -- an exec pair essentially never seen in benign activity."",
    ""Benign-explanation test: very high throughput (p98) and short lifetime (p42) argue against a routine admin script, cron job, or health-check."",
    ""Decide: the escalation mechanism and behavioural anomalies outweigh XGBoost's benign call; this supports the CNN.""
  ],
  ""key_features"": [""events_per_second"", ""seq_length"", ""auid_euid_mismatch"", ""failed_call_rate"", ""failed_call_count""],
  ""agrees_with"": ""cnn""
}"
22135,4,0,benign,0,1,0.4626511931419372,0.7419862747192383,xgb_benign_cnn_malicious,MALICIOUS,1,0.83,cnn,ok,"[""Privilege state: auid_euid_mismatch is set, indicating an identity inconsistency, but max_uid_euid_delta is low, suggesting no genuine UID/EUID transition."", ""Mechanism: is_suid_exec is not set, but exec_count is elevated, which could indicate an unusual exec chain."", ""Behavioural anomaly: failed_call_rate and failed_call_count are both high, indicating a high rate of failed syscalls, and parent_child_rarity is near 1, indicating a rare parent->child exec pair."", ""Benign-explanation test: the short lifetime and high throughput do not strongly suggest a routine admin script, cron job, or health-check."", ""Decide: the combination of failed_call_rate, failed_call_count, and parent_child_rarity outweighs XGBoost's benign call, supporting CNN's flag on this one feature.""]","[""events_per_second"", ""seq_length"", ""auid_euid_mismatch"", ""failed_call_rate"", ""failed_call_count""]","{
  ""verdict"": ""MALICIOUS"",
  ""confidence"": 0.83,
  ""rationale_steps"": [
    ""Privilege state: auid_euid_mismatch is set, indicating an identity inconsistency, but max_uid_euid_delta is low, suggesting no genuine UID/EUID transition."",
    ""Mechanism: is_suid_exec is not set, but exec_count is elevated, which could indicate an unusual exec chain."",
    ""Behavioural anomaly: failed_call_rate and failed_call_count are both high, indicating a high rate of failed syscalls, and parent_child_rarity is near 1, indicating a rare parent->child exec pair."",
    ""Benign-explanation test: the short lifetime and high throughput do not strongly suggest a routine admin script, cron job, or health-check."",
    ""Decide: the combination of failed_call_rate, failed_call_count, and parent_child_rarity outweighs XGBoost's benign call, supporting CNN's flag on this one feature.""
  ],
  ""key_features"": [""events_per_second"", ""seq_length"", ""auid_euid_mismatch"", ""failed_call_rate"", ""failed_call_count""],
  ""agrees_with"": ""cnn""
}"
22215,4,1,T1078_Valid_Accounts,0,1,0.4626511931419372,0.7419862747192383,xgb_benign_cnn_malicious,MALICIOUS,1,0.83,cnn,ok,"[""Privilege state: auid_euid_mismatch is set, indicating an identity inconsistency, but max_uid_euid_delta is low, suggesting no genuine UID/EUID transition."", ""Mechanism: is_suid_exec is not set, but exec_count is elevated, which could indicate an unusual exec chain."", ""Behavioural anomaly: failed_call_rate and failed_call_count are both high, indicating a high rate of failed syscalls, and parent_child_rarity is near 1, indicating a rare parent->child exec pair."", ""Benign-explanation test: the short lifetime and high throughput do not strongly suggest a routine admin script, cron job, or health-check."", ""Decide: the combination of failed_call_rate, failed_call_count, and parent_child_rarity outweighs XGBoost's benign call, supporting CNN's flag on this one feature.""]","[""events_per_second"", ""seq_length"", ""auid_euid_mismatch"", ""failed_call_rate"", ""failed_call_count""]","{
  ""verdict"": ""MALICIOUS"",
  ""confidence"": 0.83,
  ""rationale_steps"": [
    ""Privilege state: auid_euid_mismatch is set, indicating an identity inconsistency, but max_uid_euid_delta is low, suggesting no genuine UID/EUID transition."",
    ""Mechanism: is_suid_exec is not set, but exec_count is elevated, which could indicate an unusual exec chain."",
    ""Behavioural anomaly: failed_call_rate and failed_call_count are both high, indicating a high rate of failed syscalls, and parent_child_rarity is near 1, indicating a rare parent->child exec pair."",
    ""Benign-explanation test: the short lifetime and high throughput do not strongly suggest a routine admin script, cron job, or health-check."",
    ""Decide: the combination of failed_call_rate, failed_call_count, and parent_child_rarity outweighs XGBoost's benign call, supporting CNN's flag on this one feature.""
  ],
  ""key_features"": [""events_per_second"", ""seq_length"", ""auid_euid_mismatch"", ""failed_call_rate"", ""failed_call_count""],
  ""agrees_with"": ""cnn""
}"
22522,4,1,T1078_Valid_Accounts,0,1,0.3245709240436554,0.9654507040977478,xgb_benign_cnn_malicious,MALICIOUS,1,0.92,cnn,ok,"[""Privilege state: max_uid_euid_delta is high (p99+) and auid_euid_mismatch is set -- a real identity inconsistency and privilege transition."", ""Mechanism: is_suid_exec is set and a shell was spawned from a service context with priv_op_count elevated -- a classic setuid-shell escalation."", ""Behavioural anomaly: parent_child_rarity is near 1 (essentially never seen in benign activity) and events_per_second is extremely high (p93) -- an unusual and potentially malicious process."", ""Benign-explanation test: very short lifetime (p36) and low throughput argue against a routine admin script, cron job, or health-check."", ""Decide: the escalation mechanism, sensitive-path access, and unusual behavioural features outweigh XGBoost's benign call; this supports the CNN.""]","[""parent_child_rarity"", ""lifetime_seconds"", ""events_per_second"", ""max_uid_euid_delta"", ""auid_euid_mismatch""]","{
  ""verdict"": ""MALICIOUS"",
  ""confidence"": 0.92,
  ""rationale_steps"": [
    ""Privilege state: max_uid_euid_delta is high (p99+) and auid_euid_mismatch is set -- a real identity inconsistency and privilege transition."",
    ""Mechanism: is_suid_exec is set and a shell was spawned from a service context with priv_op_count elevated -- a classic setuid-shell escalation."",
    ""Behavioural anomaly: parent_child_rarity is near 1 (essentially never seen in benign activity) and events_per_second is extremely high (p93) -- an unusual and potentially malicious process."",
    ""Benign-explanation test: very short lifetime (p36) and low throughput argue against a routine admin script, cron job, or health-check."",
    ""Decide: the escalation mechanism, sensitive-path access, and unusual behavioural features outweigh XGBoost's benign call; this supports the CNN.""
  ],
  ""key_features"": [""parent_child_rarity"", ""lifetime_seconds"", ""events_per_second"", ""max_uid_euid_delta"", ""auid_euid_mismatch""],
  ""agrees_with"": ""cnn""
}"
22624,4,0,benign,0,1,0.4626511931419372,0.7419862747192383,xgb_benign_cnn_malicious,MALICIOUS,1,0.83,cnn,ok,"[""Privilege state: max_uid_euid_delta is high (p98) and auid_euid_mismatch is set -- a real identity inconsistency and privilege transition."", ""Mechanism: is_suid_exec is not set, but exec_count is high (p73) and a shell was spawned from a service context with priv_op_count elevated -- a suspicious escalation attempt."", ""Behavioural anomaly: failed_call_rate is high (p98), failed_call_count is high (p98), and parent_child_rarity is near 1 -- an exec pair essentially never seen in benign activity."", ""Benign-explanation test: very high throughput (p98) and short lifetime (p42) argue against a routine admin script, cron job, or health-check."", ""Decide: the escalation mechanism and behavioural anomalies outweigh XGBoost's benign call; this supports the CNN.""]","[""events_per_second"", ""seq_length"", ""auid_euid_mismatch"", ""failed_call_rate"", ""failed_call_count""]","{
  ""verdict"": ""MALICIOUS"",
  ""confidence"": 0.83,
  ""rationale_steps"": [
    ""Privilege state: max_uid_euid_delta is high (p98) and auid_euid_mismatch is set -- a real identity inconsistency and privilege transition."",
    ""Mechanism: is_suid_exec is not set, but exec_count is high (p73) and a shell was spawned from a service context with priv_op_count elevated -- a suspicious escalation attempt."",
    ""Behavioural anomaly: failed_call_rate is high (p98), failed_call_count is high (p98), and parent_child_rarity is near 1 -- an exec pair essentially never seen in benign activity."",
    ""Benign-explanation test: very high throughput (p98) and short lifetime (p42) argue against a routine admin script, cron job, or health-check."",
    ""Decide: the escalation mechanism and behavioural anomalies outweigh XGBoost's benign call; this supports the CNN.""
  ],
  ""key_features"": [""events_per_second"", ""seq_length"", ""auid_euid_mismatch"", ""failed_call_rate"", ""failed_call_count""],
  ""agrees_with"": ""cnn""
}"
22826,3,0,benign,0,1,0.6923177242279053,0.9917534589767456,xgb_benign_cnn_malicious,MALICIOUS,1,0.92,cnn,ok,"[""Privilege state: max_uid_euid_delta is high (p98) and auid_euid_mismatch is set -- a real identity inconsistency and privilege transition."", ""Mechanism: is_suid_exec is set and a shell was spawned from a service context with priv_op_count elevated -- a classic setuid-shell escalation."", ""Behavioural anomaly: parent_child_rarity is near 1 (essentially never seen in benign activity) and unique_syscalls is high (p98) -- an exec pair and syscall types essentially never seen in benign activity."", ""Benign-explanation test: very short lifetime (p42) and high throughput argue against a routine admin script, cron job, or health-check."", ""Decide: the escalation mechanism, sensitive-path access, and behavioural anomalies outweigh XGBoost's benign call; this supports the CNN.""]","[""unique_syscalls"", ""exec_count"", ""parent_child_rarity"", ""seq_length"", ""lifetime_seconds""]","{
  ""verdict"": ""MALICIOUS"",
  ""confidence"": 0.92,
  ""rationale_steps"": [
    ""Privilege state: max_uid_euid_delta is high (p98) and auid_euid_mismatch is set -- a real identity inconsistency and privilege transition."",
    ""Mechanism: is_suid_exec is set and a shell was spawned from a service context with priv_op_count elevated -- a classic setuid-shell escalation."",
    ""Behavioural anomaly: parent_child_rarity is near 1 (essentially never seen in benign activity) and unique_syscalls is high (p98) -- an exec pair and syscall types essentially never seen in benign activity."",
    ""Benign-explanation test: very short lifetime (p42) and high throughput argue against a routine admin script, cron job, or health-check."",
    ""Decide: the escalation mechanism, sensitive-path access, and behavioural anomalies outweigh XGBoost's benign call; this supports the CNN.""
  ],
  ""key_features"": [""unique_syscalls"", ""exec_count"", ""parent_child_rarity"", ""seq_length"", ""lifetime_seconds""],
  ""agrees_with"": ""cnn""
}"
22852,4,0,benign,0,1,0.619727611541748,0.9672528505325316,xgb_benign_cnn_malicious,MALICIOUS,1,0.92,cnn,ok,"[""Privilege state: max_uid_euid_delta is high (p99+) and auid_euid_mismatch is set -- a real identity inconsistency and privilege transition."", ""Mechanism: is_suid_exec is set and a shell was spawned from a service context with priv_op_count elevated -- a classic setuid-shell escalation."", ""Behavioural anomaly: parent_child_rarity is near 1 (essentially never seen in benign activity) and events_per_second is extremely high (p94) -- an unusual and potentially malicious process."", ""Benign-explanation test: very short lifetime (p36) and low throughput argue against a routine admin script, cron job, or health-check."", ""Decide: the escalation mechanism, sensitive-path access, and unusual process behavior outweigh XGBoost's benign call; this supports the CNN.""]","[""parent_child_rarity"", ""lifetime_seconds"", ""events_per_second"", ""max_uid_euid_delta"", ""auid_euid_mismatch""]","{
  ""verdict"": ""MALICIOUS"",
  ""confidence"": 0.92,
  ""rationale_steps"": [
    ""Privilege state: max_uid_euid_delta is high (p99+) and auid_euid_mismatch is set -- a real identity inconsistency and privilege transition."",
    ""Mechanism: is_suid_exec is set and a shell was spawned from a service context with priv_op_count elevated -- a classic setuid-shell escalation."",
    ""Behavioural anomaly: parent_child_rarity is near 1 (essentially never seen in benign activity) and events_per_second is extremely high (p94) -- an unusual and potentially malicious process."",
    ""Benign-explanation test: very short lifetime (p36) and low throughput argue against a routine admin script, cron job, or health-check."",
    ""Decide: the escalation mechanism, sensitive-path access, and unusual process behavior outweigh XGBoost's benign call; this supports the CNN.""
  ],
  ""key_features"": [""parent_child_rarity"", ""lifetime_seconds"", ""events_per_second"", ""max_uid_euid_delta"", ""auid_euid_mismatch""],
  ""agrees_with"": ""cnn""
}"
23237,3,0,benign,0,1,0.6923177242279053,0.9917534589767456,xgb_benign_cnn_malicious,MALICIOUS,1,0.92,cnn,ok,"[""Privilege state: max_uid_euid_delta is high (p98) and auid_euid_mismatch is set -- a real identity inconsistency and privilege transition."", ""Mechanism: is_suid_exec is set and a shell was spawned from a service context with priv_op_count elevated -- a classic setuid-shell escalation."", ""Behavioural anomaly: parent_child_rarity is near 1 (essentially never seen in benign activity) and unique_syscalls is high (p98) -- an exec pair and syscall types essentially never seen in benign activity."", ""Benign-explanation test: very short lifetime (p42) and high throughput argue against a routine admin script, cron job, or health-check."", ""Decide: the escalation mechanism, sensitive-path access, and behavioural anomalies outweigh XGBoost's benign call; this supports the CNN.""]","[""unique_syscalls"", ""exec_count"", ""parent_child_rarity"", ""seq_length"", ""lifetime_seconds""]","{
  ""verdict"": ""MALICIOUS"",
  ""confidence"": 0.92,
  ""rationale_steps"": [
    ""Privilege state: max_uid_euid_delta is high (p98) and auid_euid_mismatch is set -- a real identity inconsistency and privilege transition."",
    ""Mechanism: is_suid_exec is set and a shell was spawned from a service context with priv_op_count elevated -- a classic setuid-shell escalation."",
    ""Behavioural anomaly: parent_child_rarity is near 1 (essentially never seen in benign activity) and unique_syscalls is high (p98) -- an exec pair and syscall types essentially never seen in benign activity."",
    ""Benign-explanation test: very short lifetime (p42) and high throughput argue against a routine admin script, cron job, or health-check."",
    ""Decide: the escalation mechanism, sensitive-path access, and behavioural anomalies outweigh XGBoost's benign call; this supports the CNN.""
  ],
  ""key_features"": [""unique_syscalls"", ""exec_count"", ""parent_child_rarity"", ""seq_length"", ""lifetime_seconds""],
  ""agrees_with"": ""cnn""
}"
23595,4,1,T1078_Valid_Accounts,0,1,0.5382307767868042,0.9489884972572328,xgb_benign_cnn_malicious,MALICIOUS,1,0.92,cnn,ok,"[""Privilege state: max_uid_euid_delta is high (p99+) and auid_euid_mismatch is set -- a real identity inconsistency and privilege transition."", ""Mechanism: is_suid_exec is set and a shell was spawned from a service context with priv_op_count elevated -- a classic setuid-shell escalation."", ""Behavioural anomaly: parent_child_rarity is near 1 (essentially never seen in benign activity) and events_per_second is extremely high (p93) -- an unusual syscall throughput."", ""Benign-explanation test: very short lifetime (p36) and low throughput argue against a routine admin script, cron job, or health-check."", ""Decide: the escalation mechanism, sensitive-path access, and unusual syscall throughput outweigh XGBoost's benign call; this supports the CNN.""]","[""parent_child_rarity"", ""lifetime_seconds"", ""events_per_second"", ""max_uid_euid_delta"", ""auid_euid_mismatch""]","{
  ""verdict"": ""MALICIOUS"",
  ""confidence"": 0.92,
  ""rationale_steps"": [
    ""Privilege state: max_uid_euid_delta is high (p99+) and auid_euid_mismatch is set -- a real identity inconsistency and privilege transition."",
    ""Mechanism: is_suid_exec is set and a shell was spawned from a service context with priv_op_count elevated -- a classic setuid-shell escalation."",
    ""Behavioural anomaly: parent_child_rarity is near 1 (essentially never seen in benign activity) and events_per_second is extremely high (p93) -- an unusual syscall throughput."",
    ""Benign-explanation test: very short lifetime (p36) and low throughput argue against a routine admin script, cron job, or health-check."",
    ""Decide: the escalation mechanism, sensitive-path access, and unusual syscall throughput outweigh XGBoost's benign call; this supports the CNN.""
  ],
  ""key_features"": [""parent_child_rarity"", ""lifetime_seconds"", ""events_per_second"", ""max_uid_euid_delta"", ""auid_euid_mismatch""],
  ""agrees_with"": ""cnn""
}"
23767,4,0,benign,0,1,0.4626511931419372,0.7419862747192383,xgb_benign_cnn_malicious,MALICIOUS,1,0.83,cnn,ok,"[""Privilege state: max_uid_euid_delta is high (p98) and auid_euid_mismatch is set -- a real identity inconsistency and privilege transition."", ""Mechanism: is_suid_exec is not set, but exec_count is high (p73) and a shell was spawned from a service context with priv_op_count elevated -- a suspicious escalation attempt."", ""Behavioural anomaly: failed_call_rate is high (p98), failed_call_count is high (p98), and parent_child_rarity is near 1 -- an exec pair essentially never seen in benign activity."", ""Benign-explanation test: very high throughput (p98) and short lifetime (p42) argue against a routine admin script, cron job, or health-check."", ""Decide: the escalation mechanism and behavioural anomalies outweigh XGBoost's benign call; this supports the CNN.""]","[""events_per_second"", ""seq_length"", ""auid_euid_mismatch"", ""failed_call_rate"", ""failed_call_count""]","{
  ""verdict"": ""MALICIOUS"",
  ""confidence"": 0.83,
  ""rationale_steps"": [
    ""Privilege state: max_uid_euid_delta is high (p98) and auid_euid_mismatch is set -- a real identity inconsistency and privilege transition."",
    ""Mechanism: is_suid_exec is not set, but exec_count is high (p73) and a shell was spawned from a service context with priv_op_count elevated -- a suspicious escalation attempt."",
    ""Behavioural anomaly: failed_call_rate is high (p98), failed_call_count is high (p98), and parent_child_rarity is near 1 -- an exec pair essentially never seen in benign activity."",
    ""Benign-explanation test: very high throughput (p98) and short lifetime (p42) argue against a routine admin script, cron job, or health-check."",
    ""Decide: the escalation mechanism and behavioural anomalies outweigh XGBoost's benign call; this supports the CNN.""
  ],
  ""key_features"": [""events_per_second"", ""seq_length"", ""auid_euid_mismatch"", ""failed_call_rate"", ""failed_call_count""],
  ""agrees_with"": ""cnn""
}"
23865,4,0,benign,0,1,0.4626511931419372,0.7419862747192383,xgb_benign_cnn_malicious,MALICIOUS,1,0.83,cnn,ok,"[""Privilege state: auid_euid_mismatch is set, indicating an identity inconsistency, but max_uid_euid_delta is low, suggesting no genuine UID/EUID transition."", ""Mechanism: is_suid_exec is not set, but exec_count is elevated, which could indicate an unusual exec chain."", ""Behavioural anomaly: failed_call_rate and failed_call_count are both high, indicating a high rate of failed syscalls, and parent_child_rarity is near 1, indicating a rare parent->child exec pair."", ""Benign-explanation test: the short lifetime and high throughput do not strongly suggest a routine admin script, cron job, or health-check."", ""Decide: the combination of failed_call_rate, failed_call_count, and parent_child_rarity outweighs XGBoost's benign call, supporting CNN's flag on this one feature.""]","[""events_per_second"", ""seq_length"", ""auid_euid_mismatch"", ""failed_call_rate"", ""failed_call_count""]","{
  ""verdict"": ""MALICIOUS"",
  ""confidence"": 0.83,
  ""rationale_steps"": [
    ""Privilege state: auid_euid_mismatch is set, indicating an identity inconsistency, but max_uid_euid_delta is low, suggesting no genuine UID/EUID transition."",
    ""Mechanism: is_suid_exec is not set, but exec_count is elevated, which could indicate an unusual exec chain."",
    ""Behavioural anomaly: failed_call_rate and failed_call_count are both high, indicating a high rate of failed syscalls, and parent_child_rarity is near 1, indicating a rare parent->child exec pair."",
    ""Benign-explanation test: the short lifetime and high throughput do not strongly suggest a routine admin script, cron job, or health-check."",
    ""Decide: the combination of failed_call_rate, failed_call_count, and parent_child_rarity outweighs XGBoost's benign call, supporting CNN's flag on this one feature.""
  ],
  ""key_features"": [""events_per_second"", ""seq_length"", ""auid_euid_mismatch"", ""failed_call_rate"", ""failed_call_count""],
  ""agrees_with"": ""cnn""
}"
23992,3,0,benign,0,1,0.6923177242279053,0.9917534589767456,xgb_benign_cnn_malicious,MALICIOUS,1,0.92,cnn,ok,"[""Privilege state: max_uid_euid_delta is high (p98) and auid_euid_mismatch is set -- a real identity inconsistency and privilege transition."", ""Mechanism: is_suid_exec is set and a shell was spawned from a service context with priv_op_count elevated -- a classic setuid-shell escalation."", ""Behavioural anomaly: parent_child_rarity is near 1 (essentially never seen in benign activity) and unique_syscalls is high (p98) -- an exec pair and syscall types essentially never seen in benign activity."", ""Benign-explanation test: very short lifetime (p42) and high throughput argue against a routine admin script, cron job, or health-check."", ""Decide: the escalation mechanism, sensitive-path access, and behavioural anomalies outweigh XGBoost's benign call; this supports the CNN.""]","[""unique_syscalls"", ""exec_count"", ""parent_child_rarity"", ""seq_length"", ""lifetime_seconds""]","{
  ""verdict"": ""MALICIOUS"",
  ""confidence"": 0.92,
  ""rationale_steps"": [
    ""Privilege state: max_uid_euid_delta is high (p98) and auid_euid_mismatch is set -- a real identity inconsistency and privilege transition."",
    ""Mechanism: is_suid_exec is set and a shell was spawned from a service context with priv_op_count elevated -- a classic setuid-shell escalation."",
    ""Behavioural anomaly: parent_child_rarity is near 1 (essentially never seen in benign activity) and unique_syscalls is high (p98) -- an exec pair and syscall types essentially never seen in benign activity."",
    ""Benign-explanation test: very short lifetime (p42) and high throughput argue against a routine admin script, cron job, or health-check."",
    ""Decide: the escalation mechanism, sensitive-path access, and behavioural anomalies outweigh XGBoost's benign call; this supports the CNN.""
  ],
  ""key_features"": [""unique_syscalls"", ""exec_count"", ""parent_child_rarity"", ""seq_length"", ""lifetime_seconds""],
  ""agrees_with"": ""cnn""
}"
24012,4,0,benign,0,1,0.4626511931419372,0.7419862747192383,xgb_benign_cnn_malicious,MALICIOUS,1,0.83,cnn,ok,"[""Privilege state: max_uid_euid_delta is high (p98) and auid_euid_mismatch is set -- a real identity inconsistency and privilege transition."", ""Mechanism: is_suid_exec is not set, but exec_count is high (p73) and a shell was spawned from a service context with priv_op_count elevated -- a suspicious escalation attempt."", ""Behavioural anomaly: failed_call_rate is high (p98), failed_call_count is high (p98), and parent_child_rarity is near 1 -- an exec pair essentially never seen in benign activity."", ""Benign-explanation test: very high throughput (p98) and short lifetime (p42) argue against a routine admin script, cron job, or health-check."", ""Decide: the escalation mechanism and behavioural anomalies outweigh XGBoost's benign call; this supports the CNN.""]","[""events_per_second"", ""seq_length"", ""auid_euid_mismatch"", ""failed_call_rate"", ""failed_call_count""]","{
  ""verdict"": ""MALICIOUS"",
  ""confidence"": 0.83,
  ""rationale_steps"": [
    ""Privilege state: max_uid_euid_delta is high (p98) and auid_euid_mismatch is set -- a real identity inconsistency and privilege transition."",
    ""Mechanism: is_suid_exec is not set, but exec_count is high (p73) and a shell was spawned from a service context with priv_op_count elevated -- a suspicious escalation attempt."",
    ""Behavioural anomaly: failed_call_rate is high (p98), failed_call_count is high (p98), and parent_child_rarity is near 1 -- an exec pair essentially never seen in benign activity."",
    ""Benign-explanation test: very high throughput (p98) and short lifetime (p42) argue against a routine admin script, cron job, or health-check."",
    ""Decide: the escalation mechanism and behavioural anomalies outweigh XGBoost's benign call; this supports the CNN.""
  ],
  ""key_features"": [""events_per_second"", ""seq_length"", ""auid_euid_mismatch"", ""failed_call_rate"", ""failed_call_count""],
  ""agrees_with"": ""cnn""
}"
24541,4,0,benign,0,1,0.619727611541748,0.9672528505325316,xgb_benign_cnn_malicious,MALICIOUS,1,0.92,cnn,ok,"[""Privilege state: max_uid_euid_delta is high (p99+) and auid_euid_mismatch is set -- a real identity inconsistency and privilege transition."", ""Mechanism: is_suid_exec is set and a shell was spawned from a service context with priv_op_count elevated -- a classic setuid-shell escalation."", ""Behavioural anomaly: parent_child_rarity is near 1 (essentially never seen in benign activity) and events_per_second is extremely high (p94) -- an unusual and potentially malicious process."", ""Benign-explanation test: very short lifetime (p36) and low throughput argue against a routine admin script, cron job, or health-check."", ""Decide: the escalation mechanism, sensitive-path access, and unusual process behavior outweigh XGBoost's benign call; this supports the CNN.""]","[""parent_child_rarity"", ""lifetime_seconds"", ""events_per_second"", ""max_uid_euid_delta"", ""auid_euid_mismatch""]","{
  ""verdict"": ""MALICIOUS"",
  ""confidence"": 0.92,
  ""rationale_steps"": [
    ""Privilege state: max_uid_euid_delta is high (p99+) and auid_euid_mismatch is set -- a real identity inconsistency and privilege transition."",
    ""Mechanism: is_suid_exec is set and a shell was spawned from a service context with priv_op_count elevated -- a classic setuid-shell escalation."",
    ""Behavioural anomaly: parent_child_rarity is near 1 (essentially never seen in benign activity) and events_per_second is extremely high (p94) -- an unusual and potentially malicious process."",
    ""Benign-explanation test: very short lifetime (p36) and low throughput argue against a routine admin script, cron job, or health-check."",
    ""Decide: the escalation mechanism, sensitive-path access, and unusual process behavior outweigh XGBoost's benign call; this supports the CNN.""
  ],
  ""key_features"": [""parent_child_rarity"", ""lifetime_seconds"", ""events_per_second"", ""max_uid_euid_delta"", ""auid_euid_mismatch""],
  ""agrees_with"": ""cnn""
}"
24766,4,0,benign,0,1,0.5382307767868042,0.9489884972572328,xgb_benign_cnn_malicious,MALICIOUS,1,0.92,cnn,ok,"[""Privilege state: max_uid_euid_delta is high (p99+) and auid_euid_mismatch is set -- a real identity inconsistency and privilege transition."", ""Mechanism: is_suid_exec is set and a shell was spawned from a service context with priv_op_count elevated -- a classic setuid-shell escalation."", ""Behavioural anomaly: parent_child_rarity is near 1 (essentially never seen in benign activity) and events_per_second is extremely high (p93) -- an unusual syscall throughput."", ""Benign-explanation test: very short lifetime (p36) and low throughput argue against a routine admin script, cron job, or health-check."", ""Decide: the escalation mechanism, sensitive-path access, and unusual syscall throughput outweigh XGBoost's benign call; this supports the CNN.""]","[""parent_child_rarity"", ""lifetime_seconds"", ""events_per_second"", ""max_uid_euid_delta"", ""auid_euid_mismatch""]","{
  ""verdict"": ""MALICIOUS"",
  ""confidence"": 0.92,
  ""rationale_steps"": [
    ""Privilege state: max_uid_euid_delta is high (p99+) and auid_euid_mismatch is set -- a real identity inconsistency and privilege transition."",
    ""Mechanism: is_suid_exec is set and a shell was spawned from a service context with priv_op_count elevated -- a classic setuid-shell escalation."",
    ""Behavioural anomaly: parent_child_rarity is near 1 (essentially never seen in benign activity) and events_per_second is extremely high (p93) -- an unusual syscall throughput."",
    ""Benign-explanation test: very short lifetime (p36) and low throughput argue against a routine admin script, cron job, or health-check."",
    ""Decide: the escalation mechanism, sensitive-path access, and unusual syscall throughput outweigh XGBoost's benign call; this supports the CNN.""
  ],
  ""key_features"": [""parent_child_rarity"", ""lifetime_seconds"", ""events_per_second"", ""max_uid_euid_delta"", ""auid_euid_mismatch""],
  ""agrees_with"": ""cnn""
}"
24797,4,0,benign,0,1,0.5382307767868042,0.9489884972572328,xgb_benign_cnn_malicious,MALICIOUS,1,0.92,cnn,ok,"[""Privilege state: max_uid_euid_delta is high (p99+) and auid_euid_mismatch is set -- a real identity inconsistency and privilege transition."", ""Mechanism: is_suid_exec is set and a shell was spawned from a service context with priv_op_count elevated -- a classic setuid-shell escalation."", ""Behavioural anomaly: parent_child_rarity is near 1 (essentially never seen in benign activity) and events_per_second is extremely high (p93) -- an unusual syscall throughput."", ""Benign-explanation test: very short lifetime (p36) and low throughput argue against a routine admin script, cron job, or health-check."", ""Decide: the escalation mechanism, sensitive-path access, and unusual syscall throughput outweigh XGBoost's benign call; this supports the CNN.""]","[""parent_child_rarity"", ""lifetime_seconds"", ""events_per_second"", ""max_uid_euid_delta"", ""auid_euid_mismatch""]","{
  ""verdict"": ""MALICIOUS"",
  ""confidence"": 0.92,
  ""rationale_steps"": [
    ""Privilege state: max_uid_euid_delta is high (p99+) and auid_euid_mismatch is set -- a real identity inconsistency and privilege transition."",
    ""Mechanism: is_suid_exec is set and a shell was spawned from a service context with priv_op_count elevated -- a classic setuid-shell escalation."",
    ""Behavioural anomaly: parent_child_rarity is near 1 (essentially never seen in benign activity) and events_per_second is extremely high (p93) -- an unusual syscall throughput."",
    ""Benign-explanation test: very short lifetime (p36) and low throughput argue against a routine admin script, cron job, or health-check."",
    ""Decide: the escalation mechanism, sensitive-path access, and unusual syscall throughput outweigh XGBoost's benign call; this supports the CNN.""
  ],
  ""key_features"": [""parent_child_rarity"", ""lifetime_seconds"", ""events_per_second"", ""max_uid_euid_delta"", ""auid_euid_mismatch""],
  ""agrees_with"": ""cnn""
}"
24871,1,0,benign,0,1,0.6132968664169312,0.9286623001098632,xgb_benign_cnn_malicious,MALICIOUS,1,0.93,cnn,ok,"[""Privilege state: uid_changed is set, indicating a genuine UID transition, and auid_euid_mismatch is set, indicating an identity inconsistency."", ""Mechanism: exec_count is elevated, indicating a potential escalation attempt, and shell_from_service is set, but without is_suid_exec or elevated priv_op_count, it's a weak signal."", ""Behavioural anomaly: failed_call_rate is high, indicating a potential error-prone process, and parent_child_rarity is near 1, indicating an exec pair essentially never seen in benign activity."", ""Benign-explanation test: very short lifetime (p88) and high throughput argue against a routine admin script, cron job, or health-check."", ""Decide: the privilege transition, elevated exec count, and behavioural anomalies outweigh XGBoost's benign call; this supports the CNN.""]","[""uid_changed"", ""lifetime_seconds"", ""events_per_second"", ""failed_call_rate"", ""exec_count""]","{
  ""verdict"": ""MALICIOUS"",
  ""confidence"": 0.93,
  ""rationale_steps"": [
    ""Privilege state: uid_changed is set, indicating a genuine UID transition, and auid_euid_mismatch is set, indicating an identity inconsistency."",
    ""Mechanism: exec_count is elevated, indicating a potential escalation attempt, and shell_from_service is set, but without is_suid_exec or elevated priv_op_count, it's a weak signal."",
    ""Behavioural anomaly: failed_call_rate is high, indicating a potential error-prone process, and parent_child_rarity is near 1, indicating an exec pair essentially never seen in benign activity."",
    ""Benign-explanation test: very short lifetime (p88) and high throughput argue against a routine admin script, cron job, or health-check."",
    ""Decide: the privilege transition, elevated exec count, and behavioural anomalies outweigh XGBoost's benign call; this supports the CNN.""
  ],
  ""key_features"": [""uid_changed"", ""lifetime_seconds"", ""events_per_second"", ""failed_call_rate"", ""exec_count""],
  ""agrees_with"": ""cnn""
}"
24951,4,0,benign,0,1,0.4626511931419372,0.7419862747192383,xgb_benign_cnn_malicious,MALICIOUS,1,0.83,cnn,ok,"[""Privilege state: max_uid_euid_delta is high (p98) and auid_euid_mismatch is set -- a real identity inconsistency and privilege transition."", ""Mechanism: is_suid_exec is not set, but exec_count is high (p73) and a shell was spawned from a service context with priv_op_count elevated -- a suspicious escalation attempt."", ""Behavioural anomaly: failed_call_rate is high (p98), failed_call_count is high (p98), and parent_child_rarity is near 1 -- an exec pair essentially never seen in benign activity."", ""Benign-explanation test: very high throughput (p98) and short lifetime (p42) argue against a routine admin script, cron job, or health-check."", ""Decide: the escalation mechanism and behavioural anomalies outweigh XGBoost's benign call; this supports the CNN.""]","[""events_per_second"", ""seq_length"", ""auid_euid_mismatch"", ""failed_call_rate"", ""failed_call_count""]","{
  ""verdict"": ""MALICIOUS"",
  ""confidence"": 0.83,
  ""rationale_steps"": [
    ""Privilege state: max_uid_euid_delta is high (p98) and auid_euid_mismatch is set -- a real identity inconsistency and privilege transition."",
    ""Mechanism: is_suid_exec is not set, but exec_count is high (p73) and a shell was spawned from a service context with priv_op_count elevated -- a suspicious escalation attempt."",
    ""Behavioural anomaly: failed_call_rate is high (p98), failed_call_count is high (p98), and parent_child_rarity is near 1 -- an exec pair essentially never seen in benign activity."",
    ""Benign-explanation test: very high throughput (p98) and short lifetime (p42) argue against a routine admin script, cron job, or health-check."",
    ""Decide: the escalation mechanism and behavioural anomalies outweigh XGBoost's benign call; this supports the CNN.""
  ],
  ""key_features"": [""events_per_second"", ""seq_length"", ""auid_euid_mismatch"", ""failed_call_rate"", ""failed_call_count""],
  ""agrees_with"": ""cnn""
}"
25091,4,1,T1078_Valid_Accounts,0,1,0.3245709240436554,0.9654507040977478,xgb_benign_cnn_malicious,MALICIOUS,1,0.92,cnn,ok,"[""Privilege state: max_uid_euid_delta is high (p99+) and auid_euid_mismatch is set -- a real identity inconsistency and privilege transition."", ""Mechanism: is_suid_exec is set and a shell was spawned from a service context with priv_op_count elevated -- a classic setuid-shell escalation."", ""Behavioural anomaly: parent_child_rarity is near 1 (essentially never seen in benign activity) and events_per_second is extremely high (p93) -- an unusual and potentially malicious process."", ""Benign-explanation test: very short lifetime (p36) and low throughput argue against a routine admin script, cron job, or health-check."", ""Decide: the escalation mechanism, sensitive-path access, and unusual behavioural features outweigh XGBoost's benign call; this supports the CNN.""]","[""parent_child_rarity"", ""lifetime_seconds"", ""events_per_second"", ""max_uid_euid_delta"", ""auid_euid_mismatch""]","{
  ""verdict"": ""MALICIOUS"",
  ""confidence"": 0.92,
  ""rationale_steps"": [
    ""Privilege state: max_uid_euid_delta is high (p99+) and auid_euid_mismatch is set -- a real identity inconsistency and privilege transition."",
    ""Mechanism: is_suid_exec is set and a shell was spawned from a service context with priv_op_count elevated -- a classic setuid-shell escalation."",
    ""Behavioural anomaly: parent_child_rarity is near 1 (essentially never seen in benign activity) and events_per_second is extremely high (p93) -- an unusual and potentially malicious process."",
    ""Benign-explanation test: very short lifetime (p36) and low throughput argue against a routine admin script, cron job, or health-check."",
    ""Decide: the escalation mechanism, sensitive-path access, and unusual behavioural features outweigh XGBoost's benign call; this supports the CNN.""
  ],
  ""key_features"": [""parent_child_rarity"", ""lifetime_seconds"", ""events_per_second"", ""max_uid_euid_delta"", ""auid_euid_mismatch""],
  ""agrees_with"": ""cnn""
}"
25281,4,0,benign,0,1,0.4626511931419372,0.7419862747192383,xgb_benign_cnn_malicious,MALICIOUS,1,0.83,cnn,ok,"[""Privilege state: max_uid_euid_delta is high (p98) and auid_euid_mismatch is set -- a real identity inconsistency and privilege transition."", ""Mechanism: is_suid_exec is not set, but exec_count is high (p73) and a shell was spawned from a service context with priv_op_count elevated -- a suspicious escalation attempt."", ""Behavioural anomaly: failed_call_rate is high (p98), failed_call_count is high (p98), and parent_child_rarity is near 1 -- an exec pair essentially never seen in benign activity."", ""Benign-explanation test: very high throughput (p98) and short lifetime (p42) argue against a routine admin script, cron job, or health-check."", ""Decide: the escalation mechanism and behavioural anomalies outweigh XGBoost's benign call; this supports the CNN.""]","[""events_per_second"", ""seq_length"", ""auid_euid_mismatch"", ""failed_call_rate"", ""failed_call_count""]","{
  ""verdict"": ""MALICIOUS"",
  ""confidence"": 0.83,
  ""rationale_steps"": [
    ""Privilege state: max_uid_euid_delta is high (p98) and auid_euid_mismatch is set -- a real identity inconsistency and privilege transition."",
    ""Mechanism: is_suid_exec is not set, but exec_count is high (p73) and a shell was spawned from a service context with priv_op_count elevated -- a suspicious escalation attempt."",
    ""Behavioural anomaly: failed_call_rate is high (p98), failed_call_count is high (p98), and parent_child_rarity is near 1 -- an exec pair essentially never seen in benign activity."",
    ""Benign-explanation test: very high throughput (p98) and short lifetime (p42) argue against a routine admin script, cron job, or health-check."",
    ""Decide: the escalation mechanism and behavioural anomalies outweigh XGBoost's benign call; this supports the CNN.""
  ],
  ""key_features"": [""events_per_second"", ""seq_length"", ""auid_euid_mismatch"", ""failed_call_rate"", ""failed_call_count""],
  ""agrees_with"": ""cnn""
}"
25400,4,0,benign,0,1,0.4626511931419372,0.7419862747192383,xgb_benign_cnn_malicious,MALICIOUS,1,0.83,cnn,ok,"[""Privilege state: auid_euid_mismatch is set, indicating an identity inconsistency, but max_uid_euid_delta is low, suggesting no genuine UID/EUID transition."", ""Mechanism: is_suid_exec is not set, but exec_count is elevated, which could indicate an unusual exec chain."", ""Behavioural anomaly: failed_call_rate and failed_call_count are both high, indicating a high rate of failed syscalls, and parent_child_rarity is near 1, indicating a rare parent->child exec pair."", ""Benign-explanation test: the short lifetime and high throughput do not strongly suggest a routine admin script, cron job, or health-check."", ""Decide: the combination of failed_call_rate, failed_call_count, and parent_child_rarity outweighs XGBoost's benign call, supporting CNN's flag on this one feature.""]","[""events_per_second"", ""seq_length"", ""auid_euid_mismatch"", ""failed_call_rate"", ""failed_call_count""]","{
  ""verdict"": ""MALICIOUS"",
  ""confidence"": 0.83,
  ""rationale_steps"": [
    ""Privilege state: auid_euid_mismatch is set, indicating an identity inconsistency, but max_uid_euid_delta is low, suggesting no genuine UID/EUID transition."",
    ""Mechanism: is_suid_exec is not set, but exec_count is elevated, which could indicate an unusual exec chain."",
    ""Behavioural anomaly: failed_call_rate and failed_call_count are both high, indicating a high rate of failed syscalls, and parent_child_rarity is near 1, indicating a rare parent->child exec pair."",
    ""Benign-explanation test: the short lifetime and high throughput do not strongly suggest a routine admin script, cron job, or health-check."",
    ""Decide: the combination of failed_call_rate, failed_call_count, and parent_child_rarity outweighs XGBoost's benign call, supporting CNN's flag on this one feature.""
  ],
  ""key_features"": [""events_per_second"", ""seq_length"", ""auid_euid_mismatch"", ""failed_call_rate"", ""failed_call_count""],
  ""agrees_with"": ""cnn""
}"
25547,4,0,benign,0,1,0.5382307767868042,0.9489884972572328,xgb_benign_cnn_malicious,MALICIOUS,1,0.92,cnn,ok,"[""Privilege state: max_uid_euid_delta is high (p99+) and auid_euid_mismatch is set -- a real identity inconsistency and privilege transition."", ""Mechanism: is_suid_exec is set and a shell was spawned from a service context with priv_op_count elevated -- a classic setuid-shell escalation."", ""Behavioural anomaly: parent_child_rarity is near 1 (essentially never seen in benign activity) and events_per_second is extremely high (p93) -- an unusual syscall throughput."", ""Benign-explanation test: very short lifetime (p36) and low throughput argue against a routine admin script, cron job, or health-check."", ""Decide: the escalation mechanism, sensitive-path access, and unusual syscall throughput outweigh XGBoost's benign call; this supports the CNN.""]","[""parent_child_rarity"", ""lifetime_seconds"", ""events_per_second"", ""max_uid_euid_delta"", ""auid_euid_mismatch""]","{
  ""verdict"": ""MALICIOUS"",
  ""confidence"": 0.92,
  ""rationale_steps"": [
    ""Privilege state: max_uid_euid_delta is high (p99+) and auid_euid_mismatch is set -- a real identity inconsistency and privilege transition."",
    ""Mechanism: is_suid_exec is set and a shell was spawned from a service context with priv_op_count elevated -- a classic setuid-shell escalation."",
    ""Behavioural anomaly: parent_child_rarity is near 1 (essentially never seen in benign activity) and events_per_second is extremely high (p93) -- an unusual syscall throughput."",
    ""Benign-explanation test: very short lifetime (p36) and low throughput argue against a routine admin script, cron job, or health-check."",
    ""Decide: the escalation mechanism, sensitive-path access, and unusual syscall throughput outweigh XGBoost's benign call; this supports the CNN.""
  ],
  ""key_features"": [""parent_child_rarity"", ""lifetime_seconds"", ""events_per_second"", ""max_uid_euid_delta"", ""auid_euid_mismatch""],
  ""agrees_with"": ""cnn""
}"
25754,4,0,benign,0,1,0.4626511931419372,0.7419862747192383,xgb_benign_cnn_malicious,MALICIOUS,1,0.83,cnn,ok,"[""Privilege state: max_uid_euid_delta is high (p98) and auid_euid_mismatch is set -- a real identity inconsistency and privilege transition."", ""Mechanism: is_suid_exec is not set, but exec_count is high (p73) and a shell was spawned from a service context with priv_op_count elevated -- a suspicious escalation attempt."", ""Behavioural anomaly: failed_call_rate is high (p98), failed_call_count is high (p98), and parent_child_rarity is near 1 -- an exec pair essentially never seen in benign activity."", ""Benign-explanation test: very high throughput (p98) and short lifetime (p42) argue against a routine admin script, cron job, or health-check."", ""Decide: the escalation mechanism and behavioural anomalies outweigh XGBoost's benign call; this supports the CNN.""]","[""events_per_second"", ""seq_length"", ""auid_euid_mismatch"", ""failed_call_rate"", ""failed_call_count""]","{
  ""verdict"": ""MALICIOUS"",
  ""confidence"": 0.83,
  ""rationale_steps"": [
    ""Privilege state: max_uid_euid_delta is high (p98) and auid_euid_mismatch is set -- a real identity inconsistency and privilege transition."",
    ""Mechanism: is_suid_exec is not set, but exec_count is high (p73) and a shell was spawned from a service context with priv_op_count elevated -- a suspicious escalation attempt."",
    ""Behavioural anomaly: failed_call_rate is high (p98), failed_call_count is high (p98), and parent_child_rarity is near 1 -- an exec pair essentially never seen in benign activity."",
    ""Benign-explanation test: very high throughput (p98) and short lifetime (p42) argue against a routine admin script, cron job, or health-check."",
    ""Decide: the escalation mechanism and behavioural anomalies outweigh XGBoost's benign call; this supports the CNN.""
  ],
  ""key_features"": [""events_per_second"", ""seq_length"", ""auid_euid_mismatch"", ""failed_call_rate"", ""failed_call_count""],
  ""agrees_with"": ""cnn""
}"
25887,4,0,benign,0,1,0.4626511931419372,0.7419862747192383,xgb_benign_cnn_malicious,MALICIOUS,1,0.83,cnn,ok,"[""Privilege state: auid_euid_mismatch is set, indicating an identity inconsistency, but max_uid_euid_delta is low, suggesting no genuine UID/EUID transition."", ""Mechanism: is_suid_exec is not set, but exec_count is elevated, which could indicate an unusual exec chain."", ""Behavioural anomaly: failed_call_rate and failed_call_count are both high, indicating a high rate of failed syscalls, and parent_child_rarity is near 1, indicating a rare parent->child exec pair."", ""Benign-explanation test: the short lifetime and high throughput do not strongly suggest a routine admin script, cron job, or health-check."", ""Decide: the combination of failed_call_rate, failed_call_count, and parent_child_rarity outweighs XGBoost's benign call, supporting CNN's flag on this one feature.""]","[""events_per_second"", ""seq_length"", ""auid_euid_mismatch"", ""failed_call_rate"", ""failed_call_count""]","{
  ""verdict"": ""MALICIOUS"",
  ""confidence"": 0.83,
  ""rationale_steps"": [
    ""Privilege state: auid_euid_mismatch is set, indicating an identity inconsistency, but max_uid_euid_delta is low, suggesting no genuine UID/EUID transition."",
    ""Mechanism: is_suid_exec is not set, but exec_count is elevated, which could indicate an unusual exec chain."",
    ""Behavioural anomaly: failed_call_rate and failed_call_count are both high, indicating a high rate of failed syscalls, and parent_child_rarity is near 1, indicating a rare parent->child exec pair."",
    ""Benign-explanation test: the short lifetime and high throughput do not strongly suggest a routine admin script, cron job, or health-check."",
    ""Decide: the combination of failed_call_rate, failed_call_count, and parent_child_rarity outweighs XGBoost's benign call, supporting CNN's flag on this one feature.""
  ],
  ""key_features"": [""events_per_second"", ""seq_length"", ""auid_euid_mismatch"", ""failed_call_rate"", ""failed_call_count""],
  ""agrees_with"": ""cnn""
}"
25894,4,0,benign,0,1,0.5974626541137695,0.8567609786987305,xgb_benign_cnn_malicious,MALICIOUS,1,0.86,cnn,ok,"[""Privilege state: auid_euid_mismatch is set, but max_uid_euid_delta is low -- a potential identity inconsistency without a clear privilege transition."", ""Mechanism: is_suid_exec is set, but without a clear escalation mechanism or elevated priv_op_count, it's a weak signal on its own."", ""Behavioural anomaly: parent_child_rarity is near 1 (a common, previously-seen exec pair) and no sensitive-path access -- not the profile of a novel attack chain."", ""Benign-explanation test: very high throughput (p99+) and short lifetime (p42) argue against a routine admin script, cron job, or health-check."", ""Decide: the escalation mechanism and potential identity inconsistency outweigh XGBoost's benign call; this supports the CNN.""]","[""events_per_second"", ""seq_length"", ""failed_call_count"", ""exec_count"", ""parent_child_rarity""]","{
  ""verdict"": ""MALICIOUS"",
  ""confidence"": 0.86,
  ""rationale_steps"": [
    ""Privilege state: auid_euid_mismatch is set, but max_uid_euid_delta is low -- a potential identity inconsistency without a clear privilege transition."",
    ""Mechanism: is_suid_exec is set, but without a clear escalation mechanism or elevated priv_op_count, it's a weak signal on its own."",
    ""Behavioural anomaly: parent_child_rarity is near 1 (a common, previously-seen exec pair) and no sensitive-path access -- not the profile of a novel attack chain."",
    ""Benign-explanation test: very high throughput (p99+) and short lifetime (p42) argue against a routine admin script, cron job, or health-check."",
    ""Decide: the escalation mechanism and potential identity inconsistency outweigh XGBoost's benign call; this supports the CNN.""
  ],
  ""key_features"": [""events_per_second"", ""seq_length"", ""failed_call_count"", ""exec_count"", ""parent_child_rarity""],
  ""agrees_with"": ""cnn""
}"
25916,4,0,benign,0,1,0.5382307767868042,0.9489884972572328,xgb_benign_cnn_malicious,MALICIOUS,1,0.92,cnn,ok,"[""Privilege state: max_uid_euid_delta is high (p99+) and auid_euid_mismatch is set -- a real identity inconsistency and privilege transition."", ""Mechanism: is_suid_exec is set and a shell was spawned from a service context with priv_op_count elevated -- a classic setuid-shell escalation."", ""Behavioural anomaly: parent_child_rarity is near 1 (essentially never seen in benign activity) and events_per_second is extremely high (p93) -- an unusual syscall throughput."", ""Benign-explanation test: very short lifetime (p36) and low throughput argue against a routine admin script, cron job, or health-check."", ""Decide: the escalation mechanism, sensitive-path access, and unusual syscall throughput outweigh XGBoost's benign call; this supports the CNN.""]","[""parent_child_rarity"", ""lifetime_seconds"", ""events_per_second"", ""max_uid_euid_delta"", ""auid_euid_mismatch""]","{
  ""verdict"": ""MALICIOUS"",
  ""confidence"": 0.92,
  ""rationale_steps"": [
    ""Privilege state: max_uid_euid_delta is high (p99+) and auid_euid_mismatch is set -- a real identity inconsistency and privilege transition."",
    ""Mechanism: is_suid_exec is set and a shell was spawned from a service context with priv_op_count elevated -- a classic setuid-shell escalation."",
    ""Behavioural anomaly: parent_child_rarity is near 1 (essentially never seen in benign activity) and events_per_second is extremely high (p93) -- an unusual syscall throughput."",
    ""Benign-explanation test: very short lifetime (p36) and low throughput argue against a routine admin script, cron job, or health-check."",
    ""Decide: the escalation mechanism, sensitive-path access, and unusual syscall throughput outweigh XGBoost's benign call; this supports the CNN.""
  ],
  ""key_features"": [""parent_child_rarity"", ""lifetime_seconds"", ""events_per_second"", ""max_uid_euid_delta"", ""auid_euid_mismatch""],
  ""agrees_with"": ""cnn""
}"
26066,4,1,T1078_Valid_Accounts,0,1,0.612684965133667,0.7579640746116638,xgb_benign_cnn_malicious,MALICIOUS,1,0.83,cnn,ok,"[""Privilege state: auid_euid_mismatch is set, indicating an identity inconsistency, but max_uid_euid_delta is low, suggesting no genuine UID/EUID transition."", ""Mechanism: is_suid_exec is not set, but exec_count is high, indicating a potential escalation attempt."", ""Behavioural anomaly: events_per_second is extremely high, indicating a potential attack, and parent_child_rarity is near 1, indicating a rare exec pair."", ""Benign-explanation test: the short lifetime and high throughput make it unlikely to be a routine admin script, cron job, or health-check."", ""Decide: the high syscall throughput and rare exec pair outweigh XGBoost's benign call; this supports the CNN.""]","[""events_per_second"", ""seq_length"", ""auid_euid_mismatch"", ""failed_call_count"", ""exec_count""]","{
  ""verdict"": ""MALICIOUS"",
  ""confidence"": 0.83,
  ""rationale_steps"": [
    ""Privilege state: auid_euid_mismatch is set, indicating an identity inconsistency, but max_uid_euid_delta is low, suggesting no genuine UID/EUID transition."",
    ""Mechanism: is_suid_exec is not set, but exec_count is high, indicating a potential escalation attempt."",
    ""Behavioural anomaly: events_per_second is extremely high, indicating a potential attack, and parent_child_rarity is near 1, indicating a rare exec pair."",
    ""Benign-explanation test: the short lifetime and high throughput make it unlikely to be a routine admin script, cron job, or health-check."",
    ""Decide: the high syscall throughput and rare exec pair outweigh XGBoost's benign call; this supports the CNN.""
  ],
  ""key_features"": [""events_per_second"", ""seq_length"", ""auid_euid_mismatch"", ""failed_call_count"", ""exec_count""],
  ""agrees_with"": ""cnn""
}"
26258,3,0,benign,0,1,0.6923177242279053,0.9917534589767456,xgb_benign_cnn_malicious,MALICIOUS,1,0.92,cnn,ok,"[""Privilege state: max_uid_euid_delta is high (p98) and auid_euid_mismatch is set -- a real identity inconsistency and privilege transition."", ""Mechanism: is_suid_exec is set and a shell was spawned from a service context with priv_op_count elevated -- a classic setuid-shell escalation."", ""Behavioural anomaly: parent_child_rarity is near 1 (essentially never seen in benign activity) and unique_syscalls is high (p98) -- an exec pair and syscall types essentially never seen in benign activity."", ""Benign-explanation test: very short lifetime (p42) and high throughput argue against a routine admin script, cron job, or health-check."", ""Decide: the escalation mechanism, sensitive-path access, and behavioural anomalies outweigh XGBoost's benign call; this supports the CNN.""]","[""unique_syscalls"", ""exec_count"", ""parent_child_rarity"", ""seq_length"", ""lifetime_seconds""]","{
  ""verdict"": ""MALICIOUS"",
  ""confidence"": 0.92,
  ""rationale_steps"": [
    ""Privilege state: max_uid_euid_delta is high (p98) and auid_euid_mismatch is set -- a real identity inconsistency and privilege transition."",
    ""Mechanism: is_suid_exec is set and a shell was spawned from a service context with priv_op_count elevated -- a classic setuid-shell escalation."",
    ""Behavioural anomaly: parent_child_rarity is near 1 (essentially never seen in benign activity) and unique_syscalls is high (p98) -- an exec pair and syscall types essentially never seen in benign activity."",
    ""Benign-explanation test: very short lifetime (p42) and high throughput argue against a routine admin script, cron job, or health-check."",
    ""Decide: the escalation mechanism, sensitive-path access, and behavioural anomalies outweigh XGBoost's benign call; this supports the CNN.""
  ],
  ""key_features"": [""unique_syscalls"", ""exec_count"", ""parent_child_rarity"", ""seq_length"", ""lifetime_seconds""],
  ""agrees_with"": ""cnn""
}"
26279,4,0,benign,0,1,0.4626511931419372,0.7419862747192383,xgb_benign_cnn_malicious,MALICIOUS,1,0.83,cnn,ok,"[""Privilege state: max_uid_euid_delta is high (p98) and auid_euid_mismatch is set -- a real identity inconsistency and privilege transition."", ""Mechanism: is_suid_exec is not set, but exec_count is high (p73) and a shell was spawned from a service context with priv_op_count elevated -- a suspicious escalation attempt."", ""Behavioural anomaly: failed_call_rate is high (p98), failed_call_count is high (p98), and parent_child_rarity is near 1 -- an exec pair essentially never seen in benign activity."", ""Benign-explanation test: very high throughput (p98) and short lifetime (p42) argue against a routine admin script, cron job, or health-check."", ""Decide: the escalation mechanism and behavioural anomalies outweigh XGBoost's benign call; this supports the CNN.""]","[""events_per_second"", ""seq_length"", ""auid_euid_mismatch"", ""failed_call_rate"", ""failed_call_count""]","{
  ""verdict"": ""MALICIOUS"",
  ""confidence"": 0.83,
  ""rationale_steps"": [
    ""Privilege state: max_uid_euid_delta is high (p98) and auid_euid_mismatch is set -- a real identity inconsistency and privilege transition."",
    ""Mechanism: is_suid_exec is not set, but exec_count is high (p73) and a shell was spawned from a service context with priv_op_count elevated -- a suspicious escalation attempt."",
    ""Behavioural anomaly: failed_call_rate is high (p98), failed_call_count is high (p98), and parent_child_rarity is near 1 -- an exec pair essentially never seen in benign activity."",
    ""Benign-explanation test: very high throughput (p98) and short lifetime (p42) argue against a routine admin script, cron job, or health-check."",
    ""Decide: the escalation mechanism and behavioural anomalies outweigh XGBoost's benign call; this supports the CNN.""
  ],
  ""key_features"": [""events_per_second"", ""seq_length"", ""auid_euid_mismatch"", ""failed_call_rate"", ""failed_call_count""],
  ""agrees_with"": ""cnn""
}"
26540,4,1,T1078_Valid_Accounts,0,1,0.3923510313034057,0.7201188802719116,xgb_benign_cnn_malicious,MALICIOUS,1,0.83,cnn,ok,"[""Privilege state: auid_euid_mismatch is set, indicating an identity inconsistency, but max_uid_euid_delta is low, suggesting no genuine UID/EUID transition."", ""Mechanism: is_suid_exec is not set, but exec_count is high, indicating a potential escalation attempt."", ""Behavioural anomaly: failed_call_count is extremely high, indicating a high rate of failed syscalls, and parent_child_rarity is near 1, indicating an exec pair essentially never seen in benign activity."", ""Benign-explanation test: the short lifetime and high throughput argue against a routine admin script, cron job, or health-check."", ""Decide: the high failed_call_count and exec_count, combined with the identity inconsistency, outweigh XGBoost's benign call; this supports the CNN.""]","[""failed_call_count"", ""seq_length"", ""auid_euid_mismatch"", ""exec_count"", ""lifetime_seconds""]","{
  ""verdict"": ""MALICIOUS"",
  ""confidence"": 0.83,
  ""rationale_steps"": [
    ""Privilege state: auid_euid_mismatch is set, indicating an identity inconsistency, but max_uid_euid_delta is low, suggesting no genuine UID/EUID transition."",
    ""Mechanism: is_suid_exec is not set, but exec_count is high, indicating a potential escalation attempt."",
    ""Behavioural anomaly: failed_call_count is extremely high, indicating a high rate of failed syscalls, and parent_child_rarity is near 1, indicating an exec pair essentially never seen in benign activity."",
    ""Benign-explanation test: the short lifetime and high throughput argue against a routine admin script, cron job, or health-check."",
    ""Decide: the high failed_call_count and exec_count, combined with the identity inconsistency, outweigh XGBoost's benign call; this supports the CNN.""
  ],
  ""key_features"": [""failed_call_count"", ""seq_length"", ""auid_euid_mismatch"", ""exec_count"", ""lifetime_seconds""],
  ""agrees_with"": ""cnn""
}"
26724,4,1,T1078_Valid_Accounts,0,1,0.5382307767868042,0.9489884972572328,xgb_benign_cnn_malicious,MALICIOUS,1,0.92,cnn,ok,"[""Privilege state: max_uid_euid_delta is high (p99+) and auid_euid_mismatch is set -- a real identity inconsistency and privilege transition."", ""Mechanism: is_suid_exec is set and a shell was spawned from a service context with priv_op_count elevated -- a classic setuid-shell escalation."", ""Behavioural anomaly: parent_child_rarity is near 1 (essentially never seen in benign activity) and events_per_second is extremely high (p93) -- an unusual syscall throughput."", ""Benign-explanation test: very short lifetime (p36) and low throughput argue against a routine admin script, cron job, or health-check."", ""Decide: the escalation mechanism, sensitive-path access, and unusual syscall throughput outweigh XGBoost's benign call; this supports the CNN.""]","[""parent_child_rarity"", ""lifetime_seconds"", ""events_per_second"", ""max_uid_euid_delta"", ""auid_euid_mismatch""]","{
  ""verdict"": ""MALICIOUS"",
  ""confidence"": 0.92,
  ""rationale_steps"": [
    ""Privilege state: max_uid_euid_delta is high (p99+) and auid_euid_mismatch is set -- a real identity inconsistency and privilege transition."",
    ""Mechanism: is_suid_exec is set and a shell was spawned from a service context with priv_op_count elevated -- a classic setuid-shell escalation."",
    ""Behavioural anomaly: parent_child_rarity is near 1 (essentially never seen in benign activity) and events_per_second is extremely high (p93) -- an unusual syscall throughput."",
    ""Benign-explanation test: very short lifetime (p36) and low throughput argue against a routine admin script, cron job, or health-check."",
    ""Decide: the escalation mechanism, sensitive-path access, and unusual syscall throughput outweigh XGBoost's benign call; this supports the CNN.""
  ],
  ""key_features"": [""parent_child_rarity"", ""lifetime_seconds"", ""events_per_second"", ""max_uid_euid_delta"", ""auid_euid_mismatch""],
  ""agrees_with"": ""cnn""
}"
26871,4,1,T1078_Valid_Accounts,0,1,0.5382307767868042,0.9489884972572328,xgb_benign_cnn_malicious,MALICIOUS,1,0.92,cnn,ok,"[""Privilege state: max_uid_euid_delta is high (p99+) and auid_euid_mismatch is set -- a real identity inconsistency and privilege transition."", ""Mechanism: is_suid_exec is set and a shell was spawned from a service context with priv_op_count elevated -- a classic setuid-shell escalation."", ""Behavioural anomaly: parent_child_rarity is near 1 (essentially never seen in benign activity) and events_per_second is extremely high (p93) -- an unusual syscall throughput."", ""Benign-explanation test: very short lifetime (p36) and low throughput argue against a routine admin script, cron job, or health-check."", ""Decide: the escalation mechanism, sensitive-path access, and unusual syscall throughput outweigh XGBoost's benign call; this supports the CNN.""]","[""parent_child_rarity"", ""lifetime_seconds"", ""events_per_second"", ""max_uid_euid_delta"", ""auid_euid_mismatch""]","{
  ""verdict"": ""MALICIOUS"",
  ""confidence"": 0.92,
  ""rationale_steps"": [
    ""Privilege state: max_uid_euid_delta is high (p99+) and auid_euid_mismatch is set -- a real identity inconsistency and privilege transition."",
    ""Mechanism: is_suid_exec is set and a shell was spawned from a service context with priv_op_count elevated -- a classic setuid-shell escalation."",
    ""Behavioural anomaly: parent_child_rarity is near 1 (essentially never seen in benign activity) and events_per_second is extremely high (p93) -- an unusual syscall throughput."",
    ""Benign-explanation test: very short lifetime (p36) and low throughput argue against a routine admin script, cron job, or health-check."",
    ""Decide: the escalation mechanism, sensitive-path access, and unusual syscall throughput outweigh XGBoost's benign call; this supports the CNN.""
  ],
  ""key_features"": [""parent_child_rarity"", ""lifetime_seconds"", ""events_per_second"", ""max_uid_euid_delta"", ""auid_euid_mismatch""],
  ""agrees_with"": ""cnn""
}"
27007,3,1,T1078_Valid_Accounts,0,1,0.6923177242279053,0.9917534589767456,xgb_benign_cnn_malicious,MALICIOUS,1,0.92,cnn,ok,"[""Privilege state: max_uid_euid_delta is high (p98) and auid_euid_mismatch is set -- a real identity inconsistency and privilege transition."", ""Mechanism: is_suid_exec is set and a shell was spawned from a service context with priv_op_count elevated -- a classic setuid-shell escalation."", ""Behavioural anomaly: parent_child_rarity is near 1 (essentially never seen in benign activity) and unique_syscalls is high (p98) -- an exec pair and syscall types essentially never seen in benign activity."", ""Benign-explanation test: very short lifetime (p42) and high throughput argue against a routine admin script, cron job, or health-check."", ""Decide: the escalation mechanism, sensitive-path access, and behavioural anomalies outweigh XGBoost's benign call; this supports the CNN.""]","[""unique_syscalls"", ""exec_count"", ""parent_child_rarity"", ""seq_length"", ""lifetime_seconds""]","{
  ""verdict"": ""MALICIOUS"",
  ""confidence"": 0.92,
  ""rationale_steps"": [
    ""Privilege state: max_uid_euid_delta is high (p98) and auid_euid_mismatch is set -- a real identity inconsistency and privilege transition."",
    ""Mechanism: is_suid_exec is set and a shell was spawned from a service context with priv_op_count elevated -- a classic setuid-shell escalation."",
    ""Behavioural anomaly: parent_child_rarity is near 1 (essentially never seen in benign activity) and unique_syscalls is high (p98) -- an exec pair and syscall types essentially never seen in benign activity."",
    ""Benign-explanation test: very short lifetime (p42) and high throughput argue against a routine admin script, cron job, or health-check."",
    ""Decide: the escalation mechanism, sensitive-path access, and behavioural anomalies outweigh XGBoost's benign call; this supports the CNN.""
  ],
  ""key_features"": [""unique_syscalls"", ""exec_count"", ""parent_child_rarity"", ""seq_length"", ""lifetime_seconds""],
  ""agrees_with"": ""cnn""
}"
27116,4,0,benign,0,1,0.4626511931419372,0.7419862747192383,xgb_benign_cnn_malicious,MALICIOUS,1,0.83,cnn,ok,"[""Privilege state: max_uid_euid_delta is high (p98) and auid_euid_mismatch is set -- a real identity inconsistency and privilege transition."", ""Mechanism: is_suid_exec is not set, but exec_count is high (p73) and a shell was spawned from a service context with priv_op_count elevated -- a suspicious escalation attempt."", ""Behavioural anomaly: failed_call_rate is high (p98), failed_call_count is high (p98), and parent_child_rarity is near 1 -- an exec pair essentially never seen in benign activity."", ""Benign-explanation test: very high throughput (p98) and short lifetime (p42) argue against a routine admin script, cron job, or health-check."", ""Decide: the escalation mechanism and behavioural anomalies outweigh XGBoost's benign call; this supports the CNN.""]","[""events_per_second"", ""seq_length"", ""auid_euid_mismatch"", ""failed_call_rate"", ""failed_call_count""]","{
  ""verdict"": ""MALICIOUS"",
  ""confidence"": 0.83,
  ""rationale_steps"": [
    ""Privilege state: max_uid_euid_delta is high (p98) and auid_euid_mismatch is set -- a real identity inconsistency and privilege transition."",
    ""Mechanism: is_suid_exec is not set, but exec_count is high (p73) and a shell was spawned from a service context with priv_op_count elevated -- a suspicious escalation attempt."",
    ""Behavioural anomaly: failed_call_rate is high (p98), failed_call_count is high (p98), and parent_child_rarity is near 1 -- an exec pair essentially never seen in benign activity."",
    ""Benign-explanation test: very high throughput (p98) and short lifetime (p42) argue against a routine admin script, cron job, or health-check."",
    ""Decide: the escalation mechanism and behavioural anomalies outweigh XGBoost's benign call; this supports the CNN.""
  ],
  ""key_features"": [""events_per_second"", ""seq_length"", ""auid_euid_mismatch"", ""failed_call_rate"", ""failed_call_count""],
  ""agrees_with"": ""cnn""
}"
27384,4,0,benign,0,1,0.4626511931419372,0.7419862747192383,xgb_benign_cnn_malicious,MALICIOUS,1,0.83,cnn,ok,"[""Privilege state: auid_euid_mismatch is set, indicating an identity inconsistency, but max_uid_euid_delta is low, suggesting no genuine UID/EUID transition."", ""Mechanism: is_suid_exec is not set, but exec_count is elevated, which could indicate an unusual exec chain."", ""Behavioural anomaly: failed_call_rate and failed_call_count are both high, indicating a high rate of failed syscalls, and parent_child_rarity is near 1, indicating a rare parent->child exec pair."", ""Benign-explanation test: the short lifetime and high throughput do not strongly suggest a routine admin script, cron job, or health-check."", ""Decide: the combination of failed_call_rate, failed_call_count, and parent_child_rarity outweighs XGBoost's benign call, supporting CNN's flag on this one feature.""]","[""events_per_second"", ""seq_length"", ""auid_euid_mismatch"", ""failed_call_rate"", ""failed_call_count""]","{
  ""verdict"": ""MALICIOUS"",
  ""confidence"": 0.83,
  ""rationale_steps"": [
    ""Privilege state: auid_euid_mismatch is set, indicating an identity inconsistency, but max_uid_euid_delta is low, suggesting no genuine UID/EUID transition."",
    ""Mechanism: is_suid_exec is not set, but exec_count is elevated, which could indicate an unusual exec chain."",
    ""Behavioural anomaly: failed_call_rate and failed_call_count are both high, indicating a high rate of failed syscalls, and parent_child_rarity is near 1, indicating a rare parent->child exec pair."",
    ""Benign-explanation test: the short lifetime and high throughput do not strongly suggest a routine admin script, cron job, or health-check."",
    ""Decide: the combination of failed_call_rate, failed_call_count, and parent_child_rarity outweighs XGBoost's benign call, supporting CNN's flag on this one feature.""
  ],
  ""key_features"": [""events_per_second"", ""seq_length"", ""auid_euid_mismatch"", ""failed_call_rate"", ""failed_call_count""],
  ""agrees_with"": ""cnn""
}"
27470,4,0,benign,0,1,0.4626511931419372,0.7419862747192383,xgb_benign_cnn_malicious,MALICIOUS,1,0.83,cnn,ok,"[""Privilege state: auid_euid_mismatch is set, indicating an identity inconsistency, but max_uid_euid_delta is low, suggesting no genuine UID/EUID transition."", ""Mechanism: is_suid_exec is not set, but exec_count is elevated, which could indicate an unusual exec chain."", ""Behavioural anomaly: failed_call_rate and failed_call_count are both high, indicating a high rate of failed syscalls, and parent_child_rarity is near 1, indicating a rare parent->child exec pair."", ""Benign-explanation test: the short lifetime and high throughput do not strongly suggest a routine admin script, cron job, or health-check."", ""Decide: the combination of failed_call_rate, failed_call_count, and parent_child_rarity outweighs XGBoost's benign call, supporting CNN's flag on this one feature.""]","[""events_per_second"", ""seq_length"", ""auid_euid_mismatch"", ""failed_call_rate"", ""failed_call_count""]","{
  ""verdict"": ""MALICIOUS"",
  ""confidence"": 0.83,
  ""rationale_steps"": [
    ""Privilege state: auid_euid_mismatch is set, indicating an identity inconsistency, but max_uid_euid_delta is low, suggesting no genuine UID/EUID transition."",
    ""Mechanism: is_suid_exec is not set, but exec_count is elevated, which could indicate an unusual exec chain."",
    ""Behavioural anomaly: failed_call_rate and failed_call_count are both high, indicating a high rate of failed syscalls, and parent_child_rarity is near 1, indicating a rare parent->child exec pair."",
    ""Benign-explanation test: the short lifetime and high throughput do not strongly suggest a routine admin script, cron job, or health-check."",
    ""Decide: the combination of failed_call_rate, failed_call_count, and parent_child_rarity outweighs XGBoost's benign call, supporting CNN's flag on this one feature.""
  ],
  ""key_features"": [""events_per_second"", ""seq_length"", ""auid_euid_mismatch"", ""failed_call_rate"", ""failed_call_count""],
  ""agrees_with"": ""cnn""
}"
27695,4,0,benign,0,1,0.4626511931419372,0.7419862747192383,xgb_benign_cnn_malicious,MALICIOUS,1,0.83,cnn,ok,"[""Privilege state: auid_euid_mismatch is set, indicating an identity inconsistency, but max_uid_euid_delta is low, suggesting no genuine UID/EUID transition."", ""Mechanism: is_suid_exec is not set, but exec_count is elevated, which could indicate an unusual exec chain."", ""Behavioural anomaly: failed_call_rate and failed_call_count are both high, indicating a high rate of failed syscalls, and parent_child_rarity is near 1, indicating a rare parent->child exec pair."", ""Benign-explanation test: the short lifetime and high throughput do not strongly suggest a routine admin script, cron job, or health-check."", ""Decide: the combination of failed_call_rate, failed_call_count, and parent_child_rarity outweighs XGBoost's benign call, supporting CNN's flag on this one feature.""]","[""events_per_second"", ""seq_length"", ""auid_euid_mismatch"", ""failed_call_rate"", ""failed_call_count""]","{
  ""verdict"": ""MALICIOUS"",
  ""confidence"": 0.83,
  ""rationale_steps"": [
    ""Privilege state: auid_euid_mismatch is set, indicating an identity inconsistency, but max_uid_euid_delta is low, suggesting no genuine UID/EUID transition."",
    ""Mechanism: is_suid_exec is not set, but exec_count is elevated, which could indicate an unusual exec chain."",
    ""Behavioural anomaly: failed_call_rate and failed_call_count are both high, indicating a high rate of failed syscalls, and parent_child_rarity is near 1, indicating a rare parent->child exec pair."",
    ""Benign-explanation test: the short lifetime and high throughput do not strongly suggest a routine admin script, cron job, or health-check."",
    ""Decide: the combination of failed_call_rate, failed_call_count, and parent_child_rarity outweighs XGBoost's benign call, supporting CNN's flag on this one feature.""
  ],
  ""key_features"": [""events_per_second"", ""seq_length"", ""auid_euid_mismatch"", ""failed_call_rate"", ""failed_call_count""],
  ""agrees_with"": ""cnn""
}"
27967,4,0,benign,0,1,0.4626511931419372,0.7419862747192383,xgb_benign_cnn_malicious,MALICIOUS,1,0.83,cnn,ok,"[""Privilege state: auid_euid_mismatch is set, indicating an identity inconsistency, but max_uid_euid_delta is low, suggesting no genuine UID/EUID transition."", ""Mechanism: is_suid_exec is not set, but exec_count is elevated, which could indicate an unusual exec chain."", ""Behavioural anomaly: failed_call_rate and failed_call_count are both high, indicating a high rate of failed syscalls, and parent_child_rarity is near 1, indicating a rare parent->child exec pair."", ""Benign-explanation test: the short lifetime and high throughput do not strongly suggest a routine admin script, cron job, or health-check."", ""Decide: the combination of failed_call_rate, failed_call_count, and parent_child_rarity outweighs XGBoost's benign call, supporting CNN's flag on this one feature.""]","[""events_per_second"", ""seq_length"", ""auid_euid_mismatch"", ""failed_call_rate"", ""failed_call_count""]","{
  ""verdict"": ""MALICIOUS"",
  ""confidence"": 0.83,
  ""rationale_steps"": [
    ""Privilege state: auid_euid_mismatch is set, indicating an identity inconsistency, but max_uid_euid_delta is low, suggesting no genuine UID/EUID transition."",
    ""Mechanism: is_suid_exec is not set, but exec_count is elevated, which could indicate an unusual exec chain."",
    ""Behavioural anomaly: failed_call_rate and failed_call_count are both high, indicating a high rate of failed syscalls, and parent_child_rarity is near 1, indicating a rare parent->child exec pair."",
    ""Benign-explanation test: the short lifetime and high throughput do not strongly suggest a routine admin script, cron job, or health-check."",
    ""Decide: the combination of failed_call_rate, failed_call_count, and parent_child_rarity outweighs XGBoost's benign call, supporting CNN's flag on this one feature.""
  ],
  ""key_features"": [""events_per_second"", ""seq_length"", ""auid_euid_mismatch"", ""failed_call_rate"", ""failed_call_count""],
  ""agrees_with"": ""cnn""
}"
28192,4,1,T1078_Valid_Accounts,0,1,0.5500925183296204,0.9490213990211488,xgb_benign_cnn_malicious,MALICIOUS,1,0.92,cnn,ok,"[""Privilege state: max_uid_euid_delta is high (p99+) and auid_euid_mismatch is set -- a real identity inconsistency and privilege transition."", ""Mechanism: is_suid_exec is set and a shell was spawned from a service context with priv_op_count elevated -- a classic setuid-shell escalation."", ""Behavioural anomaly: parent_child_rarity is near 1 (essentially never seen in benign activity) and events_per_second is extremely high (p93) -- an unusual and potentially malicious exec chain."", ""Benign-explanation test: very short lifetime (p1) and low throughput argue against a routine admin script, cron job, or health-check."", ""Decide: the escalation mechanism, sensitive-path access, and unusual exec chain outweigh XGBoost's benign call; this supports the CNN.""]","[""parent_child_rarity"", ""lifetime_seconds"", ""events_per_second"", ""max_uid_euid_delta"", ""auid_euid_mismatch""]","{
  ""verdict"": ""MALICIOUS"",
  ""confidence"": 0.92,
  ""rationale_steps"": [
    ""Privilege state: max_uid_euid_delta is high (p99+) and auid_euid_mismatch is set -- a real identity inconsistency and privilege transition."",
    ""Mechanism: is_suid_exec is set and a shell was spawned from a service context with priv_op_count elevated -- a classic setuid-shell escalation."",
    ""Behavioural anomaly: parent_child_rarity is near 1 (essentially never seen in benign activity) and events_per_second is extremely high (p93) -- an unusual and potentially malicious exec chain."",
    ""Benign-explanation test: very short lifetime (p1) and low throughput argue against a routine admin script, cron job, or health-check."",
    ""Decide: the escalation mechanism, sensitive-path access, and unusual exec chain outweigh XGBoost's benign call; this supports the CNN.""
  ],
  ""key_features"": [""parent_child_rarity"", ""lifetime_seconds"", ""events_per_second"", ""max_uid_euid_delta"", ""auid_euid_mismatch""],
  ""agrees_with"": ""cnn""
}"
28510,4,0,benign,0,1,0.5382307767868042,0.9489884972572328,xgb_benign_cnn_malicious,MALICIOUS,1,0.92,cnn,ok,"[""Privilege state: max_uid_euid_delta is high (p99+) and auid_euid_mismatch is set -- a real identity inconsistency and privilege transition."", ""Mechanism: is_suid_exec is set and a shell was spawned from a service context with priv_op_count elevated -- a classic setuid-shell escalation."", ""Behavioural anomaly: parent_child_rarity is near 1 (essentially never seen in benign activity) and events_per_second is extremely high (p93) -- an unusual syscall throughput."", ""Benign-explanation test: very short lifetime (p36) and low throughput argue against a routine admin script, cron job, or health-check."", ""Decide: the escalation mechanism, sensitive-path access, and unusual syscall throughput outweigh XGBoost's benign call; this supports the CNN.""]","[""parent_child_rarity"", ""lifetime_seconds"", ""events_per_second"", ""max_uid_euid_delta"", ""auid_euid_mismatch""]","{
  ""verdict"": ""MALICIOUS"",
  ""confidence"": 0.92,
  ""rationale_steps"": [
    ""Privilege state: max_uid_euid_delta is high (p99+) and auid_euid_mismatch is set -- a real identity inconsistency and privilege transition."",
    ""Mechanism: is_suid_exec is set and a shell was spawned from a service context with priv_op_count elevated -- a classic setuid-shell escalation."",
    ""Behavioural anomaly: parent_child_rarity is near 1 (essentially never seen in benign activity) and events_per_second is extremely high (p93) -- an unusual syscall throughput."",
    ""Benign-explanation test: very short lifetime (p36) and low throughput argue against a routine admin script, cron job, or health-check."",
    ""Decide: the escalation mechanism, sensitive-path access, and unusual syscall throughput outweigh XGBoost's benign call; this supports the CNN.""
  ],
  ""key_features"": [""parent_child_rarity"", ""lifetime_seconds"", ""events_per_second"", ""max_uid_euid_delta"", ""auid_euid_mismatch""],
  ""agrees_with"": ""cnn""
}"
28634,4,0,benign,0,1,0.5382307767868042,0.9489884972572328,xgb_benign_cnn_malicious,MALICIOUS,1,0.92,cnn,ok,"[""Privilege state: max_uid_euid_delta is high (p99+) and auid_euid_mismatch is set -- a real identity inconsistency and privilege transition."", ""Mechanism: is_suid_exec is set and a shell was spawned from a service context with priv_op_count elevated -- a classic setuid-shell escalation."", ""Behavioural anomaly: parent_child_rarity is near 1 (essentially never seen in benign activity) and events_per_second is extremely high (p93) -- an unusual syscall throughput."", ""Benign-explanation test: very short lifetime (p36) and low throughput argue against a routine admin script, cron job, or health-check."", ""Decide: the escalation mechanism, sensitive-path access, and unusual syscall throughput outweigh XGBoost's benign call; this supports the CNN.""]","[""parent_child_rarity"", ""lifetime_seconds"", ""events_per_second"", ""max_uid_euid_delta"", ""auid_euid_mismatch""]","{
  ""verdict"": ""MALICIOUS"",
  ""confidence"": 0.92,
  ""rationale_steps"": [
    ""Privilege state: max_uid_euid_delta is high (p99+) and auid_euid_mismatch is set -- a real identity inconsistency and privilege transition."",
    ""Mechanism: is_suid_exec is set and a shell was spawned from a service context with priv_op_count elevated -- a classic setuid-shell escalation."",
    ""Behavioural anomaly: parent_child_rarity is near 1 (essentially never seen in benign activity) and events_per_second is extremely high (p93) -- an unusual syscall throughput."",
    ""Benign-explanation test: very short lifetime (p36) and low throughput argue against a routine admin script, cron job, or health-check."",
    ""Decide: the escalation mechanism, sensitive-path access, and unusual syscall throughput outweigh XGBoost's benign call; this supports the CNN.""
  ],
  ""key_features"": [""parent_child_rarity"", ""lifetime_seconds"", ""events_per_second"", ""max_uid_euid_delta"", ""auid_euid_mismatch""],
  ""agrees_with"": ""cnn""
}"
28679,4,0,benign,0,1,0.4626511931419372,0.7419862747192383,xgb_benign_cnn_malicious,MALICIOUS,1,0.83,cnn,ok,"[""Privilege state: max_uid_euid_delta is high (p98) and auid_euid_mismatch is set -- a real identity inconsistency and privilege transition."", ""Mechanism: is_suid_exec is not set, but exec_count is high (p73) and a shell was spawned from a service context with priv_op_count elevated -- a suspicious escalation attempt."", ""Behavioural anomaly: failed_call_rate is high (p98), failed_call_count is high (p98), and parent_child_rarity is near 1 -- an exec pair essentially never seen in benign activity."", ""Benign-explanation test: very high throughput (p98) and short lifetime (p42) argue against a routine admin script, cron job, or health-check."", ""Decide: the escalation mechanism and behavioural anomalies outweigh XGBoost's benign call; this supports the CNN.""]","[""events_per_second"", ""seq_length"", ""auid_euid_mismatch"", ""failed_call_rate"", ""failed_call_count""]","{
  ""verdict"": ""MALICIOUS"",
  ""confidence"": 0.83,
  ""rationale_steps"": [
    ""Privilege state: max_uid_euid_delta is high (p98) and auid_euid_mismatch is set -- a real identity inconsistency and privilege transition."",
    ""Mechanism: is_suid_exec is not set, but exec_count is high (p73) and a shell was spawned from a service context with priv_op_count elevated -- a suspicious escalation attempt."",
    ""Behavioural anomaly: failed_call_rate is high (p98), failed_call_count is high (p98), and parent_child_rarity is near 1 -- an exec pair essentially never seen in benign activity."",
    ""Benign-explanation test: very high throughput (p98) and short lifetime (p42) argue against a routine admin script, cron job, or health-check."",
    ""Decide: the escalation mechanism and behavioural anomalies outweigh XGBoost's benign call; this supports the CNN.""
  ],
  ""key_features"": [""events_per_second"", ""seq_length"", ""auid_euid_mismatch"", ""failed_call_rate"", ""failed_call_count""],
  ""agrees_with"": ""cnn""
}"
28881,4,0,benign,0,1,0.4626511931419372,0.7419862747192383,xgb_benign_cnn_malicious,MALICIOUS,1,0.83,cnn,ok,"[""Privilege state: auid_euid_mismatch is set, indicating an identity inconsistency, but max_uid_euid_delta is low, suggesting no genuine UID/EUID transition."", ""Mechanism: is_suid_exec is not set, but exec_count is elevated, which could indicate an unusual exec chain."", ""Behavioural anomaly: failed_call_rate and failed_call_count are both high, indicating a high rate of failed syscalls, and parent_child_rarity is near 1, indicating a rare parent->child exec pair."", ""Benign-explanation test: the short lifetime and high throughput do not strongly suggest a routine admin script, cron job, or health-check."", ""Decide: the combination of failed_call_rate, failed_call_count, and parent_child_rarity outweighs XGBoost's benign call, supporting CNN's flag on this one feature.""]","[""events_per_second"", ""seq_length"", ""auid_euid_mismatch"", ""failed_call_rate"", ""failed_call_count""]","{
  ""verdict"": ""MALICIOUS"",
  ""confidence"": 0.83,
  ""rationale_steps"": [
    ""Privilege state: auid_euid_mismatch is set, indicating an identity inconsistency, but max_uid_euid_delta is low, suggesting no genuine UID/EUID transition."",
    ""Mechanism: is_suid_exec is not set, but exec_count is elevated, which could indicate an unusual exec chain."",
    ""Behavioural anomaly: failed_call_rate and failed_call_count are both high, indicating a high rate of failed syscalls, and parent_child_rarity is near 1, indicating a rare parent->child exec pair."",
    ""Benign-explanation test: the short lifetime and high throughput do not strongly suggest a routine admin script, cron job, or health-check."",
    ""Decide: the combination of failed_call_rate, failed_call_count, and parent_child_rarity outweighs XGBoost's benign call, supporting CNN's flag on this one feature.""
  ],
  ""key_features"": [""events_per_second"", ""seq_length"", ""auid_euid_mismatch"", ""failed_call_rate"", ""failed_call_count""],
  ""agrees_with"": ""cnn""
}"
29057,1,0,benign,0,1,0.3909652233123779,0.9090099930763244,xgb_benign_cnn_malicious,MALICIOUS,1,0.91,cnn,ok,"[""Privilege state: auid_euid_mismatch is set, but max_uid_euid_delta is low, indicating a potential identity inconsistency without a clear privilege transition."", ""Mechanism: is_suid_exec is not set, but exec_count is high, suggesting a potential escalation attempt."", ""Behavioural anomaly: failed_call_count and failed_call_rate are high, indicating a potential anomaly in the syscall sequence."", ""Benign-explanation test: the short lifetime and high syscall throughput make it unlikely to be a routine admin script or health-check."", ""Decide: the high failed_call_count and failed_call_rate, combined with the high exec_count, outweigh XGBoost's benign call; this supports the CNN.""]","[""seq_length"", ""failed_call_count"", ""exec_count"", ""events_per_second"", ""lifetime_seconds""]","{
  ""verdict"": ""MALICIOUS"",
  ""confidence"": 0.91,
  ""rationale_steps"": [
    ""Privilege state: auid_euid_mismatch is set, but max_uid_euid_delta is low, indicating a potential identity inconsistency without a clear privilege transition."",
    ""Mechanism: is_suid_exec is not set, but exec_count is high, suggesting a potential escalation attempt."",
    ""Behavioural anomaly: failed_call_count and failed_call_rate are high, indicating a potential anomaly in the syscall sequence."",
    ""Benign-explanation test: the short lifetime and high syscall throughput make it unlikely to be a routine admin script or health-check."",
    ""Decide: the high failed_call_count and failed_call_rate, combined with the high exec_count, outweigh XGBoost's benign call; this supports the CNN.""
  ],
  ""key_features"": [""seq_length"", ""failed_call_count"", ""exec_count"", ""events_per_second"", ""lifetime_seconds""],
  ""agrees_with"": ""cnn""
}"
29280,4,0,benign,0,1,0.5382307767868042,0.9489884972572328,xgb_benign_cnn_malicious,MALICIOUS,1,0.92,cnn,ok,"[""Privilege state: max_uid_euid_delta is high (p99+) and auid_euid_mismatch is set -- a real identity inconsistency and privilege transition."", ""Mechanism: is_suid_exec is set and a shell was spawned from a service context with priv_op_count elevated -- a classic setuid-shell escalation."", ""Behavioural anomaly: parent_child_rarity is near 1 (essentially never seen in benign activity) and events_per_second is extremely high (p93) -- an unusual syscall throughput."", ""Benign-explanation test: very short lifetime (p36) and low throughput argue against a routine admin script, cron job, or health-check."", ""Decide: the escalation mechanism, sensitive-path access, and unusual syscall throughput outweigh XGBoost's benign call; this supports the CNN.""]","[""parent_child_rarity"", ""lifetime_seconds"", ""events_per_second"", ""max_uid_euid_delta"", ""auid_euid_mismatch""]","{
  ""verdict"": ""MALICIOUS"",
  ""confidence"": 0.92,
  ""rationale_steps"": [
    ""Privilege state: max_uid_euid_delta is high (p99+) and auid_euid_mismatch is set -- a real identity inconsistency and privilege transition."",
    ""Mechanism: is_suid_exec is set and a shell was spawned from a service context with priv_op_count elevated -- a classic setuid-shell escalation."",
    ""Behavioural anomaly: parent_child_rarity is near 1 (essentially never seen in benign activity) and events_per_second is extremely high (p93) -- an unusual syscall throughput."",
    ""Benign-explanation test: very short lifetime (p36) and low throughput argue against a routine admin script, cron job, or health-check."",
    ""Decide: the escalation mechanism, sensitive-path access, and unusual syscall throughput outweigh XGBoost's benign call; this supports the CNN.""
  ],
  ""key_features"": [""parent_child_rarity"", ""lifetime_seconds"", ""events_per_second"", ""max_uid_euid_delta"", ""auid_euid_mismatch""],
  ""agrees_with"": ""cnn""
}"
29461,4,1,T1078_Valid_Accounts,0,1,0.3245709240436554,0.9654507040977478,xgb_benign_cnn_malicious,MALICIOUS,1,0.92,cnn,ok,"[""Privilege state: max_uid_euid_delta is high (p99+) and auid_euid_mismatch is set -- a real identity inconsistency and privilege transition."", ""Mechanism: is_suid_exec is set and a shell was spawned from a service context with priv_op_count elevated -- a classic setuid-shell escalation."", ""Behavioural anomaly: parent_child_rarity is near 1 (essentially never seen in benign activity) and events_per_second is extremely high (p93) -- an unusual and potentially malicious process."", ""Benign-explanation test: very short lifetime (p36) and low throughput argue against a routine admin script, cron job, or health-check."", ""Decide: the escalation mechanism, sensitive-path access, and unusual behavioural features outweigh XGBoost's benign call; this supports the CNN.""]","[""parent_child_rarity"", ""lifetime_seconds"", ""events_per_second"", ""max_uid_euid_delta"", ""auid_euid_mismatch""]","{
  ""verdict"": ""MALICIOUS"",
  ""confidence"": 0.92,
  ""rationale_steps"": [
    ""Privilege state: max_uid_euid_delta is high (p99+) and auid_euid_mismatch is set -- a real identity inconsistency and privilege transition."",
    ""Mechanism: is_suid_exec is set and a shell was spawned from a service context with priv_op_count elevated -- a classic setuid-shell escalation."",
    ""Behavioural anomaly: parent_child_rarity is near 1 (essentially never seen in benign activity) and events_per_second is extremely high (p93) -- an unusual and potentially malicious process."",
    ""Benign-explanation test: very short lifetime (p36) and low throughput argue against a routine admin script, cron job, or health-check."",
    ""Decide: the escalation mechanism, sensitive-path access, and unusual behavioural features outweigh XGBoost's benign call; this supports the CNN.""
  ],
  ""key_features"": [""parent_child_rarity"", ""lifetime_seconds"", ""events_per_second"", ""max_uid_euid_delta"", ""auid_euid_mismatch""],
  ""agrees_with"": ""cnn""
}"
29511,4,0,benign,0,1,0.5974626541137695,0.8567609786987305,xgb_benign_cnn_malicious,MALICIOUS,1,0.86,cnn,ok,"[""Privilege state: auid_euid_mismatch is set, but max_uid_euid_delta is low -- a potential identity inconsistency without a clear privilege transition."", ""Mechanism: is_suid_exec is set, but without a clear escalation mechanism or elevated priv_op_count, it's a weak signal on its own."", ""Behavioural anomaly: parent_child_rarity is near 1 (a common, previously-seen exec pair) and no sensitive-path access -- not the profile of a novel attack chain."", ""Benign-explanation test: very high throughput (p99+) and short lifetime (p42) argue against a routine admin script, cron job, or health-check."", ""Decide: the escalation mechanism and potential identity inconsistency outweigh XGBoost's benign call; this supports the CNN.""]","[""events_per_second"", ""seq_length"", ""failed_call_count"", ""exec_count"", ""parent_child_rarity""]","{
  ""verdict"": ""MALICIOUS"",
  ""confidence"": 0.86,
  ""rationale_steps"": [
    ""Privilege state: auid_euid_mismatch is set, but max_uid_euid_delta is low -- a potential identity inconsistency without a clear privilege transition."",
    ""Mechanism: is_suid_exec is set, but without a clear escalation mechanism or elevated priv_op_count, it's a weak signal on its own."",
    ""Behavioural anomaly: parent_child_rarity is near 1 (a common, previously-seen exec pair) and no sensitive-path access -- not the profile of a novel attack chain."",
    ""Benign-explanation test: very high throughput (p99+) and short lifetime (p42) argue against a routine admin script, cron job, or health-check."",
    ""Decide: the escalation mechanism and potential identity inconsistency outweigh XGBoost's benign call; this supports the CNN.""
  ],
  ""key_features"": [""events_per_second"", ""seq_length"", ""failed_call_count"", ""exec_count"", ""parent_child_rarity""],
  ""agrees_with"": ""cnn""
}"
29593,4,0,benign,0,1,0.4626511931419372,0.7419862747192383,xgb_benign_cnn_malicious,MALICIOUS,1,0.83,cnn,ok,"[""Privilege state: max_uid_euid_delta is high (p98) and auid_euid_mismatch is set -- a real identity inconsistency and privilege transition."", ""Mechanism: is_suid_exec is not set, but exec_count is high (p73) and a shell was spawned from a service context with priv_op_count elevated -- a suspicious escalation attempt."", ""Behavioural anomaly: failed_call_rate is high (p98), failed_call_count is high (p98), and parent_child_rarity is near 1 -- an exec pair essentially never seen in benign activity."", ""Benign-explanation test: very high throughput (p98) and short lifetime (p42) argue against a routine admin script, cron job, or health-check."", ""Decide: the escalation mechanism and behavioural anomalies outweigh XGBoost's benign call; this supports the CNN.""]","[""events_per_second"", ""seq_length"", ""auid_euid_mismatch"", ""failed_call_rate"", ""failed_call_count""]","{
  ""verdict"": ""MALICIOUS"",
  ""confidence"": 0.83,
  ""rationale_steps"": [
    ""Privilege state: max_uid_euid_delta is high (p98) and auid_euid_mismatch is set -- a real identity inconsistency and privilege transition."",
    ""Mechanism: is_suid_exec is not set, but exec_count is high (p73) and a shell was spawned from a service context with priv_op_count elevated -- a suspicious escalation attempt."",
    ""Behavioural anomaly: failed_call_rate is high (p98), failed_call_count is high (p98), and parent_child_rarity is near 1 -- an exec pair essentially never seen in benign activity."",
    ""Benign-explanation test: very high throughput (p98) and short lifetime (p42) argue against a routine admin script, cron job, or health-check."",
    ""Decide: the escalation mechanism and behavioural anomalies outweigh XGBoost's benign call; this supports the CNN.""
  ],
  ""key_features"": [""events_per_second"", ""seq_length"", ""auid_euid_mismatch"", ""failed_call_rate"", ""failed_call_count""],
  ""agrees_with"": ""cnn""
}"
29718,4,0,benign,0,1,0.4626511931419372,0.7419862747192383,xgb_benign_cnn_malicious,MALICIOUS,1,0.83,cnn,ok,"[""Privilege state: auid_euid_mismatch is set, indicating an identity inconsistency, but max_uid_euid_delta is low, suggesting no genuine UID/EUID transition."", ""Mechanism: is_suid_exec is not set, but exec_count is elevated, which could indicate an unusual exec chain."", ""Behavioural anomaly: failed_call_rate and failed_call_count are both high, indicating a high rate of failed syscalls, and parent_child_rarity is near 1, indicating a rare parent->child exec pair."", ""Benign-explanation test: the short lifetime and high throughput do not strongly suggest a routine admin script, cron job, or health-check."", ""Decide: the combination of failed_call_rate, failed_call_count, and parent_child_rarity outweighs XGBoost's benign call, supporting CNN's flag on this one feature.""]","[""events_per_second"", ""seq_length"", ""auid_euid_mismatch"", ""failed_call_rate"", ""failed_call_count""]","{
  ""verdict"": ""MALICIOUS"",
  ""confidence"": 0.83,
  ""rationale_steps"": [
    ""Privilege state: auid_euid_mismatch is set, indicating an identity inconsistency, but max_uid_euid_delta is low, suggesting no genuine UID/EUID transition."",
    ""Mechanism: is_suid_exec is not set, but exec_count is elevated, which could indicate an unusual exec chain."",
    ""Behavioural anomaly: failed_call_rate and failed_call_count are both high, indicating a high rate of failed syscalls, and parent_child_rarity is near 1, indicating a rare parent->child exec pair."",
    ""Benign-explanation test: the short lifetime and high throughput do not strongly suggest a routine admin script, cron job, or health-check."",
    ""Decide: the combination of failed_call_rate, failed_call_count, and parent_child_rarity outweighs XGBoost's benign call, supporting CNN's flag on this one feature.""
  ],
  ""key_features"": [""events_per_second"", ""seq_length"", ""auid_euid_mismatch"", ""failed_call_rate"", ""failed_call_count""],
  ""agrees_with"": ""cnn""
}"
29898,4,0,benign,0,1,0.4626511931419372,0.7419862747192383,xgb_benign_cnn_malicious,MALICIOUS,1,0.83,cnn,ok,"[""Privilege state: auid_euid_mismatch is set, indicating an identity inconsistency, but max_uid_euid_delta is low, suggesting no genuine UID/EUID transition."", ""Mechanism: is_suid_exec is not set, but exec_count is elevated, which could indicate an unusual exec chain."", ""Behavioural anomaly: failed_call_rate and failed_call_count are both high, indicating a high rate of failed syscalls, and parent_child_rarity is near 1, indicating a rare parent->child exec pair."", ""Benign-explanation test: the short lifetime and high throughput do not strongly suggest a routine admin script, cron job, or health-check."", ""Decide: the combination of failed_call_rate, failed_call_count, and parent_child_rarity outweighs XGBoost's benign call, supporting CNN's flag on this one feature.""]","[""events_per_second"", ""seq_length"", ""auid_euid_mismatch"", ""failed_call_rate"", ""failed_call_count""]","{
  ""verdict"": ""MALICIOUS"",
  ""confidence"": 0.83,
  ""rationale_steps"": [
    ""Privilege state: auid_euid_mismatch is set, indicating an identity inconsistency, but max_uid_euid_delta is low, suggesting no genuine UID/EUID transition."",
    ""Mechanism: is_suid_exec is not set, but exec_count is elevated, which could indicate an unusual exec chain."",
    ""Behavioural anomaly: failed_call_rate and failed_call_count are both high, indicating a high rate of failed syscalls, and parent_child_rarity is near 1, indicating a rare parent->child exec pair."",
    ""Benign-explanation test: the short lifetime and high throughput do not strongly suggest a routine admin script, cron job, or health-check."",
    ""Decide: the combination of failed_call_rate, failed_call_count, and parent_child_rarity outweighs XGBoost's benign call, supporting CNN's flag on this one feature.""
  ],
  ""key_features"": [""events_per_second"", ""seq_length"", ""auid_euid_mismatch"", ""failed_call_rate"", ""failed_call_count""],
  ""agrees_with"": ""cnn""
}"
30256,4,0,benign,0,1,0.619727611541748,0.9672528505325316,xgb_benign_cnn_malicious,MALICIOUS,1,0.92,cnn,ok,"[""Privilege state: max_uid_euid_delta is high (p99+) and auid_euid_mismatch is set -- a real identity inconsistency and privilege transition."", ""Mechanism: is_suid_exec is set and a shell was spawned from a service context with priv_op_count elevated -- a classic setuid-shell escalation."", ""Behavioural anomaly: parent_child_rarity is near 1 (essentially never seen in benign activity) and events_per_second is extremely high (p94) -- an unusual and potentially malicious process."", ""Benign-explanation test: very short lifetime (p36) and low throughput argue against a routine admin script, cron job, or health-check."", ""Decide: the escalation mechanism, sensitive-path access, and unusual process behavior outweigh XGBoost's benign call; this supports the CNN.""]","[""parent_child_rarity"", ""lifetime_seconds"", ""events_per_second"", ""max_uid_euid_delta"", ""auid_euid_mismatch""]","{
  ""verdict"": ""MALICIOUS"",
  ""confidence"": 0.92,
  ""rationale_steps"": [
    ""Privilege state: max_uid_euid_delta is high (p99+) and auid_euid_mismatch is set -- a real identity inconsistency and privilege transition."",
    ""Mechanism: is_suid_exec is set and a shell was spawned from a service context with priv_op_count elevated -- a classic setuid-shell escalation."",
    ""Behavioural anomaly: parent_child_rarity is near 1 (essentially never seen in benign activity) and events_per_second is extremely high (p94) -- an unusual and potentially malicious process."",
    ""Benign-explanation test: very short lifetime (p36) and low throughput argue against a routine admin script, cron job, or health-check."",
    ""Decide: the escalation mechanism, sensitive-path access, and unusual process behavior outweigh XGBoost's benign call; this supports the CNN.""
  ],
  ""key_features"": [""parent_child_rarity"", ""lifetime_seconds"", ""events_per_second"", ""max_uid_euid_delta"", ""auid_euid_mismatch""],
  ""agrees_with"": ""cnn""
}"
30538,4,0,benign,0,1,0.5382307767868042,0.9489884972572328,xgb_benign_cnn_malicious,MALICIOUS,1,0.92,cnn,ok,"[""Privilege state: max_uid_euid_delta is high (p99+) and auid_euid_mismatch is set -- a real identity inconsistency and privilege transition."", ""Mechanism: is_suid_exec is set and a shell was spawned from a service context with priv_op_count elevated -- a classic setuid-shell escalation."", ""Behavioural anomaly: parent_child_rarity is near 1 (essentially never seen in benign activity) and events_per_second is extremely high (p93) -- an unusual syscall throughput."", ""Benign-explanation test: very short lifetime (p36) and low throughput argue against a routine admin script, cron job, or health-check."", ""Decide: the escalation mechanism, sensitive-path access, and unusual syscall throughput outweigh XGBoost's benign call; this supports the CNN.""]","[""parent_child_rarity"", ""lifetime_seconds"", ""events_per_second"", ""max_uid_euid_delta"", ""auid_euid_mismatch""]","{
  ""verdict"": ""MALICIOUS"",
  ""confidence"": 0.92,
  ""rationale_steps"": [
    ""Privilege state: max_uid_euid_delta is high (p99+) and auid_euid_mismatch is set -- a real identity inconsistency and privilege transition."",
    ""Mechanism: is_suid_exec is set and a shell was spawned from a service context with priv_op_count elevated -- a classic setuid-shell escalation."",
    ""Behavioural anomaly: parent_child_rarity is near 1 (essentially never seen in benign activity) and events_per_second is extremely high (p93) -- an unusual syscall throughput."",
    ""Benign-explanation test: very short lifetime (p36) and low throughput argue against a routine admin script, cron job, or health-check."",
    ""Decide: the escalation mechanism, sensitive-path access, and unusual syscall throughput outweigh XGBoost's benign call; this supports the CNN.""
  ],
  ""key_features"": [""parent_child_rarity"", ""lifetime_seconds"", ""events_per_second"", ""max_uid_euid_delta"", ""auid_euid_mismatch""],
  ""agrees_with"": ""cnn""
}"
31085,4,0,benign,0,1,0.4626511931419372,0.7419862747192383,xgb_benign_cnn_malicious,MALICIOUS,1,0.83,cnn,ok,"[""Privilege state: max_uid_euid_delta is high (p98) and auid_euid_mismatch is set -- a real identity inconsistency and privilege transition."", ""Mechanism: is_suid_exec is not set, but exec_count is high (p73) and a shell was spawned from a service context with priv_op_count elevated -- a suspicious escalation attempt."", ""Behavioural anomaly: failed_call_rate is high (p98), failed_call_count is high (p98), and parent_child_rarity is near 1 -- an exec pair essentially never seen in benign activity."", ""Benign-explanation test: very high throughput (p98) and short lifetime (p42) argue against a routine admin script, cron job, or health-check."", ""Decide: the escalation mechanism and behavioural anomalies outweigh XGBoost's benign call; this supports the CNN.""]","[""events_per_second"", ""seq_length"", ""auid_euid_mismatch"", ""failed_call_rate"", ""failed_call_count""]","{
  ""verdict"": ""MALICIOUS"",
  ""confidence"": 0.83,
  ""rationale_steps"": [
    ""Privilege state: max_uid_euid_delta is high (p98) and auid_euid_mismatch is set -- a real identity inconsistency and privilege transition."",
    ""Mechanism: is_suid_exec is not set, but exec_count is high (p73) and a shell was spawned from a service context with priv_op_count elevated -- a suspicious escalation attempt."",
    ""Behavioural anomaly: failed_call_rate is high (p98), failed_call_count is high (p98), and parent_child_rarity is near 1 -- an exec pair essentially never seen in benign activity."",
    ""Benign-explanation test: very high throughput (p98) and short lifetime (p42) argue against a routine admin script, cron job, or health-check."",
    ""Decide: the escalation mechanism and behavioural anomalies outweigh XGBoost's benign call; this supports the CNN.""
  ],
  ""key_features"": [""events_per_second"", ""seq_length"", ""auid_euid_mismatch"", ""failed_call_rate"", ""failed_call_count""],
  ""agrees_with"": ""cnn""
}"
31387,4,0,benign,0,1,0.5382307767868042,0.9489884972572328,xgb_benign_cnn_malicious,MALICIOUS,1,0.92,cnn,ok,"[""Privilege state: max_uid_euid_delta is high (p99+) and auid_euid_mismatch is set -- a real identity inconsistency and privilege transition."", ""Mechanism: is_suid_exec is set and a shell was spawned from a service context with priv_op_count elevated -- a classic setuid-shell escalation."", ""Behavioural anomaly: parent_child_rarity is near 1 (essentially never seen in benign activity) and events_per_second is extremely high (p93) -- an unusual syscall throughput."", ""Benign-explanation test: very short lifetime (p36) and low throughput argue against a routine admin script, cron job, or health-check."", ""Decide: the escalation mechanism, sensitive-path access, and unusual syscall throughput outweigh XGBoost's benign call; this supports the CNN.""]","[""parent_child_rarity"", ""lifetime_seconds"", ""events_per_second"", ""max_uid_euid_delta"", ""auid_euid_mismatch""]","{
  ""verdict"": ""MALICIOUS"",
  ""confidence"": 0.92,
  ""rationale_steps"": [
    ""Privilege state: max_uid_euid_delta is high (p99+) and auid_euid_mismatch is set -- a real identity inconsistency and privilege transition."",
    ""Mechanism: is_suid_exec is set and a shell was spawned from a service context with priv_op_count elevated -- a classic setuid-shell escalation."",
    ""Behavioural anomaly: parent_child_rarity is near 1 (essentially never seen in benign activity) and events_per_second is extremely high (p93) -- an unusual syscall throughput."",
    ""Benign-explanation test: very short lifetime (p36) and low throughput argue against a routine admin script, cron job, or health-check."",
    ""Decide: the escalation mechanism, sensitive-path access, and unusual syscall throughput outweigh XGBoost's benign call; this supports the CNN.""
  ],
  ""key_features"": [""parent_child_rarity"", ""lifetime_seconds"", ""events_per_second"", ""max_uid_euid_delta"", ""auid_euid_mismatch""],
  ""agrees_with"": ""cnn""
}"
31463,4,0,benign,0,1,0.4626511931419372,0.7419862747192383,xgb_benign_cnn_malicious,MALICIOUS,1,0.83,cnn,ok,"[""Privilege state: max_uid_euid_delta is high (p98) and auid_euid_mismatch is set -- a real identity inconsistency and privilege transition."", ""Mechanism: is_suid_exec is not set, but exec_count is high (p73) and a shell was spawned from a service context with priv_op_count elevated -- a suspicious escalation attempt."", ""Behavioural anomaly: failed_call_rate is high (p98), failed_call_count is high (p98), and parent_child_rarity is near 1 -- an exec pair essentially never seen in benign activity."", ""Benign-explanation test: very high throughput (p98) and short lifetime (p42) argue against a routine admin script, cron job, or health-check."", ""Decide: the escalation mechanism and behavioural anomalies outweigh XGBoost's benign call; this supports the CNN.""]","[""events_per_second"", ""seq_length"", ""auid_euid_mismatch"", ""failed_call_rate"", ""failed_call_count""]","{
  ""verdict"": ""MALICIOUS"",
  ""confidence"": 0.83,
  ""rationale_steps"": [
    ""Privilege state: max_uid_euid_delta is high (p98) and auid_euid_mismatch is set -- a real identity inconsistency and privilege transition."",
    ""Mechanism: is_suid_exec is not set, but exec_count is high (p73) and a shell was spawned from a service context with priv_op_count elevated -- a suspicious escalation attempt."",
    ""Behavioural anomaly: failed_call_rate is high (p98), failed_call_count is high (p98), and parent_child_rarity is near 1 -- an exec pair essentially never seen in benign activity."",
    ""Benign-explanation test: very high throughput (p98) and short lifetime (p42) argue against a routine admin script, cron job, or health-check."",
    ""Decide: the escalation mechanism and behavioural anomalies outweigh XGBoost's benign call; this supports the CNN.""
  ],
  ""key_features"": [""events_per_second"", ""seq_length"", ""auid_euid_mismatch"", ""failed_call_rate"", ""failed_call_count""],
  ""agrees_with"": ""cnn""
}"
31585,4,0,benign,0,1,0.5382307767868042,0.9489884972572328,xgb_benign_cnn_malicious,MALICIOUS,1,0.92,cnn,ok,"[""Privilege state: max_uid_euid_delta is high (p99+) and auid_euid_mismatch is set -- a real identity inconsistency and privilege transition."", ""Mechanism: is_suid_exec is set and a shell was spawned from a service context with priv_op_count elevated -- a classic setuid-shell escalation."", ""Behavioural anomaly: parent_child_rarity is near 1 (essentially never seen in benign activity) and events_per_second is extremely high (p93) -- an unusual syscall throughput."", ""Benign-explanation test: very short lifetime (p36) and low throughput argue against a routine admin script, cron job, or health-check."", ""Decide: the escalation mechanism, sensitive-path access, and unusual syscall throughput outweigh XGBoost's benign call; this supports the CNN.""]","[""parent_child_rarity"", ""lifetime_seconds"", ""events_per_second"", ""max_uid_euid_delta"", ""auid_euid_mismatch""]","{
  ""verdict"": ""MALICIOUS"",
  ""confidence"": 0.92,
  ""rationale_steps"": [
    ""Privilege state: max_uid_euid_delta is high (p99+) and auid_euid_mismatch is set -- a real identity inconsistency and privilege transition."",
    ""Mechanism: is_suid_exec is set and a shell was spawned from a service context with priv_op_count elevated -- a classic setuid-shell escalation."",
    ""Behavioural anomaly: parent_child_rarity is near 1 (essentially never seen in benign activity) and events_per_second is extremely high (p93) -- an unusual syscall throughput."",
    ""Benign-explanation test: very short lifetime (p36) and low throughput argue against a routine admin script, cron job, or health-check."",
    ""Decide: the escalation mechanism, sensitive-path access, and unusual syscall throughput outweigh XGBoost's benign call; this supports the CNN.""
  ],
  ""key_features"": [""parent_child_rarity"", ""lifetime_seconds"", ""events_per_second"", ""max_uid_euid_delta"", ""auid_euid_mismatch""],
  ""agrees_with"": ""cnn""
}"
31609,3,0,benign,0,1,0.6923177242279053,0.9917534589767456,xgb_benign_cnn_malicious,MALICIOUS,1,0.92,cnn,ok,"[""Privilege state: max_uid_euid_delta is high (p98) and auid_euid_mismatch is set -- a real identity inconsistency and privilege transition."", ""Mechanism: is_suid_exec is set and a shell was spawned from a service context with priv_op_count elevated -- a classic setuid-shell escalation."", ""Behavioural anomaly: parent_child_rarity is near 1 (essentially never seen in benign activity) and unique_syscalls is high (p98) -- an exec pair and syscall types essentially never seen in benign activity."", ""Benign-explanation test: very short lifetime (p42) and high throughput argue against a routine admin script, cron job, or health-check."", ""Decide: the escalation mechanism, sensitive-path access, and behavioural anomalies outweigh XGBoost's benign call; this supports the CNN.""]","[""unique_syscalls"", ""exec_count"", ""parent_child_rarity"", ""seq_length"", ""lifetime_seconds""]","{
  ""verdict"": ""MALICIOUS"",
  ""confidence"": 0.92,
  ""rationale_steps"": [
    ""Privilege state: max_uid_euid_delta is high (p98) and auid_euid_mismatch is set -- a real identity inconsistency and privilege transition."",
    ""Mechanism: is_suid_exec is set and a shell was spawned from a service context with priv_op_count elevated -- a classic setuid-shell escalation."",
    ""Behavioural anomaly: parent_child_rarity is near 1 (essentially never seen in benign activity) and unique_syscalls is high (p98) -- an exec pair and syscall types essentially never seen in benign activity."",
    ""Benign-explanation test: very short lifetime (p42) and high throughput argue against a routine admin script, cron job, or health-check."",
    ""Decide: the escalation mechanism, sensitive-path access, and behavioural anomalies outweigh XGBoost's benign call; this supports the CNN.""
  ],
  ""key_features"": [""unique_syscalls"", ""exec_count"", ""parent_child_rarity"", ""seq_length"", ""lifetime_seconds""],
  ""agrees_with"": ""cnn""
}"
31644,4,1,T1078_Valid_Accounts,0,1,0.5382307767868042,0.9489884972572328,xgb_benign_cnn_malicious,MALICIOUS,1,0.92,cnn,ok,"[""Privilege state: max_uid_euid_delta is high (p99+) and auid_euid_mismatch is set -- a real identity inconsistency and privilege transition."", ""Mechanism: is_suid_exec is set and a shell was spawned from a service context with priv_op_count elevated -- a classic setuid-shell escalation."", ""Behavioural anomaly: parent_child_rarity is near 1 (essentially never seen in benign activity) and events_per_second is extremely high (p93) -- an unusual syscall throughput."", ""Benign-explanation test: very short lifetime (p36) and low throughput argue against a routine admin script, cron job, or health-check."", ""Decide: the escalation mechanism, sensitive-path access, and unusual syscall throughput outweigh XGBoost's benign call; this supports the CNN.""]","[""parent_child_rarity"", ""lifetime_seconds"", ""events_per_second"", ""max_uid_euid_delta"", ""auid_euid_mismatch""]","{
  ""verdict"": ""MALICIOUS"",
  ""confidence"": 0.92,
  ""rationale_steps"": [
    ""Privilege state: max_uid_euid_delta is high (p99+) and auid_euid_mismatch is set -- a real identity inconsistency and privilege transition."",
    ""Mechanism: is_suid_exec is set and a shell was spawned from a service context with priv_op_count elevated -- a classic setuid-shell escalation."",
    ""Behavioural anomaly: parent_child_rarity is near 1 (essentially never seen in benign activity) and events_per_second is extremely high (p93) -- an unusual syscall throughput."",
    ""Benign-explanation test: very short lifetime (p36) and low throughput argue against a routine admin script, cron job, or health-check."",
    ""Decide: the escalation mechanism, sensitive-path access, and unusual syscall throughput outweigh XGBoost's benign call; this supports the CNN.""
  ],
  ""key_features"": [""parent_child_rarity"", ""lifetime_seconds"", ""events_per_second"", ""max_uid_euid_delta"", ""auid_euid_mismatch""],
  ""agrees_with"": ""cnn""
}"
31671,4,0,benign,0,1,0.5382307767868042,0.9489884972572328,xgb_benign_cnn_malicious,MALICIOUS,1,0.92,cnn,ok,"[""Privilege state: max_uid_euid_delta is high (p99+) and auid_euid_mismatch is set -- a real identity inconsistency and privilege transition."", ""Mechanism: is_suid_exec is set and a shell was spawned from a service context with priv_op_count elevated -- a classic setuid-shell escalation."", ""Behavioural anomaly: parent_child_rarity is near 1 (essentially never seen in benign activity) and events_per_second is extremely high (p93) -- an unusual syscall throughput."", ""Benign-explanation test: very short lifetime (p36) and low throughput argue against a routine admin script, cron job, or health-check."", ""Decide: the escalation mechanism, sensitive-path access, and unusual syscall throughput outweigh XGBoost's benign call; this supports the CNN.""]","[""parent_child_rarity"", ""lifetime_seconds"", ""events_per_second"", ""max_uid_euid_delta"", ""auid_euid_mismatch""]","{
  ""verdict"": ""MALICIOUS"",
  ""confidence"": 0.92,
  ""rationale_steps"": [
    ""Privilege state: max_uid_euid_delta is high (p99+) and auid_euid_mismatch is set -- a real identity inconsistency and privilege transition."",
    ""Mechanism: is_suid_exec is set and a shell was spawned from a service context with priv_op_count elevated -- a classic setuid-shell escalation."",
    ""Behavioural anomaly: parent_child_rarity is near 1 (essentially never seen in benign activity) and events_per_second is extremely high (p93) -- an unusual syscall throughput."",
    ""Benign-explanation test: very short lifetime (p36) and low throughput argue against a routine admin script, cron job, or health-check."",
    ""Decide: the escalation mechanism, sensitive-path access, and unusual syscall throughput outweigh XGBoost's benign call; this supports the CNN.""
  ],
  ""key_features"": [""parent_child_rarity"", ""lifetime_seconds"", ""events_per_second"", ""max_uid_euid_delta"", ""auid_euid_mismatch""],
  ""agrees_with"": ""cnn""
}"
31707,4,0,benign,0,1,0.5382307767868042,0.9489884972572328,xgb_benign_cnn_malicious,MALICIOUS,1,0.92,cnn,ok,"[""Privilege state: max_uid_euid_delta is high (p99+) and auid_euid_mismatch is set -- a real identity inconsistency and privilege transition."", ""Mechanism: is_suid_exec is set and a shell was spawned from a service context with priv_op_count elevated -- a classic setuid-shell escalation."", ""Behavioural anomaly: parent_child_rarity is near 1 (essentially never seen in benign activity) and events_per_second is extremely high (p93) -- an unusual syscall throughput."", ""Benign-explanation test: very short lifetime (p36) and low throughput argue against a routine admin script, cron job, or health-check."", ""Decide: the escalation mechanism, sensitive-path access, and unusual syscall throughput outweigh XGBoost's benign call; this supports the CNN.""]","[""parent_child_rarity"", ""lifetime_seconds"", ""events_per_second"", ""max_uid_euid_delta"", ""auid_euid_mismatch""]","{
  ""verdict"": ""MALICIOUS"",
  ""confidence"": 0.92,
  ""rationale_steps"": [
    ""Privilege state: max_uid_euid_delta is high (p99+) and auid_euid_mismatch is set -- a real identity inconsistency and privilege transition."",
    ""Mechanism: is_suid_exec is set and a shell was spawned from a service context with priv_op_count elevated -- a classic setuid-shell escalation."",
    ""Behavioural anomaly: parent_child_rarity is near 1 (essentially never seen in benign activity) and events_per_second is extremely high (p93) -- an unusual syscall throughput."",
    ""Benign-explanation test: very short lifetime (p36) and low throughput argue against a routine admin script, cron job, or health-check."",
    ""Decide: the escalation mechanism, sensitive-path access, and unusual syscall throughput outweigh XGBoost's benign call; this supports the CNN.""
  ],
  ""key_features"": [""parent_child_rarity"", ""lifetime_seconds"", ""events_per_second"", ""max_uid_euid_delta"", ""auid_euid_mismatch""],
  ""agrees_with"": ""cnn""
}"
31785,1,0,benign,0,1,0.6132968664169312,0.9286623001098632,xgb_benign_cnn_malicious,MALICIOUS,1,0.93,cnn,ok,"[""Privilege state: uid_changed is set, indicating a genuine UID transition, and auid_euid_mismatch is set, indicating an identity inconsistency."", ""Mechanism: exec_count is elevated, indicating a potential escalation attempt, and shell_from_service is set, but without is_suid_exec or elevated priv_op_count, it's a weak signal."", ""Behavioural anomaly: failed_call_rate is high, indicating a potential error-prone process, and parent_child_rarity is near 1, indicating an exec pair essentially never seen in benign activity."", ""Benign-explanation test: very short lifetime (p88) and high throughput argue against a routine admin script, cron job, or health-check."", ""Decide: the privilege transition, elevated exec count, and behavioural anomalies outweigh XGBoost's benign call; this supports the CNN.""]","[""uid_changed"", ""lifetime_seconds"", ""events_per_second"", ""failed_call_rate"", ""exec_count""]","{
  ""verdict"": ""MALICIOUS"",
  ""confidence"": 0.93,
  ""rationale_steps"": [
    ""Privilege state: uid_changed is set, indicating a genuine UID transition, and auid_euid_mismatch is set, indicating an identity inconsistency."",
    ""Mechanism: exec_count is elevated, indicating a potential escalation attempt, and shell_from_service is set, but without is_suid_exec or elevated priv_op_count, it's a weak signal."",
    ""Behavioural anomaly: failed_call_rate is high, indicating a potential error-prone process, and parent_child_rarity is near 1, indicating an exec pair essentially never seen in benign activity."",
    ""Benign-explanation test: very short lifetime (p88) and high throughput argue against a routine admin script, cron job, or health-check."",
    ""Decide: the privilege transition, elevated exec count, and behavioural anomalies outweigh XGBoost's benign call; this supports the CNN.""
  ],
  ""key_features"": [""uid_changed"", ""lifetime_seconds"", ""events_per_second"", ""failed_call_rate"", ""exec_count""],
  ""agrees_with"": ""cnn""
}"
32166,4,0,benign,0,1,0.4626511931419372,0.7419862747192383,xgb_benign_cnn_malicious,MALICIOUS,1,0.83,cnn,ok,"[""Privilege state: max_uid_euid_delta is high (p98) and auid_euid_mismatch is set -- a real identity inconsistency and privilege transition."", ""Mechanism: is_suid_exec is not set, but exec_count is high (p73) and a shell was spawned from a service context with priv_op_count elevated -- a suspicious escalation attempt."", ""Behavioural anomaly: failed_call_rate is high (p98), failed_call_count is high (p98), and parent_child_rarity is near 1 -- an exec pair essentially never seen in benign activity."", ""Benign-explanation test: very high throughput (p98) and short lifetime (p42) argue against a routine admin script, cron job, or health-check."", ""Decide: the escalation mechanism and behavioural anomalies outweigh XGBoost's benign call; this supports the CNN.""]","[""events_per_second"", ""seq_length"", ""auid_euid_mismatch"", ""failed_call_rate"", ""failed_call_count""]","{
  ""verdict"": ""MALICIOUS"",
  ""confidence"": 0.83,
  ""rationale_steps"": [
    ""Privilege state: max_uid_euid_delta is high (p98) and auid_euid_mismatch is set -- a real identity inconsistency and privilege transition."",
    ""Mechanism: is_suid_exec is not set, but exec_count is high (p73) and a shell was spawned from a service context with priv_op_count elevated -- a suspicious escalation attempt."",
    ""Behavioural anomaly: failed_call_rate is high (p98), failed_call_count is high (p98), and parent_child_rarity is near 1 -- an exec pair essentially never seen in benign activity."",
    ""Benign-explanation test: very high throughput (p98) and short lifetime (p42) argue against a routine admin script, cron job, or health-check."",
    ""Decide: the escalation mechanism and behavioural anomalies outweigh XGBoost's benign call; this supports the CNN.""
  ],
  ""key_features"": [""events_per_second"", ""seq_length"", ""auid_euid_mismatch"", ""failed_call_rate"", ""failed_call_count""],
  ""agrees_with"": ""cnn""
}"
32212,4,0,benign,0,1,0.4626511931419372,0.7419862747192383,xgb_benign_cnn_malicious,MALICIOUS,1,0.83,cnn,ok,"[""Privilege state: auid_euid_mismatch is set, indicating an identity inconsistency, but max_uid_euid_delta is low, suggesting no genuine UID/EUID transition."", ""Mechanism: is_suid_exec is not set, but exec_count is elevated, which could indicate an unusual exec chain."", ""Behavioural anomaly: failed_call_rate and failed_call_count are both high, indicating a high rate of failed syscalls, and parent_child_rarity is near 1, indicating a rare parent->child exec pair."", ""Benign-explanation test: the short lifetime and high throughput do not strongly suggest a routine admin script, cron job, or health-check."", ""Decide: the combination of failed_call_rate, failed_call_count, and parent_child_rarity outweighs XGBoost's benign call, supporting CNN's flag on this one feature.""]","[""events_per_second"", ""seq_length"", ""auid_euid_mismatch"", ""failed_call_rate"", ""failed_call_count""]","{
  ""verdict"": ""MALICIOUS"",
  ""confidence"": 0.83,
  ""rationale_steps"": [
    ""Privilege state: auid_euid_mismatch is set, indicating an identity inconsistency, but max_uid_euid_delta is low, suggesting no genuine UID/EUID transition."",
    ""Mechanism: is_suid_exec is not set, but exec_count is elevated, which could indicate an unusual exec chain."",
    ""Behavioural anomaly: failed_call_rate and failed_call_count are both high, indicating a high rate of failed syscalls, and parent_child_rarity is near 1, indicating a rare parent->child exec pair."",
    ""Benign-explanation test: the short lifetime and high throughput do not strongly suggest a routine admin script, cron job, or health-check."",
    ""Decide: the combination of failed_call_rate, failed_call_count, and parent_child_rarity outweighs XGBoost's benign call, supporting CNN's flag on this one feature.""
  ],
  ""key_features"": [""events_per_second"", ""seq_length"", ""auid_euid_mismatch"", ""failed_call_rate"", ""failed_call_count""],
  ""agrees_with"": ""cnn""
}"
32253,4,0,benign,0,1,0.3245709240436554,0.9654507040977478,xgb_benign_cnn_malicious,MALICIOUS,1,0.92,cnn,ok,"[""Privilege state: max_uid_euid_delta is high (p99+) and auid_euid_mismatch is set -- a real identity inconsistency and privilege transition."", ""Mechanism: is_suid_exec is set and a shell was spawned from a service context with priv_op_count elevated -- a classic setuid-shell escalation."", ""Behavioural anomaly: parent_child_rarity is near 1 (essentially never seen in benign activity) and events_per_second is extremely high (p93) -- an unusual and potentially malicious process."", ""Benign-explanation test: very short lifetime (p36) and low throughput argue against a routine admin script, cron job, or health-check."", ""Decide: the escalation mechanism, sensitive-path access, and unusual behavioural features outweigh XGBoost's benign call; this supports the CNN.""]","[""parent_child_rarity"", ""lifetime_seconds"", ""events_per_second"", ""max_uid_euid_delta"", ""auid_euid_mismatch""]","{
  ""verdict"": ""MALICIOUS"",
  ""confidence"": 0.92,
  ""rationale_steps"": [
    ""Privilege state: max_uid_euid_delta is high (p99+) and auid_euid_mismatch is set -- a real identity inconsistency and privilege transition."",
    ""Mechanism: is_suid_exec is set and a shell was spawned from a service context with priv_op_count elevated -- a classic setuid-shell escalation."",
    ""Behavioural anomaly: parent_child_rarity is near 1 (essentially never seen in benign activity) and events_per_second is extremely high (p93) -- an unusual and potentially malicious process."",
    ""Benign-explanation test: very short lifetime (p36) and low throughput argue against a routine admin script, cron job, or health-check."",
    ""Decide: the escalation mechanism, sensitive-path access, and unusual behavioural features outweigh XGBoost's benign call; this supports the CNN.""
  ],
  ""key_features"": [""parent_child_rarity"", ""lifetime_seconds"", ""events_per_second"", ""max_uid_euid_delta"", ""auid_euid_mismatch""],
  ""agrees_with"": ""cnn""
}"
33722,4,0,benign,0,1,0.4626511931419372,0.7419862747192383,xgb_benign_cnn_malicious,MALICIOUS,1,0.83,cnn,ok,"[""Privilege state: max_uid_euid_delta is high (p98) and auid_euid_mismatch is set -- a real identity inconsistency and privilege transition."", ""Mechanism: is_suid_exec is not set, but exec_count is high (p73) and a shell was spawned from a service context with priv_op_count elevated -- a suspicious escalation attempt."", ""Behavioural anomaly: failed_call_rate is high (p98), failed_call_count is high (p98), and parent_child_rarity is near 1 -- an exec pair essentially never seen in benign activity."", ""Benign-explanation test: very high throughput (p98) and short lifetime (p42) argue against a routine admin script, cron job, or health-check."", ""Decide: the escalation mechanism and behavioural anomalies outweigh XGBoost's benign call; this supports the CNN.""]","[""events_per_second"", ""seq_length"", ""auid_euid_mismatch"", ""failed_call_rate"", ""failed_call_count""]","{
  ""verdict"": ""MALICIOUS"",
  ""confidence"": 0.83,
  ""rationale_steps"": [
    ""Privilege state: max_uid_euid_delta is high (p98) and auid_euid_mismatch is set -- a real identity inconsistency and privilege transition."",
    ""Mechanism: is_suid_exec is not set, but exec_count is high (p73) and a shell was spawned from a service context with priv_op_count elevated -- a suspicious escalation attempt."",
    ""Behavioural anomaly: failed_call_rate is high (p98), failed_call_count is high (p98), and parent_child_rarity is near 1 -- an exec pair essentially never seen in benign activity."",
    ""Benign-explanation test: very high throughput (p98) and short lifetime (p42) argue against a routine admin script, cron job, or health-check."",
    ""Decide: the escalation mechanism and behavioural anomalies outweigh XGBoost's benign call; this supports the CNN.""
  ],
  ""key_features"": [""events_per_second"", ""seq_length"", ""auid_euid_mismatch"", ""failed_call_rate"", ""failed_call_count""],
  ""agrees_with"": ""cnn""
}"
33767,3,1,T1078_Valid_Accounts,0,1,0.6923177242279053,0.9917534589767456,xgb_benign_cnn_malicious,MALICIOUS,1,0.92,cnn,ok,"[""Privilege state: max_uid_euid_delta is high (p98) and auid_euid_mismatch is set -- a real identity inconsistency and privilege transition."", ""Mechanism: is_suid_exec is set and a shell was spawned from a service context with priv_op_count elevated -- a classic setuid-shell escalation."", ""Behavioural anomaly: parent_child_rarity is near 1 (essentially never seen in benign activity) and unique_syscalls is high (p98) -- an exec pair and syscall types essentially never seen in benign activity."", ""Benign-explanation test: very short lifetime (p42) and high throughput argue against a routine admin script, cron job, or health-check."", ""Decide: the escalation mechanism, sensitive-path access, and behavioural anomalies outweigh XGBoost's benign call; this supports the CNN.""]","[""unique_syscalls"", ""exec_count"", ""parent_child_rarity"", ""seq_length"", ""lifetime_seconds""]","{
  ""verdict"": ""MALICIOUS"",
  ""confidence"": 0.92,
  ""rationale_steps"": [
    ""Privilege state: max_uid_euid_delta is high (p98) and auid_euid_mismatch is set -- a real identity inconsistency and privilege transition."",
    ""Mechanism: is_suid_exec is set and a shell was spawned from a service context with priv_op_count elevated -- a classic setuid-shell escalation."",
    ""Behavioural anomaly: parent_child_rarity is near 1 (essentially never seen in benign activity) and unique_syscalls is high (p98) -- an exec pair and syscall types essentially never seen in benign activity."",
    ""Benign-explanation test: very short lifetime (p42) and high throughput argue against a routine admin script, cron job, or health-check."",
    ""Decide: the escalation mechanism, sensitive-path access, and behavioural anomalies outweigh XGBoost's benign call; this supports the CNN.""
  ],
  ""key_features"": [""unique_syscalls"", ""exec_count"", ""parent_child_rarity"", ""seq_length"", ""lifetime_seconds""],
  ""agrees_with"": ""cnn""
}"
33847,4,0,benign,0,1,0.5382307767868042,0.9489884972572328,xgb_benign_cnn_malicious,MALICIOUS,1,0.92,cnn,ok,"[""Privilege state: max_uid_euid_delta is high (p99+) and auid_euid_mismatch is set -- a real identity inconsistency and privilege transition."", ""Mechanism: is_suid_exec is set and a shell was spawned from a service context with priv_op_count elevated -- a classic setuid-shell escalation."", ""Behavioural anomaly: parent_child_rarity is near 1 (essentially never seen in benign activity) and events_per_second is extremely high (p93) -- an unusual syscall throughput."", ""Benign-explanation test: very short lifetime (p36) and low throughput argue against a routine admin script, cron job, or health-check."", ""Decide: the escalation mechanism, sensitive-path access, and unusual syscall throughput outweigh XGBoost's benign call; this supports the CNN.""]","[""parent_child_rarity"", ""lifetime_seconds"", ""events_per_second"", ""max_uid_euid_delta"", ""auid_euid_mismatch""]","{
  ""verdict"": ""MALICIOUS"",
  ""confidence"": 0.92,
  ""rationale_steps"": [
    ""Privilege state: max_uid_euid_delta is high (p99+) and auid_euid_mismatch is set -- a real identity inconsistency and privilege transition."",
    ""Mechanism: is_suid_exec is set and a shell was spawned from a service context with priv_op_count elevated -- a classic setuid-shell escalation."",
    ""Behavioural anomaly: parent_child_rarity is near 1 (essentially never seen in benign activity) and events_per_second is extremely high (p93) -- an unusual syscall throughput."",
    ""Benign-explanation test: very short lifetime (p36) and low throughput argue against a routine admin script, cron job, or health-check."",
    ""Decide: the escalation mechanism, sensitive-path access, and unusual syscall throughput outweigh XGBoost's benign call; this supports the CNN.""
  ],
  ""key_features"": [""parent_child_rarity"", ""lifetime_seconds"", ""events_per_second"", ""max_uid_euid_delta"", ""auid_euid_mismatch""],
  ""agrees_with"": ""cnn""
}"
33881,4,0,benign,0,1,0.4626511931419372,0.7419862747192383,xgb_benign_cnn_malicious,MALICIOUS,1,0.83,cnn,ok,"[""Privilege state: max_uid_euid_delta is high (p98) and auid_euid_mismatch is set -- a real identity inconsistency and privilege transition."", ""Mechanism: is_suid_exec is not set, but exec_count is high (p73) and a shell was spawned from a service context with priv_op_count elevated -- a suspicious escalation attempt."", ""Behavioural anomaly: failed_call_rate is high (p98), failed_call_count is high (p98), and parent_child_rarity is near 1 -- an exec pair essentially never seen in benign activity."", ""Benign-explanation test: very high throughput (p98) and short lifetime (p42) argue against a routine admin script, cron job, or health-check."", ""Decide: the escalation mechanism and behavioural anomalies outweigh XGBoost's benign call; this supports the CNN.""]","[""events_per_second"", ""seq_length"", ""auid_euid_mismatch"", ""failed_call_rate"", ""failed_call_count""]","{
  ""verdict"": ""MALICIOUS"",
  ""confidence"": 0.83,
  ""rationale_steps"": [
    ""Privilege state: max_uid_euid_delta is high (p98) and auid_euid_mismatch is set -- a real identity inconsistency and privilege transition."",
    ""Mechanism: is_suid_exec is not set, but exec_count is high (p73) and a shell was spawned from a service context with priv_op_count elevated -- a suspicious escalation attempt."",
    ""Behavioural anomaly: failed_call_rate is high (p98), failed_call_count is high (p98), and parent_child_rarity is near 1 -- an exec pair essentially never seen in benign activity."",
    ""Benign-explanation test: very high throughput (p98) and short lifetime (p42) argue against a routine admin script, cron job, or health-check."",
    ""Decide: the escalation mechanism and behavioural anomalies outweigh XGBoost's benign call; this supports the CNN.""
  ],
  ""key_features"": [""events_per_second"", ""seq_length"", ""auid_euid_mismatch"", ""failed_call_rate"", ""failed_call_count""],
  ""agrees_with"": ""cnn""
}"
33998,4,0,benign,0,1,0.5382307767868042,0.9489884972572328,xgb_benign_cnn_malicious,MALICIOUS,1,0.92,cnn,ok,"[""Privilege state: max_uid_euid_delta is high (p99+) and auid_euid_mismatch is set -- a real identity inconsistency and privilege transition."", ""Mechanism: is_suid_exec is set and a shell was spawned from a service context with priv_op_count elevated -- a classic setuid-shell escalation."", ""Behavioural anomaly: parent_child_rarity is near 1 (essentially never seen in benign activity) and events_per_second is extremely high (p93) -- an unusual syscall throughput."", ""Benign-explanation test: very short lifetime (p36) and low throughput argue against a routine admin script, cron job, or health-check."", ""Decide: the escalation mechanism, sensitive-path access, and unusual syscall throughput outweigh XGBoost's benign call; this supports the CNN.""]","[""parent_child_rarity"", ""lifetime_seconds"", ""events_per_second"", ""max_uid_euid_delta"", ""auid_euid_mismatch""]","{
  ""verdict"": ""MALICIOUS"",
  ""confidence"": 0.92,
  ""rationale_steps"": [
    ""Privilege state: max_uid_euid_delta is high (p99+) and auid_euid_mismatch is set -- a real identity inconsistency and privilege transition."",
    ""Mechanism: is_suid_exec is set and a shell was spawned from a service context with priv_op_count elevated -- a classic setuid-shell escalation."",
    ""Behavioural anomaly: parent_child_rarity is near 1 (essentially never seen in benign activity) and events_per_second is extremely high (p93) -- an unusual syscall throughput."",
    ""Benign-explanation test: very short lifetime (p36) and low throughput argue against a routine admin script, cron job, or health-check."",
    ""Decide: the escalation mechanism, sensitive-path access, and unusual syscall throughput outweigh XGBoost's benign call; this supports the CNN.""
  ],
  ""key_features"": [""parent_child_rarity"", ""lifetime_seconds"", ""events_per_second"", ""max_uid_euid_delta"", ""auid_euid_mismatch""],
  ""agrees_with"": ""cnn""
}"
34144,3,1,T1078_Valid_Accounts,0,1,0.6923177242279053,0.9917534589767456,xgb_benign_cnn_malicious,MALICIOUS,1,0.92,cnn,ok,"[""Privilege state: max_uid_euid_delta is high (p98) and auid_euid_mismatch is set -- a real identity inconsistency and privilege transition."", ""Mechanism: is_suid_exec is set and a shell was spawned from a service context with priv_op_count elevated -- a classic setuid-shell escalation."", ""Behavioural anomaly: parent_child_rarity is near 1 (essentially never seen in benign activity) and unique_syscalls is high (p98) -- an exec pair and syscall types essentially never seen in benign activity."", ""Benign-explanation test: very short lifetime (p42) and high throughput argue against a routine admin script, cron job, or health-check."", ""Decide: the escalation mechanism, sensitive-path access, and behavioural anomalies outweigh XGBoost's benign call; this supports the CNN.""]","[""unique_syscalls"", ""exec_count"", ""parent_child_rarity"", ""seq_length"", ""lifetime_seconds""]","{
  ""verdict"": ""MALICIOUS"",
  ""confidence"": 0.92,
  ""rationale_steps"": [
    ""Privilege state: max_uid_euid_delta is high (p98) and auid_euid_mismatch is set -- a real identity inconsistency and privilege transition."",
    ""Mechanism: is_suid_exec is set and a shell was spawned from a service context with priv_op_count elevated -- a classic setuid-shell escalation."",
    ""Behavioural anomaly: parent_child_rarity is near 1 (essentially never seen in benign activity) and unique_syscalls is high (p98) -- an exec pair and syscall types essentially never seen in benign activity."",
    ""Benign-explanation test: very short lifetime (p42) and high throughput argue against a routine admin script, cron job, or health-check."",
    ""Decide: the escalation mechanism, sensitive-path access, and behavioural anomalies outweigh XGBoost's benign call; this supports the CNN.""
  ],
  ""key_features"": [""unique_syscalls"", ""exec_count"", ""parent_child_rarity"", ""seq_length"", ""lifetime_seconds""],
  ""agrees_with"": ""cnn""
}"
34171,3,1,T1078_Valid_Accounts,0,1,0.6923177242279053,0.9917534589767456,xgb_benign_cnn_malicious,MALICIOUS,1,0.92,cnn,ok,"[""Privilege state: max_uid_euid_delta is high (p98) and auid_euid_mismatch is set -- a real identity inconsistency and privilege transition."", ""Mechanism: is_suid_exec is set and a shell was spawned from a service context with priv_op_count elevated -- a classic setuid-shell escalation."", ""Behavioural anomaly: unique_syscalls is high (p98) and parent_child_rarity is near 1 -- an exec pair essentially never seen in benign activity."", ""Benign-explanation test: very high throughput (p56) and short lifetime (p42) argue against a routine admin script, cron job, or health-check."", ""Decide: the escalation mechanism, sensitive-path access, and behavioural anomalies outweigh XGBoost's benign call; this supports the CNN.""]","[""unique_syscalls"", ""exec_count"", ""parent_child_rarity"", ""max_uid_euid_delta"", ""auid_euid_mismatch""]","{
  ""verdict"": ""MALICIOUS"",
  ""confidence"": 0.92,
  ""rationale_steps"": [
    ""Privilege state: max_uid_euid_delta is high (p98) and auid_euid_mismatch is set -- a real identity inconsistency and privilege transition."",
    ""Mechanism: is_suid_exec is set and a shell was spawned from a service context with priv_op_count elevated -- a classic setuid-shell escalation."",
    ""Behavioural anomaly: unique_syscalls is high (p98) and parent_child_rarity is near 1 -- an exec pair essentially never seen in benign activity."",
    ""Benign-explanation test: very high throughput (p56) and short lifetime (p42) argue against a routine admin script, cron job, or health-check."",
    ""Decide: the escalation mechanism, sensitive-path access, and behavioural anomalies outweigh XGBoost's benign call; this supports the CNN.""
  ],
  ""key_features"": [""unique_syscalls"", ""exec_count"", ""parent_child_rarity"", ""max_uid_euid_delta"", ""auid_euid_mismatch""],
  ""agrees_with"": ""cnn""
}"
35051,4,0,benign,0,1,0.4626511931419372,0.7419862747192383,xgb_benign_cnn_malicious,MALICIOUS,1,0.83,cnn,ok,"[""Privilege state: max_uid_euid_delta is high (p98) and auid_euid_mismatch is set -- a real identity inconsistency and privilege transition."", ""Mechanism: is_suid_exec is not set, but exec_count is high (p73) and a shell was spawned from a service context with priv_op_count elevated -- a suspicious escalation attempt."", ""Behavioural anomaly: failed_call_rate is high (p98), failed_call_count is high (p98), and parent_child_rarity is near 1 -- an exec pair essentially never seen in benign activity."", ""Benign-explanation test: very high throughput (p98) and short lifetime (p42) argue against a routine admin script, cron job, or health-check."", ""Decide: the escalation mechanism and behavioural anomalies outweigh XGBoost's benign call; this supports the CNN.""]","[""events_per_second"", ""seq_length"", ""auid_euid_mismatch"", ""failed_call_rate"", ""failed_call_count""]","{
  ""verdict"": ""MALICIOUS"",
  ""confidence"": 0.83,
  ""rationale_steps"": [
    ""Privilege state: max_uid_euid_delta is high (p98) and auid_euid_mismatch is set -- a real identity inconsistency and privilege transition."",
    ""Mechanism: is_suid_exec is not set, but exec_count is high (p73) and a shell was spawned from a service context with priv_op_count elevated -- a suspicious escalation attempt."",
    ""Behavioural anomaly: failed_call_rate is high (p98), failed_call_count is high (p98), and parent_child_rarity is near 1 -- an exec pair essentially never seen in benign activity."",
    ""Benign-explanation test: very high throughput (p98) and short lifetime (p42) argue against a routine admin script, cron job, or health-check."",
    ""Decide: the escalation mechanism and behavioural anomalies outweigh XGBoost's benign call; this supports the CNN.""
  ],
  ""key_features"": [""events_per_second"", ""seq_length"", ""auid_euid_mismatch"", ""failed_call_rate"", ""failed_call_count""],
  ""agrees_with"": ""cnn""
}"
35192,4,0,benign,0,1,0.4626511931419372,0.7419862747192383,xgb_benign_cnn_malicious,MALICIOUS,1,0.83,cnn,ok,"[""Privilege state: auid_euid_mismatch is set, indicating an identity inconsistency, but max_uid_euid_delta is low, suggesting no genuine UID/EUID transition."", ""Mechanism: is_suid_exec is not set, but exec_count is elevated, which could indicate an unusual exec chain."", ""Behavioural anomaly: failed_call_rate and failed_call_count are both high, indicating a high rate of failed syscalls, and parent_child_rarity is near 1, indicating a rare parent->child exec pair."", ""Benign-explanation test: the short lifetime and high throughput do not strongly suggest a routine admin script, cron job, or health-check."", ""Decide: the combination of failed_call_rate, failed_call_count, and parent_child_rarity outweighs XGBoost's benign call, supporting CNN's flag on this one feature.""]","[""events_per_second"", ""seq_length"", ""auid_euid_mismatch"", ""failed_call_rate"", ""failed_call_count""]","{
  ""verdict"": ""MALICIOUS"",
  ""confidence"": 0.83,
  ""rationale_steps"": [
    ""Privilege state: auid_euid_mismatch is set, indicating an identity inconsistency, but max_uid_euid_delta is low, suggesting no genuine UID/EUID transition."",
    ""Mechanism: is_suid_exec is not set, but exec_count is elevated, which could indicate an unusual exec chain."",
    ""Behavioural anomaly: failed_call_rate and failed_call_count are both high, indicating a high rate of failed syscalls, and parent_child_rarity is near 1, indicating a rare parent->child exec pair."",
    ""Benign-explanation test: the short lifetime and high throughput do not strongly suggest a routine admin script, cron job, or health-check."",
    ""Decide: the combination of failed_call_rate, failed_call_count, and parent_child_rarity outweighs XGBoost's benign call, supporting CNN's flag on this one feature.""
  ],
  ""key_features"": [""events_per_second"", ""seq_length"", ""auid_euid_mismatch"", ""failed_call_rate"", ""failed_call_count""],
  ""agrees_with"": ""cnn""
}"
35215,3,1,T1078_Valid_Accounts,0,1,0.6923177242279053,0.9917534589767456,xgb_benign_cnn_malicious,MALICIOUS,1,0.92,cnn,ok,"[""Privilege state: max_uid_euid_delta is high (p98) and auid_euid_mismatch is set -- a real identity inconsistency and privilege transition."", ""Mechanism: is_suid_exec is set and a shell was spawned from a service context with priv_op_count elevated -- a classic setuid-shell escalation."", ""Behavioural anomaly: parent_child_rarity is near 1 (essentially never seen in benign activity) and unique_syscalls is high (p98) -- an exec pair and syscall types essentially never seen in benign activity."", ""Benign-explanation test: very short lifetime (p42) and high throughput argue against a routine admin script, cron job, or health-check."", ""Decide: the escalation mechanism, sensitive-path access, and behavioural anomalies outweigh XGBoost's benign call; this supports the CNN.""]","[""unique_syscalls"", ""exec_count"", ""parent_child_rarity"", ""seq_length"", ""lifetime_seconds""]","{
  ""verdict"": ""MALICIOUS"",
  ""confidence"": 0.92,
  ""rationale_steps"": [
    ""Privilege state: max_uid_euid_delta is high (p98) and auid_euid_mismatch is set -- a real identity inconsistency and privilege transition."",
    ""Mechanism: is_suid_exec is set and a shell was spawned from a service context with priv_op_count elevated -- a classic setuid-shell escalation."",
    ""Behavioural anomaly: parent_child_rarity is near 1 (essentially never seen in benign activity) and unique_syscalls is high (p98) -- an exec pair and syscall types essentially never seen in benign activity."",
    ""Benign-explanation test: very short lifetime (p42) and high throughput argue against a routine admin script, cron job, or health-check."",
    ""Decide: the escalation mechanism, sensitive-path access, and behavioural anomalies outweigh XGBoost's benign call; this supports the CNN.""
  ],
  ""key_features"": [""unique_syscalls"", ""exec_count"", ""parent_child_rarity"", ""seq_length"", ""lifetime_seconds""],
  ""agrees_with"": ""cnn""
}"
35270,4,0,benign,0,1,0.3245709240436554,0.9654507040977478,xgb_benign_cnn_malicious,MALICIOUS,1,0.92,cnn,ok,"[""Privilege state: max_uid_euid_delta is high (p99+) and auid_euid_mismatch is set -- a real identity inconsistency and privilege transition."", ""Mechanism: is_suid_exec is set and a shell was spawned from a service context with priv_op_count elevated -- a classic setuid-shell escalation."", ""Behavioural anomaly: parent_child_rarity is near 1 (essentially never seen in benign activity) and events_per_second is extremely high (p93) -- an unusual and potentially malicious process."", ""Benign-explanation test: very short lifetime (p36) and low throughput argue against a routine admin script, cron job, or health-check."", ""Decide: the escalation mechanism, sensitive-path access, and unusual behavioural features outweigh XGBoost's benign call; this supports the CNN.""]","[""parent_child_rarity"", ""lifetime_seconds"", ""events_per_second"", ""max_uid_euid_delta"", ""auid_euid_mismatch""]","{
  ""verdict"": ""MALICIOUS"",
  ""confidence"": 0.92,
  ""rationale_steps"": [
    ""Privilege state: max_uid_euid_delta is high (p99+) and auid_euid_mismatch is set -- a real identity inconsistency and privilege transition."",
    ""Mechanism: is_suid_exec is set and a shell was spawned from a service context with priv_op_count elevated -- a classic setuid-shell escalation."",
    ""Behavioural anomaly: parent_child_rarity is near 1 (essentially never seen in benign activity) and events_per_second is extremely high (p93) -- an unusual and potentially malicious process."",
    ""Benign-explanation test: very short lifetime (p36) and low throughput argue against a routine admin script, cron job, or health-check."",
    ""Decide: the escalation mechanism, sensitive-path access, and unusual behavioural features outweigh XGBoost's benign call; this supports the CNN.""
  ],
  ""key_features"": [""parent_child_rarity"", ""lifetime_seconds"", ""events_per_second"", ""max_uid_euid_delta"", ""auid_euid_mismatch""],
  ""agrees_with"": ""cnn""
}"
35480,3,0,benign,0,1,0.6923177242279053,0.9917534589767456,xgb_benign_cnn_malicious,MALICIOUS,1,0.92,cnn,ok,"[""Privilege state: max_uid_euid_delta is high (p98) and auid_euid_mismatch is set -- a real identity inconsistency and privilege transition."", ""Mechanism: is_suid_exec is set and a shell was spawned from a service context with priv_op_count elevated -- a classic setuid-shell escalation."", ""Behavioural anomaly: parent_child_rarity is near 1 (essentially never seen in benign activity) and unique_syscalls is high (p98) -- an exec pair and syscall types essentially never seen in benign activity."", ""Benign-explanation test: very short lifetime (p42) and high throughput argue against a routine admin script, cron job, or health-check."", ""Decide: the escalation mechanism, sensitive-path access, and behavioural anomalies outweigh XGBoost's benign call; this supports the CNN.""]","[""unique_syscalls"", ""exec_count"", ""parent_child_rarity"", ""seq_length"", ""lifetime_seconds""]","{
  ""verdict"": ""MALICIOUS"",
  ""confidence"": 0.92,
  ""rationale_steps"": [
    ""Privilege state: max_uid_euid_delta is high (p98) and auid_euid_mismatch is set -- a real identity inconsistency and privilege transition."",
    ""Mechanism: is_suid_exec is set and a shell was spawned from a service context with priv_op_count elevated -- a classic setuid-shell escalation."",
    ""Behavioural anomaly: parent_child_rarity is near 1 (essentially never seen in benign activity) and unique_syscalls is high (p98) -- an exec pair and syscall types essentially never seen in benign activity."",
    ""Benign-explanation test: very short lifetime (p42) and high throughput argue against a routine admin script, cron job, or health-check."",
    ""Decide: the escalation mechanism, sensitive-path access, and behavioural anomalies outweigh XGBoost's benign call; this supports the CNN.""
  ],
  ""key_features"": [""unique_syscalls"", ""exec_count"", ""parent_child_rarity"", ""seq_length"", ""lifetime_seconds""],
  ""agrees_with"": ""cnn""
}"
35536,4,0,benign,0,1,0.4626511931419372,0.7419862747192383,xgb_benign_cnn_malicious,MALICIOUS,1,0.83,cnn,ok,"[""Privilege state: max_uid_euid_delta is high (p98) and auid_euid_mismatch is set -- a real identity inconsistency and privilege transition."", ""Mechanism: is_suid_exec is not set, but exec_count is high (p73) and a shell was spawned from a service context with priv_op_count elevated -- a suspicious escalation attempt."", ""Behavioural anomaly: failed_call_rate is high (p98), failed_call_count is high (p98), and parent_child_rarity is near 1 -- an exec pair essentially never seen in benign activity."", ""Benign-explanation test: very high throughput (p98) and short lifetime (p42) argue against a routine admin script, cron job, or health-check."", ""Decide: the escalation mechanism and behavioural anomalies outweigh XGBoost's benign call; this supports the CNN.""]","[""events_per_second"", ""seq_length"", ""auid_euid_mismatch"", ""failed_call_rate"", ""failed_call_count""]","{
  ""verdict"": ""MALICIOUS"",
  ""confidence"": 0.83,
  ""rationale_steps"": [
    ""Privilege state: max_uid_euid_delta is high (p98) and auid_euid_mismatch is set -- a real identity inconsistency and privilege transition."",
    ""Mechanism: is_suid_exec is not set, but exec_count is high (p73) and a shell was spawned from a service context with priv_op_count elevated -- a suspicious escalation attempt."",
    ""Behavioural anomaly: failed_call_rate is high (p98), failed_call_count is high (p98), and parent_child_rarity is near 1 -- an exec pair essentially never seen in benign activity."",
    ""Benign-explanation test: very high throughput (p98) and short lifetime (p42) argue against a routine admin script, cron job, or health-check."",
    ""Decide: the escalation mechanism and behavioural anomalies outweigh XGBoost's benign call; this supports the CNN.""
  ],
  ""key_features"": [""events_per_second"", ""seq_length"", ""auid_euid_mismatch"", ""failed_call_rate"", ""failed_call_count""],
  ""agrees_with"": ""cnn""
}"
35585,4,0,benign,0,1,0.5712800621986389,0.9490267634391784,xgb_benign_cnn_malicious,MALICIOUS,1,0.92,cnn,ok,"[""Privilege state: max_uid_euid_delta is high (p99+) and auid_euid_mismatch is set -- a real identity inconsistency and privilege transition."", ""Mechanism: is_suid_exec is set and a shell was spawned from a service context with priv_op_count elevated -- a classic setuid-shell escalation."", ""Behavioural anomaly: parent_child_rarity is near 1 (essentially never seen in benign activity) and events_per_second is extremely high (p93) -- an unusual and potentially malicious exec chain."", ""Benign-explanation test: very short lifetime (p36) and low throughput argue against a routine admin script, cron job, or health-check."", ""Decide: the escalation mechanism, sensitive-path access, and unusual exec chain outweigh XGBoost's benign call; this supports the CNN.""]","[""parent_child_rarity"", ""lifetime_seconds"", ""events_per_second"", ""max_uid_euid_delta"", ""auid_euid_mismatch""]","{
  ""verdict"": ""MALICIOUS"",
  ""confidence"": 0.92,
  ""rationale_steps"": [
    ""Privilege state: max_uid_euid_delta is high (p99+) and auid_euid_mismatch is set -- a real identity inconsistency and privilege transition."",
    ""Mechanism: is_suid_exec is set and a shell was spawned from a service context with priv_op_count elevated -- a classic setuid-shell escalation."",
    ""Behavioural anomaly: parent_child_rarity is near 1 (essentially never seen in benign activity) and events_per_second is extremely high (p93) -- an unusual and potentially malicious exec chain."",
    ""Benign-explanation test: very short lifetime (p36) and low throughput argue against a routine admin script, cron job, or health-check."",
    ""Decide: the escalation mechanism, sensitive-path access, and unusual exec chain outweigh XGBoost's benign call; this supports the CNN.""
  ],
  ""key_features"": [""parent_child_rarity"", ""lifetime_seconds"", ""events_per_second"", ""max_uid_euid_delta"", ""auid_euid_mismatch""],
  ""agrees_with"": ""cnn""
}"
35808,4,0,benign,0,1,0.4626511931419372,0.7419862747192383,xgb_benign_cnn_malicious,MALICIOUS,1,0.83,cnn,ok,"[""Privilege state: max_uid_euid_delta is high (p98) and auid_euid_mismatch is set -- a real identity inconsistency and privilege transition."", ""Mechanism: is_suid_exec is not set, but exec_count is high (p73) and a shell was spawned from a service context with priv_op_count elevated -- a suspicious escalation attempt."", ""Behavioural anomaly: failed_call_rate is high (p98), failed_call_count is high (p98), and parent_child_rarity is near 1 -- an exec pair essentially never seen in benign activity."", ""Benign-explanation test: very high throughput (p98) and short lifetime (p42) argue against a routine admin script, cron job, or health-check."", ""Decide: the escalation mechanism and behavioural anomalies outweigh XGBoost's benign call; this supports the CNN.""]","[""events_per_second"", ""seq_length"", ""auid_euid_mismatch"", ""failed_call_rate"", ""failed_call_count""]","{
  ""verdict"": ""MALICIOUS"",
  ""confidence"": 0.83,
  ""rationale_steps"": [
    ""Privilege state: max_uid_euid_delta is high (p98) and auid_euid_mismatch is set -- a real identity inconsistency and privilege transition."",
    ""Mechanism: is_suid_exec is not set, but exec_count is high (p73) and a shell was spawned from a service context with priv_op_count elevated -- a suspicious escalation attempt."",
    ""Behavioural anomaly: failed_call_rate is high (p98), failed_call_count is high (p98), and parent_child_rarity is near 1 -- an exec pair essentially never seen in benign activity."",
    ""Benign-explanation test: very high throughput (p98) and short lifetime (p42) argue against a routine admin script, cron job, or health-check."",
    ""Decide: the escalation mechanism and behavioural anomalies outweigh XGBoost's benign call; this supports the CNN.""
  ],
  ""key_features"": [""events_per_second"", ""seq_length"", ""auid_euid_mismatch"", ""failed_call_rate"", ""failed_call_count""],
  ""agrees_with"": ""cnn""
}"
35823,4,1,T1078_Valid_Accounts,0,1,0.5382307767868042,0.9489884972572328,xgb_benign_cnn_malicious,MALICIOUS,1,0.92,cnn,ok,"[""Privilege state: max_uid_euid_delta is high (p99+) and auid_euid_mismatch is set -- a real identity inconsistency and privilege transition."", ""Mechanism: is_suid_exec is set and a shell was spawned from a service context with priv_op_count elevated -- a classic setuid-shell escalation."", ""Behavioural anomaly: parent_child_rarity is near 1 (essentially never seen in benign activity) and events_per_second is extremely high (p93) -- an unusual syscall throughput."", ""Benign-explanation test: very short lifetime (p36) and low throughput argue against a routine admin script, cron job, or health-check."", ""Decide: the escalation mechanism, sensitive-path access, and unusual syscall throughput outweigh XGBoost's benign call; this supports the CNN.""]","[""parent_child_rarity"", ""lifetime_seconds"", ""events_per_second"", ""max_uid_euid_delta"", ""auid_euid_mismatch""]","{
  ""verdict"": ""MALICIOUS"",
  ""confidence"": 0.92,
  ""rationale_steps"": [
    ""Privilege state: max_uid_euid_delta is high (p99+) and auid_euid_mismatch is set -- a real identity inconsistency and privilege transition."",
    ""Mechanism: is_suid_exec is set and a shell was spawned from a service context with priv_op_count elevated -- a classic setuid-shell escalation."",
    ""Behavioural anomaly: parent_child_rarity is near 1 (essentially never seen in benign activity) and events_per_second is extremely high (p93) -- an unusual syscall throughput."",
    ""Benign-explanation test: very short lifetime (p36) and low throughput argue against a routine admin script, cron job, or health-check."",
    ""Decide: the escalation mechanism, sensitive-path access, and unusual syscall throughput outweigh XGBoost's benign call; this supports the CNN.""
  ],
  ""key_features"": [""parent_child_rarity"", ""lifetime_seconds"", ""events_per_second"", ""max_uid_euid_delta"", ""auid_euid_mismatch""],
  ""agrees_with"": ""cnn""
}"
36080,4,0,benign,0,1,0.4626511931419372,0.7419862747192383,xgb_benign_cnn_malicious,MALICIOUS,1,0.83,cnn,ok,"[""Privilege state: max_uid_euid_delta is high (p98) and auid_euid_mismatch is set -- a real identity inconsistency and privilege transition."", ""Mechanism: is_suid_exec is not set, but exec_count is high (p73) and a shell was spawned from a service context with priv_op_count elevated -- a suspicious escalation attempt."", ""Behavioural anomaly: failed_call_rate is high (p98), failed_call_count is high (p98), and parent_child_rarity is near 1 -- an exec pair essentially never seen in benign activity."", ""Benign-explanation test: very high throughput (p98) and short lifetime (p42) argue against a routine admin script, cron job, or health-check."", ""Decide: the escalation mechanism and behavioural anomalies outweigh XGBoost's benign call; this supports the CNN.""]","[""events_per_second"", ""seq_length"", ""auid_euid_mismatch"", ""failed_call_rate"", ""failed_call_count""]","{
  ""verdict"": ""MALICIOUS"",
  ""confidence"": 0.83,
  ""rationale_steps"": [
    ""Privilege state: max_uid_euid_delta is high (p98) and auid_euid_mismatch is set -- a real identity inconsistency and privilege transition."",
    ""Mechanism: is_suid_exec is not set, but exec_count is high (p73) and a shell was spawned from a service context with priv_op_count elevated -- a suspicious escalation attempt."",
    ""Behavioural anomaly: failed_call_rate is high (p98), failed_call_count is high (p98), and parent_child_rarity is near 1 -- an exec pair essentially never seen in benign activity."",
    ""Benign-explanation test: very high throughput (p98) and short lifetime (p42) argue against a routine admin script, cron job, or health-check."",
    ""Decide: the escalation mechanism and behavioural anomalies outweigh XGBoost's benign call; this supports the CNN.""
  ],
  ""key_features"": [""events_per_second"", ""seq_length"", ""auid_euid_mismatch"", ""failed_call_rate"", ""failed_call_count""],
  ""agrees_with"": ""cnn""
}"
36631,4,0,benign,0,1,0.5974626541137695,0.8567609786987305,xgb_benign_cnn_malicious,MALICIOUS,1,0.86,cnn,ok,"[""Privilege state: auid_euid_mismatch is set, but max_uid_euid_delta is low -- a potential identity inconsistency without a clear privilege transition."", ""Mechanism: is_suid_exec is set, but without a clear escalation mechanism or elevated priv_op_count, it's a weak signal on its own."", ""Behavioural anomaly: parent_child_rarity is near 1 (a common, previously-seen exec pair) and no sensitive-path access -- not the profile of a novel attack chain."", ""Benign-explanation test: very high throughput (p99+) and short lifetime (p42) argue against a routine admin script, cron job, or health-check."", ""Decide: the escalation mechanism and potential identity inconsistency outweigh XGBoost's benign call; this supports the CNN.""]","[""events_per_second"", ""seq_length"", ""failed_call_count"", ""exec_count"", ""parent_child_rarity""]","{
  ""verdict"": ""MALICIOUS"",
  ""confidence"": 0.86,
  ""rationale_steps"": [
    ""Privilege state: auid_euid_mismatch is set, but max_uid_euid_delta is low -- a potential identity inconsistency without a clear privilege transition."",
    ""Mechanism: is_suid_exec is set, but without a clear escalation mechanism or elevated priv_op_count, it's a weak signal on its own."",
    ""Behavioural anomaly: parent_child_rarity is near 1 (a common, previously-seen exec pair) and no sensitive-path access -- not the profile of a novel attack chain."",
    ""Benign-explanation test: very high throughput (p99+) and short lifetime (p42) argue against a routine admin script, cron job, or health-check."",
    ""Decide: the escalation mechanism and potential identity inconsistency outweigh XGBoost's benign call; this supports the CNN.""
  ],
  ""key_features"": [""events_per_second"", ""seq_length"", ""failed_call_count"", ""exec_count"", ""parent_child_rarity""],
  ""agrees_with"": ""cnn""
}"
36667,4,1,T1078_Valid_Accounts,0,1,0.5382307767868042,0.9489884972572328,xgb_benign_cnn_malicious,MALICIOUS,1,0.92,cnn,ok,"[""Privilege state: max_uid_euid_delta is high (p99+) and auid_euid_mismatch is set -- a real identity inconsistency and privilege transition."", ""Mechanism: is_suid_exec is set and a shell was spawned from a service context with priv_op_count elevated -- a classic setuid-shell escalation."", ""Behavioural anomaly: parent_child_rarity is near 1 (essentially never seen in benign activity) and events_per_second is extremely high (p93) -- an unusual syscall throughput."", ""Benign-explanation test: very short lifetime (p36) and low throughput argue against a routine admin script, cron job, or health-check."", ""Decide: the escalation mechanism, sensitive-path access, and unusual syscall throughput outweigh XGBoost's benign call; this supports the CNN.""]","[""parent_child_rarity"", ""lifetime_seconds"", ""events_per_second"", ""max_uid_euid_delta"", ""auid_euid_mismatch""]","{
  ""verdict"": ""MALICIOUS"",
  ""confidence"": 0.92,
  ""rationale_steps"": [
    ""Privilege state: max_uid_euid_delta is high (p99+) and auid_euid_mismatch is set -- a real identity inconsistency and privilege transition."",
    ""Mechanism: is_suid_exec is set and a shell was spawned from a service context with priv_op_count elevated -- a classic setuid-shell escalation."",
    ""Behavioural anomaly: parent_child_rarity is near 1 (essentially never seen in benign activity) and events_per_second is extremely high (p93) -- an unusual syscall throughput."",
    ""Benign-explanation test: very short lifetime (p36) and low throughput argue against a routine admin script, cron job, or health-check."",
    ""Decide: the escalation mechanism, sensitive-path access, and unusual syscall throughput outweigh XGBoost's benign call; this supports the CNN.""
  ],
  ""key_features"": [""parent_child_rarity"", ""lifetime_seconds"", ""events_per_second"", ""max_uid_euid_delta"", ""auid_euid_mismatch""],
  ""agrees_with"": ""cnn""
}"
36679,3,1,T1078_Valid_Accounts,0,1,0.6923177242279053,0.9917534589767456,xgb_benign_cnn_malicious,MALICIOUS,1,0.92,cnn,ok,"[""Privilege state: max_uid_euid_delta is high (p98) and auid_euid_mismatch is set -- a real identity inconsistency and privilege transition."", ""Mechanism: is_suid_exec is set and a shell was spawned from a service context with priv_op_count elevated -- a classic setuid-shell escalation."", ""Behavioural anomaly: parent_child_rarity is near 1 (essentially never seen in benign activity) and unique_syscalls is high (p98) -- an exec pair and syscall types essentially never seen in benign activity."", ""Benign-explanation test: very short lifetime (p42) and high throughput argue against a routine admin script, cron job, or health-check."", ""Decide: the escalation mechanism, sensitive-path access, and behavioural anomalies outweigh XGBoost's benign call; this supports the CNN.""]","[""unique_syscalls"", ""exec_count"", ""parent_child_rarity"", ""seq_length"", ""lifetime_seconds""]","{
  ""verdict"": ""MALICIOUS"",
  ""confidence"": 0.92,
  ""rationale_steps"": [
    ""Privilege state: max_uid_euid_delta is high (p98) and auid_euid_mismatch is set -- a real identity inconsistency and privilege transition."",
    ""Mechanism: is_suid_exec is set and a shell was spawned from a service context with priv_op_count elevated -- a classic setuid-shell escalation."",
    ""Behavioural anomaly: parent_child_rarity is near 1 (essentially never seen in benign activity) and unique_syscalls is high (p98) -- an exec pair and syscall types essentially never seen in benign activity."",
    ""Benign-explanation test: very short lifetime (p42) and high throughput argue against a routine admin script, cron job, or health-check."",
    ""Decide: the escalation mechanism, sensitive-path access, and behavioural anomalies outweigh XGBoost's benign call; this supports the CNN.""
  ],
  ""key_features"": [""unique_syscalls"", ""exec_count"", ""parent_child_rarity"", ""seq_length"", ""lifetime_seconds""],
  ""agrees_with"": ""cnn""
}"
37030,0,1,T1078_Valid_Accounts,0,1,0.4079813063144684,0.9999998211860656,xgb_benign_cnn_malicious,MALICIOUS,1,0.92,cnn,ok,"[""Privilege state: max_uid_euid_delta is at p99+ and auid_euid_mismatch is set -- a real identity inconsistency and privilege transition."", ""Mechanism: is_suid_exec is set and a shell was spawned from a service context with priv_op_count elevated -- a classic setuid-shell escalation."", ""Behavioural anomaly: failed_call_rate is at p99+, failed_call_count is high, and parent_child_rarity is near 1 -- an exec pair essentially never seen in benign activity."", ""Benign-explanation test: very short lifetime (p10) and low throughput argue against a routine admin script, cron job, or health-check."", ""Decide: the escalation mechanism, sensitive-path access, and behavioural anomalies outweigh XGBoost's benign call; this supports the CNN.""]","[""max_uid_euid_delta"", ""is_suid_exec"", ""failed_call_rate"", ""failed_call_count"", ""parent_child_rarity""]","{
  ""verdict"": ""MALICIOUS"",
  ""confidence"": 0.92,
  ""rationale_steps"": [
    ""Privilege state: max_uid_euid_delta is at p99+ and auid_euid_mismatch is set -- a real identity inconsistency and privilege transition."",
    ""Mechanism: is_suid_exec is set and a shell was spawned from a service context with priv_op_count elevated -- a classic setuid-shell escalation."",
    ""Behavioural anomaly: failed_call_rate is at p99+, failed_call_count is high, and parent_child_rarity is near 1 -- an exec pair essentially never seen in benign activity."",
    ""Benign-explanation test: very short lifetime (p10) and low throughput argue against a routine admin script, cron job, or health-check."",
    ""Decide: the escalation mechanism, sensitive-path access, and behavioural anomalies outweigh XGBoost's benign call; this supports the CNN.""
  ],
  ""key_features"": [""max_uid_euid_delta"", ""is_suid_exec"", ""failed_call_rate"", ""failed_call_count"", ""parent_child_rarity""],
  ""agrees_with"": ""cnn""
}"
37053,4,0,benign,0,1,0.5382307767868042,0.9489884972572328,xgb_benign_cnn_malicious,MALICIOUS,1,0.92,cnn,ok,"[""Privilege state: max_uid_euid_delta is high (p99+) and auid_euid_mismatch is set -- a real identity inconsistency and privilege transition."", ""Mechanism: is_suid_exec is set and a shell was spawned from a service context with priv_op_count elevated -- a classic setuid-shell escalation."", ""Behavioural anomaly: parent_child_rarity is near 1 (essentially never seen in benign activity) and events_per_second is extremely high (p93) -- an unusual syscall throughput."", ""Benign-explanation test: very short lifetime (p36) and low throughput argue against a routine admin script, cron job, or health-check."", ""Decide: the escalation mechanism, sensitive-path access, and unusual syscall throughput outweigh XGBoost's benign call; this supports the CNN.""]","[""parent_child_rarity"", ""lifetime_seconds"", ""events_per_second"", ""max_uid_euid_delta"", ""auid_euid_mismatch""]","{
  ""verdict"": ""MALICIOUS"",
  ""confidence"": 0.92,
  ""rationale_steps"": [
    ""Privilege state: max_uid_euid_delta is high (p99+) and auid_euid_mismatch is set -- a real identity inconsistency and privilege transition."",
    ""Mechanism: is_suid_exec is set and a shell was spawned from a service context with priv_op_count elevated -- a classic setuid-shell escalation."",
    ""Behavioural anomaly: parent_child_rarity is near 1 (essentially never seen in benign activity) and events_per_second is extremely high (p93) -- an unusual syscall throughput."",
    ""Benign-explanation test: very short lifetime (p36) and low throughput argue against a routine admin script, cron job, or health-check."",
    ""Decide: the escalation mechanism, sensitive-path access, and unusual syscall throughput outweigh XGBoost's benign call; this supports the CNN.""
  ],
  ""key_features"": [""parent_child_rarity"", ""lifetime_seconds"", ""events_per_second"", ""max_uid_euid_delta"", ""auid_euid_mismatch""],
  ""agrees_with"": ""cnn""
}"
37634,1,0,benign,0,1,0.4356295466423034,0.9273319840431212,xgb_benign_cnn_malicious,MALICIOUS,1,0.93,cnn,ok,"[""Privilege state: auid_euid_mismatch is set, indicating an identity inconsistency, and max_uid_euid_delta is low, suggesting a privilege transition."", ""Mechanism: is_suid_exec is not set, but exec_count is high, indicating a potential escalation attempt."", ""Behavioural anomaly: parent_child_rarity is near 1, indicating a rare exec pair, and events_per_second is high, indicating a high syscall throughput."", ""Benign-explanation test: the short lifetime and high syscall throughput make it unlikely to be a routine admin script or health-check."", ""Decide: the high exec_count and parent_child_rarity, combined with the identity inconsistency, support the CNN's call over XGBoost's.""]","[""seq_length"", ""failed_call_count"", ""exec_count"", ""parent_child_rarity"", ""events_per_second""]","{
  ""verdict"": ""MALICIOUS"",
  ""confidence"": 0.93,
  ""rationale_steps"": [
    ""Privilege state: auid_euid_mismatch is set, indicating an identity inconsistency, and max_uid_euid_delta is low, suggesting a privilege transition."",
    ""Mechanism: is_suid_exec is not set, but exec_count is high, indicating a potential escalation attempt."",
    ""Behavioural anomaly: parent_child_rarity is near 1, indicating a rare exec pair, and events_per_second is high, indicating a high syscall throughput."",
    ""Benign-explanation test: the short lifetime and high syscall throughput make it unlikely to be a routine admin script or health-check."",
    ""Decide: the high exec_count and parent_child_rarity, combined with the identity inconsistency, support the CNN's call over XGBoost's.""
  ],
  ""key_features"": [""seq_length"", ""failed_call_count"", ""exec_count"", ""parent_child_rarity"", ""events_per_second""],
  ""agrees_with"": ""cnn""
}"
37688,4,1,T1078_Valid_Accounts,0,1,0.3245709240436554,0.9654507040977478,xgb_benign_cnn_malicious,MALICIOUS,1,0.92,cnn,ok,"[""Privilege state: max_uid_euid_delta is high (p99+) and auid_euid_mismatch is set -- a real identity inconsistency and privilege transition."", ""Mechanism: is_suid_exec is set and a shell was spawned from a service context with priv_op_count elevated -- a classic setuid-shell escalation."", ""Behavioural anomaly: parent_child_rarity is near 1 (essentially never seen in benign activity) and events_per_second is extremely high (p93) -- an unusual and potentially malicious process."", ""Benign-explanation test: very short lifetime (p36) and low throughput argue against a routine admin script, cron job, or health-check."", ""Decide: the escalation mechanism, sensitive-path access, and unusual behavioural features outweigh XGBoost's benign call; this supports the CNN.""]","[""parent_child_rarity"", ""lifetime_seconds"", ""events_per_second"", ""max_uid_euid_delta"", ""auid_euid_mismatch""]","{
  ""verdict"": ""MALICIOUS"",
  ""confidence"": 0.92,
  ""rationale_steps"": [
    ""Privilege state: max_uid_euid_delta is high (p99+) and auid_euid_mismatch is set -- a real identity inconsistency and privilege transition."",
    ""Mechanism: is_suid_exec is set and a shell was spawned from a service context with priv_op_count elevated -- a classic setuid-shell escalation."",
    ""Behavioural anomaly: parent_child_rarity is near 1 (essentially never seen in benign activity) and events_per_second is extremely high (p93) -- an unusual and potentially malicious process."",
    ""Benign-explanation test: very short lifetime (p36) and low throughput argue against a routine admin script, cron job, or health-check."",
    ""Decide: the escalation mechanism, sensitive-path access, and unusual behavioural features outweigh XGBoost's benign call; this supports the CNN.""
  ],
  ""key_features"": [""parent_child_rarity"", ""lifetime_seconds"", ""events_per_second"", ""max_uid_euid_delta"", ""auid_euid_mismatch""],
  ""agrees_with"": ""cnn""
}"
37865,4,0,benign,0,1,0.3245709240436554,0.9654507040977478,xgb_benign_cnn_malicious,MALICIOUS,1,0.92,cnn,ok,"[""Privilege state: max_uid_euid_delta is high (p99+) and auid_euid_mismatch is set -- a real identity inconsistency and privilege transition."", ""Mechanism: is_suid_exec is set and a shell was spawned from a service context with priv_op_count elevated -- a classic setuid-shell escalation."", ""Behavioural anomaly: parent_child_rarity is near 1 (essentially never seen in benign activity) and events_per_second is extremely high (p93) -- an unusual and potentially malicious exec chain."", ""Benign-explanation test: very short lifetime (p36) and low throughput argue against a routine admin script, cron job, or health-check."", ""Decide: the escalation mechanism, sensitive-path access, and unusual exec chain outweigh XGBoost's benign call; this supports the CNN.""]","[""parent_child_rarity"", ""lifetime_seconds"", ""events_per_second"", ""max_uid_euid_delta"", ""auid_euid_mismatch""]","{
  ""verdict"": ""MALICIOUS"",
  ""confidence"": 0.92,
  ""rationale_steps"": [
    ""Privilege state: max_uid_euid_delta is high (p99+) and auid_euid_mismatch is set -- a real identity inconsistency and privilege transition."",
    ""Mechanism: is_suid_exec is set and a shell was spawned from a service context with priv_op_count elevated -- a classic setuid-shell escalation."",
    ""Behavioural anomaly: parent_child_rarity is near 1 (essentially never seen in benign activity) and events_per_second is extremely high (p93) -- an unusual and potentially malicious exec chain."",
    ""Benign-explanation test: very short lifetime (p36) and low throughput argue against a routine admin script, cron job, or health-check."",
    ""Decide: the escalation mechanism, sensitive-path access, and unusual exec chain outweigh XGBoost's benign call; this supports the CNN.""
  ],
  ""key_features"": [""parent_child_rarity"", ""lifetime_seconds"", ""events_per_second"", ""max_uid_euid_delta"", ""auid_euid_mismatch""],
  ""agrees_with"": ""cnn""
}"
37952,3,0,benign,0,1,0.6923177242279053,0.9917534589767456,xgb_benign_cnn_malicious,MALICIOUS,1,0.92,cnn,ok,"[""Privilege state: max_uid_euid_delta is high (p98) and auid_euid_mismatch is set -- a real identity inconsistency and privilege transition."", ""Mechanism: is_suid_exec is set and a shell was spawned from a service context with priv_op_count elevated -- a classic setuid-shell escalation."", ""Behavioural anomaly: parent_child_rarity is near 1 (essentially never seen in benign activity) and unique_syscalls is high (p98) -- an exec pair and syscall types essentially never seen in benign activity."", ""Benign-explanation test: very short lifetime (p42) and high throughput argue against a routine admin script, cron job, or health-check."", ""Decide: the escalation mechanism, sensitive-path access, and behavioural anomalies outweigh XGBoost's benign call; this supports the CNN.""]","[""unique_syscalls"", ""exec_count"", ""parent_child_rarity"", ""seq_length"", ""lifetime_seconds""]","{
  ""verdict"": ""MALICIOUS"",
  ""confidence"": 0.92,
  ""rationale_steps"": [
    ""Privilege state: max_uid_euid_delta is high (p98) and auid_euid_mismatch is set -- a real identity inconsistency and privilege transition."",
    ""Mechanism: is_suid_exec is set and a shell was spawned from a service context with priv_op_count elevated -- a classic setuid-shell escalation."",
    ""Behavioural anomaly: parent_child_rarity is near 1 (essentially never seen in benign activity) and unique_syscalls is high (p98) -- an exec pair and syscall types essentially never seen in benign activity."",
    ""Benign-explanation test: very short lifetime (p42) and high throughput argue against a routine admin script, cron job, or health-check."",
    ""Decide: the escalation mechanism, sensitive-path access, and behavioural anomalies outweigh XGBoost's benign call; this supports the CNN.""
  ],
  ""key_features"": [""unique_syscalls"", ""exec_count"", ""parent_child_rarity"", ""seq_length"", ""lifetime_seconds""],
  ""agrees_with"": ""cnn""
}"
38097,4,0,benign,0,1,0.5974626541137695,0.8567609786987305,xgb_benign_cnn_malicious,MALICIOUS,1,0.86,cnn,ok,"[""Privilege state: auid_euid_mismatch is set, but max_uid_euid_delta is low -- a potential identity inconsistency without a clear privilege transition."", ""Mechanism: is_suid_exec is set, but without a clear escalation mechanism or elevated priv_op_count, it's a weak signal on its own."", ""Behavioural anomaly: parent_child_rarity is near 1 (a common, previously-seen exec pair) and no sensitive-path access -- not the profile of a novel attack chain."", ""Benign-explanation test: very high throughput (p99+) and short lifetime (p42) argue against a routine admin script, cron job, or health-check."", ""Decide: the escalation mechanism and potential identity inconsistency outweigh XGBoost's benign call; this supports the CNN.""]","[""events_per_second"", ""seq_length"", ""failed_call_count"", ""exec_count"", ""parent_child_rarity""]","{
  ""verdict"": ""MALICIOUS"",
  ""confidence"": 0.86,
  ""rationale_steps"": [
    ""Privilege state: auid_euid_mismatch is set, but max_uid_euid_delta is low -- a potential identity inconsistency without a clear privilege transition."",
    ""Mechanism: is_suid_exec is set, but without a clear escalation mechanism or elevated priv_op_count, it's a weak signal on its own."",
    ""Behavioural anomaly: parent_child_rarity is near 1 (a common, previously-seen exec pair) and no sensitive-path access -- not the profile of a novel attack chain."",
    ""Benign-explanation test: very high throughput (p99+) and short lifetime (p42) argue against a routine admin script, cron job, or health-check."",
    ""Decide: the escalation mechanism and potential identity inconsistency outweigh XGBoost's benign call; this supports the CNN.""
  ],
  ""key_features"": [""events_per_second"", ""seq_length"", ""failed_call_count"", ""exec_count"", ""parent_child_rarity""],
  ""agrees_with"": ""cnn""
}"
38137,4,1,T1078_Valid_Accounts,0,1,0.5382307767868042,0.9489884972572328,xgb_benign_cnn_malicious,MALICIOUS,1,0.92,cnn,ok,"[""Privilege state: max_uid_euid_delta is high (p99+) and auid_euid_mismatch is set -- a real identity inconsistency and privilege transition."", ""Mechanism: is_suid_exec is set and a shell was spawned from a service context with priv_op_count elevated -- a classic setuid-shell escalation."", ""Behavioural anomaly: parent_child_rarity is near 1 (essentially never seen in benign activity) and events_per_second is extremely high (p93) -- an unusual syscall throughput."", ""Benign-explanation test: very short lifetime (p36) and low throughput argue against a routine admin script, cron job, or health-check."", ""Decide: the escalation mechanism, sensitive-path access, and unusual syscall throughput outweigh XGBoost's benign call; this supports the CNN.""]","[""parent_child_rarity"", ""lifetime_seconds"", ""events_per_second"", ""max_uid_euid_delta"", ""auid_euid_mismatch""]","{
  ""verdict"": ""MALICIOUS"",
  ""confidence"": 0.92,
  ""rationale_steps"": [
    ""Privilege state: max_uid_euid_delta is high (p99+) and auid_euid_mismatch is set -- a real identity inconsistency and privilege transition."",
    ""Mechanism: is_suid_exec is set and a shell was spawned from a service context with priv_op_count elevated -- a classic setuid-shell escalation."",
    ""Behavioural anomaly: parent_child_rarity is near 1 (essentially never seen in benign activity) and events_per_second is extremely high (p93) -- an unusual syscall throughput."",
    ""Benign-explanation test: very short lifetime (p36) and low throughput argue against a routine admin script, cron job, or health-check."",
    ""Decide: the escalation mechanism, sensitive-path access, and unusual syscall throughput outweigh XGBoost's benign call; this supports the CNN.""
  ],
  ""key_features"": [""parent_child_rarity"", ""lifetime_seconds"", ""events_per_second"", ""max_uid_euid_delta"", ""auid_euid_mismatch""],
  ""agrees_with"": ""cnn""
}"
38862,4,0,benign,0,1,0.5382307767868042,0.9489884972572328,xgb_benign_cnn_malicious,MALICIOUS,1,0.92,cnn,ok,"[""Privilege state: max_uid_euid_delta is high (p99+) and auid_euid_mismatch is set -- a real identity inconsistency and privilege transition."", ""Mechanism: is_suid_exec is set and a shell was spawned from a service context with priv_op_count elevated -- a classic setuid-shell escalation."", ""Behavioural anomaly: parent_child_rarity is near 1 (essentially never seen in benign activity) and events_per_second is extremely high (p93) -- an unusual syscall throughput."", ""Benign-explanation test: very short lifetime (p36) and low throughput argue against a routine admin script, cron job, or health-check."", ""Decide: the escalation mechanism, sensitive-path access, and unusual syscall throughput outweigh XGBoost's benign call; this supports the CNN.""]","[""parent_child_rarity"", ""lifetime_seconds"", ""events_per_second"", ""max_uid_euid_delta"", ""auid_euid_mismatch""]","{
  ""verdict"": ""MALICIOUS"",
  ""confidence"": 0.92,
  ""rationale_steps"": [
    ""Privilege state: max_uid_euid_delta is high (p99+) and auid_euid_mismatch is set -- a real identity inconsistency and privilege transition."",
    ""Mechanism: is_suid_exec is set and a shell was spawned from a service context with priv_op_count elevated -- a classic setuid-shell escalation."",
    ""Behavioural anomaly: parent_child_rarity is near 1 (essentially never seen in benign activity) and events_per_second is extremely high (p93) -- an unusual syscall throughput."",
    ""Benign-explanation test: very short lifetime (p36) and low throughput argue against a routine admin script, cron job, or health-check."",
    ""Decide: the escalation mechanism, sensitive-path access, and unusual syscall throughput outweigh XGBoost's benign call; this supports the CNN.""
  ],
  ""key_features"": [""parent_child_rarity"", ""lifetime_seconds"", ""events_per_second"", ""max_uid_euid_delta"", ""auid_euid_mismatch""],
  ""agrees_with"": ""cnn""
}"
38890,4,0,benign,0,1,0.5263786315917969,0.948996901512146,xgb_benign_cnn_malicious,MALICIOUS,1,0.92,cnn,ok,"[""Privilege state: max_uid_euid_delta is high (p99+) and auid_euid_mismatch is set -- a real identity inconsistency and privilege transition."", ""Mechanism: is_suid_exec is set and a shell was spawned from a service context with priv_op_count elevated -- a classic setuid-shell escalation."", ""Behavioural anomaly: parent_child_rarity is near 1 (essentially never seen in benign activity) and events_per_second is extremely high (p93) -- an unusual syscall throughput."", ""Benign-explanation test: very short lifetime (p42) and low throughput argue against a routine admin script, cron job, or health-check."", ""Decide: the escalation mechanism and sensitive-path access outweigh XGBoost's benign call; this supports the CNN.""]","[""parent_child_rarity"", ""lifetime_seconds"", ""events_per_second"", ""max_uid_euid_delta"", ""auid_euid_mismatch""]","{
  ""verdict"": ""MALICIOUS"",
  ""confidence"": 0.92,
  ""rationale_steps"": [
    ""Privilege state: max_uid_euid_delta is high (p99+) and auid_euid_mismatch is set -- a real identity inconsistency and privilege transition."",
    ""Mechanism: is_suid_exec is set and a shell was spawned from a service context with priv_op_count elevated -- a classic setuid-shell escalation."",
    ""Behavioural anomaly: parent_child_rarity is near 1 (essentially never seen in benign activity) and events_per_second is extremely high (p93) -- an unusual syscall throughput."",
    ""Benign-explanation test: very short lifetime (p42) and low throughput argue against a routine admin script, cron job, or health-check."",
    ""Decide: the escalation mechanism and sensitive-path access outweigh XGBoost's benign call; this supports the CNN.""
  ],
  ""key_features"": [""parent_child_rarity"", ""lifetime_seconds"", ""events_per_second"", ""max_uid_euid_delta"", ""auid_euid_mismatch""],
  ""agrees_with"": ""cnn""
}"
38899,3,0,benign,0,1,0.6923177242279053,0.9917534589767456,xgb_benign_cnn_malicious,MALICIOUS,1,0.92,cnn,ok,"[""Privilege state: max_uid_euid_delta is high (p98) and auid_euid_mismatch is set -- a real identity inconsistency and privilege transition."", ""Mechanism: is_suid_exec is set and a shell was spawned from a service context with priv_op_count elevated -- a classic setuid-shell escalation."", ""Behavioural anomaly: parent_child_rarity is near 1 (essentially never seen in benign activity) and unique_syscalls is high (p98) -- an exec pair and syscall types essentially never seen in benign activity."", ""Benign-explanation test: very short lifetime (p42) and high throughput argue against a routine admin script, cron job, or health-check."", ""Decide: the escalation mechanism, sensitive-path access, and behavioural anomalies outweigh XGBoost's benign call; this supports the CNN.""]","[""unique_syscalls"", ""exec_count"", ""parent_child_rarity"", ""seq_length"", ""lifetime_seconds""]","{
  ""verdict"": ""MALICIOUS"",
  ""confidence"": 0.92,
  ""rationale_steps"": [
    ""Privilege state: max_uid_euid_delta is high (p98) and auid_euid_mismatch is set -- a real identity inconsistency and privilege transition."",
    ""Mechanism: is_suid_exec is set and a shell was spawned from a service context with priv_op_count elevated -- a classic setuid-shell escalation."",
    ""Behavioural anomaly: parent_child_rarity is near 1 (essentially never seen in benign activity) and unique_syscalls is high (p98) -- an exec pair and syscall types essentially never seen in benign activity."",
    ""Benign-explanation test: very short lifetime (p42) and high throughput argue against a routine admin script, cron job, or health-check."",
    ""Decide: the escalation mechanism, sensitive-path access, and behavioural anomalies outweigh XGBoost's benign call; this supports the CNN.""
  ],
  ""key_features"": [""unique_syscalls"", ""exec_count"", ""parent_child_rarity"", ""seq_length"", ""lifetime_seconds""],
  ""agrees_with"": ""cnn""
}"
39125,3,1,T1078_Valid_Accounts,0,1,0.6923177242279053,0.9917534589767456,xgb_benign_cnn_malicious,MALICIOUS,1,0.92,cnn,ok,"[""Privilege state: max_uid_euid_delta is high (p98) and auid_euid_mismatch is set -- a real identity inconsistency and privilege transition."", ""Mechanism: is_suid_exec is set and a shell was spawned from a service context with priv_op_count elevated -- a classic setuid-shell escalation."", ""Behavioural anomaly: unique_syscalls is high (p98) and parent_child_rarity is near 1 -- an exec pair essentially never seen in benign activity."", ""Benign-explanation test: very high throughput (p56) and short lifetime (p42) argue against a routine admin script, cron job, or health-check."", ""Decide: the escalation mechanism, sensitive-path access, and behavioural anomalies outweigh XGBoost's benign call; this supports the CNN.""]","[""unique_syscalls"", ""exec_count"", ""parent_child_rarity"", ""max_uid_euid_delta"", ""auid_euid_mismatch""]","{
  ""verdict"": ""MALICIOUS"",
  ""confidence"": 0.92,
  ""rationale_steps"": [
    ""Privilege state: max_uid_euid_delta is high (p98) and auid_euid_mismatch is set -- a real identity inconsistency and privilege transition."",
    ""Mechanism: is_suid_exec is set and a shell was spawned from a service context with priv_op_count elevated -- a classic setuid-shell escalation."",
    ""Behavioural anomaly: unique_syscalls is high (p98) and parent_child_rarity is near 1 -- an exec pair essentially never seen in benign activity."",
    ""Benign-explanation test: very high throughput (p56) and short lifetime (p42) argue against a routine admin script, cron job, or health-check."",
    ""Decide: the escalation mechanism, sensitive-path access, and behavioural anomalies outweigh XGBoost's benign call; this supports the CNN.""
  ],
  ""key_features"": [""unique_syscalls"", ""exec_count"", ""parent_child_rarity"", ""max_uid_euid_delta"", ""auid_euid_mismatch""],
  ""agrees_with"": ""cnn""
}"
39581,3,1,T1166_Seuid_and_Setgid,0,1,0.6825464963912964,0.9894636869430542,xgb_benign_cnn_malicious,MALICIOUS,1,0.92,cnn,ok,"[""Privilege state: auid_euid_mismatch is set, indicating an identity inconsistency, and max_uid_euid_delta is high (p98), suggesting a privilege transition."", ""Mechanism: is_suid_exec is set, indicating a setuid/setgid binary was executed, and priv_op_count is elevated, suggesting a privilege escalation attempt."", ""Behavioural anomaly: failed_call_count is high (p98) and exec_count is high (p98), indicating a high rate of failed syscalls and exec calls, respectively."", ""Benign-explanation test: the short lifetime (p88) and high throughput (p20) do not suggest a routine admin script, cron job, or health-check."", ""Decide: the combination of privilege transition, setuid/setgid execution, and high failed syscall rate supports the CNN's call over XGBoost's.""]","[""seq_length"", ""failed_call_count"", ""exec_count"", ""uid_changed"", ""lifetime_seconds""]","{
  ""verdict"": ""MALICIOUS"",
  ""confidence"": 0.92,
  ""rationale_steps"": [
    ""Privilege state: auid_euid_mismatch is set, indicating an identity inconsistency, and max_uid_euid_delta is high (p98), suggesting a privilege transition."",
    ""Mechanism: is_suid_exec is set, indicating a setuid/setgid binary was executed, and priv_op_count is elevated, suggesting a privilege escalation attempt."",
    ""Behavioural anomaly: failed_call_count is high (p98) and exec_count is high (p98), indicating a high rate of failed syscalls and exec calls, respectively."",
    ""Benign-explanation test: the short lifetime (p88) and high throughput (p20) do not suggest a routine admin script, cron job, or health-check."",
    ""Decide: the combination of privilege transition, setuid/setgid execution, and high failed syscall rate supports the CNN's call over XGBoost's.""
  ],
  ""key_features"": [""seq_length"", ""failed_call_count"", ""exec_count"", ""uid_changed"", ""lifetime_seconds""],
  ""agrees_with"": ""cnn""
}"
39936,4,0,benign,0,1,0.5382307767868042,0.9489884972572328,xgb_benign_cnn_malicious,MALICIOUS,1,0.92,cnn,ok,"[""Privilege state: max_uid_euid_delta is high (p99+) and auid_euid_mismatch is set -- a real identity inconsistency and privilege transition."", ""Mechanism: is_suid_exec is set and a shell was spawned from a service context with priv_op_count elevated -- a classic setuid-shell escalation."", ""Behavioural anomaly: parent_child_rarity is near 1 (essentially never seen in benign activity) and events_per_second is extremely high (p93) -- an unusual syscall throughput."", ""Benign-explanation test: very short lifetime (p36) and low throughput argue against a routine admin script, cron job, or health-check."", ""Decide: the escalation mechanism, sensitive-path access, and unusual syscall throughput outweigh XGBoost's benign call; this supports the CNN.""]","[""parent_child_rarity"", ""lifetime_seconds"", ""events_per_second"", ""max_uid_euid_delta"", ""auid_euid_mismatch""]","{
  ""verdict"": ""MALICIOUS"",
  ""confidence"": 0.92,
  ""rationale_steps"": [
    ""Privilege state: max_uid_euid_delta is high (p99+) and auid_euid_mismatch is set -- a real identity inconsistency and privilege transition."",
    ""Mechanism: is_suid_exec is set and a shell was spawned from a service context with priv_op_count elevated -- a classic setuid-shell escalation."",
    ""Behavioural anomaly: parent_child_rarity is near 1 (essentially never seen in benign activity) and events_per_second is extremely high (p93) -- an unusual syscall throughput."",
    ""Benign-explanation test: very short lifetime (p36) and low throughput argue against a routine admin script, cron job, or health-check."",
    ""Decide: the escalation mechanism, sensitive-path access, and unusual syscall throughput outweigh XGBoost's benign call; this supports the CNN.""
  ],
  ""key_features"": [""parent_child_rarity"", ""lifetime_seconds"", ""events_per_second"", ""max_uid_euid_delta"", ""auid_euid_mismatch""],
  ""agrees_with"": ""cnn""
}"
40250,4,0,benign,0,1,0.4626511931419372,0.7419862747192383,xgb_benign_cnn_malicious,MALICIOUS,1,0.83,cnn,ok,"[""Privilege state: max_uid_euid_delta is high (p98) and auid_euid_mismatch is set -- a real identity inconsistency and privilege transition."", ""Mechanism: is_suid_exec is not set, but exec_count is high (p73) and a shell was spawned from a service context with priv_op_count elevated -- a suspicious escalation attempt."", ""Behavioural anomaly: failed_call_rate is high (p98), failed_call_count is high (p98), and parent_child_rarity is near 1 -- an exec pair essentially never seen in benign activity."", ""Benign-explanation test: very high throughput (p98) and short lifetime (p42) argue against a routine admin script, cron job, or health-check."", ""Decide: the escalation mechanism and behavioural anomalies outweigh XGBoost's benign call; this supports the CNN.""]","[""events_per_second"", ""seq_length"", ""auid_euid_mismatch"", ""failed_call_rate"", ""failed_call_count""]","{
  ""verdict"": ""MALICIOUS"",
  ""confidence"": 0.83,
  ""rationale_steps"": [
    ""Privilege state: max_uid_euid_delta is high (p98) and auid_euid_mismatch is set -- a real identity inconsistency and privilege transition."",
    ""Mechanism: is_suid_exec is not set, but exec_count is high (p73) and a shell was spawned from a service context with priv_op_count elevated -- a suspicious escalation attempt."",
    ""Behavioural anomaly: failed_call_rate is high (p98), failed_call_count is high (p98), and parent_child_rarity is near 1 -- an exec pair essentially never seen in benign activity."",
    ""Benign-explanation test: very high throughput (p98) and short lifetime (p42) argue against a routine admin script, cron job, or health-check."",
    ""Decide: the escalation mechanism and behavioural anomalies outweigh XGBoost's benign call; this supports the CNN.""
  ],
  ""key_features"": [""events_per_second"", ""seq_length"", ""auid_euid_mismatch"", ""failed_call_rate"", ""failed_call_count""],
  ""agrees_with"": ""cnn""
}"
40462,4,1,T1078_Valid_Accounts,0,1,0.3245709240436554,0.9654507040977478,xgb_benign_cnn_malicious,MALICIOUS,1,0.92,cnn,ok,"[""Privilege state: max_uid_euid_delta is high (p99+) and auid_euid_mismatch is set -- a real identity inconsistency and privilege transition."", ""Mechanism: is_suid_exec is set and a shell was spawned from a service context with priv_op_count elevated -- a classic setuid-shell escalation."", ""Behavioural anomaly: parent_child_rarity is near 1 (essentially never seen in benign activity) and events_per_second is extremely high (p93) -- an unusual and potentially malicious process."", ""Benign-explanation test: very short lifetime (p36) and low throughput argue against a routine admin script, cron job, or health-check."", ""Decide: the escalation mechanism, sensitive-path access, and unusual behavioural features outweigh XGBoost's benign call; this supports the CNN.""]","[""parent_child_rarity"", ""lifetime_seconds"", ""events_per_second"", ""max_uid_euid_delta"", ""auid_euid_mismatch""]","{
  ""verdict"": ""MALICIOUS"",
  ""confidence"": 0.92,
  ""rationale_steps"": [
    ""Privilege state: max_uid_euid_delta is high (p99+) and auid_euid_mismatch is set -- a real identity inconsistency and privilege transition."",
    ""Mechanism: is_suid_exec is set and a shell was spawned from a service context with priv_op_count elevated -- a classic setuid-shell escalation."",
    ""Behavioural anomaly: parent_child_rarity is near 1 (essentially never seen in benign activity) and events_per_second is extremely high (p93) -- an unusual and potentially malicious process."",
    ""Benign-explanation test: very short lifetime (p36) and low throughput argue against a routine admin script, cron job, or health-check."",
    ""Decide: the escalation mechanism, sensitive-path access, and unusual behavioural features outweigh XGBoost's benign call; this supports the CNN.""
  ],
  ""key_features"": [""parent_child_rarity"", ""lifetime_seconds"", ""events_per_second"", ""max_uid_euid_delta"", ""auid_euid_mismatch""],
  ""agrees_with"": ""cnn""
}"
40580,4,0,benign,0,1,0.4626511931419372,0.7419862747192383,xgb_benign_cnn_malicious,MALICIOUS,1,0.83,cnn,ok,"[""Privilege state: max_uid_euid_delta is high (p98) and auid_euid_mismatch is set -- a real identity inconsistency and privilege transition."", ""Mechanism: is_suid_exec is not set, but exec_count is high (p73) and a shell was spawned from a service context with priv_op_count elevated -- a suspicious escalation attempt."", ""Behavioural anomaly: failed_call_rate is high (p98), failed_call_count is high (p98), and parent_child_rarity is near 1 -- an exec pair essentially never seen in benign activity."", ""Benign-explanation test: very high throughput (p98) and short lifetime (p42) argue against a routine admin script, cron job, or health-check."", ""Decide: the escalation mechanism and behavioural anomalies outweigh XGBoost's benign call; this supports the CNN.""]","[""events_per_second"", ""seq_length"", ""auid_euid_mismatch"", ""failed_call_rate"", ""failed_call_count""]","{
  ""verdict"": ""MALICIOUS"",
  ""confidence"": 0.83,
  ""rationale_steps"": [
    ""Privilege state: max_uid_euid_delta is high (p98) and auid_euid_mismatch is set -- a real identity inconsistency and privilege transition."",
    ""Mechanism: is_suid_exec is not set, but exec_count is high (p73) and a shell was spawned from a service context with priv_op_count elevated -- a suspicious escalation attempt."",
    ""Behavioural anomaly: failed_call_rate is high (p98), failed_call_count is high (p98), and parent_child_rarity is near 1 -- an exec pair essentially never seen in benign activity."",
    ""Benign-explanation test: very high throughput (p98) and short lifetime (p42) argue against a routine admin script, cron job, or health-check."",
    ""Decide: the escalation mechanism and behavioural anomalies outweigh XGBoost's benign call; this supports the CNN.""
  ],
  ""key_features"": [""events_per_second"", ""seq_length"", ""auid_euid_mismatch"", ""failed_call_rate"", ""failed_call_count""],
  ""agrees_with"": ""cnn""
}"
40737,4,0,benign,0,1,0.4626511931419372,0.7419862747192383,xgb_benign_cnn_malicious,MALICIOUS,1,0.83,cnn,ok,"[""Privilege state: auid_euid_mismatch is set, indicating an identity inconsistency, but max_uid_euid_delta is low, suggesting no genuine UID/EUID transition."", ""Mechanism: is_suid_exec is not set, but exec_count is elevated, which could indicate an unusual exec chain."", ""Behavioural anomaly: failed_call_rate and failed_call_count are both high, indicating a high rate of failed syscalls, and parent_child_rarity is near 1, indicating a rare parent->child exec pair."", ""Benign-explanation test: the short lifetime and high throughput do not strongly suggest a routine admin script, cron job, or health-check."", ""Decide: the combination of failed_call_rate, failed_call_count, and parent_child_rarity outweighs XGBoost's benign call, supporting CNN's flag on this one feature.""]","[""events_per_second"", ""seq_length"", ""auid_euid_mismatch"", ""failed_call_rate"", ""failed_call_count""]","{
  ""verdict"": ""MALICIOUS"",
  ""confidence"": 0.83,
  ""rationale_steps"": [
    ""Privilege state: auid_euid_mismatch is set, indicating an identity inconsistency, but max_uid_euid_delta is low, suggesting no genuine UID/EUID transition."",
    ""Mechanism: is_suid_exec is not set, but exec_count is elevated, which could indicate an unusual exec chain."",
    ""Behavioural anomaly: failed_call_rate and failed_call_count are both high, indicating a high rate of failed syscalls, and parent_child_rarity is near 1, indicating a rare parent->child exec pair."",
    ""Benign-explanation test: the short lifetime and high throughput do not strongly suggest a routine admin script, cron job, or health-check."",
    ""Decide: the combination of failed_call_rate, failed_call_count, and parent_child_rarity outweighs XGBoost's benign call, supporting CNN's flag on this one feature.""
  ],
  ""key_features"": [""events_per_second"", ""seq_length"", ""auid_euid_mismatch"", ""failed_call_rate"", ""failed_call_count""],
  ""agrees_with"": ""cnn""
}"
40980,4,0,benign,0,1,0.3759605586528778,0.8749561309814453,xgb_benign_cnn_malicious,MALICIOUS,1,0.92,cnn,ok,"[""Privilege state: max_uid_euid_delta is high (p99+) and auid_euid_mismatch is set -- a real identity inconsistency and privilege transition."", ""Mechanism: is_suid_exec is set and a shell was spawned from a service context with priv_op_count elevated -- a classic setuid-shell escalation."", ""Behavioural anomaly: parent_child_rarity is near 1 (essentially never seen in benign activity) and network_count is 0 -- an exec pair and network activity profile of a novel attack chain."", ""Benign-explanation test: very short lifetime (p88) and high-throughput execution from a service context is inconsistent with a routine health-check or monitoring script."", ""Decide: the escalation mechanism and sensitive-path access outweigh XGBoost's benign call; this supports the CNN.""]","[""is_suid_exec"", ""shell_from_service"", ""parent_child_rarity"", ""max_uid_euid_delta"", ""auid_euid_mismatch""]","{
  ""verdict"": ""MALICIOUS"",
  ""confidence"": 0.92,
  ""rationale_steps"": [
    ""Privilege state: max_uid_euid_delta is high (p99+) and auid_euid_mismatch is set -- a real identity inconsistency and privilege transition."",
    ""Mechanism: is_suid_exec is set and a shell was spawned from a service context with priv_op_count elevated -- a classic setuid-shell escalation."",
    ""Behavioural anomaly: parent_child_rarity is near 1 (essentially never seen in benign activity) and network_count is 0 -- an exec pair and network activity profile of a novel attack chain."",
    ""Benign-explanation test: very short lifetime (p88) and high-throughput execution from a service context is inconsistent with a routine health-check or monitoring script."",
    ""Decide: the escalation mechanism and sensitive-path access outweigh XGBoost's benign call; this supports the CNN.""
  ],
  ""key_features"": [""is_suid_exec"", ""shell_from_service"", ""parent_child_rarity"", ""max_uid_euid_delta"", ""auid_euid_mismatch""],
  ""agrees_with"": ""cnn""
}"
41006,4,0,benign,0,1,0.5382307767868042,0.9489884972572328,xgb_benign_cnn_malicious,MALICIOUS,1,0.92,cnn,ok,"[""Privilege state: max_uid_euid_delta is high (p99+) and auid_euid_mismatch is set -- a real identity inconsistency and privilege transition."", ""Mechanism: is_suid_exec is set and a shell was spawned from a service context with priv_op_count elevated -- a classic setuid-shell escalation."", ""Behavioural anomaly: parent_child_rarity is near 1 (essentially never seen in benign activity) and events_per_second is extremely high (p93) -- an unusual syscall throughput."", ""Benign-explanation test: very short lifetime (p36) and low throughput argue against a routine admin script, cron job, or health-check."", ""Decide: the escalation mechanism, sensitive-path access, and unusual syscall throughput outweigh XGBoost's benign call; this supports the CNN.""]","[""parent_child_rarity"", ""lifetime_seconds"", ""events_per_second"", ""max_uid_euid_delta"", ""auid_euid_mismatch""]","{
  ""verdict"": ""MALICIOUS"",
  ""confidence"": 0.92,
  ""rationale_steps"": [
    ""Privilege state: max_uid_euid_delta is high (p99+) and auid_euid_mismatch is set -- a real identity inconsistency and privilege transition."",
    ""Mechanism: is_suid_exec is set and a shell was spawned from a service context with priv_op_count elevated -- a classic setuid-shell escalation."",
    ""Behavioural anomaly: parent_child_rarity is near 1 (essentially never seen in benign activity) and events_per_second is extremely high (p93) -- an unusual syscall throughput."",
    ""Benign-explanation test: very short lifetime (p36) and low throughput argue against a routine admin script, cron job, or health-check."",
    ""Decide: the escalation mechanism, sensitive-path access, and unusual syscall throughput outweigh XGBoost's benign call; this supports the CNN.""
  ],
  ""key_features"": [""parent_child_rarity"", ""lifetime_seconds"", ""events_per_second"", ""max_uid_euid_delta"", ""auid_euid_mismatch""],
  ""agrees_with"": ""cnn""
}"
41033,1,0,benign,0,1,0.3492304682731628,0.992098033428192,xgb_benign_cnn_malicious,MALICIOUS,1,0.92,cnn,ok,"[""Privilege state: auid_euid_mismatch is set, indicating a potential identity inconsistency, and max_uid_euid_delta is high (p99+), suggesting a significant privilege transition."", ""Mechanism: is_suid_exec is set, indicating a setuid/setgid binary was executed, and shell_from_service is set, suggesting a shell was spawned from a service context, which is a classic escalation mechanism."", ""Behavioural anomaly: parent_child_rarity is near 1, indicating an exec pair essentially never seen in benign activity, and network_count is 0, suggesting the attack did not complete a visible UID transition."", ""Benign-explanation test: the short lifetime (p88) and high throughput (p56) argue against a routine admin script, cron job, or health-check."", ""Decide: the combination of privilege transition, escalation mechanism, and behavioural anomalies outweigh XGBoost's benign call; this supports the CNN.""]","[""seq_length"", ""failed_call_count"", ""exec_count"", ""uid_changed"", ""lifetime_seconds""]","{
  ""verdict"": ""MALICIOUS"",
  ""confidence"": 0.92,
  ""rationale_steps"": [
    ""Privilege state: auid_euid_mismatch is set, indicating a potential identity inconsistency, and max_uid_euid_delta is high (p99+), suggesting a significant privilege transition."",
    ""Mechanism: is_suid_exec is set, indicating a setuid/setgid binary was executed, and shell_from_service is set, suggesting a shell was spawned from a service context, which is a classic escalation mechanism."",
    ""Behavioural anomaly: parent_child_rarity is near 1, indicating an exec pair essentially never seen in benign activity, and network_count is 0, suggesting the attack did not complete a visible UID transition."",
    ""Benign-explanation test: the short lifetime (p88) and high throughput (p56) argue against a routine admin script, cron job, or health-check."",
    ""Decide: the combination of privilege transition, escalation mechanism, and behavioural anomalies outweigh XGBoost's benign call; this supports the CNN.""
  ],
  ""key_features"": [""seq_length"", ""failed_call_count"", ""exec_count"", ""uid_changed"", ""lifetime_seconds""],
  ""agrees_with"": ""cnn""
}"
41389,4,0,benign,0,1,0.4626511931419372,0.7419862747192383,xgb_benign_cnn_malicious,MALICIOUS,1,0.83,cnn,ok,"[""Privilege state: max_uid_euid_delta is high (p98) and auid_euid_mismatch is set -- a real identity inconsistency and privilege transition."", ""Mechanism: is_suid_exec is not set, but exec_count is high (p73) and a shell was spawned from a service context with priv_op_count elevated -- a suspicious escalation attempt."", ""Behavioural anomaly: failed_call_rate is high (p98), failed_call_count is high (p98), and parent_child_rarity is near 1 -- an exec pair essentially never seen in benign activity."", ""Benign-explanation test: very high throughput (p98) and short lifetime (p42) argue against a routine admin script, cron job, or health-check."", ""Decide: the escalation mechanism and behavioural anomalies outweigh XGBoost's benign call; this supports the CNN.""]","[""events_per_second"", ""seq_length"", ""auid_euid_mismatch"", ""failed_call_rate"", ""failed_call_count""]","{
  ""verdict"": ""MALICIOUS"",
  ""confidence"": 0.83,
  ""rationale_steps"": [
    ""Privilege state: max_uid_euid_delta is high (p98) and auid_euid_mismatch is set -- a real identity inconsistency and privilege transition."",
    ""Mechanism: is_suid_exec is not set, but exec_count is high (p73) and a shell was spawned from a service context with priv_op_count elevated -- a suspicious escalation attempt."",
    ""Behavioural anomaly: failed_call_rate is high (p98), failed_call_count is high (p98), and parent_child_rarity is near 1 -- an exec pair essentially never seen in benign activity."",
    ""Benign-explanation test: very high throughput (p98) and short lifetime (p42) argue against a routine admin script, cron job, or health-check."",
    ""Decide: the escalation mechanism and behavioural anomalies outweigh XGBoost's benign call; this supports the CNN.""
  ],
  ""key_features"": [""events_per_second"", ""seq_length"", ""auid_euid_mismatch"", ""failed_call_rate"", ""failed_call_count""],
  ""agrees_with"": ""cnn""
}"
41602,3,0,benign,0,1,0.6923177242279053,0.9917534589767456,xgb_benign_cnn_malicious,MALICIOUS,1,0.92,cnn,ok,"[""Privilege state: max_uid_euid_delta is high (p98) and auid_euid_mismatch is set -- a real identity inconsistency and privilege transition."", ""Mechanism: is_suid_exec is set and a shell was spawned from a service context with priv_op_count elevated -- a classic setuid-shell escalation."", ""Behavioural anomaly: parent_child_rarity is near 1 (essentially never seen in benign activity) and unique_syscalls is high (p98) -- an exec pair and syscall types essentially never seen in benign activity."", ""Benign-explanation test: very short lifetime (p42) and high throughput argue against a routine admin script, cron job, or health-check."", ""Decide: the escalation mechanism, sensitive-path access, and behavioural anomalies outweigh XGBoost's benign call; this supports the CNN.""]","[""unique_syscalls"", ""exec_count"", ""parent_child_rarity"", ""seq_length"", ""lifetime_seconds""]","{
  ""verdict"": ""MALICIOUS"",
  ""confidence"": 0.92,
  ""rationale_steps"": [
    ""Privilege state: max_uid_euid_delta is high (p98) and auid_euid_mismatch is set -- a real identity inconsistency and privilege transition."",
    ""Mechanism: is_suid_exec is set and a shell was spawned from a service context with priv_op_count elevated -- a classic setuid-shell escalation."",
    ""Behavioural anomaly: parent_child_rarity is near 1 (essentially never seen in benign activity) and unique_syscalls is high (p98) -- an exec pair and syscall types essentially never seen in benign activity."",
    ""Benign-explanation test: very short lifetime (p42) and high throughput argue against a routine admin script, cron job, or health-check."",
    ""Decide: the escalation mechanism, sensitive-path access, and behavioural anomalies outweigh XGBoost's benign call; this supports the CNN.""
  ],
  ""key_features"": [""unique_syscalls"", ""exec_count"", ""parent_child_rarity"", ""seq_length"", ""lifetime_seconds""],
  ""agrees_with"": ""cnn""
}"
41995,3,1,T1078_Valid_Accounts,0,1,0.6828815937042236,0.9918093085289,xgb_benign_cnn_malicious,MALICIOUS,1,0.92,cnn,ok,"[""Privilege state: max_uid_euid_delta is high (p98) and auid_euid_mismatch is set -- a real identity inconsistency and privilege transition."", ""Mechanism: is_suid_exec is set and a shell was spawned from a service context with priv_op_count elevated -- a classic setuid-shell escalation."", ""Behavioural anomaly: parent_child_rarity is near 1 (essentially never seen in benign activity) and unique_syscalls is high (p98) -- an exec pair and syscall types essentially never seen in benign activity."", ""Benign-explanation test: very high throughput (p56) and short lifetime (p42) argue against a routine admin script, cron job, or health-check."", ""Decide: the escalation mechanism, sensitive-path access, and behavioural anomalies outweigh XGBoost's benign call; this supports the CNN.""]","[""unique_syscalls"", ""exec_count"", ""parent_child_rarity"", ""max_uid_euid_delta"", ""auid_euid_mismatch""]","{
  ""verdict"": ""MALICIOUS"",
  ""confidence"": 0.92,
  ""rationale_steps"": [
    ""Privilege state: max_uid_euid_delta is high (p98) and auid_euid_mismatch is set -- a real identity inconsistency and privilege transition."",
    ""Mechanism: is_suid_exec is set and a shell was spawned from a service context with priv_op_count elevated -- a classic setuid-shell escalation."",
    ""Behavioural anomaly: parent_child_rarity is near 1 (essentially never seen in benign activity) and unique_syscalls is high (p98) -- an exec pair and syscall types essentially never seen in benign activity."",
    ""Benign-explanation test: very high throughput (p56) and short lifetime (p42) argue against a routine admin script, cron job, or health-check."",
    ""Decide: the escalation mechanism, sensitive-path access, and behavioural anomalies outweigh XGBoost's benign call; this supports the CNN.""
  ],
  ""key_features"": [""unique_syscalls"", ""exec_count"", ""parent_child_rarity"", ""max_uid_euid_delta"", ""auid_euid_mismatch""],
  ""agrees_with"": ""cnn""
}"
42331,3,0,benign,0,1,0.6923177242279053,0.9917534589767456,xgb_benign_cnn_malicious,MALICIOUS,1,0.92,cnn,ok,"[""Privilege state: max_uid_euid_delta is high (p98) and auid_euid_mismatch is set -- a real identity inconsistency and privilege transition."", ""Mechanism: is_suid_exec is set and a shell was spawned from a service context with priv_op_count elevated -- a classic setuid-shell escalation."", ""Behavioural anomaly: parent_child_rarity is near 1 (essentially never seen in benign activity) and unique_syscalls is high (p98) -- an exec pair and syscall types essentially never seen in benign activity."", ""Benign-explanation test: very short lifetime (p42) and high throughput argue against a routine admin script, cron job, or health-check."", ""Decide: the escalation mechanism, sensitive-path access, and behavioural anomalies outweigh XGBoost's benign call; this supports the CNN.""]","[""unique_syscalls"", ""exec_count"", ""parent_child_rarity"", ""seq_length"", ""lifetime_seconds""]","{
  ""verdict"": ""MALICIOUS"",
  ""confidence"": 0.92,
  ""rationale_steps"": [
    ""Privilege state: max_uid_euid_delta is high (p98) and auid_euid_mismatch is set -- a real identity inconsistency and privilege transition."",
    ""Mechanism: is_suid_exec is set and a shell was spawned from a service context with priv_op_count elevated -- a classic setuid-shell escalation."",
    ""Behavioural anomaly: parent_child_rarity is near 1 (essentially never seen in benign activity) and unique_syscalls is high (p98) -- an exec pair and syscall types essentially never seen in benign activity."",
    ""Benign-explanation test: very short lifetime (p42) and high throughput argue against a routine admin script, cron job, or health-check."",
    ""Decide: the escalation mechanism, sensitive-path access, and behavioural anomalies outweigh XGBoost's benign call; this supports the CNN.""
  ],
  ""key_features"": [""unique_syscalls"", ""exec_count"", ""parent_child_rarity"", ""seq_length"", ""lifetime_seconds""],
  ""agrees_with"": ""cnn""
}"
42579,4,1,T1078_Valid_Accounts,0,1,0.5382307767868042,0.9489884972572328,xgb_benign_cnn_malicious,MALICIOUS,1,0.92,cnn,ok,"[""Privilege state: max_uid_euid_delta is high (p99+) and auid_euid_mismatch is set -- a real identity inconsistency and privilege transition."", ""Mechanism: is_suid_exec is set and a shell was spawned from a service context with priv_op_count elevated -- a classic setuid-shell escalation."", ""Behavioural anomaly: parent_child_rarity is near 1 (essentially never seen in benign activity) and events_per_second is extremely high (p93) -- an unusual syscall throughput."", ""Benign-explanation test: very short lifetime (p36) and low throughput argue against a routine admin script, cron job, or health-check."", ""Decide: the escalation mechanism, sensitive-path access, and unusual syscall throughput outweigh XGBoost's benign call; this supports the CNN.""]","[""parent_child_rarity"", ""lifetime_seconds"", ""events_per_second"", ""max_uid_euid_delta"", ""auid_euid_mismatch""]","{
  ""verdict"": ""MALICIOUS"",
  ""confidence"": 0.92,
  ""rationale_steps"": [
    ""Privilege state: max_uid_euid_delta is high (p99+) and auid_euid_mismatch is set -- a real identity inconsistency and privilege transition."",
    ""Mechanism: is_suid_exec is set and a shell was spawned from a service context with priv_op_count elevated -- a classic setuid-shell escalation."",
    ""Behavioural anomaly: parent_child_rarity is near 1 (essentially never seen in benign activity) and events_per_second is extremely high (p93) -- an unusual syscall throughput."",
    ""Benign-explanation test: very short lifetime (p36) and low throughput argue against a routine admin script, cron job, or health-check."",
    ""Decide: the escalation mechanism, sensitive-path access, and unusual syscall throughput outweigh XGBoost's benign call; this supports the CNN.""
  ],
  ""key_features"": [""parent_child_rarity"", ""lifetime_seconds"", ""events_per_second"", ""max_uid_euid_delta"", ""auid_euid_mismatch""],
  ""agrees_with"": ""cnn""
}"
42682,4,1,T1078_Valid_Accounts,0,1,0.5382307767868042,0.9489884972572328,xgb_benign_cnn_malicious,MALICIOUS,1,0.92,cnn,ok,"[""Privilege state: max_uid_euid_delta is high (p99+) and auid_euid_mismatch is set -- a real identity inconsistency and privilege transition."", ""Mechanism: is_suid_exec is set and a shell was spawned from a service context with priv_op_count elevated -- a classic setuid-shell escalation."", ""Behavioural anomaly: parent_child_rarity is near 1 (essentially never seen in benign activity) and events_per_second is extremely high (p93) -- an unusual syscall throughput."", ""Benign-explanation test: very short lifetime (p36) and low throughput argue against a routine admin script, cron job, or health-check."", ""Decide: the escalation mechanism, sensitive-path access, and unusual syscall throughput outweigh XGBoost's benign call; this supports the CNN.""]","[""parent_child_rarity"", ""lifetime_seconds"", ""events_per_second"", ""max_uid_euid_delta"", ""auid_euid_mismatch""]","{
  ""verdict"": ""MALICIOUS"",
  ""confidence"": 0.92,
  ""rationale_steps"": [
    ""Privilege state: max_uid_euid_delta is high (p99+) and auid_euid_mismatch is set -- a real identity inconsistency and privilege transition."",
    ""Mechanism: is_suid_exec is set and a shell was spawned from a service context with priv_op_count elevated -- a classic setuid-shell escalation."",
    ""Behavioural anomaly: parent_child_rarity is near 1 (essentially never seen in benign activity) and events_per_second is extremely high (p93) -- an unusual syscall throughput."",
    ""Benign-explanation test: very short lifetime (p36) and low throughput argue against a routine admin script, cron job, or health-check."",
    ""Decide: the escalation mechanism, sensitive-path access, and unusual syscall throughput outweigh XGBoost's benign call; this supports the CNN.""
  ],
  ""key_features"": [""parent_child_rarity"", ""lifetime_seconds"", ""events_per_second"", ""max_uid_euid_delta"", ""auid_euid_mismatch""],
  ""agrees_with"": ""cnn""
}"
42740,4,0,benign,0,1,0.3759605586528778,0.8749561309814453,xgb_benign_cnn_malicious,MALICIOUS,1,0.92,cnn,ok,"[""Privilege state: max_uid_euid_delta is high (p99+) and auid_euid_mismatch is set -- a real identity inconsistency and privilege transition."", ""Mechanism: is_suid_exec is set and a shell was spawned from a service context with priv_op_count elevated -- a classic setuid-shell escalation."", ""Behavioural anomaly: parent_child_rarity is near 1 (essentially never seen in benign activity) and network_count is 0 -- an exec pair and network activity profile of a novel attack chain."", ""Benign-explanation test: very short lifetime (p88) and high-throughput execution from a service context is inconsistent with a routine health-check or monitoring script."", ""Decide: the escalation mechanism and sensitive-path access outweigh XGBoost's benign call; this supports the CNN.""]","[""is_suid_exec"", ""shell_from_service"", ""parent_child_rarity"", ""max_uid_euid_delta"", ""auid_euid_mismatch""]","{
  ""verdict"": ""MALICIOUS"",
  ""confidence"": 0.92,
  ""rationale_steps"": [
    ""Privilege state: max_uid_euid_delta is high (p99+) and auid_euid_mismatch is set -- a real identity inconsistency and privilege transition."",
    ""Mechanism: is_suid_exec is set and a shell was spawned from a service context with priv_op_count elevated -- a classic setuid-shell escalation."",
    ""Behavioural anomaly: parent_child_rarity is near 1 (essentially never seen in benign activity) and network_count is 0 -- an exec pair and network activity profile of a novel attack chain."",
    ""Benign-explanation test: very short lifetime (p88) and high-throughput execution from a service context is inconsistent with a routine health-check or monitoring script."",
    ""Decide: the escalation mechanism and sensitive-path access outweigh XGBoost's benign call; this supports the CNN.""
  ],
  ""key_features"": [""is_suid_exec"", ""shell_from_service"", ""parent_child_rarity"", ""max_uid_euid_delta"", ""auid_euid_mismatch""],
  ""agrees_with"": ""cnn""
}"
42776,4,0,benign,0,1,0.5382307767868042,0.9489884972572328,xgb_benign_cnn_malicious,MALICIOUS,1,0.92,cnn,ok,"[""Privilege state: max_uid_euid_delta is high (p99+) and auid_euid_mismatch is set -- a real identity inconsistency and privilege transition."", ""Mechanism: is_suid_exec is set and a shell was spawned from a service context with priv_op_count elevated -- a classic setuid-shell escalation."", ""Behavioural anomaly: parent_child_rarity is near 1 (essentially never seen in benign activity) and events_per_second is extremely high (p93) -- an unusual syscall throughput."", ""Benign-explanation test: very short lifetime (p36) and low throughput argue against a routine admin script, cron job, or health-check."", ""Decide: the escalation mechanism, sensitive-path access, and unusual syscall throughput outweigh XGBoost's benign call; this supports the CNN.""]","[""parent_child_rarity"", ""lifetime_seconds"", ""events_per_second"", ""max_uid_euid_delta"", ""auid_euid_mismatch""]","{
  ""verdict"": ""MALICIOUS"",
  ""confidence"": 0.92,
  ""rationale_steps"": [
    ""Privilege state: max_uid_euid_delta is high (p99+) and auid_euid_mismatch is set -- a real identity inconsistency and privilege transition."",
    ""Mechanism: is_suid_exec is set and a shell was spawned from a service context with priv_op_count elevated -- a classic setuid-shell escalation."",
    ""Behavioural anomaly: parent_child_rarity is near 1 (essentially never seen in benign activity) and events_per_second is extremely high (p93) -- an unusual syscall throughput."",
    ""Benign-explanation test: very short lifetime (p36) and low throughput argue against a routine admin script, cron job, or health-check."",
    ""Decide: the escalation mechanism, sensitive-path access, and unusual syscall throughput outweigh XGBoost's benign call; this supports the CNN.""
  ],
  ""key_features"": [""parent_child_rarity"", ""lifetime_seconds"", ""events_per_second"", ""max_uid_euid_delta"", ""auid_euid_mismatch""],
  ""agrees_with"": ""cnn""
}"
43620,4,0,benign,0,1,0.5974626541137695,0.8567609786987305,xgb_benign_cnn_malicious,MALICIOUS,1,0.86,cnn,ok,"[""Privilege state: auid_euid_mismatch is set, but max_uid_euid_delta is low -- a potential identity inconsistency without a clear privilege transition."", ""Mechanism: is_suid_exec is set, but without a clear escalation mechanism or elevated priv_op_count, it's a weak signal on its own."", ""Behavioural anomaly: parent_child_rarity is near 1 (a common, previously-seen exec pair) and no sensitive-path access -- not the profile of a novel attack chain."", ""Benign-explanation test: very high throughput (p99+) and short lifetime (p42) argue against a routine admin script, cron job, or health-check."", ""Decide: the escalation mechanism and potential identity inconsistency outweigh XGBoost's benign call; this supports the CNN.""]","[""events_per_second"", ""seq_length"", ""failed_call_count"", ""exec_count"", ""parent_child_rarity""]","{
  ""verdict"": ""MALICIOUS"",
  ""confidence"": 0.86,
  ""rationale_steps"": [
    ""Privilege state: auid_euid_mismatch is set, but max_uid_euid_delta is low -- a potential identity inconsistency without a clear privilege transition."",
    ""Mechanism: is_suid_exec is set, but without a clear escalation mechanism or elevated priv_op_count, it's a weak signal on its own."",
    ""Behavioural anomaly: parent_child_rarity is near 1 (a common, previously-seen exec pair) and no sensitive-path access -- not the profile of a novel attack chain."",
    ""Benign-explanation test: very high throughput (p99+) and short lifetime (p42) argue against a routine admin script, cron job, or health-check."",
    ""Decide: the escalation mechanism and potential identity inconsistency outweigh XGBoost's benign call; this supports the CNN.""
  ],
  ""key_features"": [""events_per_second"", ""seq_length"", ""failed_call_count"", ""exec_count"", ""parent_child_rarity""],
  ""agrees_with"": ""cnn""
}"
43715,4,0,benign,0,1,0.5382307767868042,0.9489884972572328,xgb_benign_cnn_malicious,MALICIOUS,1,0.92,cnn,ok,"[""Privilege state: max_uid_euid_delta is high (p99+) and auid_euid_mismatch is set -- a real identity inconsistency and privilege transition."", ""Mechanism: is_suid_exec is set and a shell was spawned from a service context with priv_op_count elevated -- a classic setuid-shell escalation."", ""Behavioural anomaly: parent_child_rarity is near 1 (essentially never seen in benign activity) and events_per_second is extremely high (p93) -- an unusual syscall throughput."", ""Benign-explanation test: very short lifetime (p36) and low throughput argue against a routine admin script, cron job, or health-check."", ""Decide: the escalation mechanism, sensitive-path access, and unusual syscall throughput outweigh XGBoost's benign call; this supports the CNN.""]","[""parent_child_rarity"", ""lifetime_seconds"", ""events_per_second"", ""max_uid_euid_delta"", ""auid_euid_mismatch""]","{
  ""verdict"": ""MALICIOUS"",
  ""confidence"": 0.92,
  ""rationale_steps"": [
    ""Privilege state: max_uid_euid_delta is high (p99+) and auid_euid_mismatch is set -- a real identity inconsistency and privilege transition."",
    ""Mechanism: is_suid_exec is set and a shell was spawned from a service context with priv_op_count elevated -- a classic setuid-shell escalation."",
    ""Behavioural anomaly: parent_child_rarity is near 1 (essentially never seen in benign activity) and events_per_second is extremely high (p93) -- an unusual syscall throughput."",
    ""Benign-explanation test: very short lifetime (p36) and low throughput argue against a routine admin script, cron job, or health-check."",
    ""Decide: the escalation mechanism, sensitive-path access, and unusual syscall throughput outweigh XGBoost's benign call; this supports the CNN.""
  ],
  ""key_features"": [""parent_child_rarity"", ""lifetime_seconds"", ""events_per_second"", ""max_uid_euid_delta"", ""auid_euid_mismatch""],
  ""agrees_with"": ""cnn""
}"
43928,3,1,T1078_Valid_Accounts,0,1,0.6923177242279053,0.9917534589767456,xgb_benign_cnn_malicious,MALICIOUS,1,0.92,cnn,ok,"[""Privilege state: max_uid_euid_delta is high (p98) and auid_euid_mismatch is set -- a real identity inconsistency and privilege transition."", ""Mechanism: is_suid_exec is set and a shell was spawned from a service context with priv_op_count elevated -- a classic setuid-shell escalation."", ""Behavioural anomaly: parent_child_rarity is near 1 (essentially never seen in benign activity) and unique_syscalls is high (p98) -- an exec pair and syscall types essentially never seen in benign activity."", ""Benign-explanation test: very short lifetime (p42) and high throughput argue against a routine admin script, cron job, or health-check."", ""Decide: the escalation mechanism, sensitive-path access, and behavioural anomalies outweigh XGBoost's benign call; this supports the CNN.""]","[""unique_syscalls"", ""exec_count"", ""parent_child_rarity"", ""seq_length"", ""lifetime_seconds""]","{
  ""verdict"": ""MALICIOUS"",
  ""confidence"": 0.92,
  ""rationale_steps"": [
    ""Privilege state: max_uid_euid_delta is high (p98) and auid_euid_mismatch is set -- a real identity inconsistency and privilege transition."",
    ""Mechanism: is_suid_exec is set and a shell was spawned from a service context with priv_op_count elevated -- a classic setuid-shell escalation."",
    ""Behavioural anomaly: parent_child_rarity is near 1 (essentially never seen in benign activity) and unique_syscalls is high (p98) -- an exec pair and syscall types essentially never seen in benign activity."",
    ""Benign-explanation test: very short lifetime (p42) and high throughput argue against a routine admin script, cron job, or health-check."",
    ""Decide: the escalation mechanism, sensitive-path access, and behavioural anomalies outweigh XGBoost's benign call; this supports the CNN.""
  ],
  ""key_features"": [""unique_syscalls"", ""exec_count"", ""parent_child_rarity"", ""seq_length"", ""lifetime_seconds""],
  ""agrees_with"": ""cnn""
}"
43955,4,1,T1078_Valid_Accounts,0,1,0.5382307767868042,0.9489884972572328,xgb_benign_cnn_malicious,MALICIOUS,1,0.92,cnn,ok,"[""Privilege state: max_uid_euid_delta is high (p99+) and auid_euid_mismatch is set -- a real identity inconsistency and privilege transition."", ""Mechanism: is_suid_exec is set and a shell was spawned from a service context with priv_op_count elevated -- a classic setuid-shell escalation."", ""Behavioural anomaly: parent_child_rarity is near 1 (essentially never seen in benign activity) and events_per_second is extremely high (p93) -- an unusual syscall throughput."", ""Benign-explanation test: very short lifetime (p36) and low throughput argue against a routine admin script, cron job, or health-check."", ""Decide: the escalation mechanism, sensitive-path access, and unusual syscall throughput outweigh XGBoost's benign call; this supports the CNN.""]","[""parent_child_rarity"", ""lifetime_seconds"", ""events_per_second"", ""max_uid_euid_delta"", ""auid_euid_mismatch""]","{
  ""verdict"": ""MALICIOUS"",
  ""confidence"": 0.92,
  ""rationale_steps"": [
    ""Privilege state: max_uid_euid_delta is high (p99+) and auid_euid_mismatch is set -- a real identity inconsistency and privilege transition."",
    ""Mechanism: is_suid_exec is set and a shell was spawned from a service context with priv_op_count elevated -- a classic setuid-shell escalation."",
    ""Behavioural anomaly: parent_child_rarity is near 1 (essentially never seen in benign activity) and events_per_second is extremely high (p93) -- an unusual syscall throughput."",
    ""Benign-explanation test: very short lifetime (p36) and low throughput argue against a routine admin script, cron job, or health-check."",
    ""Decide: the escalation mechanism, sensitive-path access, and unusual syscall throughput outweigh XGBoost's benign call; this supports the CNN.""
  ],
  ""key_features"": [""parent_child_rarity"", ""lifetime_seconds"", ""events_per_second"", ""max_uid_euid_delta"", ""auid_euid_mismatch""],
  ""agrees_with"": ""cnn""
}"
44011,4,0,benign,0,1,0.4626511931419372,0.7419862747192383,xgb_benign_cnn_malicious,MALICIOUS,1,0.83,cnn,ok,"[""Privilege state: max_uid_euid_delta is high (p98) and auid_euid_mismatch is set -- a real identity inconsistency and privilege transition."", ""Mechanism: is_suid_exec is not set, but exec_count is high (p73) and a shell was spawned from a service context with priv_op_count elevated -- a suspicious escalation attempt."", ""Behavioural anomaly: failed_call_rate is high (p98), failed_call_count is high (p98), and parent_child_rarity is near 1 -- an exec pair essentially never seen in benign activity."", ""Benign-explanation test: very high throughput (p98) and short lifetime (p42) argue against a routine admin script, cron job, or health-check."", ""Decide: the escalation mechanism and behavioural anomalies outweigh XGBoost's benign call; this supports the CNN.""]","[""events_per_second"", ""seq_length"", ""auid_euid_mismatch"", ""failed_call_rate"", ""failed_call_count""]","{
  ""verdict"": ""MALICIOUS"",
  ""confidence"": 0.83,
  ""rationale_steps"": [
    ""Privilege state: max_uid_euid_delta is high (p98) and auid_euid_mismatch is set -- a real identity inconsistency and privilege transition."",
    ""Mechanism: is_suid_exec is not set, but exec_count is high (p73) and a shell was spawned from a service context with priv_op_count elevated -- a suspicious escalation attempt."",
    ""Behavioural anomaly: failed_call_rate is high (p98), failed_call_count is high (p98), and parent_child_rarity is near 1 -- an exec pair essentially never seen in benign activity."",
    ""Benign-explanation test: very high throughput (p98) and short lifetime (p42) argue against a routine admin script, cron job, or health-check."",
    ""Decide: the escalation mechanism and behavioural anomalies outweigh XGBoost's benign call; this supports the CNN.""
  ],
  ""key_features"": [""events_per_second"", ""seq_length"", ""auid_euid_mismatch"", ""failed_call_rate"", ""failed_call_count""],
  ""agrees_with"": ""cnn""
}"
44333,4,1,T1078_Valid_Accounts,0,1,0.3245709240436554,0.9654507040977478,xgb_benign_cnn_malicious,MALICIOUS,1,0.92,cnn,ok,"[""Privilege state: max_uid_euid_delta is high (p99+) and auid_euid_mismatch is set -- a real identity inconsistency and privilege transition."", ""Mechanism: is_suid_exec is set and a shell was spawned from a service context with priv_op_count elevated -- a classic setuid-shell escalation."", ""Behavioural anomaly: parent_child_rarity is near 1 (essentially never seen in benign activity) and events_per_second is extremely high (p93) -- an unusual and potentially malicious process."", ""Benign-explanation test: very short lifetime (p36) and low throughput argue against a routine admin script, cron job, or health-check."", ""Decide: the escalation mechanism, sensitive-path access, and unusual behavioural features outweigh XGBoost's benign call; this supports the CNN.""]","[""parent_child_rarity"", ""lifetime_seconds"", ""events_per_second"", ""max_uid_euid_delta"", ""auid_euid_mismatch""]","{
  ""verdict"": ""MALICIOUS"",
  ""confidence"": 0.92,
  ""rationale_steps"": [
    ""Privilege state: max_uid_euid_delta is high (p99+) and auid_euid_mismatch is set -- a real identity inconsistency and privilege transition."",
    ""Mechanism: is_suid_exec is set and a shell was spawned from a service context with priv_op_count elevated -- a classic setuid-shell escalation."",
    ""Behavioural anomaly: parent_child_rarity is near 1 (essentially never seen in benign activity) and events_per_second is extremely high (p93) -- an unusual and potentially malicious process."",
    ""Benign-explanation test: very short lifetime (p36) and low throughput argue against a routine admin script, cron job, or health-check."",
    ""Decide: the escalation mechanism, sensitive-path access, and unusual behavioural features outweigh XGBoost's benign call; this supports the CNN.""
  ],
  ""key_features"": [""parent_child_rarity"", ""lifetime_seconds"", ""events_per_second"", ""max_uid_euid_delta"", ""auid_euid_mismatch""],
  ""agrees_with"": ""cnn""
}"
44349,4,1,T1078_Valid_Accounts,0,1,0.5382307767868042,0.9489884972572328,xgb_benign_cnn_malicious,MALICIOUS,1,0.92,cnn,ok,"[""Privilege state: max_uid_euid_delta is high (p99+) and auid_euid_mismatch is set -- a real identity inconsistency and privilege transition."", ""Mechanism: is_suid_exec is set and a shell was spawned from a service context with priv_op_count elevated -- a classic setuid-shell escalation."", ""Behavioural anomaly: parent_child_rarity is near 1 (essentially never seen in benign activity) and events_per_second is extremely high (p93) -- an unusual syscall throughput."", ""Benign-explanation test: very short lifetime (p36) and low throughput argue against a routine admin script, cron job, or health-check."", ""Decide: the escalation mechanism, sensitive-path access, and unusual syscall throughput outweigh XGBoost's benign call; this supports the CNN.""]","[""parent_child_rarity"", ""lifetime_seconds"", ""events_per_second"", ""max_uid_euid_delta"", ""auid_euid_mismatch""]","{
  ""verdict"": ""MALICIOUS"",
  ""confidence"": 0.92,
  ""rationale_steps"": [
    ""Privilege state: max_uid_euid_delta is high (p99+) and auid_euid_mismatch is set -- a real identity inconsistency and privilege transition."",
    ""Mechanism: is_suid_exec is set and a shell was spawned from a service context with priv_op_count elevated -- a classic setuid-shell escalation."",
    ""Behavioural anomaly: parent_child_rarity is near 1 (essentially never seen in benign activity) and events_per_second is extremely high (p93) -- an unusual syscall throughput."",
    ""Benign-explanation test: very short lifetime (p36) and low throughput argue against a routine admin script, cron job, or health-check."",
    ""Decide: the escalation mechanism, sensitive-path access, and unusual syscall throughput outweigh XGBoost's benign call; this supports the CNN.""
  ],
  ""key_features"": [""parent_child_rarity"", ""lifetime_seconds"", ""events_per_second"", ""max_uid_euid_delta"", ""auid_euid_mismatch""],
  ""agrees_with"": ""cnn""
}"
44656,4,0,benign,0,1,0.5382307767868042,0.9489884972572328,xgb_benign_cnn_malicious,MALICIOUS,1,0.92,cnn,ok,"[""Privilege state: max_uid_euid_delta is high (p99+) and auid_euid_mismatch is set -- a real identity inconsistency and privilege transition."", ""Mechanism: is_suid_exec is set and a shell was spawned from a service context with priv_op_count elevated -- a classic setuid-shell escalation."", ""Behavioural anomaly: parent_child_rarity is near 1 (essentially never seen in benign activity) and events_per_second is extremely high (p93) -- an unusual syscall throughput."", ""Benign-explanation test: very short lifetime (p36) and low throughput argue against a routine admin script, cron job, or health-check."", ""Decide: the escalation mechanism, sensitive-path access, and unusual syscall throughput outweigh XGBoost's benign call; this supports the CNN.""]","[""parent_child_rarity"", ""lifetime_seconds"", ""events_per_second"", ""max_uid_euid_delta"", ""auid_euid_mismatch""]","{
  ""verdict"": ""MALICIOUS"",
  ""confidence"": 0.92,
  ""rationale_steps"": [
    ""Privilege state: max_uid_euid_delta is high (p99+) and auid_euid_mismatch is set -- a real identity inconsistency and privilege transition."",
    ""Mechanism: is_suid_exec is set and a shell was spawned from a service context with priv_op_count elevated -- a classic setuid-shell escalation."",
    ""Behavioural anomaly: parent_child_rarity is near 1 (essentially never seen in benign activity) and events_per_second is extremely high (p93) -- an unusual syscall throughput."",
    ""Benign-explanation test: very short lifetime (p36) and low throughput argue against a routine admin script, cron job, or health-check."",
    ""Decide: the escalation mechanism, sensitive-path access, and unusual syscall throughput outweigh XGBoost's benign call; this supports the CNN.""
  ],
  ""key_features"": [""parent_child_rarity"", ""lifetime_seconds"", ""events_per_second"", ""max_uid_euid_delta"", ""auid_euid_mismatch""],
  ""agrees_with"": ""cnn""
}"
45040,4,0,benign,0,1,0.5382307767868042,0.9489884972572328,xgb_benign_cnn_malicious,MALICIOUS,1,0.92,cnn,ok,"[""Privilege state: max_uid_euid_delta is high (p99+) and auid_euid_mismatch is set -- a real identity inconsistency and privilege transition."", ""Mechanism: is_suid_exec is set and a shell was spawned from a service context with priv_op_count elevated -- a classic setuid-shell escalation."", ""Behavioural anomaly: parent_child_rarity is near 1 (essentially never seen in benign activity) and events_per_second is extremely high (p93) -- an unusual syscall throughput."", ""Benign-explanation test: very short lifetime (p36) and low throughput argue against a routine admin script, cron job, or health-check."", ""Decide: the escalation mechanism, sensitive-path access, and unusual syscall throughput outweigh XGBoost's benign call; this supports the CNN.""]","[""parent_child_rarity"", ""lifetime_seconds"", ""events_per_second"", ""max_uid_euid_delta"", ""auid_euid_mismatch""]","{
  ""verdict"": ""MALICIOUS"",
  ""confidence"": 0.92,
  ""rationale_steps"": [
    ""Privilege state: max_uid_euid_delta is high (p99+) and auid_euid_mismatch is set -- a real identity inconsistency and privilege transition."",
    ""Mechanism: is_suid_exec is set and a shell was spawned from a service context with priv_op_count elevated -- a classic setuid-shell escalation."",
    ""Behavioural anomaly: parent_child_rarity is near 1 (essentially never seen in benign activity) and events_per_second is extremely high (p93) -- an unusual syscall throughput."",
    ""Benign-explanation test: very short lifetime (p36) and low throughput argue against a routine admin script, cron job, or health-check."",
    ""Decide: the escalation mechanism, sensitive-path access, and unusual syscall throughput outweigh XGBoost's benign call; this supports the CNN.""
  ],
  ""key_features"": [""parent_child_rarity"", ""lifetime_seconds"", ""events_per_second"", ""max_uid_euid_delta"", ""auid_euid_mismatch""],
  ""agrees_with"": ""cnn""
}"
45450,4,0,benign,0,1,0.3245709240436554,0.9654507040977478,xgb_benign_cnn_malicious,MALICIOUS,1,0.92,cnn,ok,"[""Privilege state: max_uid_euid_delta is high (p99+) and auid_euid_mismatch is set -- a real identity inconsistency and privilege transition."", ""Mechanism: is_suid_exec is set and a shell was spawned from a service context with priv_op_count elevated -- a classic setuid-shell escalation."", ""Behavioural anomaly: parent_child_rarity is near 1 (essentially never seen in benign activity) and events_per_second is extremely high (p93) -- an unusual and potentially malicious process."", ""Benign-explanation test: very short lifetime (p36) and low throughput argue against a routine admin script, cron job, or health-check."", ""Decide: the escalation mechanism, sensitive-path access, and unusual behavioural features outweigh XGBoost's benign call; this supports the CNN.""]","[""parent_child_rarity"", ""lifetime_seconds"", ""events_per_second"", ""max_uid_euid_delta"", ""auid_euid_mismatch""]","{
  ""verdict"": ""MALICIOUS"",
  ""confidence"": 0.92,
  ""rationale_steps"": [
    ""Privilege state: max_uid_euid_delta is high (p99+) and auid_euid_mismatch is set -- a real identity inconsistency and privilege transition."",
    ""Mechanism: is_suid_exec is set and a shell was spawned from a service context with priv_op_count elevated -- a classic setuid-shell escalation."",
    ""Behavioural anomaly: parent_child_rarity is near 1 (essentially never seen in benign activity) and events_per_second is extremely high (p93) -- an unusual and potentially malicious process."",
    ""Benign-explanation test: very short lifetime (p36) and low throughput argue against a routine admin script, cron job, or health-check."",
    ""Decide: the escalation mechanism, sensitive-path access, and unusual behavioural features outweigh XGBoost's benign call; this supports the CNN.""
  ],
  ""key_features"": [""parent_child_rarity"", ""lifetime_seconds"", ""events_per_second"", ""max_uid_euid_delta"", ""auid_euid_mismatch""],
  ""agrees_with"": ""cnn""
}"
45451,4,0,benign,0,1,0.4626511931419372,0.7419862747192383,xgb_benign_cnn_malicious,MALICIOUS,1,0.83,cnn,ok,"[""Privilege state: max_uid_euid_delta is high (p98) and auid_euid_mismatch is set -- a real identity inconsistency and privilege transition."", ""Mechanism: is_suid_exec is not set, but exec_count is high (p73) and a shell was spawned from a service context with priv_op_count elevated -- a suspicious escalation attempt."", ""Behavioural anomaly: failed_call_rate is high (p98), failed_call_count is high (p98), and parent_child_rarity is near 1 -- an exec pair essentially never seen in benign activity."", ""Benign-explanation test: very high throughput (p98) and short lifetime (p42) argue against a routine admin script, cron job, or health-check."", ""Decide: the escalation mechanism and behavioural anomalies outweigh XGBoost's benign call; this supports the CNN.""]","[""events_per_second"", ""seq_length"", ""auid_euid_mismatch"", ""failed_call_rate"", ""failed_call_count""]","{
  ""verdict"": ""MALICIOUS"",
  ""confidence"": 0.83,
  ""rationale_steps"": [
    ""Privilege state: max_uid_euid_delta is high (p98) and auid_euid_mismatch is set -- a real identity inconsistency and privilege transition."",
    ""Mechanism: is_suid_exec is not set, but exec_count is high (p73) and a shell was spawned from a service context with priv_op_count elevated -- a suspicious escalation attempt."",
    ""Behavioural anomaly: failed_call_rate is high (p98), failed_call_count is high (p98), and parent_child_rarity is near 1 -- an exec pair essentially never seen in benign activity."",
    ""Benign-explanation test: very high throughput (p98) and short lifetime (p42) argue against a routine admin script, cron job, or health-check."",
    ""Decide: the escalation mechanism and behavioural anomalies outweigh XGBoost's benign call; this supports the CNN.""
  ],
  ""key_features"": [""events_per_second"", ""seq_length"", ""auid_euid_mismatch"", ""failed_call_rate"", ""failed_call_count""],
  ""agrees_with"": ""cnn""
}"
45728,1,0,benign,0,1,0.4763945043087005,0.9780054688453674,xgb_benign_cnn_malicious,MALICIOUS,1,0.92,cnn,ok,"[""Privilege state: auid_euid_mismatch is set, indicating an identity inconsistency, and max_uid_euid_delta is high, suggesting a privilege transition."", ""Mechanism: is_suid_exec is set, indicating a setuid/setgid binary was executed, and shell_from_service is set, suggesting a shell was spawned from a service context."", ""Behavioural anomaly: failed_call_rate is high, indicating a high rate of failed syscalls, and parent_child_rarity is near 1, indicating an exec pair essentially never seen in benign activity."", ""Benign-explanation test: the process has a very short lifetime and high throughput, making it unlikely to be a routine admin script, cron job, or health-check."", ""Decide: the combination of privilege transition, setuid/setgid execution, and behavioural anomalies outweighs XGBoost's benign call; this supports the CNN.""]","[""failed_call_rate"", ""seq_length"", ""failed_call_count"", ""exec_count"", ""auid_euid_mismatch""]","{
  ""verdict"": ""MALICIOUS"",
  ""confidence"": 0.92,
  ""rationale_steps"": [
    ""Privilege state: auid_euid_mismatch is set, indicating an identity inconsistency, and max_uid_euid_delta is high, suggesting a privilege transition."",
    ""Mechanism: is_suid_exec is set, indicating a setuid/setgid binary was executed, and shell_from_service is set, suggesting a shell was spawned from a service context."",
    ""Behavioural anomaly: failed_call_rate is high, indicating a high rate of failed syscalls, and parent_child_rarity is near 1, indicating an exec pair essentially never seen in benign activity."",
    ""Benign-explanation test: the process has a very short lifetime and high throughput, making it unlikely to be a routine admin script, cron job, or health-check."",
    ""Decide: the combination of privilege transition, setuid/setgid execution, and behavioural anomalies outweighs XGBoost's benign call; this supports the CNN.""
  ],
  ""key_features"": [""failed_call_rate"", ""seq_length"", ""failed_call_count"", ""exec_count"", ""auid_euid_mismatch""],
  ""agrees_with"": ""cnn""
}"
45753,4,0,benign,0,1,0.4626511931419372,0.7419862747192383,xgb_benign_cnn_malicious,MALICIOUS,1,0.83,cnn,ok,"[""Privilege state: max_uid_euid_delta is high (p98) and auid_euid_mismatch is set -- a real identity inconsistency and privilege transition."", ""Mechanism: is_suid_exec is not set, but exec_count is high (p73) and a shell was spawned from a service context with priv_op_count elevated -- a suspicious escalation attempt."", ""Behavioural anomaly: failed_call_rate is high (p98), failed_call_count is high (p98), and parent_child_rarity is near 1 -- an exec pair essentially never seen in benign activity."", ""Benign-explanation test: very high throughput (p98) and short lifetime (p42) argue against a routine admin script, cron job, or health-check."", ""Decide: the escalation mechanism and behavioural anomalies outweigh XGBoost's benign call; this supports the CNN.""]","[""events_per_second"", ""seq_length"", ""auid_euid_mismatch"", ""failed_call_rate"", ""failed_call_count""]","{
  ""verdict"": ""MALICIOUS"",
  ""confidence"": 0.83,
  ""rationale_steps"": [
    ""Privilege state: max_uid_euid_delta is high (p98) and auid_euid_mismatch is set -- a real identity inconsistency and privilege transition."",
    ""Mechanism: is_suid_exec is not set, but exec_count is high (p73) and a shell was spawned from a service context with priv_op_count elevated -- a suspicious escalation attempt."",
    ""Behavioural anomaly: failed_call_rate is high (p98), failed_call_count is high (p98), and parent_child_rarity is near 1 -- an exec pair essentially never seen in benign activity."",
    ""Benign-explanation test: very high throughput (p98) and short lifetime (p42) argue against a routine admin script, cron job, or health-check."",
    ""Decide: the escalation mechanism and behavioural anomalies outweigh XGBoost's benign call; this supports the CNN.""
  ],
  ""key_features"": [""events_per_second"", ""seq_length"", ""auid_euid_mismatch"", ""failed_call_rate"", ""failed_call_count""],
  ""agrees_with"": ""cnn""
}"
46001,4,0,benign,0,1,0.5382307767868042,0.9489884972572328,xgb_benign_cnn_malicious,MALICIOUS,1,0.92,cnn,ok,"[""Privilege state: max_uid_euid_delta is high (p99+) and auid_euid_mismatch is set -- a real identity inconsistency and privilege transition."", ""Mechanism: is_suid_exec is set and a shell was spawned from a service context with priv_op_count elevated -- a classic setuid-shell escalation."", ""Behavioural anomaly: parent_child_rarity is near 1 (essentially never seen in benign activity) and events_per_second is extremely high (p93) -- an unusual syscall throughput."", ""Benign-explanation test: very short lifetime (p36) and low throughput argue against a routine admin script, cron job, or health-check."", ""Decide: the escalation mechanism, sensitive-path access, and unusual syscall throughput outweigh XGBoost's benign call; this supports the CNN.""]","[""parent_child_rarity"", ""lifetime_seconds"", ""events_per_second"", ""max_uid_euid_delta"", ""auid_euid_mismatch""]","{
  ""verdict"": ""MALICIOUS"",
  ""confidence"": 0.92,
  ""rationale_steps"": [
    ""Privilege state: max_uid_euid_delta is high (p99+) and auid_euid_mismatch is set -- a real identity inconsistency and privilege transition."",
    ""Mechanism: is_suid_exec is set and a shell was spawned from a service context with priv_op_count elevated -- a classic setuid-shell escalation."",
    ""Behavioural anomaly: parent_child_rarity is near 1 (essentially never seen in benign activity) and events_per_second is extremely high (p93) -- an unusual syscall throughput."",
    ""Benign-explanation test: very short lifetime (p36) and low throughput argue against a routine admin script, cron job, or health-check."",
    ""Decide: the escalation mechanism, sensitive-path access, and unusual syscall throughput outweigh XGBoost's benign call; this supports the CNN.""
  ],
  ""key_features"": [""parent_child_rarity"", ""lifetime_seconds"", ""events_per_second"", ""max_uid_euid_delta"", ""auid_euid_mismatch""],
  ""agrees_with"": ""cnn""
}"
46106,4,0,benign,0,1,0.5382307767868042,0.9489884972572328,xgb_benign_cnn_malicious,MALICIOUS,1,0.92,cnn,ok,"[""Privilege state: max_uid_euid_delta is high (p99+) and auid_euid_mismatch is set -- a real identity inconsistency and privilege transition."", ""Mechanism: is_suid_exec is set and a shell was spawned from a service context with priv_op_count elevated -- a classic setuid-shell escalation."", ""Behavioural anomaly: parent_child_rarity is near 1 (essentially never seen in benign activity) and events_per_second is extremely high (p93) -- an unusual syscall throughput."", ""Benign-explanation test: very short lifetime (p36) and low throughput argue against a routine admin script, cron job, or health-check."", ""Decide: the escalation mechanism, sensitive-path access, and unusual syscall throughput outweigh XGBoost's benign call; this supports the CNN.""]","[""parent_child_rarity"", ""lifetime_seconds"", ""events_per_second"", ""max_uid_euid_delta"", ""auid_euid_mismatch""]","{
  ""verdict"": ""MALICIOUS"",
  ""confidence"": 0.92,
  ""rationale_steps"": [
    ""Privilege state: max_uid_euid_delta is high (p99+) and auid_euid_mismatch is set -- a real identity inconsistency and privilege transition."",
    ""Mechanism: is_suid_exec is set and a shell was spawned from a service context with priv_op_count elevated -- a classic setuid-shell escalation."",
    ""Behavioural anomaly: parent_child_rarity is near 1 (essentially never seen in benign activity) and events_per_second is extremely high (p93) -- an unusual syscall throughput."",
    ""Benign-explanation test: very short lifetime (p36) and low throughput argue against a routine admin script, cron job, or health-check."",
    ""Decide: the escalation mechanism, sensitive-path access, and unusual syscall throughput outweigh XGBoost's benign call; this supports the CNN.""
  ],
  ""key_features"": [""parent_child_rarity"", ""lifetime_seconds"", ""events_per_second"", ""max_uid_euid_delta"", ""auid_euid_mismatch""],
  ""agrees_with"": ""cnn""
}"
46392,4,0,benign,0,1,0.5382307767868042,0.9489884972572328,xgb_benign_cnn_malicious,MALICIOUS,1,0.92,cnn,ok,"[""Privilege state: max_uid_euid_delta is high (p99+) and auid_euid_mismatch is set -- a real identity inconsistency and privilege transition."", ""Mechanism: is_suid_exec is set and a shell was spawned from a service context with priv_op_count elevated -- a classic setuid-shell escalation."", ""Behavioural anomaly: parent_child_rarity is near 1 (essentially never seen in benign activity) and events_per_second is extremely high (p93) -- an unusual syscall throughput."", ""Benign-explanation test: very short lifetime (p36) and low throughput argue against a routine admin script, cron job, or health-check."", ""Decide: the escalation mechanism, sensitive-path access, and unusual syscall throughput outweigh XGBoost's benign call; this supports the CNN.""]","[""parent_child_rarity"", ""lifetime_seconds"", ""events_per_second"", ""max_uid_euid_delta"", ""auid_euid_mismatch""]","{
  ""verdict"": ""MALICIOUS"",
  ""confidence"": 0.92,
  ""rationale_steps"": [
    ""Privilege state: max_uid_euid_delta is high (p99+) and auid_euid_mismatch is set -- a real identity inconsistency and privilege transition."",
    ""Mechanism: is_suid_exec is set and a shell was spawned from a service context with priv_op_count elevated -- a classic setuid-shell escalation."",
    ""Behavioural anomaly: parent_child_rarity is near 1 (essentially never seen in benign activity) and events_per_second is extremely high (p93) -- an unusual syscall throughput."",
    ""Benign-explanation test: very short lifetime (p36) and low throughput argue against a routine admin script, cron job, or health-check."",
    ""Decide: the escalation mechanism, sensitive-path access, and unusual syscall throughput outweigh XGBoost's benign call; this supports the CNN.""
  ],
  ""key_features"": [""parent_child_rarity"", ""lifetime_seconds"", ""events_per_second"", ""max_uid_euid_delta"", ""auid_euid_mismatch""],
  ""agrees_with"": ""cnn""
}"
46440,4,0,benign,0,1,0.4626511931419372,0.7419862747192383,xgb_benign_cnn_malicious,MALICIOUS,1,0.83,cnn,ok,"[""Privilege state: max_uid_euid_delta is high (p98) and auid_euid_mismatch is set -- a real identity inconsistency and privilege transition."", ""Mechanism: is_suid_exec is not set, but exec_count is high (p73) and a shell was spawned from a service context with priv_op_count elevated -- a suspicious escalation attempt."", ""Behavioural anomaly: failed_call_rate is high (p98), failed_call_count is high (p98), and parent_child_rarity is near 1 -- an exec pair essentially never seen in benign activity."", ""Benign-explanation test: very high throughput (p98) and short lifetime (p42) argue against a routine admin script, cron job, or health-check."", ""Decide: the escalation mechanism and behavioural anomalies outweigh XGBoost's benign call; this supports the CNN.""]","[""events_per_second"", ""seq_length"", ""auid_euid_mismatch"", ""failed_call_rate"", ""failed_call_count""]","{
  ""verdict"": ""MALICIOUS"",
  ""confidence"": 0.83,
  ""rationale_steps"": [
    ""Privilege state: max_uid_euid_delta is high (p98) and auid_euid_mismatch is set -- a real identity inconsistency and privilege transition."",
    ""Mechanism: is_suid_exec is not set, but exec_count is high (p73) and a shell was spawned from a service context with priv_op_count elevated -- a suspicious escalation attempt."",
    ""Behavioural anomaly: failed_call_rate is high (p98), failed_call_count is high (p98), and parent_child_rarity is near 1 -- an exec pair essentially never seen in benign activity."",
    ""Benign-explanation test: very high throughput (p98) and short lifetime (p42) argue against a routine admin script, cron job, or health-check."",
    ""Decide: the escalation mechanism and behavioural anomalies outweigh XGBoost's benign call; this supports the CNN.""
  ],
  ""key_features"": [""events_per_second"", ""seq_length"", ""auid_euid_mismatch"", ""failed_call_rate"", ""failed_call_count""],
  ""agrees_with"": ""cnn""
}"
46596,4,0,benign,0,1,0.4626511931419372,0.7419862747192383,xgb_benign_cnn_malicious,MALICIOUS,1,0.83,cnn,ok,"[""Privilege state: auid_euid_mismatch is set, indicating an identity inconsistency, but max_uid_euid_delta is low, suggesting no genuine UID/EUID transition."", ""Mechanism: is_suid_exec is not set, but exec_count is elevated, which could indicate an unusual exec chain."", ""Behavioural anomaly: failed_call_rate and failed_call_count are both high, indicating a high rate of failed syscalls, and parent_child_rarity is near 1, indicating a rare parent->child exec pair."", ""Benign-explanation test: the short lifetime and high throughput do not strongly suggest a routine admin script, cron job, or health-check."", ""Decide: the combination of failed_call_rate, failed_call_count, and parent_child_rarity outweighs XGBoost's benign call, supporting CNN's flag on this one feature.""]","[""events_per_second"", ""seq_length"", ""auid_euid_mismatch"", ""failed_call_rate"", ""failed_call_count""]","{
  ""verdict"": ""MALICIOUS"",
  ""confidence"": 0.83,
  ""rationale_steps"": [
    ""Privilege state: auid_euid_mismatch is set, indicating an identity inconsistency, but max_uid_euid_delta is low, suggesting no genuine UID/EUID transition."",
    ""Mechanism: is_suid_exec is not set, but exec_count is elevated, which could indicate an unusual exec chain."",
    ""Behavioural anomaly: failed_call_rate and failed_call_count are both high, indicating a high rate of failed syscalls, and parent_child_rarity is near 1, indicating a rare parent->child exec pair."",
    ""Benign-explanation test: the short lifetime and high throughput do not strongly suggest a routine admin script, cron job, or health-check."",
    ""Decide: the combination of failed_call_rate, failed_call_count, and parent_child_rarity outweighs XGBoost's benign call, supporting CNN's flag on this one feature.""
  ],
  ""key_features"": [""events_per_second"", ""seq_length"", ""auid_euid_mismatch"", ""failed_call_rate"", ""failed_call_count""],
  ""agrees_with"": ""cnn""
}"
46654,4,0,benign,0,1,0.4626511931419372,0.7419862747192383,xgb_benign_cnn_malicious,MALICIOUS,1,0.83,cnn,ok,"[""Privilege state: auid_euid_mismatch is set, indicating an identity inconsistency, but max_uid_euid_delta is low, suggesting no genuine UID/EUID transition."", ""Mechanism: is_suid_exec is not set, but exec_count is elevated, which could indicate an unusual exec chain."", ""Behavioural anomaly: failed_call_rate and failed_call_count are both high, indicating a high rate of failed syscalls, and parent_child_rarity is near 1, indicating a rare parent->child exec pair."", ""Benign-explanation test: the short lifetime and high throughput do not strongly suggest a routine admin script, cron job, or health-check."", ""Decide: the combination of failed_call_rate, failed_call_count, and parent_child_rarity outweighs XGBoost's benign call, supporting CNN's flag on this one feature.""]","[""events_per_second"", ""seq_length"", ""auid_euid_mismatch"", ""failed_call_rate"", ""failed_call_count""]","{
  ""verdict"": ""MALICIOUS"",
  ""confidence"": 0.83,
  ""rationale_steps"": [
    ""Privilege state: auid_euid_mismatch is set, indicating an identity inconsistency, but max_uid_euid_delta is low, suggesting no genuine UID/EUID transition."",
    ""Mechanism: is_suid_exec is not set, but exec_count is elevated, which could indicate an unusual exec chain."",
    ""Behavioural anomaly: failed_call_rate and failed_call_count are both high, indicating a high rate of failed syscalls, and parent_child_rarity is near 1, indicating a rare parent->child exec pair."",
    ""Benign-explanation test: the short lifetime and high throughput do not strongly suggest a routine admin script, cron job, or health-check."",
    ""Decide: the combination of failed_call_rate, failed_call_count, and parent_child_rarity outweighs XGBoost's benign call, supporting CNN's flag on this one feature.""
  ],
  ""key_features"": [""events_per_second"", ""seq_length"", ""auid_euid_mismatch"", ""failed_call_rate"", ""failed_call_count""],
  ""agrees_with"": ""cnn""
}"
46940,3,0,benign,0,1,0.6923177242279053,0.9917534589767456,xgb_benign_cnn_malicious,MALICIOUS,1,0.92,cnn,ok,"[""Privilege state: max_uid_euid_delta is high (p98) and auid_euid_mismatch is set -- a real identity inconsistency and privilege transition."", ""Mechanism: is_suid_exec is set and a shell was spawned from a service context with priv_op_count elevated -- a classic setuid-shell escalation."", ""Behavioural anomaly: parent_child_rarity is near 1 (essentially never seen in benign activity) and unique_syscalls is high (p98) -- an exec pair and syscall types essentially never seen in benign activity."", ""Benign-explanation test: very short lifetime (p42) and high throughput argue against a routine admin script, cron job, or health-check."", ""Decide: the escalation mechanism, sensitive-path access, and behavioural anomalies outweigh XGBoost's benign call; this supports the CNN.""]","[""unique_syscalls"", ""exec_count"", ""parent_child_rarity"", ""seq_length"", ""lifetime_seconds""]","{
  ""verdict"": ""MALICIOUS"",
  ""confidence"": 0.92,
  ""rationale_steps"": [
    ""Privilege state: max_uid_euid_delta is high (p98) and auid_euid_mismatch is set -- a real identity inconsistency and privilege transition."",
    ""Mechanism: is_suid_exec is set and a shell was spawned from a service context with priv_op_count elevated -- a classic setuid-shell escalation."",
    ""Behavioural anomaly: parent_child_rarity is near 1 (essentially never seen in benign activity) and unique_syscalls is high (p98) -- an exec pair and syscall types essentially never seen in benign activity."",
    ""Benign-explanation test: very short lifetime (p42) and high throughput argue against a routine admin script, cron job, or health-check."",
    ""Decide: the escalation mechanism, sensitive-path access, and behavioural anomalies outweigh XGBoost's benign call; this supports the CNN.""
  ],
  ""key_features"": [""unique_syscalls"", ""exec_count"", ""parent_child_rarity"", ""seq_length"", ""lifetime_seconds""],
  ""agrees_with"": ""cnn""
}"
47032,3,1,T1078_Valid_Accounts,0,1,0.6923177242279053,0.9917534589767456,xgb_benign_cnn_malicious,MALICIOUS,1,0.92,cnn,ok,"[""Privilege state: max_uid_euid_delta is high (p98) and auid_euid_mismatch is set -- a real identity inconsistency and privilege transition."", ""Mechanism: is_suid_exec is set and a shell was spawned from a service context with priv_op_count elevated -- a classic setuid-shell escalation."", ""Behavioural anomaly: unique_syscalls is high (p98) and parent_child_rarity is near 1 -- an exec pair essentially never seen in benign activity."", ""Benign-explanation test: very high throughput (p56) and short lifetime (p42) argue against a routine admin script, cron job, or health-check."", ""Decide: the escalation mechanism, sensitive-path access, and behavioural anomalies outweigh XGBoost's benign call; this supports the CNN.""]","[""unique_syscalls"", ""exec_count"", ""parent_child_rarity"", ""max_uid_euid_delta"", ""auid_euid_mismatch""]","{
  ""verdict"": ""MALICIOUS"",
  ""confidence"": 0.92,
  ""rationale_steps"": [
    ""Privilege state: max_uid_euid_delta is high (p98) and auid_euid_mismatch is set -- a real identity inconsistency and privilege transition."",
    ""Mechanism: is_suid_exec is set and a shell was spawned from a service context with priv_op_count elevated -- a classic setuid-shell escalation."",
    ""Behavioural anomaly: unique_syscalls is high (p98) and parent_child_rarity is near 1 -- an exec pair essentially never seen in benign activity."",
    ""Benign-explanation test: very high throughput (p56) and short lifetime (p42) argue against a routine admin script, cron job, or health-check."",
    ""Decide: the escalation mechanism, sensitive-path access, and behavioural anomalies outweigh XGBoost's benign call; this supports the CNN.""
  ],
  ""key_features"": [""unique_syscalls"", ""exec_count"", ""parent_child_rarity"", ""max_uid_euid_delta"", ""auid_euid_mismatch""],
  ""agrees_with"": ""cnn""
}"
47702,4,0,benign,0,1,0.3245709240436554,0.9654507040977478,xgb_benign_cnn_malicious,MALICIOUS,1,0.92,cnn,ok,"[""Privilege state: max_uid_euid_delta is high (p99+) and auid_euid_mismatch is set -- a real identity inconsistency and privilege transition."", ""Mechanism: is_suid_exec is set and a shell was spawned from a service context with priv_op_count elevated -- a classic setuid-shell escalation."", ""Behavioural anomaly: parent_child_rarity is near 1 (essentially never seen in benign activity) and events_per_second is extremely high (p93) -- an unusual and potentially malicious process."", ""Benign-explanation test: very short lifetime (p36) and low throughput argue against a routine admin script, cron job, or health-check."", ""Decide: the escalation mechanism, sensitive-path access, and unusual behavioural features outweigh XGBoost's benign call; this supports the CNN.""]","[""parent_child_rarity"", ""lifetime_seconds"", ""events_per_second"", ""max_uid_euid_delta"", ""auid_euid_mismatch""]","{
  ""verdict"": ""MALICIOUS"",
  ""confidence"": 0.92,
  ""rationale_steps"": [
    ""Privilege state: max_uid_euid_delta is high (p99+) and auid_euid_mismatch is set -- a real identity inconsistency and privilege transition."",
    ""Mechanism: is_suid_exec is set and a shell was spawned from a service context with priv_op_count elevated -- a classic setuid-shell escalation."",
    ""Behavioural anomaly: parent_child_rarity is near 1 (essentially never seen in benign activity) and events_per_second is extremely high (p93) -- an unusual and potentially malicious process."",
    ""Benign-explanation test: very short lifetime (p36) and low throughput argue against a routine admin script, cron job, or health-check."",
    ""Decide: the escalation mechanism, sensitive-path access, and unusual behavioural features outweigh XGBoost's benign call; this supports the CNN.""
  ],
  ""key_features"": [""parent_child_rarity"", ""lifetime_seconds"", ""events_per_second"", ""max_uid_euid_delta"", ""auid_euid_mismatch""],
  ""agrees_with"": ""cnn""
}"
47761,4,0,benign,0,1,0.4626511931419372,0.7419862747192383,xgb_benign_cnn_malicious,MALICIOUS,1,0.83,cnn,ok,"[""Privilege state: max_uid_euid_delta is high (p98) and auid_euid_mismatch is set -- a real identity inconsistency and privilege transition."", ""Mechanism: is_suid_exec is not set, but exec_count is high (p73) and a shell was spawned from a service context with priv_op_count elevated -- a suspicious escalation attempt."", ""Behavioural anomaly: failed_call_rate is high (p98), failed_call_count is high (p98), and parent_child_rarity is near 1 -- an exec pair essentially never seen in benign activity."", ""Benign-explanation test: very high throughput (p98) and short lifetime (p42) argue against a routine admin script, cron job, or health-check."", ""Decide: the escalation mechanism and behavioural anomalies outweigh XGBoost's benign call; this supports the CNN.""]","[""events_per_second"", ""seq_length"", ""auid_euid_mismatch"", ""failed_call_rate"", ""failed_call_count""]","{
  ""verdict"": ""MALICIOUS"",
  ""confidence"": 0.83,
  ""rationale_steps"": [
    ""Privilege state: max_uid_euid_delta is high (p98) and auid_euid_mismatch is set -- a real identity inconsistency and privilege transition."",
    ""Mechanism: is_suid_exec is not set, but exec_count is high (p73) and a shell was spawned from a service context with priv_op_count elevated -- a suspicious escalation attempt."",
    ""Behavioural anomaly: failed_call_rate is high (p98), failed_call_count is high (p98), and parent_child_rarity is near 1 -- an exec pair essentially never seen in benign activity."",
    ""Benign-explanation test: very high throughput (p98) and short lifetime (p42) argue against a routine admin script, cron job, or health-check."",
    ""Decide: the escalation mechanism and behavioural anomalies outweigh XGBoost's benign call; this supports the CNN.""
  ],
  ""key_features"": [""events_per_second"", ""seq_length"", ""auid_euid_mismatch"", ""failed_call_rate"", ""failed_call_count""],
  ""agrees_with"": ""cnn""
}"
47897,4,1,T1078_Valid_Accounts,0,1,0.5382307767868042,0.9489884972572328,xgb_benign_cnn_malicious,MALICIOUS,1,0.92,cnn,ok,"[""Privilege state: max_uid_euid_delta is high (p99+) and auid_euid_mismatch is set -- a real identity inconsistency and privilege transition."", ""Mechanism: is_suid_exec is set and a shell was spawned from a service context with priv_op_count elevated -- a classic setuid-shell escalation."", ""Behavioural anomaly: parent_child_rarity is near 1 (essentially never seen in benign activity) and events_per_second is extremely high (p93) -- an unusual syscall throughput."", ""Benign-explanation test: very short lifetime (p36) and low throughput argue against a routine admin script, cron job, or health-check."", ""Decide: the escalation mechanism, sensitive-path access, and unusual syscall throughput outweigh XGBoost's benign call; this supports the CNN.""]","[""parent_child_rarity"", ""lifetime_seconds"", ""events_per_second"", ""max_uid_euid_delta"", ""auid_euid_mismatch""]","{
  ""verdict"": ""MALICIOUS"",
  ""confidence"": 0.92,
  ""rationale_steps"": [
    ""Privilege state: max_uid_euid_delta is high (p99+) and auid_euid_mismatch is set -- a real identity inconsistency and privilege transition."",
    ""Mechanism: is_suid_exec is set and a shell was spawned from a service context with priv_op_count elevated -- a classic setuid-shell escalation."",
    ""Behavioural anomaly: parent_child_rarity is near 1 (essentially never seen in benign activity) and events_per_second is extremely high (p93) -- an unusual syscall throughput."",
    ""Benign-explanation test: very short lifetime (p36) and low throughput argue against a routine admin script, cron job, or health-check."",
    ""Decide: the escalation mechanism, sensitive-path access, and unusual syscall throughput outweigh XGBoost's benign call; this supports the CNN.""
  ],
  ""key_features"": [""parent_child_rarity"", ""lifetime_seconds"", ""events_per_second"", ""max_uid_euid_delta"", ""auid_euid_mismatch""],
  ""agrees_with"": ""cnn""
}"
48840,1,0,benign,0,1,0.6700179576873779,0.9232909083366394,xgb_benign_cnn_malicious,MALICIOUS,1,0.92,cnn,ok,"[""Privilege state: auid_euid_mismatch is set, indicating an identity inconsistency, and max_uid_euid_delta is low, suggesting a partial privilege transition."", ""Mechanism: is_suid_exec is not set, but exec_count is high, indicating a potential escalation attempt."", ""Behavioural anomaly: failed_call_count and failed_call_rate are high, indicating a potential privilege escalation attempt."", ""Benign-explanation test: the short lifetime and high syscall throughput make it unlikely to be a routine admin script or health-check."", ""Decide: the high failed_call_count and failed_call_rate, combined with the auid_euid_mismatch, support the CNN's call over XGBoost's.""]","[""seq_length"", ""failed_call_count"", ""exec_count"", ""events_per_second"", ""lifetime_seconds""]","{
  ""verdict"": ""MALICIOUS"",
  ""confidence"": 0.92,
  ""rationale_steps"": [
    ""Privilege state: auid_euid_mismatch is set, indicating an identity inconsistency, and max_uid_euid_delta is low, suggesting a partial privilege transition."",
    ""Mechanism: is_suid_exec is not set, but exec_count is high, indicating a potential escalation attempt."",
    ""Behavioural anomaly: failed_call_count and failed_call_rate are high, indicating a potential privilege escalation attempt."",
    ""Benign-explanation test: the short lifetime and high syscall throughput make it unlikely to be a routine admin script or health-check."",
    ""Decide: the high failed_call_count and failed_call_rate, combined with the auid_euid_mismatch, support the CNN's call over XGBoost's.""
  ],
  ""key_features"": [""seq_length"", ""failed_call_count"", ""exec_count"", ""events_per_second"", ""lifetime_seconds""],
  ""agrees_with"": ""cnn""
}"
49239,4,0,benign,0,1,0.5382307767868042,0.9489884972572328,xgb_benign_cnn_malicious,MALICIOUS,1,0.92,cnn,ok,"[""Privilege state: max_uid_euid_delta is high (p99+) and auid_euid_mismatch is set -- a real identity inconsistency and privilege transition."", ""Mechanism: is_suid_exec is set and a shell was spawned from a service context with priv_op_count elevated -- a classic setuid-shell escalation."", ""Behavioural anomaly: parent_child_rarity is near 1 (essentially never seen in benign activity) and events_per_second is extremely high (p93) -- an unusual syscall throughput."", ""Benign-explanation test: very short lifetime (p36) and low throughput argue against a routine admin script, cron job, or health-check."", ""Decide: the escalation mechanism, sensitive-path access, and unusual syscall throughput outweigh XGBoost's benign call; this supports the CNN.""]","[""parent_child_rarity"", ""lifetime_seconds"", ""events_per_second"", ""max_uid_euid_delta"", ""auid_euid_mismatch""]","{
  ""verdict"": ""MALICIOUS"",
  ""confidence"": 0.92,
  ""rationale_steps"": [
    ""Privilege state: max_uid_euid_delta is high (p99+) and auid_euid_mismatch is set -- a real identity inconsistency and privilege transition."",
    ""Mechanism: is_suid_exec is set and a shell was spawned from a service context with priv_op_count elevated -- a classic setuid-shell escalation."",
    ""Behavioural anomaly: parent_child_rarity is near 1 (essentially never seen in benign activity) and events_per_second is extremely high (p93) -- an unusual syscall throughput."",
    ""Benign-explanation test: very short lifetime (p36) and low throughput argue against a routine admin script, cron job, or health-check."",
    ""Decide: the escalation mechanism, sensitive-path access, and unusual syscall throughput outweigh XGBoost's benign call; this supports the CNN.""
  ],
  ""key_features"": [""parent_child_rarity"", ""lifetime_seconds"", ""events_per_second"", ""max_uid_euid_delta"", ""auid_euid_mismatch""],
  ""agrees_with"": ""cnn""
}"
49317,4,0,benign,0,1,0.5382307767868042,0.9489884972572328,xgb_benign_cnn_malicious,MALICIOUS,1,0.92,cnn,ok,"[""Privilege state: max_uid_euid_delta is high (p99+) and auid_euid_mismatch is set -- a real identity inconsistency and privilege transition."", ""Mechanism: is_suid_exec is set and a shell was spawned from a service context with priv_op_count elevated -- a classic setuid-shell escalation."", ""Behavioural anomaly: parent_child_rarity is near 1 (essentially never seen in benign activity) and events_per_second is extremely high (p93) -- an unusual syscall throughput."", ""Benign-explanation test: very short lifetime (p36) and low throughput argue against a routine admin script, cron job, or health-check."", ""Decide: the escalation mechanism, sensitive-path access, and unusual syscall throughput outweigh XGBoost's benign call; this supports the CNN.""]","[""parent_child_rarity"", ""lifetime_seconds"", ""events_per_second"", ""max_uid_euid_delta"", ""auid_euid_mismatch""]","{
  ""verdict"": ""MALICIOUS"",
  ""confidence"": 0.92,
  ""rationale_steps"": [
    ""Privilege state: max_uid_euid_delta is high (p99+) and auid_euid_mismatch is set -- a real identity inconsistency and privilege transition."",
    ""Mechanism: is_suid_exec is set and a shell was spawned from a service context with priv_op_count elevated -- a classic setuid-shell escalation."",
    ""Behavioural anomaly: parent_child_rarity is near 1 (essentially never seen in benign activity) and events_per_second is extremely high (p93) -- an unusual syscall throughput."",
    ""Benign-explanation test: very short lifetime (p36) and low throughput argue against a routine admin script, cron job, or health-check."",
    ""Decide: the escalation mechanism, sensitive-path access, and unusual syscall throughput outweigh XGBoost's benign call; this supports the CNN.""
  ],
  ""key_features"": [""parent_child_rarity"", ""lifetime_seconds"", ""events_per_second"", ""max_uid_euid_delta"", ""auid_euid_mismatch""],
  ""agrees_with"": ""cnn""
}"
49518,4,0,benign,0,1,0.4626511931419372,0.7419862747192383,xgb_benign_cnn_malicious,MALICIOUS,1,0.83,cnn,ok,"[""Privilege state: max_uid_euid_delta is high (p98) and auid_euid_mismatch is set -- a real identity inconsistency and privilege transition."", ""Mechanism: is_suid_exec is not set, but exec_count is high (p73) and a shell was spawned from a service context with priv_op_count elevated -- a suspicious escalation attempt."", ""Behavioural anomaly: failed_call_rate is high (p98), failed_call_count is high (p98), and parent_child_rarity is near 1 -- an exec pair essentially never seen in benign activity."", ""Benign-explanation test: very high throughput (p98) and short lifetime (p42) argue against a routine admin script, cron job, or health-check."", ""Decide: the escalation mechanism and behavioural anomalies outweigh XGBoost's benign call; this supports the CNN.""]","[""events_per_second"", ""seq_length"", ""auid_euid_mismatch"", ""failed_call_rate"", ""failed_call_count""]","{
  ""verdict"": ""MALICIOUS"",
  ""confidence"": 0.83,
  ""rationale_steps"": [
    ""Privilege state: max_uid_euid_delta is high (p98) and auid_euid_mismatch is set -- a real identity inconsistency and privilege transition."",
    ""Mechanism: is_suid_exec is not set, but exec_count is high (p73) and a shell was spawned from a service context with priv_op_count elevated -- a suspicious escalation attempt."",
    ""Behavioural anomaly: failed_call_rate is high (p98), failed_call_count is high (p98), and parent_child_rarity is near 1 -- an exec pair essentially never seen in benign activity."",
    ""Benign-explanation test: very high throughput (p98) and short lifetime (p42) argue against a routine admin script, cron job, or health-check."",
    ""Decide: the escalation mechanism and behavioural anomalies outweigh XGBoost's benign call; this supports the CNN.""
  ],
  ""key_features"": [""events_per_second"", ""seq_length"", ""auid_euid_mismatch"", ""failed_call_rate"", ""failed_call_count""],
  ""agrees_with"": ""cnn""
}"
49915,4,0,benign,0,1,0.5382307767868042,0.9489884972572328,xgb_benign_cnn_malicious,MALICIOUS,1,0.92,cnn,ok,"[""Privilege state: max_uid_euid_delta is high (p99+) and auid_euid_mismatch is set -- a real identity inconsistency and privilege transition."", ""Mechanism: is_suid_exec is set and a shell was spawned from a service context with priv_op_count elevated -- a classic setuid-shell escalation."", ""Behavioural anomaly: parent_child_rarity is near 1 (essentially never seen in benign activity) and events_per_second is extremely high (p93) -- an unusual syscall throughput."", ""Benign-explanation test: very short lifetime (p36) and low throughput argue against a routine admin script, cron job, or health-check."", ""Decide: the escalation mechanism, sensitive-path access, and unusual syscall throughput outweigh XGBoost's benign call; this supports the CNN.""]","[""parent_child_rarity"", ""lifetime_seconds"", ""events_per_second"", ""max_uid_euid_delta"", ""auid_euid_mismatch""]","{
  ""verdict"": ""MALICIOUS"",
  ""confidence"": 0.92,
  ""rationale_steps"": [
    ""Privilege state: max_uid_euid_delta is high (p99+) and auid_euid_mismatch is set -- a real identity inconsistency and privilege transition."",
    ""Mechanism: is_suid_exec is set and a shell was spawned from a service context with priv_op_count elevated -- a classic setuid-shell escalation."",
    ""Behavioural anomaly: parent_child_rarity is near 1 (essentially never seen in benign activity) and events_per_second is extremely high (p93) -- an unusual syscall throughput."",
    ""Benign-explanation test: very short lifetime (p36) and low throughput argue against a routine admin script, cron job, or health-check."",
    ""Decide: the escalation mechanism, sensitive-path access, and unusual syscall throughput outweigh XGBoost's benign call; this supports the CNN.""
  ],
  ""key_features"": [""parent_child_rarity"", ""lifetime_seconds"", ""events_per_second"", ""max_uid_euid_delta"", ""auid_euid_mismatch""],
  ""agrees_with"": ""cnn""
}"
50145,3,1,T1078_Valid_Accounts,0,1,0.6923177242279053,0.9917534589767456,xgb_benign_cnn_malicious,MALICIOUS,1,0.92,cnn,ok,"[""Privilege state: max_uid_euid_delta is high (p98) and auid_euid_mismatch is set -- a real identity inconsistency and privilege transition."", ""Mechanism: is_suid_exec is set and a shell was spawned from a service context with priv_op_count elevated -- a classic setuid-shell escalation."", ""Behavioural anomaly: parent_child_rarity is near 1 (essentially never seen in benign activity) and unique_syscalls is high (p98) -- an exec pair and syscall types essentially never seen in benign activity."", ""Benign-explanation test: very short lifetime (p42) and high throughput argue against a routine admin script, cron job, or health-check."", ""Decide: the escalation mechanism, sensitive-path access, and behavioural anomalies outweigh XGBoost's benign call; this supports the CNN.""]","[""unique_syscalls"", ""exec_count"", ""parent_child_rarity"", ""seq_length"", ""lifetime_seconds""]","{
  ""verdict"": ""MALICIOUS"",
  ""confidence"": 0.92,
  ""rationale_steps"": [
    ""Privilege state: max_uid_euid_delta is high (p98) and auid_euid_mismatch is set -- a real identity inconsistency and privilege transition."",
    ""Mechanism: is_suid_exec is set and a shell was spawned from a service context with priv_op_count elevated -- a classic setuid-shell escalation."",
    ""Behavioural anomaly: parent_child_rarity is near 1 (essentially never seen in benign activity) and unique_syscalls is high (p98) -- an exec pair and syscall types essentially never seen in benign activity."",
    ""Benign-explanation test: very short lifetime (p42) and high throughput argue against a routine admin script, cron job, or health-check."",
    ""Decide: the escalation mechanism, sensitive-path access, and behavioural anomalies outweigh XGBoost's benign call; this supports the CNN.""
  ],
  ""key_features"": [""unique_syscalls"", ""exec_count"", ""parent_child_rarity"", ""seq_length"", ""lifetime_seconds""],
  ""agrees_with"": ""cnn""
}"
50358,3,1,T1078_Valid_Accounts,0,1,0.6923177242279053,0.9917534589767456,xgb_benign_cnn_malicious,MALICIOUS,1,0.92,cnn,ok,"[""Privilege state: max_uid_euid_delta is high (p98) and auid_euid_mismatch is set -- a real identity inconsistency and privilege transition."", ""Mechanism: is_suid_exec is set and a shell was spawned from a service context with priv_op_count elevated -- a classic setuid-shell escalation."", ""Behavioural anomaly: unique_syscalls is high (p98) and parent_child_rarity is near 1 -- an exec pair essentially never seen in benign activity."", ""Benign-explanation test: very high throughput (p56) and short lifetime (p42) argue against a routine admin script, cron job, or health-check."", ""Decide: the escalation mechanism, sensitive-path access, and behavioural anomalies outweigh XGBoost's benign call; this supports the CNN.""]","[""unique_syscalls"", ""exec_count"", ""parent_child_rarity"", ""max_uid_euid_delta"", ""auid_euid_mismatch""]","{
  ""verdict"": ""MALICIOUS"",
  ""confidence"": 0.92,
  ""rationale_steps"": [
    ""Privilege state: max_uid_euid_delta is high (p98) and auid_euid_mismatch is set -- a real identity inconsistency and privilege transition."",
    ""Mechanism: is_suid_exec is set and a shell was spawned from a service context with priv_op_count elevated -- a classic setuid-shell escalation."",
    ""Behavioural anomaly: unique_syscalls is high (p98) and parent_child_rarity is near 1 -- an exec pair essentially never seen in benign activity."",
    ""Benign-explanation test: very high throughput (p56) and short lifetime (p42) argue against a routine admin script, cron job, or health-check."",
    ""Decide: the escalation mechanism, sensitive-path access, and behavioural anomalies outweigh XGBoost's benign call; this supports the CNN.""
  ],
  ""key_features"": [""unique_syscalls"", ""exec_count"", ""parent_child_rarity"", ""max_uid_euid_delta"", ""auid_euid_mismatch""],
  ""agrees_with"": ""cnn""
}"
50705,4,0,benign,0,1,0.5382307767868042,0.9489884972572328,xgb_benign_cnn_malicious,MALICIOUS,1,0.92,cnn,ok,"[""Privilege state: max_uid_euid_delta is high (p99+) and auid_euid_mismatch is set -- a real identity inconsistency and privilege transition."", ""Mechanism: is_suid_exec is set and a shell was spawned from a service context with priv_op_count elevated -- a classic setuid-shell escalation."", ""Behavioural anomaly: parent_child_rarity is near 1 (essentially never seen in benign activity) and events_per_second is extremely high (p93) -- an unusual syscall throughput."", ""Benign-explanation test: very short lifetime (p36) and low throughput argue against a routine admin script, cron job, or health-check."", ""Decide: the escalation mechanism, sensitive-path access, and unusual syscall throughput outweigh XGBoost's benign call; this supports the CNN.""]","[""parent_child_rarity"", ""lifetime_seconds"", ""events_per_second"", ""max_uid_euid_delta"", ""auid_euid_mismatch""]","{
  ""verdict"": ""MALICIOUS"",
  ""confidence"": 0.92,
  ""rationale_steps"": [
    ""Privilege state: max_uid_euid_delta is high (p99+) and auid_euid_mismatch is set -- a real identity inconsistency and privilege transition."",
    ""Mechanism: is_suid_exec is set and a shell was spawned from a service context with priv_op_count elevated -- a classic setuid-shell escalation."",
    ""Behavioural anomaly: parent_child_rarity is near 1 (essentially never seen in benign activity) and events_per_second is extremely high (p93) -- an unusual syscall throughput."",
    ""Benign-explanation test: very short lifetime (p36) and low throughput argue against a routine admin script, cron job, or health-check."",
    ""Decide: the escalation mechanism, sensitive-path access, and unusual syscall throughput outweigh XGBoost's benign call; this supports the CNN.""
  ],
  ""key_features"": [""parent_child_rarity"", ""lifetime_seconds"", ""events_per_second"", ""max_uid_euid_delta"", ""auid_euid_mismatch""],
  ""agrees_with"": ""cnn""
}"
50983,3,0,benign,0,1,0.6923177242279053,0.9917534589767456,xgb_benign_cnn_malicious,MALICIOUS,1,0.92,cnn,ok,"[""Privilege state: max_uid_euid_delta is high (p98) and auid_euid_mismatch is set -- a real identity inconsistency and privilege transition."", ""Mechanism: is_suid_exec is set and a shell was spawned from a service context with priv_op_count elevated -- a classic setuid-shell escalation."", ""Behavioural anomaly: parent_child_rarity is near 1 (essentially never seen in benign activity) and unique_syscalls is high (p98) -- an exec pair and syscall types essentially never seen in benign activity."", ""Benign-explanation test: very short lifetime (p42) and high throughput argue against a routine admin script, cron job, or health-check."", ""Decide: the escalation mechanism, sensitive-path access, and behavioural anomalies outweigh XGBoost's benign call; this supports the CNN.""]","[""unique_syscalls"", ""exec_count"", ""parent_child_rarity"", ""seq_length"", ""lifetime_seconds""]","{
  ""verdict"": ""MALICIOUS"",
  ""confidence"": 0.92,
  ""rationale_steps"": [
    ""Privilege state: max_uid_euid_delta is high (p98) and auid_euid_mismatch is set -- a real identity inconsistency and privilege transition."",
    ""Mechanism: is_suid_exec is set and a shell was spawned from a service context with priv_op_count elevated -- a classic setuid-shell escalation."",
    ""Behavioural anomaly: parent_child_rarity is near 1 (essentially never seen in benign activity) and unique_syscalls is high (p98) -- an exec pair and syscall types essentially never seen in benign activity."",
    ""Benign-explanation test: very short lifetime (p42) and high throughput argue against a routine admin script, cron job, or health-check."",
    ""Decide: the escalation mechanism, sensitive-path access, and behavioural anomalies outweigh XGBoost's benign call; this supports the CNN.""
  ],
  ""key_features"": [""unique_syscalls"", ""exec_count"", ""parent_child_rarity"", ""seq_length"", ""lifetime_seconds""],
  ""agrees_with"": ""cnn""
}"
51043,4,0,benign,0,1,0.3245709240436554,0.9654507040977478,xgb_benign_cnn_malicious,MALICIOUS,1,0.92,cnn,ok,"[""Privilege state: max_uid_euid_delta is high (p99+) and auid_euid_mismatch is set -- a real identity inconsistency and privilege transition."", ""Mechanism: is_suid_exec is set and a shell was spawned from a service context with priv_op_count elevated -- a classic setuid-shell escalation."", ""Behavioural anomaly: parent_child_rarity is near 1 (essentially never seen in benign activity) and events_per_second is extremely high (p93) -- an unusual and potentially malicious process."", ""Benign-explanation test: very short lifetime (p36) and low throughput argue against a routine admin script, cron job, or health-check."", ""Decide: the escalation mechanism, sensitive-path access, and unusual behavioural features outweigh XGBoost's benign call; this supports the CNN.""]","[""parent_child_rarity"", ""lifetime_seconds"", ""events_per_second"", ""max_uid_euid_delta"", ""auid_euid_mismatch""]","{
  ""verdict"": ""MALICIOUS"",
  ""confidence"": 0.92,
  ""rationale_steps"": [
    ""Privilege state: max_uid_euid_delta is high (p99+) and auid_euid_mismatch is set -- a real identity inconsistency and privilege transition."",
    ""Mechanism: is_suid_exec is set and a shell was spawned from a service context with priv_op_count elevated -- a classic setuid-shell escalation."",
    ""Behavioural anomaly: parent_child_rarity is near 1 (essentially never seen in benign activity) and events_per_second is extremely high (p93) -- an unusual and potentially malicious process."",
    ""Benign-explanation test: very short lifetime (p36) and low throughput argue against a routine admin script, cron job, or health-check."",
    ""Decide: the escalation mechanism, sensitive-path access, and unusual behavioural features outweigh XGBoost's benign call; this supports the CNN.""
  ],
  ""key_features"": [""parent_child_rarity"", ""lifetime_seconds"", ""events_per_second"", ""max_uid_euid_delta"", ""auid_euid_mismatch""],
  ""agrees_with"": ""cnn""
}"
51225,4,1,T1078_Valid_Accounts,0,1,0.5382307767868042,0.9489884972572328,xgb_benign_cnn_malicious,MALICIOUS,1,0.92,cnn,ok,"[""Privilege state: max_uid_euid_delta is high (p99+) and auid_euid_mismatch is set -- a real identity inconsistency and privilege transition."", ""Mechanism: is_suid_exec is set and a shell was spawned from a service context with priv_op_count elevated -- a classic setuid-shell escalation."", ""Behavioural anomaly: parent_child_rarity is near 1 (essentially never seen in benign activity) and events_per_second is extremely high (p93) -- an unusual syscall throughput."", ""Benign-explanation test: very short lifetime (p36) and low throughput argue against a routine admin script, cron job, or health-check."", ""Decide: the escalation mechanism, sensitive-path access, and unusual syscall throughput outweigh XGBoost's benign call; this supports the CNN.""]","[""parent_child_rarity"", ""lifetime_seconds"", ""events_per_second"", ""max_uid_euid_delta"", ""auid_euid_mismatch""]","{
  ""verdict"": ""MALICIOUS"",
  ""confidence"": 0.92,
  ""rationale_steps"": [
    ""Privilege state: max_uid_euid_delta is high (p99+) and auid_euid_mismatch is set -- a real identity inconsistency and privilege transition."",
    ""Mechanism: is_suid_exec is set and a shell was spawned from a service context with priv_op_count elevated -- a classic setuid-shell escalation."",
    ""Behavioural anomaly: parent_child_rarity is near 1 (essentially never seen in benign activity) and events_per_second is extremely high (p93) -- an unusual syscall throughput."",
    ""Benign-explanation test: very short lifetime (p36) and low throughput argue against a routine admin script, cron job, or health-check."",
    ""Decide: the escalation mechanism, sensitive-path access, and unusual syscall throughput outweigh XGBoost's benign call; this supports the CNN.""
  ],
  ""key_features"": [""parent_child_rarity"", ""lifetime_seconds"", ""events_per_second"", ""max_uid_euid_delta"", ""auid_euid_mismatch""],
  ""agrees_with"": ""cnn""
}"
51735,3,0,benign,0,1,0.6923177242279053,0.9917534589767456,xgb_benign_cnn_malicious,MALICIOUS,1,0.92,cnn,ok,"[""Privilege state: max_uid_euid_delta is high (p98) and auid_euid_mismatch is set -- a real identity inconsistency and privilege transition."", ""Mechanism: is_suid_exec is set and a shell was spawned from a service context with priv_op_count elevated -- a classic setuid-shell escalation."", ""Behavioural anomaly: parent_child_rarity is near 1 (essentially never seen in benign activity) and unique_syscalls is high (p98) -- an exec pair and syscall types essentially never seen in benign activity."", ""Benign-explanation test: very short lifetime (p42) and high throughput argue against a routine admin script, cron job, or health-check."", ""Decide: the escalation mechanism, sensitive-path access, and behavioural anomalies outweigh XGBoost's benign call; this supports the CNN.""]","[""unique_syscalls"", ""exec_count"", ""parent_child_rarity"", ""seq_length"", ""lifetime_seconds""]","{
  ""verdict"": ""MALICIOUS"",
  ""confidence"": 0.92,
  ""rationale_steps"": [
    ""Privilege state: max_uid_euid_delta is high (p98) and auid_euid_mismatch is set -- a real identity inconsistency and privilege transition."",
    ""Mechanism: is_suid_exec is set and a shell was spawned from a service context with priv_op_count elevated -- a classic setuid-shell escalation."",
    ""Behavioural anomaly: parent_child_rarity is near 1 (essentially never seen in benign activity) and unique_syscalls is high (p98) -- an exec pair and syscall types essentially never seen in benign activity."",
    ""Benign-explanation test: very short lifetime (p42) and high throughput argue against a routine admin script, cron job, or health-check."",
    ""Decide: the escalation mechanism, sensitive-path access, and behavioural anomalies outweigh XGBoost's benign call; this supports the CNN.""
  ],
  ""key_features"": [""unique_syscalls"", ""exec_count"", ""parent_child_rarity"", ""seq_length"", ""lifetime_seconds""],
  ""agrees_with"": ""cnn""
}"
52204,4,0,benign,0,1,0.4626511931419372,0.7419862747192383,xgb_benign_cnn_malicious,MALICIOUS,1,0.83,cnn,ok,"[""Privilege state: max_uid_euid_delta is high (p98) and auid_euid_mismatch is set -- a real identity inconsistency and privilege transition."", ""Mechanism: is_suid_exec is not set, but exec_count is high (p73) and a shell was spawned from a service context with priv_op_count elevated -- a suspicious escalation attempt."", ""Behavioural anomaly: failed_call_rate is high (p98), failed_call_count is high (p98), and parent_child_rarity is near 1 -- an exec pair essentially never seen in benign activity."", ""Benign-explanation test: very high throughput (p98) and short lifetime (p42) argue against a routine admin script, cron job, or health-check."", ""Decide: the escalation mechanism and behavioural anomalies outweigh XGBoost's benign call; this supports the CNN.""]","[""events_per_second"", ""seq_length"", ""auid_euid_mismatch"", ""failed_call_rate"", ""failed_call_count""]","{
  ""verdict"": ""MALICIOUS"",
  ""confidence"": 0.83,
  ""rationale_steps"": [
    ""Privilege state: max_uid_euid_delta is high (p98) and auid_euid_mismatch is set -- a real identity inconsistency and privilege transition."",
    ""Mechanism: is_suid_exec is not set, but exec_count is high (p73) and a shell was spawned from a service context with priv_op_count elevated -- a suspicious escalation attempt."",
    ""Behavioural anomaly: failed_call_rate is high (p98), failed_call_count is high (p98), and parent_child_rarity is near 1 -- an exec pair essentially never seen in benign activity."",
    ""Benign-explanation test: very high throughput (p98) and short lifetime (p42) argue against a routine admin script, cron job, or health-check."",
    ""Decide: the escalation mechanism and behavioural anomalies outweigh XGBoost's benign call; this supports the CNN.""
  ],
  ""key_features"": [""events_per_second"", ""seq_length"", ""auid_euid_mismatch"", ""failed_call_rate"", ""failed_call_count""],
  ""agrees_with"": ""cnn""
}"
52249,3,0,benign,0,1,0.6923177242279053,0.9917534589767456,xgb_benign_cnn_malicious,MALICIOUS,1,0.92,cnn,ok,"[""Privilege state: max_uid_euid_delta is high (p98) and auid_euid_mismatch is set -- a real identity inconsistency and privilege transition."", ""Mechanism: is_suid_exec is set and a shell was spawned from a service context with priv_op_count elevated -- a classic setuid-shell escalation."", ""Behavioural anomaly: parent_child_rarity is near 1 (essentially never seen in benign activity) and unique_syscalls is high (p98) -- an exec pair and syscall types essentially never seen in benign activity."", ""Benign-explanation test: very short lifetime (p42) and high throughput argue against a routine admin script, cron job, or health-check."", ""Decide: the escalation mechanism, sensitive-path access, and behavioural anomalies outweigh XGBoost's benign call; this supports the CNN.""]","[""unique_syscalls"", ""exec_count"", ""parent_child_rarity"", ""seq_length"", ""lifetime_seconds""]","{
  ""verdict"": ""MALICIOUS"",
  ""confidence"": 0.92,
  ""rationale_steps"": [
    ""Privilege state: max_uid_euid_delta is high (p98) and auid_euid_mismatch is set -- a real identity inconsistency and privilege transition."",
    ""Mechanism: is_suid_exec is set and a shell was spawned from a service context with priv_op_count elevated -- a classic setuid-shell escalation."",
    ""Behavioural anomaly: parent_child_rarity is near 1 (essentially never seen in benign activity) and unique_syscalls is high (p98) -- an exec pair and syscall types essentially never seen in benign activity."",
    ""Benign-explanation test: very short lifetime (p42) and high throughput argue against a routine admin script, cron job, or health-check."",
    ""Decide: the escalation mechanism, sensitive-path access, and behavioural anomalies outweigh XGBoost's benign call; this supports the CNN.""
  ],
  ""key_features"": [""unique_syscalls"", ""exec_count"", ""parent_child_rarity"", ""seq_length"", ""lifetime_seconds""],
  ""agrees_with"": ""cnn""
}"
52500,4,0,benign,0,1,0.4626511931419372,0.7419862747192383,xgb_benign_cnn_malicious,MALICIOUS,1,0.83,cnn,ok,"[""Privilege state: max_uid_euid_delta is high (p98) and auid_euid_mismatch is set -- a real identity inconsistency and privilege transition."", ""Mechanism: is_suid_exec is not set, but exec_count is high (p73) and a shell was spawned from a service context with priv_op_count elevated -- a suspicious escalation attempt."", ""Behavioural anomaly: failed_call_rate is high (p98), failed_call_count is high (p98), and parent_child_rarity is near 1 -- an exec pair essentially never seen in benign activity."", ""Benign-explanation test: very high throughput (p98) and short lifetime (p42) argue against a routine admin script, cron job, or health-check."", ""Decide: the escalation mechanism and behavioural anomalies outweigh XGBoost's benign call; this supports the CNN.""]","[""events_per_second"", ""seq_length"", ""auid_euid_mismatch"", ""failed_call_rate"", ""failed_call_count""]","{
  ""verdict"": ""MALICIOUS"",
  ""confidence"": 0.83,
  ""rationale_steps"": [
    ""Privilege state: max_uid_euid_delta is high (p98) and auid_euid_mismatch is set -- a real identity inconsistency and privilege transition."",
    ""Mechanism: is_suid_exec is not set, but exec_count is high (p73) and a shell was spawned from a service context with priv_op_count elevated -- a suspicious escalation attempt."",
    ""Behavioural anomaly: failed_call_rate is high (p98), failed_call_count is high (p98), and parent_child_rarity is near 1 -- an exec pair essentially never seen in benign activity."",
    ""Benign-explanation test: very high throughput (p98) and short lifetime (p42) argue against a routine admin script, cron job, or health-check."",
    ""Decide: the escalation mechanism and behavioural anomalies outweigh XGBoost's benign call; this supports the CNN.""
  ],
  ""key_features"": [""events_per_second"", ""seq_length"", ""auid_euid_mismatch"", ""failed_call_rate"", ""failed_call_count""],
  ""agrees_with"": ""cnn""
}"
52753,4,0,benign,0,1,0.4626511931419372,0.7419862747192383,xgb_benign_cnn_malicious,MALICIOUS,1,0.83,cnn,ok,"[""Privilege state: auid_euid_mismatch is set, indicating an identity inconsistency, but max_uid_euid_delta is low, suggesting no genuine UID/EUID transition."", ""Mechanism: is_suid_exec is not set, but exec_count is elevated, which could indicate an unusual exec chain."", ""Behavioural anomaly: failed_call_rate and failed_call_count are both high, indicating a high rate of failed syscalls, and parent_child_rarity is near 1, indicating a rare parent->child exec pair."", ""Benign-explanation test: the short lifetime and high throughput do not strongly suggest a routine admin script, cron job, or health-check."", ""Decide: the combination of failed_call_rate, failed_call_count, and parent_child_rarity outweighs XGBoost's benign call, supporting CNN's flag on this one feature.""]","[""events_per_second"", ""seq_length"", ""auid_euid_mismatch"", ""failed_call_rate"", ""failed_call_count""]","{
  ""verdict"": ""MALICIOUS"",
  ""confidence"": 0.83,
  ""rationale_steps"": [
    ""Privilege state: auid_euid_mismatch is set, indicating an identity inconsistency, but max_uid_euid_delta is low, suggesting no genuine UID/EUID transition."",
    ""Mechanism: is_suid_exec is not set, but exec_count is elevated, which could indicate an unusual exec chain."",
    ""Behavioural anomaly: failed_call_rate and failed_call_count are both high, indicating a high rate of failed syscalls, and parent_child_rarity is near 1, indicating a rare parent->child exec pair."",
    ""Benign-explanation test: the short lifetime and high throughput do not strongly suggest a routine admin script, cron job, or health-check."",
    ""Decide: the combination of failed_call_rate, failed_call_count, and parent_child_rarity outweighs XGBoost's benign call, supporting CNN's flag on this one feature.""
  ],
  ""key_features"": [""events_per_second"", ""seq_length"", ""auid_euid_mismatch"", ""failed_call_rate"", ""failed_call_count""],
  ""agrees_with"": ""cnn""
}"
53538,4,1,T1078_Valid_Accounts,0,1,0.5382307767868042,0.9489884972572328,xgb_benign_cnn_malicious,MALICIOUS,1,0.92,cnn,ok,"[""Privilege state: max_uid_euid_delta is high (p99+) and auid_euid_mismatch is set -- a real identity inconsistency and privilege transition."", ""Mechanism: is_suid_exec is set and a shell was spawned from a service context with priv_op_count elevated -- a classic setuid-shell escalation."", ""Behavioural anomaly: parent_child_rarity is near 1 (essentially never seen in benign activity) and events_per_second is extremely high (p93) -- an unusual syscall throughput."", ""Benign-explanation test: very short lifetime (p36) and low throughput argue against a routine admin script, cron job, or health-check."", ""Decide: the escalation mechanism, sensitive-path access, and unusual syscall throughput outweigh XGBoost's benign call; this supports the CNN.""]","[""parent_child_rarity"", ""lifetime_seconds"", ""events_per_second"", ""max_uid_euid_delta"", ""auid_euid_mismatch""]","{
  ""verdict"": ""MALICIOUS"",
  ""confidence"": 0.92,
  ""rationale_steps"": [
    ""Privilege state: max_uid_euid_delta is high (p99+) and auid_euid_mismatch is set -- a real identity inconsistency and privilege transition."",
    ""Mechanism: is_suid_exec is set and a shell was spawned from a service context with priv_op_count elevated -- a classic setuid-shell escalation."",
    ""Behavioural anomaly: parent_child_rarity is near 1 (essentially never seen in benign activity) and events_per_second is extremely high (p93) -- an unusual syscall throughput."",
    ""Benign-explanation test: very short lifetime (p36) and low throughput argue against a routine admin script, cron job, or health-check."",
    ""Decide: the escalation mechanism, sensitive-path access, and unusual syscall throughput outweigh XGBoost's benign call; this supports the CNN.""
  ],
  ""key_features"": [""parent_child_rarity"", ""lifetime_seconds"", ""events_per_second"", ""max_uid_euid_delta"", ""auid_euid_mismatch""],
  ""agrees_with"": ""cnn""
}"
53632,4,1,T1078_Valid_Accounts,0,1,0.5382307767868042,0.9489884972572328,xgb_benign_cnn_malicious,MALICIOUS,1,0.92,cnn,ok,"[""Privilege state: max_uid_euid_delta is high (p99+) and auid_euid_mismatch is set -- a real identity inconsistency and privilege transition."", ""Mechanism: is_suid_exec is set and a shell was spawned from a service context with priv_op_count elevated -- a classic setuid-shell escalation."", ""Behavioural anomaly: parent_child_rarity is near 1 (essentially never seen in benign activity) and events_per_second is extremely high (p93) -- an unusual syscall throughput."", ""Benign-explanation test: very short lifetime (p36) and low throughput argue against a routine admin script, cron job, or health-check."", ""Decide: the escalation mechanism, sensitive-path access, and unusual syscall throughput outweigh XGBoost's benign call; this supports the CNN.""]","[""parent_child_rarity"", ""lifetime_seconds"", ""events_per_second"", ""max_uid_euid_delta"", ""auid_euid_mismatch""]","{
  ""verdict"": ""MALICIOUS"",
  ""confidence"": 0.92,
  ""rationale_steps"": [
    ""Privilege state: max_uid_euid_delta is high (p99+) and auid_euid_mismatch is set -- a real identity inconsistency and privilege transition."",
    ""Mechanism: is_suid_exec is set and a shell was spawned from a service context with priv_op_count elevated -- a classic setuid-shell escalation."",
    ""Behavioural anomaly: parent_child_rarity is near 1 (essentially never seen in benign activity) and events_per_second is extremely high (p93) -- an unusual syscall throughput."",
    ""Benign-explanation test: very short lifetime (p36) and low throughput argue against a routine admin script, cron job, or health-check."",
    ""Decide: the escalation mechanism, sensitive-path access, and unusual syscall throughput outweigh XGBoost's benign call; this supports the CNN.""
  ],
  ""key_features"": [""parent_child_rarity"", ""lifetime_seconds"", ""events_per_second"", ""max_uid_euid_delta"", ""auid_euid_mismatch""],
  ""agrees_with"": ""cnn""
}"
53768,4,0,benign,0,1,0.4626511931419372,0.7419862747192383,xgb_benign_cnn_malicious,MALICIOUS,1,0.83,cnn,ok,"[""Privilege state: max_uid_euid_delta is high (p98) and auid_euid_mismatch is set -- a real identity inconsistency and privilege transition."", ""Mechanism: is_suid_exec is not set, but exec_count is high (p73) and a shell was spawned from a service context with priv_op_count elevated -- a suspicious escalation attempt."", ""Behavioural anomaly: failed_call_rate is high (p98), failed_call_count is high (p98), and parent_child_rarity is near 1 -- an exec pair essentially never seen in benign activity."", ""Benign-explanation test: very high throughput (p98) and short lifetime (p42) argue against a routine admin script, cron job, or health-check."", ""Decide: the escalation mechanism and behavioural anomalies outweigh XGBoost's benign call; this supports the CNN.""]","[""events_per_second"", ""seq_length"", ""auid_euid_mismatch"", ""failed_call_rate"", ""failed_call_count""]","{
  ""verdict"": ""MALICIOUS"",
  ""confidence"": 0.83,
  ""rationale_steps"": [
    ""Privilege state: max_uid_euid_delta is high (p98) and auid_euid_mismatch is set -- a real identity inconsistency and privilege transition."",
    ""Mechanism: is_suid_exec is not set, but exec_count is high (p73) and a shell was spawned from a service context with priv_op_count elevated -- a suspicious escalation attempt."",
    ""Behavioural anomaly: failed_call_rate is high (p98), failed_call_count is high (p98), and parent_child_rarity is near 1 -- an exec pair essentially never seen in benign activity."",
    ""Benign-explanation test: very high throughput (p98) and short lifetime (p42) argue against a routine admin script, cron job, or health-check."",
    ""Decide: the escalation mechanism and behavioural anomalies outweigh XGBoost's benign call; this supports the CNN.""
  ],
  ""key_features"": [""events_per_second"", ""seq_length"", ""auid_euid_mismatch"", ""failed_call_rate"", ""failed_call_count""],
  ""agrees_with"": ""cnn""
}"
54130,4,0,benign,0,1,0.4626511931419372,0.7419862747192383,xgb_benign_cnn_malicious,MALICIOUS,1,0.83,cnn,ok,"[""Privilege state: auid_euid_mismatch is set, indicating an identity inconsistency, but max_uid_euid_delta is low, suggesting no genuine UID/EUID transition."", ""Mechanism: is_suid_exec is not set, but exec_count is elevated, which could indicate an unusual exec chain."", ""Behavioural anomaly: failed_call_rate and failed_call_count are both high, indicating a high rate of failed syscalls, and parent_child_rarity is near 1, indicating a rare parent->child exec pair."", ""Benign-explanation test: the short lifetime and high throughput do not strongly suggest a routine admin script, cron job, or health-check."", ""Decide: the combination of failed_call_rate, failed_call_count, and parent_child_rarity outweighs XGBoost's benign call, supporting CNN's flag on this one feature.""]","[""events_per_second"", ""seq_length"", ""auid_euid_mismatch"", ""failed_call_rate"", ""failed_call_count""]","{
  ""verdict"": ""MALICIOUS"",
  ""confidence"": 0.83,
  ""rationale_steps"": [
    ""Privilege state: auid_euid_mismatch is set, indicating an identity inconsistency, but max_uid_euid_delta is low, suggesting no genuine UID/EUID transition."",
    ""Mechanism: is_suid_exec is not set, but exec_count is elevated, which could indicate an unusual exec chain."",
    ""Behavioural anomaly: failed_call_rate and failed_call_count are both high, indicating a high rate of failed syscalls, and parent_child_rarity is near 1, indicating a rare parent->child exec pair."",
    ""Benign-explanation test: the short lifetime and high throughput do not strongly suggest a routine admin script, cron job, or health-check."",
    ""Decide: the combination of failed_call_rate, failed_call_count, and parent_child_rarity outweighs XGBoost's benign call, supporting CNN's flag on this one feature.""
  ],
  ""key_features"": [""events_per_second"", ""seq_length"", ""auid_euid_mismatch"", ""failed_call_rate"", ""failed_call_count""],
  ""agrees_with"": ""cnn""
}"
54255,4,0,benign,0,1,0.4626511931419372,0.7419862747192383,xgb_benign_cnn_malicious,MALICIOUS,1,0.83,cnn,ok,"[""Privilege state: auid_euid_mismatch is set, indicating an identity inconsistency, but max_uid_euid_delta is low, suggesting no genuine UID/EUID transition."", ""Mechanism: is_suid_exec is not set, but exec_count is elevated, which could indicate an unusual exec chain."", ""Behavioural anomaly: failed_call_rate and failed_call_count are both high, indicating a high rate of failed syscalls, and parent_child_rarity is near 1, indicating a rare parent->child exec pair."", ""Benign-explanation test: the short lifetime and high throughput do not strongly suggest a routine admin script, cron job, or health-check."", ""Decide: the combination of failed_call_rate, failed_call_count, and parent_child_rarity outweighs XGBoost's benign call, supporting CNN's flag on this one feature.""]","[""events_per_second"", ""seq_length"", ""auid_euid_mismatch"", ""failed_call_rate"", ""failed_call_count""]","{
  ""verdict"": ""MALICIOUS"",
  ""confidence"": 0.83,
  ""rationale_steps"": [
    ""Privilege state: auid_euid_mismatch is set, indicating an identity inconsistency, but max_uid_euid_delta is low, suggesting no genuine UID/EUID transition."",
    ""Mechanism: is_suid_exec is not set, but exec_count is elevated, which could indicate an unusual exec chain."",
    ""Behavioural anomaly: failed_call_rate and failed_call_count are both high, indicating a high rate of failed syscalls, and parent_child_rarity is near 1, indicating a rare parent->child exec pair."",
    ""Benign-explanation test: the short lifetime and high throughput do not strongly suggest a routine admin script, cron job, or health-check."",
    ""Decide: the combination of failed_call_rate, failed_call_count, and parent_child_rarity outweighs XGBoost's benign call, supporting CNN's flag on this one feature.""
  ],
  ""key_features"": [""events_per_second"", ""seq_length"", ""auid_euid_mismatch"", ""failed_call_rate"", ""failed_call_count""],
  ""agrees_with"": ""cnn""
}"
54437,4,1,T1078_Valid_Accounts,0,1,0.4733957052230835,0.7533184885978699,xgb_benign_cnn_malicious,MALICIOUS,1,0.83,cnn,ok,"[""Privilege state: auid_euid_mismatch is set, indicating an identity inconsistency, but max_uid_euid_delta is low, suggesting no genuine UID/EUID transition."", ""Mechanism: is_suid_exec is not set, but the exec_count is elevated, which could indicate an unusual exec chain."", ""Behavioural anomaly: failed_call_rate and failed_call_count are both high, indicating a high rate of failed syscalls, and parent_child_rarity is near 1, indicating a rare parent->child exec pair."", ""Benign-explanation test: the short lifetime and high throughput do not strongly suggest a routine admin script, cron job, or health-check."", ""Decide: the combination of failed_call_rate, failed_call_count, and parent_child_rarity outweighs the lack of clear escalation evidence, supporting CNN's call.""]","[""seq_length"", ""auid_euid_mismatch"", ""failed_call_rate"", ""failed_call_count"", ""lifetime_seconds""]","{
  ""verdict"": ""MALICIOUS"",
  ""confidence"": 0.83,
  ""rationale_steps"": [
    ""Privilege state: auid_euid_mismatch is set, indicating an identity inconsistency, but max_uid_euid_delta is low, suggesting no genuine UID/EUID transition."",
    ""Mechanism: is_suid_exec is not set, but the exec_count is elevated, which could indicate an unusual exec chain."",
    ""Behavioural anomaly: failed_call_rate and failed_call_count are both high, indicating a high rate of failed syscalls, and parent_child_rarity is near 1, indicating a rare parent->child exec pair."",
    ""Benign-explanation test: the short lifetime and high throughput do not strongly suggest a routine admin script, cron job, or health-check."",
    ""Decide: the combination of failed_call_rate, failed_call_count, and parent_child_rarity outweighs the lack of clear escalation evidence, supporting CNN's call.""
  ],
  ""key_features"": [""seq_length"", ""auid_euid_mismatch"", ""failed_call_rate"", ""failed_call_count"", ""lifetime_seconds""],
  ""agrees_with"": ""cnn""
}"
54730,4,0,benign,0,1,0.4626511931419372,0.7419862747192383,xgb_benign_cnn_malicious,MALICIOUS,1,0.83,cnn,ok,"[""Privilege state: max_uid_euid_delta is high (p98) and auid_euid_mismatch is set -- a real identity inconsistency and privilege transition."", ""Mechanism: is_suid_exec is not set, but exec_count is high (p73) and a shell was spawned from a service context with priv_op_count elevated -- a suspicious escalation attempt."", ""Behavioural anomaly: failed_call_rate is high (p98), failed_call_count is high (p98), and parent_child_rarity is near 1 -- an exec pair essentially never seen in benign activity."", ""Benign-explanation test: very high throughput (p98) and short lifetime (p42) argue against a routine admin script, cron job, or health-check."", ""Decide: the escalation mechanism and behavioural anomalies outweigh XGBoost's benign call; this supports the CNN.""]","[""events_per_second"", ""seq_length"", ""auid_euid_mismatch"", ""failed_call_rate"", ""failed_call_count""]","{
  ""verdict"": ""MALICIOUS"",
  ""confidence"": 0.83,
  ""rationale_steps"": [
    ""Privilege state: max_uid_euid_delta is high (p98) and auid_euid_mismatch is set -- a real identity inconsistency and privilege transition."",
    ""Mechanism: is_suid_exec is not set, but exec_count is high (p73) and a shell was spawned from a service context with priv_op_count elevated -- a suspicious escalation attempt."",
    ""Behavioural anomaly: failed_call_rate is high (p98), failed_call_count is high (p98), and parent_child_rarity is near 1 -- an exec pair essentially never seen in benign activity."",
    ""Benign-explanation test: very high throughput (p98) and short lifetime (p42) argue against a routine admin script, cron job, or health-check."",
    ""Decide: the escalation mechanism and behavioural anomalies outweigh XGBoost's benign call; this supports the CNN.""
  ],
  ""key_features"": [""events_per_second"", ""seq_length"", ""auid_euid_mismatch"", ""failed_call_rate"", ""failed_call_count""],
  ""agrees_with"": ""cnn""
}"
55022,3,0,benign,0,1,0.6923177242279053,0.9917534589767456,xgb_benign_cnn_malicious,MALICIOUS,1,0.92,cnn,ok,"[""Privilege state: max_uid_euid_delta is high (p98) and auid_euid_mismatch is set -- a real identity inconsistency and privilege transition."", ""Mechanism: is_suid_exec is set and a shell was spawned from a service context with priv_op_count elevated -- a classic setuid-shell escalation."", ""Behavioural anomaly: parent_child_rarity is near 1 (essentially never seen in benign activity) and unique_syscalls is high (p98) -- an exec pair and syscall types essentially never seen in benign activity."", ""Benign-explanation test: very short lifetime (p42) and high throughput argue against a routine admin script, cron job, or health-check."", ""Decide: the escalation mechanism, sensitive-path access, and behavioural anomalies outweigh XGBoost's benign call; this supports the CNN.""]","[""unique_syscalls"", ""exec_count"", ""parent_child_rarity"", ""seq_length"", ""lifetime_seconds""]","{
  ""verdict"": ""MALICIOUS"",
  ""confidence"": 0.92,
  ""rationale_steps"": [
    ""Privilege state: max_uid_euid_delta is high (p98) and auid_euid_mismatch is set -- a real identity inconsistency and privilege transition."",
    ""Mechanism: is_suid_exec is set and a shell was spawned from a service context with priv_op_count elevated -- a classic setuid-shell escalation."",
    ""Behavioural anomaly: parent_child_rarity is near 1 (essentially never seen in benign activity) and unique_syscalls is high (p98) -- an exec pair and syscall types essentially never seen in benign activity."",
    ""Benign-explanation test: very short lifetime (p42) and high throughput argue against a routine admin script, cron job, or health-check."",
    ""Decide: the escalation mechanism, sensitive-path access, and behavioural anomalies outweigh XGBoost's benign call; this supports the CNN.""
  ],
  ""key_features"": [""unique_syscalls"", ""exec_count"", ""parent_child_rarity"", ""seq_length"", ""lifetime_seconds""],
  ""agrees_with"": ""cnn""
}"
55403,4,0,benign,0,1,0.5382307767868042,0.9489884972572328,xgb_benign_cnn_malicious,MALICIOUS,1,0.92,cnn,ok,"[""Privilege state: max_uid_euid_delta is high (p99+) and auid_euid_mismatch is set -- a real identity inconsistency and privilege transition."", ""Mechanism: is_suid_exec is set and a shell was spawned from a service context with priv_op_count elevated -- a classic setuid-shell escalation."", ""Behavioural anomaly: parent_child_rarity is near 1 (essentially never seen in benign activity) and events_per_second is extremely high (p93) -- an unusual syscall throughput."", ""Benign-explanation test: very short lifetime (p36) and low throughput argue against a routine admin script, cron job, or health-check."", ""Decide: the escalation mechanism, sensitive-path access, and unusual syscall throughput outweigh XGBoost's benign call; this supports the CNN.""]","[""parent_child_rarity"", ""lifetime_seconds"", ""events_per_second"", ""max_uid_euid_delta"", ""auid_euid_mismatch""]","{
  ""verdict"": ""MALICIOUS"",
  ""confidence"": 0.92,
  ""rationale_steps"": [
    ""Privilege state: max_uid_euid_delta is high (p99+) and auid_euid_mismatch is set -- a real identity inconsistency and privilege transition."",
    ""Mechanism: is_suid_exec is set and a shell was spawned from a service context with priv_op_count elevated -- a classic setuid-shell escalation."",
    ""Behavioural anomaly: parent_child_rarity is near 1 (essentially never seen in benign activity) and events_per_second is extremely high (p93) -- an unusual syscall throughput."",
    ""Benign-explanation test: very short lifetime (p36) and low throughput argue against a routine admin script, cron job, or health-check."",
    ""Decide: the escalation mechanism, sensitive-path access, and unusual syscall throughput outweigh XGBoost's benign call; this supports the CNN.""
  ],
  ""key_features"": [""parent_child_rarity"", ""lifetime_seconds"", ""events_per_second"", ""max_uid_euid_delta"", ""auid_euid_mismatch""],
  ""agrees_with"": ""cnn""
}"
55416,3,1,T1078_Valid_Accounts,0,1,0.6923177242279053,0.9917534589767456,xgb_benign_cnn_malicious,MALICIOUS,1,0.92,cnn,ok,"[""Privilege state: max_uid_euid_delta is high (p98) and auid_euid_mismatch is set -- a real identity inconsistency and privilege transition."", ""Mechanism: is_suid_exec is set and a shell was spawned from a service context with priv_op_count elevated -- a classic setuid-shell escalation."", ""Behavioural anomaly: parent_child_rarity is near 1 (essentially never seen in benign activity) and unique_syscalls is high (p98) -- an exec pair and syscall types essentially never seen in benign activity."", ""Benign-explanation test: very short lifetime (p42) and high throughput argue against a routine admin script, cron job, or health-check."", ""Decide: the escalation mechanism, sensitive-path access, and behavioural anomalies outweigh XGBoost's benign call; this supports the CNN.""]","[""unique_syscalls"", ""exec_count"", ""parent_child_rarity"", ""seq_length"", ""lifetime_seconds""]","{
  ""verdict"": ""MALICIOUS"",
  ""confidence"": 0.92,
  ""rationale_steps"": [
    ""Privilege state: max_uid_euid_delta is high (p98) and auid_euid_mismatch is set -- a real identity inconsistency and privilege transition."",
    ""Mechanism: is_suid_exec is set and a shell was spawned from a service context with priv_op_count elevated -- a classic setuid-shell escalation."",
    ""Behavioural anomaly: parent_child_rarity is near 1 (essentially never seen in benign activity) and unique_syscalls is high (p98) -- an exec pair and syscall types essentially never seen in benign activity."",
    ""Benign-explanation test: very short lifetime (p42) and high throughput argue against a routine admin script, cron job, or health-check."",
    ""Decide: the escalation mechanism, sensitive-path access, and behavioural anomalies outweigh XGBoost's benign call; this supports the CNN.""
  ],
  ""key_features"": [""unique_syscalls"", ""exec_count"", ""parent_child_rarity"", ""seq_length"", ""lifetime_seconds""],
  ""agrees_with"": ""cnn""
}"
55465,3,0,benign,0,1,0.6923177242279053,0.9917534589767456,xgb_benign_cnn_malicious,MALICIOUS,1,0.92,cnn,ok,"[""Privilege state: max_uid_euid_delta is high (p98) and auid_euid_mismatch is set -- a real identity inconsistency and privilege transition."", ""Mechanism: is_suid_exec is set and a shell was spawned from a service context with priv_op_count elevated -- a classic setuid-shell escalation."", ""Behavioural anomaly: unique_syscalls is high (p98) and parent_child_rarity is near 1 -- an exec pair essentially never seen in benign activity."", ""Benign-explanation test: very high throughput (p56) and short lifetime (p42) argue against a routine admin script, cron job, or health-check."", ""Decide: the escalation mechanism, sensitive-path access, and behavioural anomalies outweigh XGBoost's benign call; this supports the CNN.""]","[""unique_syscalls"", ""exec_count"", ""parent_child_rarity"", ""max_uid_euid_delta"", ""auid_euid_mismatch""]","{
  ""verdict"": ""MALICIOUS"",
  ""confidence"": 0.92,
  ""rationale_steps"": [
    ""Privilege state: max_uid_euid_delta is high (p98) and auid_euid_mismatch is set -- a real identity inconsistency and privilege transition."",
    ""Mechanism: is_suid_exec is set and a shell was spawned from a service context with priv_op_count elevated -- a classic setuid-shell escalation."",
    ""Behavioural anomaly: unique_syscalls is high (p98) and parent_child_rarity is near 1 -- an exec pair essentially never seen in benign activity."",
    ""Benign-explanation test: very high throughput (p56) and short lifetime (p42) argue against a routine admin script, cron job, or health-check."",
    ""Decide: the escalation mechanism, sensitive-path access, and behavioural anomalies outweigh XGBoost's benign call; this supports the CNN.""
  ],
  ""key_features"": [""unique_syscalls"", ""exec_count"", ""parent_child_rarity"", ""max_uid_euid_delta"", ""auid_euid_mismatch""],
  ""agrees_with"": ""cnn""
}"
55642,3,1,T1078_Valid_Accounts,0,1,0.6923177242279053,0.9917534589767456,xgb_benign_cnn_malicious,MALICIOUS,1,0.92,cnn,ok,"[""Privilege state: max_uid_euid_delta is high (p98) and auid_euid_mismatch is set -- a real identity inconsistency and privilege transition."", ""Mechanism: is_suid_exec is set and a shell was spawned from a service context with priv_op_count elevated -- a classic setuid-shell escalation."", ""Behavioural anomaly: unique_syscalls is high (p98) and parent_child_rarity is near 1 -- an exec pair essentially never seen in benign activity."", ""Benign-explanation test: very high throughput (p56) and short lifetime (p42) argue against a routine admin script, cron job, or health-check."", ""Decide: the escalation mechanism, sensitive-path access, and behavioural anomalies outweigh XGBoost's benign call; this supports the CNN.""]","[""unique_syscalls"", ""exec_count"", ""parent_child_rarity"", ""max_uid_euid_delta"", ""auid_euid_mismatch""]","{
  ""verdict"": ""MALICIOUS"",
  ""confidence"": 0.92,
  ""rationale_steps"": [
    ""Privilege state: max_uid_euid_delta is high (p98) and auid_euid_mismatch is set -- a real identity inconsistency and privilege transition."",
    ""Mechanism: is_suid_exec is set and a shell was spawned from a service context with priv_op_count elevated -- a classic setuid-shell escalation."",
    ""Behavioural anomaly: unique_syscalls is high (p98) and parent_child_rarity is near 1 -- an exec pair essentially never seen in benign activity."",
    ""Benign-explanation test: very high throughput (p56) and short lifetime (p42) argue against a routine admin script, cron job, or health-check."",
    ""Decide: the escalation mechanism, sensitive-path access, and behavioural anomalies outweigh XGBoost's benign call; this supports the CNN.""
  ],
  ""key_features"": [""unique_syscalls"", ""exec_count"", ""parent_child_rarity"", ""max_uid_euid_delta"", ""auid_euid_mismatch""],
  ""agrees_with"": ""cnn""
}"
55685,3,1,T1078_Valid_Accounts,0,1,0.6607770323753357,0.9975231885910034,xgb_benign_cnn_malicious,MALICIOUS,1,0.92,cnn,ok,"[""Privilege state: max_uid_euid_delta is high (p99+) and auid_euid_mismatch is set -- a real identity inconsistency and privilege transition."", ""Mechanism: is_suid_exec is set and a shell was spawned from a service context with priv_op_count elevated -- a classic setuid-shell escalation."", ""Behavioural anomaly: parent_child_rarity is near 1 (essentially never seen in benign activity) and no sensitive-path access -- an unusual exec chain."", ""Benign-explanation test: very high throughput (p7) and very short lifetime (p88) argue against a routine admin script, cron job, or health-check."", ""Decide: the escalation mechanism and unusual exec chain outweigh XGBoost's benign call; this supports the CNN.""]","[""events_per_second"", ""lifetime_seconds"", ""parent_child_rarity"", ""max_uid_euid_delta"", ""auid_euid_mismatch""]","{
  ""verdict"": ""MALICIOUS"",
  ""confidence"": 0.92,
  ""rationale_steps"": [
    ""Privilege state: max_uid_euid_delta is high (p99+) and auid_euid_mismatch is set -- a real identity inconsistency and privilege transition."",
    ""Mechanism: is_suid_exec is set and a shell was spawned from a service context with priv_op_count elevated -- a classic setuid-shell escalation."",
    ""Behavioural anomaly: parent_child_rarity is near 1 (essentially never seen in benign activity) and no sensitive-path access -- an unusual exec chain."",
    ""Benign-explanation test: very high throughput (p7) and very short lifetime (p88) argue against a routine admin script, cron job, or health-check."",
    ""Decide: the escalation mechanism and unusual exec chain outweigh XGBoost's benign call; this supports the CNN.""
  ],
  ""key_features"": [""events_per_second"", ""lifetime_seconds"", ""parent_child_rarity"", ""max_uid_euid_delta"", ""auid_euid_mismatch""],
  ""agrees_with"": ""cnn""
}"
55776,4,0,benign,0,1,0.3245709240436554,0.9654507040977478,xgb_benign_cnn_malicious,MALICIOUS,1,0.92,cnn,ok,"[""Privilege state: max_uid_euid_delta is high (p99+) and auid_euid_mismatch is set -- a real identity inconsistency and privilege transition."", ""Mechanism: is_suid_exec is set and a shell was spawned from a service context with priv_op_count elevated -- a classic setuid-shell escalation."", ""Behavioural anomaly: parent_child_rarity is near 1 (essentially never seen in benign activity) and events_per_second is extremely high (p93) -- an unusual and potentially malicious process."", ""Benign-explanation test: very short lifetime (p36) and low throughput argue against a routine admin script, cron job, or health-check."", ""Decide: the escalation mechanism, sensitive-path access, and unusual behavioural features outweigh XGBoost's benign call; this supports the CNN.""]","[""parent_child_rarity"", ""lifetime_seconds"", ""events_per_second"", ""max_uid_euid_delta"", ""auid_euid_mismatch""]","{
  ""verdict"": ""MALICIOUS"",
  ""confidence"": 0.92,
  ""rationale_steps"": [
    ""Privilege state: max_uid_euid_delta is high (p99+) and auid_euid_mismatch is set -- a real identity inconsistency and privilege transition."",
    ""Mechanism: is_suid_exec is set and a shell was spawned from a service context with priv_op_count elevated -- a classic setuid-shell escalation."",
    ""Behavioural anomaly: parent_child_rarity is near 1 (essentially never seen in benign activity) and events_per_second is extremely high (p93) -- an unusual and potentially malicious process."",
    ""Benign-explanation test: very short lifetime (p36) and low throughput argue against a routine admin script, cron job, or health-check."",
    ""Decide: the escalation mechanism, sensitive-path access, and unusual behavioural features outweigh XGBoost's benign call; this supports the CNN.""
  ],
  ""key_features"": [""parent_child_rarity"", ""lifetime_seconds"", ""events_per_second"", ""max_uid_euid_delta"", ""auid_euid_mismatch""],
  ""agrees_with"": ""cnn""
}"
55828,4,1,T1078_Valid_Accounts,0,1,0.3245709240436554,0.9654507040977478,xgb_benign_cnn_malicious,MALICIOUS,1,0.92,cnn,ok,"[""Privilege state: max_uid_euid_delta is high (p99+) and auid_euid_mismatch is set -- a real identity inconsistency and privilege transition."", ""Mechanism: is_suid_exec is set and a shell was spawned from a service context with priv_op_count elevated -- a classic setuid-shell escalation."", ""Behavioural anomaly: parent_child_rarity is near 1 (essentially never seen in benign activity) and events_per_second is extremely high (p93) -- an unusual and potentially malicious exec chain."", ""Benign-explanation test: very short lifetime (p36) and low throughput argue against a routine admin script, cron job, or health-check."", ""Decide: the escalation mechanism, sensitive-path access, and unusual exec chain outweigh XGBoost's benign call; this supports the CNN.""]","[""parent_child_rarity"", ""lifetime_seconds"", ""events_per_second"", ""max_uid_euid_delta"", ""auid_euid_mismatch""]","{
  ""verdict"": ""MALICIOUS"",
  ""confidence"": 0.92,
  ""rationale_steps"": [
    ""Privilege state: max_uid_euid_delta is high (p99+) and auid_euid_mismatch is set -- a real identity inconsistency and privilege transition."",
    ""Mechanism: is_suid_exec is set and a shell was spawned from a service context with priv_op_count elevated -- a classic setuid-shell escalation."",
    ""Behavioural anomaly: parent_child_rarity is near 1 (essentially never seen in benign activity) and events_per_second is extremely high (p93) -- an unusual and potentially malicious exec chain."",
    ""Benign-explanation test: very short lifetime (p36) and low throughput argue against a routine admin script, cron job, or health-check."",
    ""Decide: the escalation mechanism, sensitive-path access, and unusual exec chain outweigh XGBoost's benign call; this supports the CNN.""
  ],
  ""key_features"": [""parent_child_rarity"", ""lifetime_seconds"", ""events_per_second"", ""max_uid_euid_delta"", ""auid_euid_mismatch""],
  ""agrees_with"": ""cnn""
}"
56116,4,1,T1078_Valid_Accounts,0,1,0.5382307767868042,0.9489884972572328,xgb_benign_cnn_malicious,MALICIOUS,1,0.92,cnn,ok,"[""Privilege state: max_uid_euid_delta is high (p99+) and auid_euid_mismatch is set -- a real identity inconsistency and privilege transition."", ""Mechanism: is_suid_exec is set and a shell was spawned from a service context with priv_op_count elevated -- a classic setuid-shell escalation."", ""Behavioural anomaly: parent_child_rarity is near 1 (essentially never seen in benign activity) and events_per_second is extremely high (p93) -- an unusual syscall throughput."", ""Benign-explanation test: very short lifetime (p36) and low throughput argue against a routine admin script, cron job, or health-check."", ""Decide: the escalation mechanism, sensitive-path access, and unusual syscall throughput outweigh XGBoost's benign call; this supports the CNN.""]","[""parent_child_rarity"", ""lifetime_seconds"", ""events_per_second"", ""max_uid_euid_delta"", ""auid_euid_mismatch""]","{
  ""verdict"": ""MALICIOUS"",
  ""confidence"": 0.92,
  ""rationale_steps"": [
    ""Privilege state: max_uid_euid_delta is high (p99+) and auid_euid_mismatch is set -- a real identity inconsistency and privilege transition."",
    ""Mechanism: is_suid_exec is set and a shell was spawned from a service context with priv_op_count elevated -- a classic setuid-shell escalation."",
    ""Behavioural anomaly: parent_child_rarity is near 1 (essentially never seen in benign activity) and events_per_second is extremely high (p93) -- an unusual syscall throughput."",
    ""Benign-explanation test: very short lifetime (p36) and low throughput argue against a routine admin script, cron job, or health-check."",
    ""Decide: the escalation mechanism, sensitive-path access, and unusual syscall throughput outweigh XGBoost's benign call; this supports the CNN.""
  ],
  ""key_features"": [""parent_child_rarity"", ""lifetime_seconds"", ""events_per_second"", ""max_uid_euid_delta"", ""auid_euid_mismatch""],
  ""agrees_with"": ""cnn""
}"
56189,4,0,benign,0,1,0.4626511931419372,0.7419862747192383,xgb_benign_cnn_malicious,MALICIOUS,1,0.83,cnn,ok,"[""Privilege state: max_uid_euid_delta is high (p98) and auid_euid_mismatch is set -- a real identity inconsistency and privilege transition."", ""Mechanism: is_suid_exec is not set, but exec_count is high (p73) and a shell was spawned from a service context with priv_op_count elevated -- a suspicious escalation attempt."", ""Behavioural anomaly: failed_call_rate is high (p98), failed_call_count is high (p98), and parent_child_rarity is near 1 -- an exec pair essentially never seen in benign activity."", ""Benign-explanation test: very high throughput (p98) and short lifetime (p42) argue against a routine admin script, cron job, or health-check."", ""Decide: the escalation mechanism and behavioural anomalies outweigh XGBoost's benign call; this supports the CNN.""]","[""events_per_second"", ""seq_length"", ""auid_euid_mismatch"", ""failed_call_rate"", ""failed_call_count""]","{
  ""verdict"": ""MALICIOUS"",
  ""confidence"": 0.83,
  ""rationale_steps"": [
    ""Privilege state: max_uid_euid_delta is high (p98) and auid_euid_mismatch is set -- a real identity inconsistency and privilege transition."",
    ""Mechanism: is_suid_exec is not set, but exec_count is high (p73) and a shell was spawned from a service context with priv_op_count elevated -- a suspicious escalation attempt."",
    ""Behavioural anomaly: failed_call_rate is high (p98), failed_call_count is high (p98), and parent_child_rarity is near 1 -- an exec pair essentially never seen in benign activity."",
    ""Benign-explanation test: very high throughput (p98) and short lifetime (p42) argue against a routine admin script, cron job, or health-check."",
    ""Decide: the escalation mechanism and behavioural anomalies outweigh XGBoost's benign call; this supports the CNN.""
  ],
  ""key_features"": [""events_per_second"", ""seq_length"", ""auid_euid_mismatch"", ""failed_call_rate"", ""failed_call_count""],
  ""agrees_with"": ""cnn""
}"
56569,3,0,benign,0,1,0.6923177242279053,0.9917534589767456,xgb_benign_cnn_malicious,MALICIOUS,1,0.92,cnn,ok,"[""Privilege state: max_uid_euid_delta is high (p98) and auid_euid_mismatch is set -- a real identity inconsistency and privilege transition."", ""Mechanism: is_suid_exec is set and a shell was spawned from a service context with priv_op_count elevated -- a classic setuid-shell escalation."", ""Behavioural anomaly: parent_child_rarity is near 1 (essentially never seen in benign activity) and unique_syscalls is high (p98) -- an exec pair and syscall types essentially never seen in benign activity."", ""Benign-explanation test: very short lifetime (p42) and high throughput argue against a routine admin script, cron job, or health-check."", ""Decide: the escalation mechanism, sensitive-path access, and behavioural anomalies outweigh XGBoost's benign call; this supports the CNN.""]","[""unique_syscalls"", ""exec_count"", ""parent_child_rarity"", ""seq_length"", ""lifetime_seconds""]","{
  ""verdict"": ""MALICIOUS"",
  ""confidence"": 0.92,
  ""rationale_steps"": [
    ""Privilege state: max_uid_euid_delta is high (p98) and auid_euid_mismatch is set -- a real identity inconsistency and privilege transition."",
    ""Mechanism: is_suid_exec is set and a shell was spawned from a service context with priv_op_count elevated -- a classic setuid-shell escalation."",
    ""Behavioural anomaly: parent_child_rarity is near 1 (essentially never seen in benign activity) and unique_syscalls is high (p98) -- an exec pair and syscall types essentially never seen in benign activity."",
    ""Benign-explanation test: very short lifetime (p42) and high throughput argue against a routine admin script, cron job, or health-check."",
    ""Decide: the escalation mechanism, sensitive-path access, and behavioural anomalies outweigh XGBoost's benign call; this supports the CNN.""
  ],
  ""key_features"": [""unique_syscalls"", ""exec_count"", ""parent_child_rarity"", ""seq_length"", ""lifetime_seconds""],
  ""agrees_with"": ""cnn""
}"
56589,4,0,benign,0,1,0.5382307767868042,0.9489884972572328,xgb_benign_cnn_malicious,MALICIOUS,1,0.92,cnn,ok,"[""Privilege state: max_uid_euid_delta is high (p99+) and auid_euid_mismatch is set -- a real identity inconsistency and privilege transition."", ""Mechanism: is_suid_exec is set and a shell was spawned from a service context with priv_op_count elevated -- a classic setuid-shell escalation."", ""Behavioural anomaly: parent_child_rarity is near 1 (essentially never seen in benign activity) and events_per_second is extremely high (p93) -- an unusual syscall throughput."", ""Benign-explanation test: very short lifetime (p36) and low throughput argue against a routine admin script, cron job, or health-check."", ""Decide: the escalation mechanism, sensitive-path access, and unusual syscall throughput outweigh XGBoost's benign call; this supports the CNN.""]","[""parent_child_rarity"", ""lifetime_seconds"", ""events_per_second"", ""max_uid_euid_delta"", ""auid_euid_mismatch""]","{
  ""verdict"": ""MALICIOUS"",
  ""confidence"": 0.92,
  ""rationale_steps"": [
    ""Privilege state: max_uid_euid_delta is high (p99+) and auid_euid_mismatch is set -- a real identity inconsistency and privilege transition."",
    ""Mechanism: is_suid_exec is set and a shell was spawned from a service context with priv_op_count elevated -- a classic setuid-shell escalation."",
    ""Behavioural anomaly: parent_child_rarity is near 1 (essentially never seen in benign activity) and events_per_second is extremely high (p93) -- an unusual syscall throughput."",
    ""Benign-explanation test: very short lifetime (p36) and low throughput argue against a routine admin script, cron job, or health-check."",
    ""Decide: the escalation mechanism, sensitive-path access, and unusual syscall throughput outweigh XGBoost's benign call; this supports the CNN.""
  ],
  ""key_features"": [""parent_child_rarity"", ""lifetime_seconds"", ""events_per_second"", ""max_uid_euid_delta"", ""auid_euid_mismatch""],
  ""agrees_with"": ""cnn""
}"
56670,4,0,benign,0,1,0.5500925183296204,0.9490213990211488,xgb_benign_cnn_malicious,MALICIOUS,1,0.92,cnn,ok,"[""Privilege state: max_uid_euid_delta is high (p99+) and auid_euid_mismatch is set -- a real identity inconsistency and privilege transition."", ""Mechanism: is_suid_exec is set and a shell was spawned from a service context with priv_op_count elevated -- a classic setuid-shell escalation."", ""Behavioural anomaly: parent_child_rarity is near 1 (essentially never seen in benign activity) and events_per_second is extremely high (p93) -- an unusual and potentially malicious exec chain."", ""Benign-explanation test: very short lifetime (p1) and low throughput argue against a routine admin script, cron job, or health-check."", ""Decide: the escalation mechanism, sensitive-path access, and unusual exec chain outweigh XGBoost's benign call; this supports the CNN.""]","[""parent_child_rarity"", ""lifetime_seconds"", ""events_per_second"", ""max_uid_euid_delta"", ""auid_euid_mismatch""]","{
  ""verdict"": ""MALICIOUS"",
  ""confidence"": 0.92,
  ""rationale_steps"": [
    ""Privilege state: max_uid_euid_delta is high (p99+) and auid_euid_mismatch is set -- a real identity inconsistency and privilege transition."",
    ""Mechanism: is_suid_exec is set and a shell was spawned from a service context with priv_op_count elevated -- a classic setuid-shell escalation."",
    ""Behavioural anomaly: parent_child_rarity is near 1 (essentially never seen in benign activity) and events_per_second is extremely high (p93) -- an unusual and potentially malicious exec chain."",
    ""Benign-explanation test: very short lifetime (p1) and low throughput argue against a routine admin script, cron job, or health-check."",
    ""Decide: the escalation mechanism, sensitive-path access, and unusual exec chain outweigh XGBoost's benign call; this supports the CNN.""
  ],
  ""key_features"": [""parent_child_rarity"", ""lifetime_seconds"", ""events_per_second"", ""max_uid_euid_delta"", ""auid_euid_mismatch""],
  ""agrees_with"": ""cnn""
}"
56838,4,0,benign,0,1,0.619727611541748,0.9672528505325316,xgb_benign_cnn_malicious,MALICIOUS,1,0.92,cnn,ok,"[""Privilege state: max_uid_euid_delta is high (p99+) and auid_euid_mismatch is set -- a real identity inconsistency and privilege transition."", ""Mechanism: is_suid_exec is set and a shell was spawned from a service context with priv_op_count elevated -- a classic setuid-shell escalation."", ""Behavioural anomaly: parent_child_rarity is near 1 (essentially never seen in benign activity) and events_per_second is extremely high (p94) -- an unusual and potentially malicious process."", ""Benign-explanation test: very short lifetime (p36) and low throughput argue against a routine admin script, cron job, or health-check."", ""Decide: the escalation mechanism, sensitive-path access, and unusual process behavior outweigh XGBoost's benign call; this supports the CNN.""]","[""parent_child_rarity"", ""lifetime_seconds"", ""events_per_second"", ""max_uid_euid_delta"", ""auid_euid_mismatch""]","{
  ""verdict"": ""MALICIOUS"",
  ""confidence"": 0.92,
  ""rationale_steps"": [
    ""Privilege state: max_uid_euid_delta is high (p99+) and auid_euid_mismatch is set -- a real identity inconsistency and privilege transition."",
    ""Mechanism: is_suid_exec is set and a shell was spawned from a service context with priv_op_count elevated -- a classic setuid-shell escalation."",
    ""Behavioural anomaly: parent_child_rarity is near 1 (essentially never seen in benign activity) and events_per_second is extremely high (p94) -- an unusual and potentially malicious process."",
    ""Benign-explanation test: very short lifetime (p36) and low throughput argue against a routine admin script, cron job, or health-check."",
    ""Decide: the escalation mechanism, sensitive-path access, and unusual process behavior outweigh XGBoost's benign call; this supports the CNN.""
  ],
  ""key_features"": [""parent_child_rarity"", ""lifetime_seconds"", ""events_per_second"", ""max_uid_euid_delta"", ""auid_euid_mismatch""],
  ""agrees_with"": ""cnn""
}"
56911,4,1,T1078_Valid_Accounts,0,1,0.4626511931419372,0.7419862747192383,xgb_benign_cnn_malicious,MALICIOUS,1,0.83,cnn,ok,"[""Privilege state: max_uid_euid_delta is high (p98) and auid_euid_mismatch is set -- a real identity inconsistency and privilege transition."", ""Mechanism: is_suid_exec is not set, but exec_count is high (p73) and a shell was spawned from a service context with priv_op_count elevated -- a suspicious escalation attempt."", ""Behavioural anomaly: failed_call_rate is high (p98), failed_call_count is high (p98), and parent_child_rarity is near 1 -- an exec pair essentially never seen in benign activity."", ""Benign-explanation test: very high throughput (p98) and short lifetime (p42) argue against a routine admin script, cron job, or health-check."", ""Decide: the escalation mechanism and behavioural anomalies outweigh XGBoost's benign call; this supports the CNN.""]","[""events_per_second"", ""seq_length"", ""auid_euid_mismatch"", ""failed_call_rate"", ""failed_call_count""]","{
  ""verdict"": ""MALICIOUS"",
  ""confidence"": 0.83,
  ""rationale_steps"": [
    ""Privilege state: max_uid_euid_delta is high (p98) and auid_euid_mismatch is set -- a real identity inconsistency and privilege transition."",
    ""Mechanism: is_suid_exec is not set, but exec_count is high (p73) and a shell was spawned from a service context with priv_op_count elevated -- a suspicious escalation attempt."",
    ""Behavioural anomaly: failed_call_rate is high (p98), failed_call_count is high (p98), and parent_child_rarity is near 1 -- an exec pair essentially never seen in benign activity."",
    ""Benign-explanation test: very high throughput (p98) and short lifetime (p42) argue against a routine admin script, cron job, or health-check."",
    ""Decide: the escalation mechanism and behavioural anomalies outweigh XGBoost's benign call; this supports the CNN.""
  ],
  ""key_features"": [""events_per_second"", ""seq_length"", ""auid_euid_mismatch"", ""failed_call_rate"", ""failed_call_count""],
  ""agrees_with"": ""cnn""
}"
57055,4,1,T1078_Valid_Accounts,0,1,0.3759605586528778,0.8749561309814453,xgb_benign_cnn_malicious,MALICIOUS,1,0.92,cnn,ok,"[""Privilege state: max_uid_euid_delta is high (p99+) and auid_euid_mismatch is set -- a real identity inconsistency and privilege transition."", ""Mechanism: is_suid_exec is set and a shell was spawned from a service context with priv_op_count elevated -- a classic setuid-shell escalation."", ""Behavioural anomaly: parent_child_rarity is near 1 (essentially never seen in benign activity) and network_count is 0 -- an exec pair and network activity profile of a novel attack chain."", ""Benign-explanation test: very short lifetime (p88) and high-throughput execution from a service context is inconsistent with a routine health-check or monitoring script."", ""Decide: the escalation mechanism and sensitive-path access outweigh XGBoost's benign call; this supports the CNN.""]","[""is_suid_exec"", ""shell_from_service"", ""parent_child_rarity"", ""max_uid_euid_delta"", ""auid_euid_mismatch""]","{
  ""verdict"": ""MALICIOUS"",
  ""confidence"": 0.92,
  ""rationale_steps"": [
    ""Privilege state: max_uid_euid_delta is high (p99+) and auid_euid_mismatch is set -- a real identity inconsistency and privilege transition."",
    ""Mechanism: is_suid_exec is set and a shell was spawned from a service context with priv_op_count elevated -- a classic setuid-shell escalation."",
    ""Behavioural anomaly: parent_child_rarity is near 1 (essentially never seen in benign activity) and network_count is 0 -- an exec pair and network activity profile of a novel attack chain."",
    ""Benign-explanation test: very short lifetime (p88) and high-throughput execution from a service context is inconsistent with a routine health-check or monitoring script."",
    ""Decide: the escalation mechanism and sensitive-path access outweigh XGBoost's benign call; this supports the CNN.""
  ],
  ""key_features"": [""is_suid_exec"", ""shell_from_service"", ""parent_child_rarity"", ""max_uid_euid_delta"", ""auid_euid_mismatch""],
  ""agrees_with"": ""cnn""
}"
57150,4,0,benign,0,1,0.5382307767868042,0.9489884972572328,xgb_benign_cnn_malicious,MALICIOUS,1,0.92,cnn,ok,"[""Privilege state: max_uid_euid_delta is high (p99+) and auid_euid_mismatch is set -- a real identity inconsistency and privilege transition."", ""Mechanism: is_suid_exec is set and a shell was spawned from a service context with priv_op_count elevated -- a classic setuid-shell escalation."", ""Behavioural anomaly: parent_child_rarity is near 1 (essentially never seen in benign activity) and events_per_second is extremely high (p93) -- an unusual syscall throughput."", ""Benign-explanation test: very short lifetime (p36) and low throughput argue against a routine admin script, cron job, or health-check."", ""Decide: the escalation mechanism, sensitive-path access, and unusual syscall throughput outweigh XGBoost's benign call; this supports the CNN.""]","[""parent_child_rarity"", ""lifetime_seconds"", ""events_per_second"", ""max_uid_euid_delta"", ""auid_euid_mismatch""]","{
  ""verdict"": ""MALICIOUS"",
  ""confidence"": 0.92,
  ""rationale_steps"": [
    ""Privilege state: max_uid_euid_delta is high (p99+) and auid_euid_mismatch is set -- a real identity inconsistency and privilege transition."",
    ""Mechanism: is_suid_exec is set and a shell was spawned from a service context with priv_op_count elevated -- a classic setuid-shell escalation."",
    ""Behavioural anomaly: parent_child_rarity is near 1 (essentially never seen in benign activity) and events_per_second is extremely high (p93) -- an unusual syscall throughput."",
    ""Benign-explanation test: very short lifetime (p36) and low throughput argue against a routine admin script, cron job, or health-check."",
    ""Decide: the escalation mechanism, sensitive-path access, and unusual syscall throughput outweigh XGBoost's benign call; this supports the CNN.""
  ],
  ""key_features"": [""parent_child_rarity"", ""lifetime_seconds"", ""events_per_second"", ""max_uid_euid_delta"", ""auid_euid_mismatch""],
  ""agrees_with"": ""cnn""
}"
57362,4,0,benign,0,1,0.3245709240436554,0.9654507040977478,xgb_benign_cnn_malicious,MALICIOUS,1,0.92,cnn,ok,"[""Privilege state: max_uid_euid_delta is high (p99+) and auid_euid_mismatch is set -- a real identity inconsistency and privilege transition."", ""Mechanism: is_suid_exec is set and a shell was spawned from a service context with priv_op_count elevated -- a classic setuid-shell escalation."", ""Behavioural anomaly: parent_child_rarity is near 1 (essentially never seen in benign activity) and events_per_second is extremely high (p93) -- an unusual and potentially malicious process."", ""Benign-explanation test: very short lifetime (p36) and low throughput argue against a routine admin script, cron job, or health-check."", ""Decide: the escalation mechanism, sensitive-path access, and unusual behavioural features outweigh XGBoost's benign call; this supports the CNN.""]","[""parent_child_rarity"", ""lifetime_seconds"", ""events_per_second"", ""max_uid_euid_delta"", ""auid_euid_mismatch""]","{
  ""verdict"": ""MALICIOUS"",
  ""confidence"": 0.92,
  ""rationale_steps"": [
    ""Privilege state: max_uid_euid_delta is high (p99+) and auid_euid_mismatch is set -- a real identity inconsistency and privilege transition."",
    ""Mechanism: is_suid_exec is set and a shell was spawned from a service context with priv_op_count elevated -- a classic setuid-shell escalation."",
    ""Behavioural anomaly: parent_child_rarity is near 1 (essentially never seen in benign activity) and events_per_second is extremely high (p93) -- an unusual and potentially malicious process."",
    ""Benign-explanation test: very short lifetime (p36) and low throughput argue against a routine admin script, cron job, or health-check."",
    ""Decide: the escalation mechanism, sensitive-path access, and unusual behavioural features outweigh XGBoost's benign call; this supports the CNN.""
  ],
  ""key_features"": [""parent_child_rarity"", ""lifetime_seconds"", ""events_per_second"", ""max_uid_euid_delta"", ""auid_euid_mismatch""],
  ""agrees_with"": ""cnn""
}"
57470,4,1,T1078_Valid_Accounts,0,1,0.5382307767868042,0.9489884972572328,xgb_benign_cnn_malicious,MALICIOUS,1,0.92,cnn,ok,"[""Privilege state: max_uid_euid_delta is high (p99+) and auid_euid_mismatch is set -- a real identity inconsistency and privilege transition."", ""Mechanism: is_suid_exec is set and a shell was spawned from a service context with priv_op_count elevated -- a classic setuid-shell escalation."", ""Behavioural anomaly: parent_child_rarity is near 1 (essentially never seen in benign activity) and events_per_second is extremely high (p93) -- an unusual syscall throughput."", ""Benign-explanation test: very short lifetime (p36) and low throughput argue against a routine admin script, cron job, or health-check."", ""Decide: the escalation mechanism, sensitive-path access, and unusual syscall throughput outweigh XGBoost's benign call; this supports the CNN.""]","[""parent_child_rarity"", ""lifetime_seconds"", ""events_per_second"", ""max_uid_euid_delta"", ""auid_euid_mismatch""]","{
  ""verdict"": ""MALICIOUS"",
  ""confidence"": 0.92,
  ""rationale_steps"": [
    ""Privilege state: max_uid_euid_delta is high (p99+) and auid_euid_mismatch is set -- a real identity inconsistency and privilege transition."",
    ""Mechanism: is_suid_exec is set and a shell was spawned from a service context with priv_op_count elevated -- a classic setuid-shell escalation."",
    ""Behavioural anomaly: parent_child_rarity is near 1 (essentially never seen in benign activity) and events_per_second is extremely high (p93) -- an unusual syscall throughput."",
    ""Benign-explanation test: very short lifetime (p36) and low throughput argue against a routine admin script, cron job, or health-check."",
    ""Decide: the escalation mechanism, sensitive-path access, and unusual syscall throughput outweigh XGBoost's benign call; this supports the CNN.""
  ],
  ""key_features"": [""parent_child_rarity"", ""lifetime_seconds"", ""events_per_second"", ""max_uid_euid_delta"", ""auid_euid_mismatch""],
  ""agrees_with"": ""cnn""
}"
57629,3,1,T1078_Valid_Accounts,0,1,0.6923177242279053,0.9917534589767456,xgb_benign_cnn_malicious,MALICIOUS,1,0.92,cnn,ok,"[""Privilege state: max_uid_euid_delta is high (p98) and auid_euid_mismatch is set -- a real identity inconsistency and privilege transition."", ""Mechanism: is_suid_exec is set and a shell was spawned from a service context with priv_op_count elevated -- a classic setuid-shell escalation."", ""Behavioural anomaly: parent_child_rarity is near 1 (essentially never seen in benign activity) and unique_syscalls is high (p98) -- an exec pair and syscall types essentially never seen in benign activity."", ""Benign-explanation test: very short lifetime (p42) and high throughput argue against a routine admin script, cron job, or health-check."", ""Decide: the escalation mechanism, sensitive-path access, and behavioural anomalies outweigh XGBoost's benign call; this supports the CNN.""]","[""unique_syscalls"", ""exec_count"", ""parent_child_rarity"", ""seq_length"", ""lifetime_seconds""]","{
  ""verdict"": ""MALICIOUS"",
  ""confidence"": 0.92,
  ""rationale_steps"": [
    ""Privilege state: max_uid_euid_delta is high (p98) and auid_euid_mismatch is set -- a real identity inconsistency and privilege transition."",
    ""Mechanism: is_suid_exec is set and a shell was spawned from a service context with priv_op_count elevated -- a classic setuid-shell escalation."",
    ""Behavioural anomaly: parent_child_rarity is near 1 (essentially never seen in benign activity) and unique_syscalls is high (p98) -- an exec pair and syscall types essentially never seen in benign activity."",
    ""Benign-explanation test: very short lifetime (p42) and high throughput argue against a routine admin script, cron job, or health-check."",
    ""Decide: the escalation mechanism, sensitive-path access, and behavioural anomalies outweigh XGBoost's benign call; this supports the CNN.""
  ],
  ""key_features"": [""unique_syscalls"", ""exec_count"", ""parent_child_rarity"", ""seq_length"", ""lifetime_seconds""],
  ""agrees_with"": ""cnn""
}"
57693,1,0,benign,0,1,0.6632530093193054,0.8552455306053162,xgb_benign_cnn_malicious,MALICIOUS,1,0.86,cnn,ok,"[""Privilege state: auid_euid_mismatch is set, indicating an identity inconsistency, and max_uid_euid_delta is low, suggesting a real privilege transition."", ""Mechanism: is_suid_exec is not set, but the exec_count is elevated, which could indicate a setuid-shell escalation."", ""Behavioural anomaly: failed_call_rate is high, failed_call_count is high, and parent_child_rarity is near 1, indicating a rare exec pair and potential escalation."", ""Benign-explanation test: the short lifetime and high throughput make it unlikely to be a routine admin script, cron job, or health-check."", ""Decide: the evidence supports CNN's call, as the privilege transition and behavioural anomalies outweigh XGBoost's benign call.""]","[""auid_euid_mismatch"", ""lifetime_seconds"", ""events_per_second"", ""failed_call_rate"", ""parent_child_rarity""]","{
  ""verdict"": ""MALICIOUS"",
  ""confidence"": 0.86,
  ""rationale_steps"": [
    ""Privilege state: auid_euid_mismatch is set, indicating an identity inconsistency, and max_uid_euid_delta is low, suggesting a real privilege transition."",
    ""Mechanism: is_suid_exec is not set, but the exec_count is elevated, which could indicate a setuid-shell escalation."",
    ""Behavioural anomaly: failed_call_rate is high, failed_call_count is high, and parent_child_rarity is near 1, indicating a rare exec pair and potential escalation."",
    ""Benign-explanation test: the short lifetime and high throughput make it unlikely to be a routine admin script, cron job, or health-check."",
    ""Decide: the evidence supports CNN's call, as the privilege transition and behavioural anomalies outweigh XGBoost's benign call.""
  ],
  ""key_features"": [""auid_euid_mismatch"", ""lifetime_seconds"", ""events_per_second"", ""failed_call_rate"", ""parent_child_rarity""],
  ""agrees_with"": ""cnn""
}"
57840,4,0,benign,0,1,0.5382307767868042,0.9489884972572328,xgb_benign_cnn_malicious,MALICIOUS,1,0.92,cnn,ok,"[""Privilege state: max_uid_euid_delta is high (p99+) and auid_euid_mismatch is set -- a real identity inconsistency and privilege transition."", ""Mechanism: is_suid_exec is set and a shell was spawned from a service context with priv_op_count elevated -- a classic setuid-shell escalation."", ""Behavioural anomaly: parent_child_rarity is near 1 (essentially never seen in benign activity) and events_per_second is extremely high (p93) -- an unusual syscall throughput."", ""Benign-explanation test: very short lifetime (p36) and low throughput argue against a routine admin script, cron job, or health-check."", ""Decide: the escalation mechanism, sensitive-path access, and unusual syscall throughput outweigh XGBoost's benign call; this supports the CNN.""]","[""parent_child_rarity"", ""lifetime_seconds"", ""events_per_second"", ""max_uid_euid_delta"", ""auid_euid_mismatch""]","{
  ""verdict"": ""MALICIOUS"",
  ""confidence"": 0.92,
  ""rationale_steps"": [
    ""Privilege state: max_uid_euid_delta is high (p99+) and auid_euid_mismatch is set -- a real identity inconsistency and privilege transition."",
    ""Mechanism: is_suid_exec is set and a shell was spawned from a service context with priv_op_count elevated -- a classic setuid-shell escalation."",
    ""Behavioural anomaly: parent_child_rarity is near 1 (essentially never seen in benign activity) and events_per_second is extremely high (p93) -- an unusual syscall throughput."",
    ""Benign-explanation test: very short lifetime (p36) and low throughput argue against a routine admin script, cron job, or health-check."",
    ""Decide: the escalation mechanism, sensitive-path access, and unusual syscall throughput outweigh XGBoost's benign call; this supports the CNN.""
  ],
  ""key_features"": [""parent_child_rarity"", ""lifetime_seconds"", ""events_per_second"", ""max_uid_euid_delta"", ""auid_euid_mismatch""],
  ""agrees_with"": ""cnn""
}"
58188,4,1,T1078_Valid_Accounts,0,1,0.5382307767868042,0.9489884972572328,xgb_benign_cnn_malicious,MALICIOUS,1,0.92,cnn,ok,"[""Privilege state: max_uid_euid_delta is high (p99+) and auid_euid_mismatch is set -- a real identity inconsistency and privilege transition."", ""Mechanism: is_suid_exec is set and a shell was spawned from a service context with priv_op_count elevated -- a classic setuid-shell escalation."", ""Behavioural anomaly: parent_child_rarity is near 1 (essentially never seen in benign activity) and events_per_second is extremely high (p93) -- an unusual syscall throughput."", ""Benign-explanation test: very short lifetime (p36) and low throughput argue against a routine admin script, cron job, or health-check."", ""Decide: the escalation mechanism, sensitive-path access, and unusual syscall throughput outweigh XGBoost's benign call; this supports the CNN.""]","[""parent_child_rarity"", ""lifetime_seconds"", ""events_per_second"", ""max_uid_euid_delta"", ""auid_euid_mismatch""]","{
  ""verdict"": ""MALICIOUS"",
  ""confidence"": 0.92,
  ""rationale_steps"": [
    ""Privilege state: max_uid_euid_delta is high (p99+) and auid_euid_mismatch is set -- a real identity inconsistency and privilege transition."",
    ""Mechanism: is_suid_exec is set and a shell was spawned from a service context with priv_op_count elevated -- a classic setuid-shell escalation."",
    ""Behavioural anomaly: parent_child_rarity is near 1 (essentially never seen in benign activity) and events_per_second is extremely high (p93) -- an unusual syscall throughput."",
    ""Benign-explanation test: very short lifetime (p36) and low throughput argue against a routine admin script, cron job, or health-check."",
    ""Decide: the escalation mechanism, sensitive-path access, and unusual syscall throughput outweigh XGBoost's benign call; this supports the CNN.""
  ],
  ""key_features"": [""parent_child_rarity"", ""lifetime_seconds"", ""events_per_second"", ""max_uid_euid_delta"", ""auid_euid_mismatch""],
  ""agrees_with"": ""cnn""
}"
58508,4,0,benign,0,1,0.3836501836776733,0.9551754593849182,xgb_benign_cnn_malicious,MALICIOUS,1,0.92,cnn,ok,"[""Privilege state: max_uid_euid_delta is high (p7) and auid_euid_mismatch is set -- a real identity inconsistency and privilege transition."", ""Mechanism: is_suid_exec is not set, but events_per_second is extremely high (p7) and exec_count is elevated (p70) -- a classic sign of a privilege escalation attempt."", ""Behavioural anomaly: parent_child_rarity is near 1 (essentially never seen in benign activity) and sensitive-path access is not present -- an unusual exec chain."", ""Benign-explanation test: very short lifetime (p92) and high throughput argue against a routine admin script, cron job, or health-check."", ""Decide: the escalation mechanism and unusual exec chain outweigh XGBoost's benign call; this supports the CNN.""]","[""events_per_second"", ""lifetime_seconds"", ""parent_child_rarity"", ""max_uid_euid_delta"", ""auid_euid_mismatch""]","{
  ""verdict"": ""MALICIOUS"",
  ""confidence"": 0.92,
  ""rationale_steps"": [
    ""Privilege state: max_uid_euid_delta is high (p7) and auid_euid_mismatch is set -- a real identity inconsistency and privilege transition."",
    ""Mechanism: is_suid_exec is not set, but events_per_second is extremely high (p7) and exec_count is elevated (p70) -- a classic sign of a privilege escalation attempt."",
    ""Behavioural anomaly: parent_child_rarity is near 1 (essentially never seen in benign activity) and sensitive-path access is not present -- an unusual exec chain."",
    ""Benign-explanation test: very short lifetime (p92) and high throughput argue against a routine admin script, cron job, or health-check."",
    ""Decide: the escalation mechanism and unusual exec chain outweigh XGBoost's benign call; this supports the CNN.""
  ],
  ""key_features"": [""events_per_second"", ""lifetime_seconds"", ""parent_child_rarity"", ""max_uid_euid_delta"", ""auid_euid_mismatch""],
  ""agrees_with"": ""cnn""
}"
58526,1,0,benign,0,1,0.3849628269672394,0.8491681218147278,xgb_benign_cnn_malicious,MALICIOUS,1,0.92,cnn,ok,"[""Privilege state: max_uid_euid_delta is high (p99+) and auid_euid_mismatch is set -- a real identity inconsistency and privilege transition."", ""Mechanism: is_suid_exec is set and a shell was spawned from a service context with priv_op_count elevated -- a classic setuid-shell escalation."", ""Behavioural anomaly: failed_call_rate is high (p99+), seq_length is short (p2), unique_syscalls is low (p2), and parent_child_rarity is near 1 -- an exec pair essentially never seen in benign activity."", ""Benign-explanation test: very high throughput (p10) and short lifetime (p2) argue against a routine admin script, cron job, or health-check."", ""Decide: the escalation mechanism, sensitive-path access, and behavioural anomalies outweigh XGBoost's benign call; this supports the CNN.""]","[""failed_call_rate"", ""seq_length"", ""unique_syscalls"", ""uid_changed"", ""max_uid_euid_delta""]","{
  ""verdict"": ""MALICIOUS"",
  ""confidence"": 0.92,
  ""rationale_steps"": [
    ""Privilege state: max_uid_euid_delta is high (p99+) and auid_euid_mismatch is set -- a real identity inconsistency and privilege transition."",
    ""Mechanism: is_suid_exec is set and a shell was spawned from a service context with priv_op_count elevated -- a classic setuid-shell escalation."",
    ""Behavioural anomaly: failed_call_rate is high (p99+), seq_length is short (p2), unique_syscalls is low (p2), and parent_child_rarity is near 1 -- an exec pair essentially never seen in benign activity."",
    ""Benign-explanation test: very high throughput (p10) and short lifetime (p2) argue against a routine admin script, cron job, or health-check."",
    ""Decide: the escalation mechanism, sensitive-path access, and behavioural anomalies outweigh XGBoost's benign call; this supports the CNN.""
  ],
  ""key_features"": [""failed_call_rate"", ""seq_length"", ""unique_syscalls"", ""uid_changed"", ""max_uid_euid_delta""],
  ""agrees_with"": ""cnn""
}"
58718,3,1,T1078_Valid_Accounts,0,1,0.6923177242279053,0.9917534589767456,xgb_benign_cnn_malicious,MALICIOUS,1,0.92,cnn,ok,"[""Privilege state: max_uid_euid_delta is high (p98) and auid_euid_mismatch is set -- a real identity inconsistency and privilege transition."", ""Mechanism: is_suid_exec is set and a shell was spawned from a service context with priv_op_count elevated -- a classic setuid-shell escalation."", ""Behavioural anomaly: parent_child_rarity is near 1 (essentially never seen in benign activity) and unique_syscalls is high (p98) -- an exec pair and syscall types essentially never seen in benign activity."", ""Benign-explanation test: very short lifetime (p42) and high throughput argue against a routine admin script, cron job, or health-check."", ""Decide: the escalation mechanism, sensitive-path access, and behavioural anomalies outweigh XGBoost's benign call; this supports the CNN.""]","[""unique_syscalls"", ""exec_count"", ""parent_child_rarity"", ""seq_length"", ""lifetime_seconds""]","{
  ""verdict"": ""MALICIOUS"",
  ""confidence"": 0.92,
  ""rationale_steps"": [
    ""Privilege state: max_uid_euid_delta is high (p98) and auid_euid_mismatch is set -- a real identity inconsistency and privilege transition."",
    ""Mechanism: is_suid_exec is set and a shell was spawned from a service context with priv_op_count elevated -- a classic setuid-shell escalation."",
    ""Behavioural anomaly: parent_child_rarity is near 1 (essentially never seen in benign activity) and unique_syscalls is high (p98) -- an exec pair and syscall types essentially never seen in benign activity."",
    ""Benign-explanation test: very short lifetime (p42) and high throughput argue against a routine admin script, cron job, or health-check."",
    ""Decide: the escalation mechanism, sensitive-path access, and behavioural anomalies outweigh XGBoost's benign call; this supports the CNN.""
  ],
  ""key_features"": [""unique_syscalls"", ""exec_count"", ""parent_child_rarity"", ""seq_length"", ""lifetime_seconds""],
  ""agrees_with"": ""cnn""
}"
60020,4,0,benign,0,1,0.5382307767868042,0.9489884972572328,xgb_benign_cnn_malicious,MALICIOUS,1,0.92,cnn,ok,"[""Privilege state: max_uid_euid_delta is high (p99+) and auid_euid_mismatch is set -- a real identity inconsistency and privilege transition."", ""Mechanism: is_suid_exec is set and a shell was spawned from a service context with priv_op_count elevated -- a classic setuid-shell escalation."", ""Behavioural anomaly: parent_child_rarity is near 1 (essentially never seen in benign activity) and events_per_second is extremely high (p93) -- an unusual syscall throughput."", ""Benign-explanation test: very short lifetime (p36) and low throughput argue against a routine admin script, cron job, or health-check."", ""Decide: the escalation mechanism, sensitive-path access, and unusual syscall throughput outweigh XGBoost's benign call; this supports the CNN.""]","[""parent_child_rarity"", ""lifetime_seconds"", ""events_per_second"", ""max_uid_euid_delta"", ""auid_euid_mismatch""]","{
  ""verdict"": ""MALICIOUS"",
  ""confidence"": 0.92,
  ""rationale_steps"": [
    ""Privilege state: max_uid_euid_delta is high (p99+) and auid_euid_mismatch is set -- a real identity inconsistency and privilege transition."",
    ""Mechanism: is_suid_exec is set and a shell was spawned from a service context with priv_op_count elevated -- a classic setuid-shell escalation."",
    ""Behavioural anomaly: parent_child_rarity is near 1 (essentially never seen in benign activity) and events_per_second is extremely high (p93) -- an unusual syscall throughput."",
    ""Benign-explanation test: very short lifetime (p36) and low throughput argue against a routine admin script, cron job, or health-check."",
    ""Decide: the escalation mechanism, sensitive-path access, and unusual syscall throughput outweigh XGBoost's benign call; this supports the CNN.""
  ],
  ""key_features"": [""parent_child_rarity"", ""lifetime_seconds"", ""events_per_second"", ""max_uid_euid_delta"", ""auid_euid_mismatch""],
  ""agrees_with"": ""cnn""
}"
60429,4,0,benign,0,1,0.4626511931419372,0.7419862747192383,xgb_benign_cnn_malicious,MALICIOUS,1,0.83,cnn,ok,"[""Privilege state: max_uid_euid_delta is high (p98) and auid_euid_mismatch is set -- a real identity inconsistency and privilege transition."", ""Mechanism: is_suid_exec is not set, but exec_count is high (p73) and a shell was spawned from a service context with priv_op_count elevated -- a suspicious escalation attempt."", ""Behavioural anomaly: failed_call_rate is high (p98), failed_call_count is high (p98), and parent_child_rarity is near 1 -- an exec pair essentially never seen in benign activity."", ""Benign-explanation test: very high throughput (p98) and short lifetime (p42) argue against a routine admin script, cron job, or health-check."", ""Decide: the escalation mechanism and behavioural anomalies outweigh XGBoost's benign call; this supports the CNN.""]","[""events_per_second"", ""seq_length"", ""auid_euid_mismatch"", ""failed_call_rate"", ""failed_call_count""]","{
  ""verdict"": ""MALICIOUS"",
  ""confidence"": 0.83,
  ""rationale_steps"": [
    ""Privilege state: max_uid_euid_delta is high (p98) and auid_euid_mismatch is set -- a real identity inconsistency and privilege transition."",
    ""Mechanism: is_suid_exec is not set, but exec_count is high (p73) and a shell was spawned from a service context with priv_op_count elevated -- a suspicious escalation attempt."",
    ""Behavioural anomaly: failed_call_rate is high (p98), failed_call_count is high (p98), and parent_child_rarity is near 1 -- an exec pair essentially never seen in benign activity."",
    ""Benign-explanation test: very high throughput (p98) and short lifetime (p42) argue against a routine admin script, cron job, or health-check."",
    ""Decide: the escalation mechanism and behavioural anomalies outweigh XGBoost's benign call; this supports the CNN.""
  ],
  ""key_features"": [""events_per_second"", ""seq_length"", ""auid_euid_mismatch"", ""failed_call_rate"", ""failed_call_count""],
  ""agrees_with"": ""cnn""
}"
61200,4,0,benign,0,1,0.4626511931419372,0.7419862747192383,xgb_benign_cnn_malicious,MALICIOUS,1,0.83,cnn,ok,"[""Privilege state: auid_euid_mismatch is set, indicating an identity inconsistency, but max_uid_euid_delta is low, suggesting no genuine UID/EUID transition."", ""Mechanism: is_suid_exec is not set, but exec_count is elevated, which could indicate an unusual exec chain."", ""Behavioural anomaly: failed_call_rate and failed_call_count are both high, indicating a high rate of failed syscalls, and parent_child_rarity is near 1, indicating a rare parent->child exec pair."", ""Benign-explanation test: the short lifetime and high throughput do not strongly suggest a routine admin script, cron job, or health-check."", ""Decide: the combination of failed_call_rate, failed_call_count, and parent_child_rarity outweighs XGBoost's benign call, supporting CNN's flag on this one feature.""]","[""events_per_second"", ""seq_length"", ""auid_euid_mismatch"", ""failed_call_rate"", ""failed_call_count""]","{
  ""verdict"": ""MALICIOUS"",
  ""confidence"": 0.83,
  ""rationale_steps"": [
    ""Privilege state: auid_euid_mismatch is set, indicating an identity inconsistency, but max_uid_euid_delta is low, suggesting no genuine UID/EUID transition."",
    ""Mechanism: is_suid_exec is not set, but exec_count is elevated, which could indicate an unusual exec chain."",
    ""Behavioural anomaly: failed_call_rate and failed_call_count are both high, indicating a high rate of failed syscalls, and parent_child_rarity is near 1, indicating a rare parent->child exec pair."",
    ""Benign-explanation test: the short lifetime and high throughput do not strongly suggest a routine admin script, cron job, or health-check."",
    ""Decide: the combination of failed_call_rate, failed_call_count, and parent_child_rarity outweighs XGBoost's benign call, supporting CNN's flag on this one feature.""
  ],
  ""key_features"": [""events_per_second"", ""seq_length"", ""auid_euid_mismatch"", ""failed_call_rate"", ""failed_call_count""],
  ""agrees_with"": ""cnn""
}"
61362,3,1,T1078_Valid_Accounts,0,1,0.6923177242279053,0.9917534589767456,xgb_benign_cnn_malicious,MALICIOUS,1,0.92,cnn,ok,"[""Privilege state: max_uid_euid_delta is high (p98) and auid_euid_mismatch is set -- a real identity inconsistency and privilege transition."", ""Mechanism: is_suid_exec is set and a shell was spawned from a service context with priv_op_count elevated -- a classic setuid-shell escalation."", ""Behavioural anomaly: parent_child_rarity is near 1 (essentially never seen in benign activity) and unique_syscalls is high (p98) -- an exec pair and syscall types essentially never seen in benign activity."", ""Benign-explanation test: very short lifetime (p42) and high throughput argue against a routine admin script, cron job, or health-check."", ""Decide: the escalation mechanism, sensitive-path access, and behavioural anomalies outweigh XGBoost's benign call; this supports the CNN.""]","[""unique_syscalls"", ""exec_count"", ""parent_child_rarity"", ""seq_length"", ""lifetime_seconds""]","{
  ""verdict"": ""MALICIOUS"",
  ""confidence"": 0.92,
  ""rationale_steps"": [
    ""Privilege state: max_uid_euid_delta is high (p98) and auid_euid_mismatch is set -- a real identity inconsistency and privilege transition."",
    ""Mechanism: is_suid_exec is set and a shell was spawned from a service context with priv_op_count elevated -- a classic setuid-shell escalation."",
    ""Behavioural anomaly: parent_child_rarity is near 1 (essentially never seen in benign activity) and unique_syscalls is high (p98) -- an exec pair and syscall types essentially never seen in benign activity."",
    ""Benign-explanation test: very short lifetime (p42) and high throughput argue against a routine admin script, cron job, or health-check."",
    ""Decide: the escalation mechanism, sensitive-path access, and behavioural anomalies outweigh XGBoost's benign call; this supports the CNN.""
  ],
  ""key_features"": [""unique_syscalls"", ""exec_count"", ""parent_child_rarity"", ""seq_length"", ""lifetime_seconds""],
  ""agrees_with"": ""cnn""
}"
61423,4,0,benign,0,1,0.4626511931419372,0.7419862747192383,xgb_benign_cnn_malicious,MALICIOUS,1,0.83,cnn,ok,"[""Privilege state: max_uid_euid_delta is high (p98) and auid_euid_mismatch is set -- a real identity inconsistency and privilege transition."", ""Mechanism: is_suid_exec is not set, but exec_count is high (p73) and a shell was spawned from a service context with priv_op_count elevated -- a suspicious escalation attempt."", ""Behavioural anomaly: failed_call_rate is high (p98), failed_call_count is high (p98), and parent_child_rarity is near 1 -- an exec pair essentially never seen in benign activity."", ""Benign-explanation test: very high throughput (p98) and short lifetime (p42) argue against a routine admin script, cron job, or health-check."", ""Decide: the escalation mechanism and behavioural anomalies outweigh XGBoost's benign call; this supports the CNN.""]","[""events_per_second"", ""seq_length"", ""auid_euid_mismatch"", ""failed_call_rate"", ""failed_call_count""]","{
  ""verdict"": ""MALICIOUS"",
  ""confidence"": 0.83,
  ""rationale_steps"": [
    ""Privilege state: max_uid_euid_delta is high (p98) and auid_euid_mismatch is set -- a real identity inconsistency and privilege transition."",
    ""Mechanism: is_suid_exec is not set, but exec_count is high (p73) and a shell was spawned from a service context with priv_op_count elevated -- a suspicious escalation attempt."",
    ""Behavioural anomaly: failed_call_rate is high (p98), failed_call_count is high (p98), and parent_child_rarity is near 1 -- an exec pair essentially never seen in benign activity."",
    ""Benign-explanation test: very high throughput (p98) and short lifetime (p42) argue against a routine admin script, cron job, or health-check."",
    ""Decide: the escalation mechanism and behavioural anomalies outweigh XGBoost's benign call; this supports the CNN.""
  ],
  ""key_features"": [""events_per_second"", ""seq_length"", ""auid_euid_mismatch"", ""failed_call_rate"", ""failed_call_count""],
  ""agrees_with"": ""cnn""
}"
61486,4,0,benign,0,1,0.4626511931419372,0.7419862747192383,xgb_benign_cnn_malicious,MALICIOUS,1,0.83,cnn,ok,"[""Privilege state: auid_euid_mismatch is set, indicating an identity inconsistency, but max_uid_euid_delta is low, suggesting no genuine UID/EUID transition."", ""Mechanism: is_suid_exec is not set, but exec_count is elevated, which could indicate an unusual exec chain."", ""Behavioural anomaly: failed_call_rate and failed_call_count are both high, indicating a high rate of failed syscalls, and parent_child_rarity is near 1, indicating a rare parent->child exec pair."", ""Benign-explanation test: the short lifetime and high throughput do not strongly suggest a routine admin script, cron job, or health-check."", ""Decide: the combination of failed_call_rate, failed_call_count, and parent_child_rarity outweighs XGBoost's benign call, supporting CNN's flag on this one feature.""]","[""events_per_second"", ""seq_length"", ""auid_euid_mismatch"", ""failed_call_rate"", ""failed_call_count""]","{
  ""verdict"": ""MALICIOUS"",
  ""confidence"": 0.83,
  ""rationale_steps"": [
    ""Privilege state: auid_euid_mismatch is set, indicating an identity inconsistency, but max_uid_euid_delta is low, suggesting no genuine UID/EUID transition."",
    ""Mechanism: is_suid_exec is not set, but exec_count is elevated, which could indicate an unusual exec chain."",
    ""Behavioural anomaly: failed_call_rate and failed_call_count are both high, indicating a high rate of failed syscalls, and parent_child_rarity is near 1, indicating a rare parent->child exec pair."",
    ""Benign-explanation test: the short lifetime and high throughput do not strongly suggest a routine admin script, cron job, or health-check."",
    ""Decide: the combination of failed_call_rate, failed_call_count, and parent_child_rarity outweighs XGBoost's benign call, supporting CNN's flag on this one feature.""
  ],
  ""key_features"": [""events_per_second"", ""seq_length"", ""auid_euid_mismatch"", ""failed_call_rate"", ""failed_call_count""],
  ""agrees_with"": ""cnn""
}"
61578,4,1,T1078_Valid_Accounts,0,1,0.5382307767868042,0.9489884972572328,xgb_benign_cnn_malicious,MALICIOUS,1,0.92,cnn,ok,"[""Privilege state: max_uid_euid_delta is high (p99+) and auid_euid_mismatch is set -- a real identity inconsistency and privilege transition."", ""Mechanism: is_suid_exec is set and a shell was spawned from a service context with priv_op_count elevated -- a classic setuid-shell escalation."", ""Behavioural anomaly: parent_child_rarity is near 1 (essentially never seen in benign activity) and events_per_second is extremely high (p93) -- an unusual syscall throughput."", ""Benign-explanation test: very short lifetime (p36) and low throughput argue against a routine admin script, cron job, or health-check."", ""Decide: the escalation mechanism, sensitive-path access, and unusual syscall throughput outweigh XGBoost's benign call; this supports the CNN.""]","[""parent_child_rarity"", ""lifetime_seconds"", ""events_per_second"", ""max_uid_euid_delta"", ""auid_euid_mismatch""]","{
  ""verdict"": ""MALICIOUS"",
  ""confidence"": 0.92,
  ""rationale_steps"": [
    ""Privilege state: max_uid_euid_delta is high (p99+) and auid_euid_mismatch is set -- a real identity inconsistency and privilege transition."",
    ""Mechanism: is_suid_exec is set and a shell was spawned from a service context with priv_op_count elevated -- a classic setuid-shell escalation."",
    ""Behavioural anomaly: parent_child_rarity is near 1 (essentially never seen in benign activity) and events_per_second is extremely high (p93) -- an unusual syscall throughput."",
    ""Benign-explanation test: very short lifetime (p36) and low throughput argue against a routine admin script, cron job, or health-check."",
    ""Decide: the escalation mechanism, sensitive-path access, and unusual syscall throughput outweigh XGBoost's benign call; this supports the CNN.""
  ],
  ""key_features"": [""parent_child_rarity"", ""lifetime_seconds"", ""events_per_second"", ""max_uid_euid_delta"", ""auid_euid_mismatch""],
  ""agrees_with"": ""cnn""
}"
61719,1,0,benign,0,1,0.694502592086792,0.9362074136734008,xgb_benign_cnn_malicious,MALICIOUS,1,0.94,cnn,ok,"[""Privilege state: auid_euid_mismatch is set, indicating an identity inconsistency, and max_uid_euid_delta is high, suggesting a privilege transition."", ""Mechanism: is_suid_exec is set, indicating a setuid/setgid binary was executed, and priv_op_count is elevated, suggesting a privilege escalation attempt."", ""Behavioural anomaly: failed_call_rate and failed_call_count are both high, indicating a high rate of failed syscalls, and exec_count is also high, suggesting a complex syscall sequence."", ""Benign-explanation test: the short lifetime and high syscall throughput make it unlikely to be a routine admin script, cron job, or health-check."", ""Decide: the combination of privilege transition, setuid execution, and high syscall failure rate supports the CNN's call over XGBoost's.""]","[""auid_euid_mismatch"", ""max_uid_euid_delta"", ""is_suid_exec"", ""failed_call_rate"", ""failed_call_count""]","{
  ""verdict"": ""MALICIOUS"",
  ""confidence"": 0.94,
  ""rationale_steps"": [
    ""Privilege state: auid_euid_mismatch is set, indicating an identity inconsistency, and max_uid_euid_delta is high, suggesting a privilege transition."",
    ""Mechanism: is_suid_exec is set, indicating a setuid/setgid binary was executed, and priv_op_count is elevated, suggesting a privilege escalation attempt."",
    ""Behavioural anomaly: failed_call_rate and failed_call_count are both high, indicating a high rate of failed syscalls, and exec_count is also high, suggesting a complex syscall sequence."",
    ""Benign-explanation test: the short lifetime and high syscall throughput make it unlikely to be a routine admin script, cron job, or health-check."",
    ""Decide: the combination of privilege transition, setuid execution, and high syscall failure rate supports the CNN's call over XGBoost's.""
  ],
  ""key_features"": [
    ""auid_euid_mismatch"",
    ""max_uid_euid_delta"",
    ""is_suid_exec"",
    ""failed_call_rate"",
    ""failed_call_count""
  ],
  ""agrees_with"": ""cnn""
}"
62242,4,0,benign,0,1,0.4626511931419372,0.7419862747192383,xgb_benign_cnn_malicious,MALICIOUS,1,0.83,cnn,ok,"[""Privilege state: max_uid_euid_delta is high (p98) and auid_euid_mismatch is set -- a real identity inconsistency and privilege transition."", ""Mechanism: is_suid_exec is not set, but exec_count is high (p73) and a shell was spawned from a service context with priv_op_count elevated -- a suspicious escalation attempt."", ""Behavioural anomaly: failed_call_rate is high (p98), failed_call_count is high (p98), and parent_child_rarity is near 1 -- an exec pair essentially never seen in benign activity."", ""Benign-explanation test: very high throughput (p98) and short lifetime (p42) argue against a routine admin script, cron job, or health-check."", ""Decide: the escalation mechanism and behavioural anomalies outweigh XGBoost's benign call; this supports the CNN.""]","[""events_per_second"", ""seq_length"", ""auid_euid_mismatch"", ""failed_call_rate"", ""failed_call_count""]","{
  ""verdict"": ""MALICIOUS"",
  ""confidence"": 0.83,
  ""rationale_steps"": [
    ""Privilege state: max_uid_euid_delta is high (p98) and auid_euid_mismatch is set -- a real identity inconsistency and privilege transition."",
    ""Mechanism: is_suid_exec is not set, but exec_count is high (p73) and a shell was spawned from a service context with priv_op_count elevated -- a suspicious escalation attempt."",
    ""Behavioural anomaly: failed_call_rate is high (p98), failed_call_count is high (p98), and parent_child_rarity is near 1 -- an exec pair essentially never seen in benign activity."",
    ""Benign-explanation test: very high throughput (p98) and short lifetime (p42) argue against a routine admin script, cron job, or health-check."",
    ""Decide: the escalation mechanism and behavioural anomalies outweigh XGBoost's benign call; this supports the CNN.""
  ],
  ""key_features"": [""events_per_second"", ""seq_length"", ""auid_euid_mismatch"", ""failed_call_rate"", ""failed_call_count""],
  ""agrees_with"": ""cnn""
}"
62578,4,1,T1078_Valid_Accounts,0,1,0.5382307767868042,0.9489884972572328,xgb_benign_cnn_malicious,MALICIOUS,1,0.92,cnn,ok,"[""Privilege state: max_uid_euid_delta is high (p99+) and auid_euid_mismatch is set -- a real identity inconsistency and privilege transition."", ""Mechanism: is_suid_exec is set and a shell was spawned from a service context with priv_op_count elevated -- a classic setuid-shell escalation."", ""Behavioural anomaly: parent_child_rarity is near 1 (essentially never seen in benign activity) and events_per_second is extremely high (p93) -- an unusual syscall throughput."", ""Benign-explanation test: very short lifetime (p36) and low throughput argue against a routine admin script, cron job, or health-check."", ""Decide: the escalation mechanism, sensitive-path access, and unusual syscall throughput outweigh XGBoost's benign call; this supports the CNN.""]","[""parent_child_rarity"", ""lifetime_seconds"", ""events_per_second"", ""max_uid_euid_delta"", ""auid_euid_mismatch""]","{
  ""verdict"": ""MALICIOUS"",
  ""confidence"": 0.92,
  ""rationale_steps"": [
    ""Privilege state: max_uid_euid_delta is high (p99+) and auid_euid_mismatch is set -- a real identity inconsistency and privilege transition."",
    ""Mechanism: is_suid_exec is set and a shell was spawned from a service context with priv_op_count elevated -- a classic setuid-shell escalation."",
    ""Behavioural anomaly: parent_child_rarity is near 1 (essentially never seen in benign activity) and events_per_second is extremely high (p93) -- an unusual syscall throughput."",
    ""Benign-explanation test: very short lifetime (p36) and low throughput argue against a routine admin script, cron job, or health-check."",
    ""Decide: the escalation mechanism, sensitive-path access, and unusual syscall throughput outweigh XGBoost's benign call; this supports the CNN.""
  ],
  ""key_features"": [""parent_child_rarity"", ""lifetime_seconds"", ""events_per_second"", ""max_uid_euid_delta"", ""auid_euid_mismatch""],
  ""agrees_with"": ""cnn""
}"
62731,4,0,benign,0,1,0.5382307767868042,0.9489884972572328,xgb_benign_cnn_malicious,MALICIOUS,1,0.92,cnn,ok,"[""Privilege state: max_uid_euid_delta is high (p99+) and auid_euid_mismatch is set -- a real identity inconsistency and privilege transition."", ""Mechanism: is_suid_exec is set and a shell was spawned from a service context with priv_op_count elevated -- a classic setuid-shell escalation."", ""Behavioural anomaly: parent_child_rarity is near 1 (essentially never seen in benign activity) and events_per_second is extremely high (p93) -- an unusual syscall throughput."", ""Benign-explanation test: very short lifetime (p36) and low throughput argue against a routine admin script, cron job, or health-check."", ""Decide: the escalation mechanism, sensitive-path access, and unusual syscall throughput outweigh XGBoost's benign call; this supports the CNN.""]","[""parent_child_rarity"", ""lifetime_seconds"", ""events_per_second"", ""max_uid_euid_delta"", ""auid_euid_mismatch""]","{
  ""verdict"": ""MALICIOUS"",
  ""confidence"": 0.92,
  ""rationale_steps"": [
    ""Privilege state: max_uid_euid_delta is high (p99+) and auid_euid_mismatch is set -- a real identity inconsistency and privilege transition."",
    ""Mechanism: is_suid_exec is set and a shell was spawned from a service context with priv_op_count elevated -- a classic setuid-shell escalation."",
    ""Behavioural anomaly: parent_child_rarity is near 1 (essentially never seen in benign activity) and events_per_second is extremely high (p93) -- an unusual syscall throughput."",
    ""Benign-explanation test: very short lifetime (p36) and low throughput argue against a routine admin script, cron job, or health-check."",
    ""Decide: the escalation mechanism, sensitive-path access, and unusual syscall throughput outweigh XGBoost's benign call; this supports the CNN.""
  ],
  ""key_features"": [""parent_child_rarity"", ""lifetime_seconds"", ""events_per_second"", ""max_uid_euid_delta"", ""auid_euid_mismatch""],
  ""agrees_with"": ""cnn""
}"
62945,3,0,benign,0,1,0.6923177242279053,0.9917534589767456,xgb_benign_cnn_malicious,MALICIOUS,1,0.92,cnn,ok,"[""Privilege state: max_uid_euid_delta is high (p98) and auid_euid_mismatch is set -- a real identity inconsistency and privilege transition."", ""Mechanism: is_suid_exec is set and a shell was spawned from a service context with priv_op_count elevated -- a classic setuid-shell escalation."", ""Behavioural anomaly: parent_child_rarity is near 1 (essentially never seen in benign activity) and unique_syscalls is high (p98) -- an exec pair and syscall types essentially never seen in benign activity."", ""Benign-explanation test: very short lifetime (p42) and high throughput argue against a routine admin script, cron job, or health-check."", ""Decide: the escalation mechanism, sensitive-path access, and behavioural anomalies outweigh XGBoost's benign call; this supports the CNN.""]","[""unique_syscalls"", ""exec_count"", ""parent_child_rarity"", ""seq_length"", ""lifetime_seconds""]","{
  ""verdict"": ""MALICIOUS"",
  ""confidence"": 0.92,
  ""rationale_steps"": [
    ""Privilege state: max_uid_euid_delta is high (p98) and auid_euid_mismatch is set -- a real identity inconsistency and privilege transition."",
    ""Mechanism: is_suid_exec is set and a shell was spawned from a service context with priv_op_count elevated -- a classic setuid-shell escalation."",
    ""Behavioural anomaly: parent_child_rarity is near 1 (essentially never seen in benign activity) and unique_syscalls is high (p98) -- an exec pair and syscall types essentially never seen in benign activity."",
    ""Benign-explanation test: very short lifetime (p42) and high throughput argue against a routine admin script, cron job, or health-check."",
    ""Decide: the escalation mechanism, sensitive-path access, and behavioural anomalies outweigh XGBoost's benign call; this supports the CNN.""
  ],
  ""key_features"": [""unique_syscalls"", ""exec_count"", ""parent_child_rarity"", ""seq_length"", ""lifetime_seconds""],
  ""agrees_with"": ""cnn""
}"
63440,4,0,benign,0,1,0.5382307767868042,0.9489884972572328,xgb_benign_cnn_malicious,MALICIOUS,1,0.92,cnn,ok,"[""Privilege state: max_uid_euid_delta is high (p99+) and auid_euid_mismatch is set -- a real identity inconsistency and privilege transition."", ""Mechanism: is_suid_exec is set and a shell was spawned from a service context with priv_op_count elevated -- a classic setuid-shell escalation."", ""Behavioural anomaly: parent_child_rarity is near 1 (essentially never seen in benign activity) and events_per_second is extremely high (p93) -- an unusual syscall throughput."", ""Benign-explanation test: very short lifetime (p36) and low throughput argue against a routine admin script, cron job, or health-check."", ""Decide: the escalation mechanism, sensitive-path access, and unusual syscall throughput outweigh XGBoost's benign call; this supports the CNN.""]","[""parent_child_rarity"", ""lifetime_seconds"", ""events_per_second"", ""max_uid_euid_delta"", ""auid_euid_mismatch""]","{
  ""verdict"": ""MALICIOUS"",
  ""confidence"": 0.92,
  ""rationale_steps"": [
    ""Privilege state: max_uid_euid_delta is high (p99+) and auid_euid_mismatch is set -- a real identity inconsistency and privilege transition."",
    ""Mechanism: is_suid_exec is set and a shell was spawned from a service context with priv_op_count elevated -- a classic setuid-shell escalation."",
    ""Behavioural anomaly: parent_child_rarity is near 1 (essentially never seen in benign activity) and events_per_second is extremely high (p93) -- an unusual syscall throughput."",
    ""Benign-explanation test: very short lifetime (p36) and low throughput argue against a routine admin script, cron job, or health-check."",
    ""Decide: the escalation mechanism, sensitive-path access, and unusual syscall throughput outweigh XGBoost's benign call; this supports the CNN.""
  ],
  ""key_features"": [""parent_child_rarity"", ""lifetime_seconds"", ""events_per_second"", ""max_uid_euid_delta"", ""auid_euid_mismatch""],
  ""agrees_with"": ""cnn""
}"
63551,3,0,benign,0,1,0.6923177242279053,0.9917534589767456,xgb_benign_cnn_malicious,MALICIOUS,1,0.92,cnn,ok,"[""Privilege state: max_uid_euid_delta is high (p98) and auid_euid_mismatch is set -- a real identity inconsistency and privilege transition."", ""Mechanism: is_suid_exec is set and a shell was spawned from a service context with priv_op_count elevated -- a classic setuid-shell escalation."", ""Behavioural anomaly: parent_child_rarity is near 1 (essentially never seen in benign activity) and unique_syscalls is high (p98) -- an exec pair and syscall types essentially never seen in benign activity."", ""Benign-explanation test: very short lifetime (p42) and high throughput argue against a routine admin script, cron job, or health-check."", ""Decide: the escalation mechanism, sensitive-path access, and behavioural anomalies outweigh XGBoost's benign call; this supports the CNN.""]","[""unique_syscalls"", ""exec_count"", ""parent_child_rarity"", ""seq_length"", ""lifetime_seconds""]","{
  ""verdict"": ""MALICIOUS"",
  ""confidence"": 0.92,
  ""rationale_steps"": [
    ""Privilege state: max_uid_euid_delta is high (p98) and auid_euid_mismatch is set -- a real identity inconsistency and privilege transition."",
    ""Mechanism: is_suid_exec is set and a shell was spawned from a service context with priv_op_count elevated -- a classic setuid-shell escalation."",
    ""Behavioural anomaly: parent_child_rarity is near 1 (essentially never seen in benign activity) and unique_syscalls is high (p98) -- an exec pair and syscall types essentially never seen in benign activity."",
    ""Benign-explanation test: very short lifetime (p42) and high throughput argue against a routine admin script, cron job, or health-check."",
    ""Decide: the escalation mechanism, sensitive-path access, and behavioural anomalies outweigh XGBoost's benign call; this supports the CNN.""
  ],
  ""key_features"": [""unique_syscalls"", ""exec_count"", ""parent_child_rarity"", ""seq_length"", ""lifetime_seconds""],
  ""agrees_with"": ""cnn""
}"
63605,4,1,T1078_Valid_Accounts,0,1,0.5382307767868042,0.9489884972572328,xgb_benign_cnn_malicious,MALICIOUS,1,0.92,cnn,ok,"[""Privilege state: max_uid_euid_delta is high (p99+) and auid_euid_mismatch is set -- a real identity inconsistency and privilege transition."", ""Mechanism: is_suid_exec is set and a shell was spawned from a service context with priv_op_count elevated -- a classic setuid-shell escalation."", ""Behavioural anomaly: parent_child_rarity is near 1 (essentially never seen in benign activity) and events_per_second is extremely high (p93) -- an unusual syscall throughput."", ""Benign-explanation test: very short lifetime (p36) and low throughput argue against a routine admin script, cron job, or health-check."", ""Decide: the escalation mechanism, sensitive-path access, and unusual syscall throughput outweigh XGBoost's benign call; this supports the CNN.""]","[""parent_child_rarity"", ""lifetime_seconds"", ""events_per_second"", ""max_uid_euid_delta"", ""auid_euid_mismatch""]","{
  ""verdict"": ""MALICIOUS"",
  ""confidence"": 0.92,
  ""rationale_steps"": [
    ""Privilege state: max_uid_euid_delta is high (p99+) and auid_euid_mismatch is set -- a real identity inconsistency and privilege transition."",
    ""Mechanism: is_suid_exec is set and a shell was spawned from a service context with priv_op_count elevated -- a classic setuid-shell escalation."",
    ""Behavioural anomaly: parent_child_rarity is near 1 (essentially never seen in benign activity) and events_per_second is extremely high (p93) -- an unusual syscall throughput."",
    ""Benign-explanation test: very short lifetime (p36) and low throughput argue against a routine admin script, cron job, or health-check."",
    ""Decide: the escalation mechanism, sensitive-path access, and unusual syscall throughput outweigh XGBoost's benign call; this supports the CNN.""
  ],
  ""key_features"": [""parent_child_rarity"", ""lifetime_seconds"", ""events_per_second"", ""max_uid_euid_delta"", ""auid_euid_mismatch""],
  ""agrees_with"": ""cnn""
}"
64295,3,0,benign,0,1,0.6923177242279053,0.9917534589767456,xgb_benign_cnn_malicious,MALICIOUS,1,0.92,cnn,ok,"[""Privilege state: max_uid_euid_delta is high (p98) and auid_euid_mismatch is set -- a real identity inconsistency and privilege transition."", ""Mechanism: is_suid_exec is set and a shell was spawned from a service context with priv_op_count elevated -- a classic setuid-shell escalation."", ""Behavioural anomaly: parent_child_rarity is near 1 (essentially never seen in benign activity) and unique_syscalls is high (p98) -- an exec pair and syscall types essentially never seen in benign activity."", ""Benign-explanation test: very short lifetime (p42) and high throughput argue against a routine admin script, cron job, or health-check."", ""Decide: the escalation mechanism, sensitive-path access, and behavioural anomalies outweigh XGBoost's benign call; this supports the CNN.""]","[""unique_syscalls"", ""exec_count"", ""parent_child_rarity"", ""seq_length"", ""lifetime_seconds""]","{
  ""verdict"": ""MALICIOUS"",
  ""confidence"": 0.92,
  ""rationale_steps"": [
    ""Privilege state: max_uid_euid_delta is high (p98) and auid_euid_mismatch is set -- a real identity inconsistency and privilege transition."",
    ""Mechanism: is_suid_exec is set and a shell was spawned from a service context with priv_op_count elevated -- a classic setuid-shell escalation."",
    ""Behavioural anomaly: parent_child_rarity is near 1 (essentially never seen in benign activity) and unique_syscalls is high (p98) -- an exec pair and syscall types essentially never seen in benign activity."",
    ""Benign-explanation test: very short lifetime (p42) and high throughput argue against a routine admin script, cron job, or health-check."",
    ""Decide: the escalation mechanism, sensitive-path access, and behavioural anomalies outweigh XGBoost's benign call; this supports the CNN.""
  ],
  ""key_features"": [""unique_syscalls"", ""exec_count"", ""parent_child_rarity"", ""seq_length"", ""lifetime_seconds""],
  ""agrees_with"": ""cnn""
}"
64546,4,1,T1078_Valid_Accounts,0,1,0.5382307767868042,0.9489884972572328,xgb_benign_cnn_malicious,MALICIOUS,1,0.92,cnn,ok,"[""Privilege state: max_uid_euid_delta is high (p99+) and auid_euid_mismatch is set -- a real identity inconsistency and privilege transition."", ""Mechanism: is_suid_exec is set and a shell was spawned from a service context with priv_op_count elevated -- a classic setuid-shell escalation."", ""Behavioural anomaly: parent_child_rarity is near 1 (essentially never seen in benign activity) and events_per_second is extremely high (p93) -- an unusual syscall throughput."", ""Benign-explanation test: very short lifetime (p36) and low throughput argue against a routine admin script, cron job, or health-check."", ""Decide: the escalation mechanism, sensitive-path access, and unusual syscall throughput outweigh XGBoost's benign call; this supports the CNN.""]","[""parent_child_rarity"", ""lifetime_seconds"", ""events_per_second"", ""max_uid_euid_delta"", ""auid_euid_mismatch""]","{
  ""verdict"": ""MALICIOUS"",
  ""confidence"": 0.92,
  ""rationale_steps"": [
    ""Privilege state: max_uid_euid_delta is high (p99+) and auid_euid_mismatch is set -- a real identity inconsistency and privilege transition."",
    ""Mechanism: is_suid_exec is set and a shell was spawned from a service context with priv_op_count elevated -- a classic setuid-shell escalation."",
    ""Behavioural anomaly: parent_child_rarity is near 1 (essentially never seen in benign activity) and events_per_second is extremely high (p93) -- an unusual syscall throughput."",
    ""Benign-explanation test: very short lifetime (p36) and low throughput argue against a routine admin script, cron job, or health-check."",
    ""Decide: the escalation mechanism, sensitive-path access, and unusual syscall throughput outweigh XGBoost's benign call; this supports the CNN.""
  ],
  ""key_features"": [""parent_child_rarity"", ""lifetime_seconds"", ""events_per_second"", ""max_uid_euid_delta"", ""auid_euid_mismatch""],
  ""agrees_with"": ""cnn""
}"
64766,4,0,benign,0,1,0.5382307767868042,0.9489884972572328,xgb_benign_cnn_malicious,MALICIOUS,1,0.92,cnn,ok,"[""Privilege state: max_uid_euid_delta is high (p99+) and auid_euid_mismatch is set -- a real identity inconsistency and privilege transition."", ""Mechanism: is_suid_exec is set and a shell was spawned from a service context with priv_op_count elevated -- a classic setuid-shell escalation."", ""Behavioural anomaly: parent_child_rarity is near 1 (essentially never seen in benign activity) and events_per_second is extremely high (p93) -- an unusual syscall throughput."", ""Benign-explanation test: very short lifetime (p36) and low throughput argue against a routine admin script, cron job, or health-check."", ""Decide: the escalation mechanism, sensitive-path access, and unusual syscall throughput outweigh XGBoost's benign call; this supports the CNN.""]","[""parent_child_rarity"", ""lifetime_seconds"", ""events_per_second"", ""max_uid_euid_delta"", ""auid_euid_mismatch""]","{
  ""verdict"": ""MALICIOUS"",
  ""confidence"": 0.92,
  ""rationale_steps"": [
    ""Privilege state: max_uid_euid_delta is high (p99+) and auid_euid_mismatch is set -- a real identity inconsistency and privilege transition."",
    ""Mechanism: is_suid_exec is set and a shell was spawned from a service context with priv_op_count elevated -- a classic setuid-shell escalation."",
    ""Behavioural anomaly: parent_child_rarity is near 1 (essentially never seen in benign activity) and events_per_second is extremely high (p93) -- an unusual syscall throughput."",
    ""Benign-explanation test: very short lifetime (p36) and low throughput argue against a routine admin script, cron job, or health-check."",
    ""Decide: the escalation mechanism, sensitive-path access, and unusual syscall throughput outweigh XGBoost's benign call; this supports the CNN.""
  ],
  ""key_features"": [""parent_child_rarity"", ""lifetime_seconds"", ""events_per_second"", ""max_uid_euid_delta"", ""auid_euid_mismatch""],
  ""agrees_with"": ""cnn""
}"
65351,3,0,benign,0,1,0.6923177242279053,0.9917534589767456,xgb_benign_cnn_malicious,MALICIOUS,1,0.92,cnn,ok,"[""Privilege state: max_uid_euid_delta is high (p98) and auid_euid_mismatch is set -- a real identity inconsistency and privilege transition."", ""Mechanism: is_suid_exec is set and a shell was spawned from a service context with priv_op_count elevated -- a classic setuid-shell escalation."", ""Behavioural anomaly: parent_child_rarity is near 1 (essentially never seen in benign activity) and unique_syscalls is high (p98) -- an exec pair and syscall types essentially never seen in benign activity."", ""Benign-explanation test: very short lifetime (p42) and high throughput argue against a routine admin script, cron job, or health-check."", ""Decide: the escalation mechanism, sensitive-path access, and behavioural anomalies outweigh XGBoost's benign call; this supports the CNN.""]","[""unique_syscalls"", ""exec_count"", ""parent_child_rarity"", ""seq_length"", ""lifetime_seconds""]","{
  ""verdict"": ""MALICIOUS"",
  ""confidence"": 0.92,
  ""rationale_steps"": [
    ""Privilege state: max_uid_euid_delta is high (p98) and auid_euid_mismatch is set -- a real identity inconsistency and privilege transition."",
    ""Mechanism: is_suid_exec is set and a shell was spawned from a service context with priv_op_count elevated -- a classic setuid-shell escalation."",
    ""Behavioural anomaly: parent_child_rarity is near 1 (essentially never seen in benign activity) and unique_syscalls is high (p98) -- an exec pair and syscall types essentially never seen in benign activity."",
    ""Benign-explanation test: very short lifetime (p42) and high throughput argue against a routine admin script, cron job, or health-check."",
    ""Decide: the escalation mechanism, sensitive-path access, and behavioural anomalies outweigh XGBoost's benign call; this supports the CNN.""
  ],
  ""key_features"": [""unique_syscalls"", ""exec_count"", ""parent_child_rarity"", ""seq_length"", ""lifetime_seconds""],
  ""agrees_with"": ""cnn""
}"
65408,4,1,T1078_Valid_Accounts,0,1,0.5382307767868042,0.9489884972572328,xgb_benign_cnn_malicious,MALICIOUS,1,0.92,cnn,ok,"[""Privilege state: max_uid_euid_delta is high (p99+) and auid_euid_mismatch is set -- a real identity inconsistency and privilege transition."", ""Mechanism: is_suid_exec is set and a shell was spawned from a service context with priv_op_count elevated -- a classic setuid-shell escalation."", ""Behavioural anomaly: parent_child_rarity is near 1 (essentially never seen in benign activity) and events_per_second is extremely high (p93) -- an unusual syscall throughput."", ""Benign-explanation test: very short lifetime (p36) and low throughput argue against a routine admin script, cron job, or health-check."", ""Decide: the escalation mechanism, sensitive-path access, and unusual syscall throughput outweigh XGBoost's benign call; this supports the CNN.""]","[""parent_child_rarity"", ""lifetime_seconds"", ""events_per_second"", ""max_uid_euid_delta"", ""auid_euid_mismatch""]","{
  ""verdict"": ""MALICIOUS"",
  ""confidence"": 0.92,
  ""rationale_steps"": [
    ""Privilege state: max_uid_euid_delta is high (p99+) and auid_euid_mismatch is set -- a real identity inconsistency and privilege transition."",
    ""Mechanism: is_suid_exec is set and a shell was spawned from a service context with priv_op_count elevated -- a classic setuid-shell escalation."",
    ""Behavioural anomaly: parent_child_rarity is near 1 (essentially never seen in benign activity) and events_per_second is extremely high (p93) -- an unusual syscall throughput."",
    ""Benign-explanation test: very short lifetime (p36) and low throughput argue against a routine admin script, cron job, or health-check."",
    ""Decide: the escalation mechanism, sensitive-path access, and unusual syscall throughput outweigh XGBoost's benign call; this supports the CNN.""
  ],
  ""key_features"": [""parent_child_rarity"", ""lifetime_seconds"", ""events_per_second"", ""max_uid_euid_delta"", ""auid_euid_mismatch""],
  ""agrees_with"": ""cnn""
}"
65497,3,0,benign,0,1,0.6923177242279053,0.9917534589767456,xgb_benign_cnn_malicious,MALICIOUS,1,0.92,cnn,ok,"[""Privilege state: max_uid_euid_delta is high (p98) and auid_euid_mismatch is set -- a real identity inconsistency and privilege transition."", ""Mechanism: is_suid_exec is set and a shell was spawned from a service context with priv_op_count elevated -- a classic setuid-shell escalation."", ""Behavioural anomaly: parent_child_rarity is near 1 (essentially never seen in benign activity) and unique_syscalls is high (p98) -- an exec pair and syscall types essentially never seen in benign activity."", ""Benign-explanation test: very short lifetime (p42) and high throughput argue against a routine admin script, cron job, or health-check."", ""Decide: the escalation mechanism, sensitive-path access, and behavioural anomalies outweigh XGBoost's benign call; this supports the CNN.""]","[""unique_syscalls"", ""exec_count"", ""parent_child_rarity"", ""seq_length"", ""lifetime_seconds""]","{
  ""verdict"": ""MALICIOUS"",
  ""confidence"": 0.92,
  ""rationale_steps"": [
    ""Privilege state: max_uid_euid_delta is high (p98) and auid_euid_mismatch is set -- a real identity inconsistency and privilege transition."",
    ""Mechanism: is_suid_exec is set and a shell was spawned from a service context with priv_op_count elevated -- a classic setuid-shell escalation."",
    ""Behavioural anomaly: parent_child_rarity is near 1 (essentially never seen in benign activity) and unique_syscalls is high (p98) -- an exec pair and syscall types essentially never seen in benign activity."",
    ""Benign-explanation test: very short lifetime (p42) and high throughput argue against a routine admin script, cron job, or health-check."",
    ""Decide: the escalation mechanism, sensitive-path access, and behavioural anomalies outweigh XGBoost's benign call; this supports the CNN.""
  ],
  ""key_features"": [""unique_syscalls"", ""exec_count"", ""parent_child_rarity"", ""seq_length"", ""lifetime_seconds""],
  ""agrees_with"": ""cnn""
}"
65562,4,1,T1078_Valid_Accounts,0,1,0.5382307767868042,0.9489884972572328,xgb_benign_cnn_malicious,MALICIOUS,1,0.92,cnn,ok,"[""Privilege state: max_uid_euid_delta is high (p99+) and auid_euid_mismatch is set -- a real identity inconsistency and privilege transition."", ""Mechanism: is_suid_exec is set and a shell was spawned from a service context with priv_op_count elevated -- a classic setuid-shell escalation."", ""Behavioural anomaly: parent_child_rarity is near 1 (essentially never seen in benign activity) and events_per_second is extremely high (p93) -- an unusual syscall throughput."", ""Benign-explanation test: very short lifetime (p36) and low throughput argue against a routine admin script, cron job, or health-check."", ""Decide: the escalation mechanism, sensitive-path access, and unusual syscall throughput outweigh XGBoost's benign call; this supports the CNN.""]","[""parent_child_rarity"", ""lifetime_seconds"", ""events_per_second"", ""max_uid_euid_delta"", ""auid_euid_mismatch""]","{
  ""verdict"": ""MALICIOUS"",
  ""confidence"": 0.92,
  ""rationale_steps"": [
    ""Privilege state: max_uid_euid_delta is high (p99+) and auid_euid_mismatch is set -- a real identity inconsistency and privilege transition."",
    ""Mechanism: is_suid_exec is set and a shell was spawned from a service context with priv_op_count elevated -- a classic setuid-shell escalation."",
    ""Behavioural anomaly: parent_child_rarity is near 1 (essentially never seen in benign activity) and events_per_second is extremely high (p93) -- an unusual syscall throughput."",
    ""Benign-explanation test: very short lifetime (p36) and low throughput argue against a routine admin script, cron job, or health-check."",
    ""Decide: the escalation mechanism, sensitive-path access, and unusual syscall throughput outweigh XGBoost's benign call; this supports the CNN.""
  ],
  ""key_features"": [""parent_child_rarity"", ""lifetime_seconds"", ""events_per_second"", ""max_uid_euid_delta"", ""auid_euid_mismatch""],
  ""agrees_with"": ""cnn""
}"
65567,3,0,benign,0,1,0.6607770323753357,0.9975231885910034,xgb_benign_cnn_malicious,MALICIOUS,1,0.92,cnn,ok,"[""Privilege state: max_uid_euid_delta is high (p99+) and auid_euid_mismatch is set -- a real identity inconsistency and privilege transition."", ""Mechanism: is_suid_exec is set and a shell was spawned from a service context with priv_op_count elevated -- a classic setuid-shell escalation."", ""Behavioural anomaly: parent_child_rarity is near 1 (essentially never seen in benign activity) and no sensitive-path access -- an unusual exec chain."", ""Benign-explanation test: very high throughput (p7) and very short lifetime (p88) argue against a routine admin script, cron job, or health-check."", ""Decide: the escalation mechanism and unusual exec chain outweigh XGBoost's benign call; this supports the CNN.""]","[""events_per_second"", ""lifetime_seconds"", ""parent_child_rarity"", ""max_uid_euid_delta"", ""auid_euid_mismatch""]","{
  ""verdict"": ""MALICIOUS"",
  ""confidence"": 0.92,
  ""rationale_steps"": [
    ""Privilege state: max_uid_euid_delta is high (p99+) and auid_euid_mismatch is set -- a real identity inconsistency and privilege transition."",
    ""Mechanism: is_suid_exec is set and a shell was spawned from a service context with priv_op_count elevated -- a classic setuid-shell escalation."",
    ""Behavioural anomaly: parent_child_rarity is near 1 (essentially never seen in benign activity) and no sensitive-path access -- an unusual exec chain."",
    ""Benign-explanation test: very high throughput (p7) and very short lifetime (p88) argue against a routine admin script, cron job, or health-check."",
    ""Decide: the escalation mechanism and unusual exec chain outweigh XGBoost's benign call; this supports the CNN.""
  ],
  ""key_features"": [""events_per_second"", ""lifetime_seconds"", ""parent_child_rarity"", ""max_uid_euid_delta"", ""auid_euid_mismatch""],
  ""agrees_with"": ""cnn""
}"
65767,4,0,benign,0,1,0.3759605586528778,0.8749561309814453,xgb_benign_cnn_malicious,MALICIOUS,1,0.92,cnn,ok,"[""Privilege state: max_uid_euid_delta is high (p99+) and auid_euid_mismatch is set -- a real identity inconsistency and privilege transition."", ""Mechanism: is_suid_exec is set and a shell was spawned from a service context with priv_op_count elevated -- a classic setuid-shell escalation."", ""Behavioural anomaly: parent_child_rarity is near 1 (essentially never seen in benign activity) and network_count is 0 -- an exec pair and network activity profile of a novel attack chain."", ""Benign-explanation test: very short lifetime (p88) and high-throughput execution from a service context is inconsistent with a routine health-check or monitoring script."", ""Decide: the escalation mechanism and sensitive-path access outweigh XGBoost's benign call; this supports the CNN.""]","[""is_suid_exec"", ""shell_from_service"", ""parent_child_rarity"", ""max_uid_euid_delta"", ""auid_euid_mismatch""]","{
  ""verdict"": ""MALICIOUS"",
  ""confidence"": 0.92,
  ""rationale_steps"": [
    ""Privilege state: max_uid_euid_delta is high (p99+) and auid_euid_mismatch is set -- a real identity inconsistency and privilege transition."",
    ""Mechanism: is_suid_exec is set and a shell was spawned from a service context with priv_op_count elevated -- a classic setuid-shell escalation."",
    ""Behavioural anomaly: parent_child_rarity is near 1 (essentially never seen in benign activity) and network_count is 0 -- an exec pair and network activity profile of a novel attack chain."",
    ""Benign-explanation test: very short lifetime (p88) and high-throughput execution from a service context is inconsistent with a routine health-check or monitoring script."",
    ""Decide: the escalation mechanism and sensitive-path access outweigh XGBoost's benign call; this supports the CNN.""
  ],
  ""key_features"": [""is_suid_exec"", ""shell_from_service"", ""parent_child_rarity"", ""max_uid_euid_delta"", ""auid_euid_mismatch""],
  ""agrees_with"": ""cnn""
}"
65900,3,0,benign,0,1,0.6923177242279053,0.9917534589767456,xgb_benign_cnn_malicious,MALICIOUS,1,0.92,cnn,ok,"[""Privilege state: max_uid_euid_delta is high (p98) and auid_euid_mismatch is set -- a real identity inconsistency and privilege transition."", ""Mechanism: is_suid_exec is set and a shell was spawned from a service context with priv_op_count elevated -- a classic setuid-shell escalation."", ""Behavioural anomaly: parent_child_rarity is near 1 (essentially never seen in benign activity) and unique_syscalls is high (p98) -- an exec pair and syscall types essentially never seen in benign activity."", ""Benign-explanation test: very short lifetime (p42) and high throughput argue against a routine admin script, cron job, or health-check."", ""Decide: the escalation mechanism, sensitive-path access, and behavioural anomalies outweigh XGBoost's benign call; this supports the CNN.""]","[""unique_syscalls"", ""exec_count"", ""parent_child_rarity"", ""seq_length"", ""lifetime_seconds""]","{
  ""verdict"": ""MALICIOUS"",
  ""confidence"": 0.92,
  ""rationale_steps"": [
    ""Privilege state: max_uid_euid_delta is high (p98) and auid_euid_mismatch is set -- a real identity inconsistency and privilege transition."",
    ""Mechanism: is_suid_exec is set and a shell was spawned from a service context with priv_op_count elevated -- a classic setuid-shell escalation."",
    ""Behavioural anomaly: parent_child_rarity is near 1 (essentially never seen in benign activity) and unique_syscalls is high (p98) -- an exec pair and syscall types essentially never seen in benign activity."",
    ""Benign-explanation test: very short lifetime (p42) and high throughput argue against a routine admin script, cron job, or health-check."",
    ""Decide: the escalation mechanism, sensitive-path access, and behavioural anomalies outweigh XGBoost's benign call; this supports the CNN.""
  ],
  ""key_features"": [""unique_syscalls"", ""exec_count"", ""parent_child_rarity"", ""seq_length"", ""lifetime_seconds""],
  ""agrees_with"": ""cnn""
}"
65915,4,0,benign,0,1,0.5382307767868042,0.9489884972572328,xgb_benign_cnn_malicious,MALICIOUS,1,0.92,cnn,ok,"[""Privilege state: max_uid_euid_delta is high (p99+) and auid_euid_mismatch is set -- a real identity inconsistency and privilege transition."", ""Mechanism: is_suid_exec is set and a shell was spawned from a service context with priv_op_count elevated -- a classic setuid-shell escalation."", ""Behavioural anomaly: parent_child_rarity is near 1 (essentially never seen in benign activity) and events_per_second is extremely high (p93) -- an unusual syscall throughput."", ""Benign-explanation test: very short lifetime (p36) and low throughput argue against a routine admin script, cron job, or health-check."", ""Decide: the escalation mechanism, sensitive-path access, and unusual syscall throughput outweigh XGBoost's benign call; this supports the CNN.""]","[""parent_child_rarity"", ""lifetime_seconds"", ""events_per_second"", ""max_uid_euid_delta"", ""auid_euid_mismatch""]","{
  ""verdict"": ""MALICIOUS"",
  ""confidence"": 0.92,
  ""rationale_steps"": [
    ""Privilege state: max_uid_euid_delta is high (p99+) and auid_euid_mismatch is set -- a real identity inconsistency and privilege transition."",
    ""Mechanism: is_suid_exec is set and a shell was spawned from a service context with priv_op_count elevated -- a classic setuid-shell escalation."",
    ""Behavioural anomaly: parent_child_rarity is near 1 (essentially never seen in benign activity) and events_per_second is extremely high (p93) -- an unusual syscall throughput."",
    ""Benign-explanation test: very short lifetime (p36) and low throughput argue against a routine admin script, cron job, or health-check."",
    ""Decide: the escalation mechanism, sensitive-path access, and unusual syscall throughput outweigh XGBoost's benign call; this supports the CNN.""
  ],
  ""key_features"": [""parent_child_rarity"", ""lifetime_seconds"", ""events_per_second"", ""max_uid_euid_delta"", ""auid_euid_mismatch""],
  ""agrees_with"": ""cnn""
}"
65944,4,1,T1078_Valid_Accounts,0,1,0.612684965133667,0.7579640746116638,xgb_benign_cnn_malicious,MALICIOUS,1,0.83,cnn,ok,"[""Privilege state: auid_euid_mismatch is set, indicating an identity inconsistency, but max_uid_euid_delta is low, suggesting no genuine UID/EUID transition."", ""Mechanism: is_suid_exec is not set, but exec_count is high, indicating a potential escalation attempt."", ""Behavioural anomaly: events_per_second is extremely high, indicating a potential attack, and parent_child_rarity is near 1, indicating a rare exec pair."", ""Benign-explanation test: the short lifetime and high throughput make it unlikely to be a routine admin script, cron job, or health-check."", ""Decide: the high syscall throughput and rare exec pair outweigh XGBoost's benign call; this supports the CNN.""]","[""events_per_second"", ""seq_length"", ""auid_euid_mismatch"", ""failed_call_count"", ""exec_count""]","{
  ""verdict"": ""MALICIOUS"",
  ""confidence"": 0.83,
  ""rationale_steps"": [
    ""Privilege state: auid_euid_mismatch is set, indicating an identity inconsistency, but max_uid_euid_delta is low, suggesting no genuine UID/EUID transition."",
    ""Mechanism: is_suid_exec is not set, but exec_count is high, indicating a potential escalation attempt."",
    ""Behavioural anomaly: events_per_second is extremely high, indicating a potential attack, and parent_child_rarity is near 1, indicating a rare exec pair."",
    ""Benign-explanation test: the short lifetime and high throughput make it unlikely to be a routine admin script, cron job, or health-check."",
    ""Decide: the high syscall throughput and rare exec pair outweigh XGBoost's benign call; this supports the CNN.""
  ],
  ""key_features"": [""events_per_second"", ""seq_length"", ""auid_euid_mismatch"", ""failed_call_count"", ""exec_count""],
  ""agrees_with"": ""cnn""
}"
65956,4,0,benign,0,1,0.5974626541137695,0.8567609786987305,xgb_benign_cnn_malicious,MALICIOUS,1,0.86,cnn,ok,"[""Privilege state: auid_euid_mismatch is set, but max_uid_euid_delta is low -- a potential identity inconsistency without a clear privilege transition."", ""Mechanism: is_suid_exec is set, but without a clear escalation mechanism or elevated priv_op_count, it's a weak signal on its own."", ""Behavioural anomaly: parent_child_rarity is near 1 (a common, previously-seen exec pair) and no sensitive-path access -- not the profile of a novel attack chain."", ""Benign-explanation test: very high throughput (p99+) and short lifetime (p42) argue against a routine admin script, cron job, or health-check."", ""Decide: the escalation mechanism and potential identity inconsistency outweigh XGBoost's benign call; this supports the CNN.""]","[""events_per_second"", ""seq_length"", ""failed_call_count"", ""exec_count"", ""parent_child_rarity""]","{
  ""verdict"": ""MALICIOUS"",
  ""confidence"": 0.86,
  ""rationale_steps"": [
    ""Privilege state: auid_euid_mismatch is set, but max_uid_euid_delta is low -- a potential identity inconsistency without a clear privilege transition."",
    ""Mechanism: is_suid_exec is set, but without a clear escalation mechanism or elevated priv_op_count, it's a weak signal on its own."",
    ""Behavioural anomaly: parent_child_rarity is near 1 (a common, previously-seen exec pair) and no sensitive-path access -- not the profile of a novel attack chain."",
    ""Benign-explanation test: very high throughput (p99+) and short lifetime (p42) argue against a routine admin script, cron job, or health-check."",
    ""Decide: the escalation mechanism and potential identity inconsistency outweigh XGBoost's benign call; this supports the CNN.""
  ],
  ""key_features"": [""events_per_second"", ""seq_length"", ""failed_call_count"", ""exec_count"", ""parent_child_rarity""],
  ""agrees_with"": ""cnn""
}"
66139,4,1,T1078_Valid_Accounts,0,1,0.5382307767868042,0.9489884972572328,xgb_benign_cnn_malicious,MALICIOUS,1,0.92,cnn,ok,"[""Privilege state: max_uid_euid_delta is high (p99+) and auid_euid_mismatch is set -- a real identity inconsistency and privilege transition."", ""Mechanism: is_suid_exec is set and a shell was spawned from a service context with priv_op_count elevated -- a classic setuid-shell escalation."", ""Behavioural anomaly: parent_child_rarity is near 1 (essentially never seen in benign activity) and events_per_second is extremely high (p93) -- an unusual syscall throughput."", ""Benign-explanation test: very short lifetime (p36) and low throughput argue against a routine admin script, cron job, or health-check."", ""Decide: the escalation mechanism, sensitive-path access, and unusual syscall throughput outweigh XGBoost's benign call; this supports the CNN.""]","[""parent_child_rarity"", ""lifetime_seconds"", ""events_per_second"", ""max_uid_euid_delta"", ""auid_euid_mismatch""]","{
  ""verdict"": ""MALICIOUS"",
  ""confidence"": 0.92,
  ""rationale_steps"": [
    ""Privilege state: max_uid_euid_delta is high (p99+) and auid_euid_mismatch is set -- a real identity inconsistency and privilege transition."",
    ""Mechanism: is_suid_exec is set and a shell was spawned from a service context with priv_op_count elevated -- a classic setuid-shell escalation."",
    ""Behavioural anomaly: parent_child_rarity is near 1 (essentially never seen in benign activity) and events_per_second is extremely high (p93) -- an unusual syscall throughput."",
    ""Benign-explanation test: very short lifetime (p36) and low throughput argue against a routine admin script, cron job, or health-check."",
    ""Decide: the escalation mechanism, sensitive-path access, and unusual syscall throughput outweigh XGBoost's benign call; this supports the CNN.""
  ],
  ""key_features"": [""parent_child_rarity"", ""lifetime_seconds"", ""events_per_second"", ""max_uid_euid_delta"", ""auid_euid_mismatch""],
  ""agrees_with"": ""cnn""
}"
66363,4,1,T1078_Valid_Accounts,0,1,0.5382307767868042,0.9489884972572328,xgb_benign_cnn_malicious,MALICIOUS,1,0.92,cnn,ok,"[""Privilege state: max_uid_euid_delta is high (p99+) and auid_euid_mismatch is set -- a real identity inconsistency and privilege transition."", ""Mechanism: is_suid_exec is set and a shell was spawned from a service context with priv_op_count elevated -- a classic setuid-shell escalation."", ""Behavioural anomaly: parent_child_rarity is near 1 (essentially never seen in benign activity) and events_per_second is extremely high (p93) -- an unusual syscall throughput."", ""Benign-explanation test: very short lifetime (p36) and low throughput argue against a routine admin script, cron job, or health-check."", ""Decide: the escalation mechanism, sensitive-path access, and unusual syscall throughput outweigh XGBoost's benign call; this supports the CNN.""]","[""parent_child_rarity"", ""lifetime_seconds"", ""events_per_second"", ""max_uid_euid_delta"", ""auid_euid_mismatch""]","{
  ""verdict"": ""MALICIOUS"",
  ""confidence"": 0.92,
  ""rationale_steps"": [
    ""Privilege state: max_uid_euid_delta is high (p99+) and auid_euid_mismatch is set -- a real identity inconsistency and privilege transition."",
    ""Mechanism: is_suid_exec is set and a shell was spawned from a service context with priv_op_count elevated -- a classic setuid-shell escalation."",
    ""Behavioural anomaly: parent_child_rarity is near 1 (essentially never seen in benign activity) and events_per_second is extremely high (p93) -- an unusual syscall throughput."",
    ""Benign-explanation test: very short lifetime (p36) and low throughput argue against a routine admin script, cron job, or health-check."",
    ""Decide: the escalation mechanism, sensitive-path access, and unusual syscall throughput outweigh XGBoost's benign call; this supports the CNN.""
  ],
  ""key_features"": [""parent_child_rarity"", ""lifetime_seconds"", ""events_per_second"", ""max_uid_euid_delta"", ""auid_euid_mismatch""],
  ""agrees_with"": ""cnn""
}"
66781,4,0,benign,0,1,0.4626511931419372,0.7419862747192383,xgb_benign_cnn_malicious,MALICIOUS,1,0.83,cnn,ok,"[""Privilege state: max_uid_euid_delta is high (p98) and auid_euid_mismatch is set -- a real identity inconsistency and privilege transition."", ""Mechanism: is_suid_exec is not set, but exec_count is high (p73) and a shell was spawned from a service context with priv_op_count elevated -- a suspicious escalation attempt."", ""Behavioural anomaly: failed_call_rate is high (p98), failed_call_count is high (p98), and parent_child_rarity is near 1 -- an exec pair essentially never seen in benign activity."", ""Benign-explanation test: very high throughput (p98) and short lifetime (p42) argue against a routine admin script, cron job, or health-check."", ""Decide: the escalation mechanism and behavioural anomalies outweigh XGBoost's benign call; this supports the CNN.""]","[""events_per_second"", ""seq_length"", ""auid_euid_mismatch"", ""failed_call_rate"", ""failed_call_count""]","{
  ""verdict"": ""MALICIOUS"",
  ""confidence"": 0.83,
  ""rationale_steps"": [
    ""Privilege state: max_uid_euid_delta is high (p98) and auid_euid_mismatch is set -- a real identity inconsistency and privilege transition."",
    ""Mechanism: is_suid_exec is not set, but exec_count is high (p73) and a shell was spawned from a service context with priv_op_count elevated -- a suspicious escalation attempt."",
    ""Behavioural anomaly: failed_call_rate is high (p98), failed_call_count is high (p98), and parent_child_rarity is near 1 -- an exec pair essentially never seen in benign activity."",
    ""Benign-explanation test: very high throughput (p98) and short lifetime (p42) argue against a routine admin script, cron job, or health-check."",
    ""Decide: the escalation mechanism and behavioural anomalies outweigh XGBoost's benign call; this supports the CNN.""
  ],
  ""key_features"": [""events_per_second"", ""seq_length"", ""auid_euid_mismatch"", ""failed_call_rate"", ""failed_call_count""],
  ""agrees_with"": ""cnn""
}"
66802,4,0,benign,0,1,0.4626511931419372,0.7419862747192383,xgb_benign_cnn_malicious,MALICIOUS,1,0.83,cnn,ok,"[""Privilege state: auid_euid_mismatch is set, indicating an identity inconsistency, but max_uid_euid_delta is low, suggesting no genuine UID/EUID transition."", ""Mechanism: is_suid_exec is not set, but exec_count is elevated, which could indicate an unusual exec chain."", ""Behavioural anomaly: failed_call_rate and failed_call_count are both high, indicating a high rate of failed syscalls, and parent_child_rarity is near 1, indicating a rare parent->child exec pair."", ""Benign-explanation test: the short lifetime and high throughput do not strongly suggest a routine admin script, cron job, or health-check."", ""Decide: the combination of failed_call_rate, failed_call_count, and parent_child_rarity outweighs XGBoost's benign call, supporting CNN's flag on this one feature.""]","[""events_per_second"", ""seq_length"", ""auid_euid_mismatch"", ""failed_call_rate"", ""failed_call_count""]","{
  ""verdict"": ""MALICIOUS"",
  ""confidence"": 0.83,
  ""rationale_steps"": [
    ""Privilege state: auid_euid_mismatch is set, indicating an identity inconsistency, but max_uid_euid_delta is low, suggesting no genuine UID/EUID transition."",
    ""Mechanism: is_suid_exec is not set, but exec_count is elevated, which could indicate an unusual exec chain."",
    ""Behavioural anomaly: failed_call_rate and failed_call_count are both high, indicating a high rate of failed syscalls, and parent_child_rarity is near 1, indicating a rare parent->child exec pair."",
    ""Benign-explanation test: the short lifetime and high throughput do not strongly suggest a routine admin script, cron job, or health-check."",
    ""Decide: the combination of failed_call_rate, failed_call_count, and parent_child_rarity outweighs XGBoost's benign call, supporting CNN's flag on this one feature.""
  ],
  ""key_features"": [""events_per_second"", ""seq_length"", ""auid_euid_mismatch"", ""failed_call_rate"", ""failed_call_count""],
  ""agrees_with"": ""cnn""
}"
66809,3,1,T1078_Valid_Accounts,0,1,0.6923177242279053,0.9917534589767456,xgb_benign_cnn_malicious,MALICIOUS,1,0.92,cnn,ok,"[""Privilege state: max_uid_euid_delta is high (p98) and auid_euid_mismatch is set -- a real identity inconsistency and privilege transition."", ""Mechanism: is_suid_exec is set and a shell was spawned from a service context with priv_op_count elevated -- a classic setuid-shell escalation."", ""Behavioural anomaly: parent_child_rarity is near 1 (essentially never seen in benign activity) and unique_syscalls is high (p98) -- an exec pair and syscall types essentially never seen in benign activity."", ""Benign-explanation test: very short lifetime (p42) and high throughput argue against a routine admin script, cron job, or health-check."", ""Decide: the escalation mechanism, sensitive-path access, and behavioural anomalies outweigh XGBoost's benign call; this supports the CNN.""]","[""unique_syscalls"", ""exec_count"", ""parent_child_rarity"", ""seq_length"", ""lifetime_seconds""]","{
  ""verdict"": ""MALICIOUS"",
  ""confidence"": 0.92,
  ""rationale_steps"": [
    ""Privilege state: max_uid_euid_delta is high (p98) and auid_euid_mismatch is set -- a real identity inconsistency and privilege transition."",
    ""Mechanism: is_suid_exec is set and a shell was spawned from a service context with priv_op_count elevated -- a classic setuid-shell escalation."",
    ""Behavioural anomaly: parent_child_rarity is near 1 (essentially never seen in benign activity) and unique_syscalls is high (p98) -- an exec pair and syscall types essentially never seen in benign activity."",
    ""Benign-explanation test: very short lifetime (p42) and high throughput argue against a routine admin script, cron job, or health-check."",
    ""Decide: the escalation mechanism, sensitive-path access, and behavioural anomalies outweigh XGBoost's benign call; this supports the CNN.""
  ],
  ""key_features"": [""unique_syscalls"", ""exec_count"", ""parent_child_rarity"", ""seq_length"", ""lifetime_seconds""],
  ""agrees_with"": ""cnn""
}"
66826,3,1,T1078_Valid_Accounts,0,1,0.5248250365257263,0.9974316954612732,xgb_benign_cnn_malicious,MALICIOUS,1,0.92,cnn,ok,"[""Privilege state: auid_euid_mismatch is set, indicating an identity inconsistency, and max_uid_euid_delta is low, suggesting a lack of genuine privilege transition."", ""Mechanism: is_suid_exec is set, indicating a setuid/setgid binary was executed, and shell_from_service is set, indicating a shell was spawned from a service context, which is a classic escalation mechanism."", ""Behavioural anomaly: failed_call_rate is high, indicating a high rate of failed syscalls, and parent_child_rarity is near 1, indicating an exec pair essentially never seen in benign activity."", ""Benign-explanation test: the short lifetime and high throughput argue against a routine admin script, cron job, or health-check."", ""Decide: the escalation mechanism and behavioural anomalies outweigh XGBoost's benign call; this supports the CNN's flag.""]","[""failed_call_rate"", ""parent_child_rarity"", ""max_uid_euid_delta"", ""is_suid_exec"", ""shell_from_service""]","{
  ""verdict"": ""MALICIOUS"",
  ""confidence"": 0.92,
  ""rationale_steps"": [
    ""Privilege state: auid_euid_mismatch is set, indicating an identity inconsistency, and max_uid_euid_delta is low, suggesting a lack of genuine privilege transition."",
    ""Mechanism: is_suid_exec is set, indicating a setuid/setgid binary was executed, and shell_from_service is set, indicating a shell was spawned from a service context, which is a classic escalation mechanism."",
    ""Behavioural anomaly: failed_call_rate is high, indicating a high rate of failed syscalls, and parent_child_rarity is near 1, indicating an exec pair essentially never seen in benign activity."",
    ""Benign-explanation test: the short lifetime and high throughput argue against a routine admin script, cron job, or health-check."",
    ""Decide: the escalation mechanism and behavioural anomalies outweigh XGBoost's benign call; this supports the CNN's flag.""
  ],
  ""key_features"": [""failed_call_rate"", ""parent_child_rarity"", ""max_uid_euid_delta"", ""is_suid_exec"", ""shell_from_service""],
  ""agrees_with"": ""cnn""
}"
67123,4,0,benign,0,1,0.5382307767868042,0.9489884972572328,xgb_benign_cnn_malicious,MALICIOUS,1,0.92,cnn,ok,"[""Privilege state: max_uid_euid_delta is high (p99+) and auid_euid_mismatch is set -- a real identity inconsistency and privilege transition."", ""Mechanism: is_suid_exec is set and a shell was spawned from a service context with priv_op_count elevated -- a classic setuid-shell escalation."", ""Behavioural anomaly: parent_child_rarity is near 1 (essentially never seen in benign activity) and events_per_second is extremely high (p93) -- an unusual syscall throughput."", ""Benign-explanation test: very short lifetime (p36) and low throughput argue against a routine admin script, cron job, or health-check."", ""Decide: the escalation mechanism, sensitive-path access, and unusual syscall throughput outweigh XGBoost's benign call; this supports the CNN.""]","[""parent_child_rarity"", ""lifetime_seconds"", ""events_per_second"", ""max_uid_euid_delta"", ""auid_euid_mismatch""]","{
  ""verdict"": ""MALICIOUS"",
  ""confidence"": 0.92,
  ""rationale_steps"": [
    ""Privilege state: max_uid_euid_delta is high (p99+) and auid_euid_mismatch is set -- a real identity inconsistency and privilege transition."",
    ""Mechanism: is_suid_exec is set and a shell was spawned from a service context with priv_op_count elevated -- a classic setuid-shell escalation."",
    ""Behavioural anomaly: parent_child_rarity is near 1 (essentially never seen in benign activity) and events_per_second is extremely high (p93) -- an unusual syscall throughput."",
    ""Benign-explanation test: very short lifetime (p36) and low throughput argue against a routine admin script, cron job, or health-check."",
    ""Decide: the escalation mechanism, sensitive-path access, and unusual syscall throughput outweigh XGBoost's benign call; this supports the CNN.""
  ],
  ""key_features"": [""parent_child_rarity"", ""lifetime_seconds"", ""events_per_second"", ""max_uid_euid_delta"", ""auid_euid_mismatch""],
  ""agrees_with"": ""cnn""
}"
67225,3,1,T1078_Valid_Accounts,0,1,0.5248250365257263,0.9974316954612732,xgb_benign_cnn_malicious,MALICIOUS,1,0.92,cnn,ok,"[""Privilege state: auid_euid_mismatch is set, indicating an identity inconsistency, and max_uid_euid_delta is low, suggesting a lack of genuine privilege transition."", ""Mechanism: is_suid_exec is set, indicating a setuid/setgid binary was executed, and shell_from_service is set, indicating a shell was spawned from a service context, which is a classic escalation mechanism."", ""Behavioural anomaly: failed_call_rate is high, indicating a high rate of failed syscalls, and parent_child_rarity is near 1, indicating an exec pair essentially never seen in benign activity."", ""Benign-explanation test: the short lifetime and high throughput argue against a routine admin script, cron job, or health-check."", ""Decide: the escalation mechanism and behavioural anomalies outweigh XGBoost's benign call; this supports the CNN's flag.""]","[""failed_call_rate"", ""parent_child_rarity"", ""max_uid_euid_delta"", ""is_suid_exec"", ""shell_from_service""]","{
  ""verdict"": ""MALICIOUS"",
  ""confidence"": 0.92,
  ""rationale_steps"": [
    ""Privilege state: auid_euid_mismatch is set, indicating an identity inconsistency, and max_uid_euid_delta is low, suggesting a lack of genuine privilege transition."",
    ""Mechanism: is_suid_exec is set, indicating a setuid/setgid binary was executed, and shell_from_service is set, indicating a shell was spawned from a service context, which is a classic escalation mechanism."",
    ""Behavioural anomaly: failed_call_rate is high, indicating a high rate of failed syscalls, and parent_child_rarity is near 1, indicating an exec pair essentially never seen in benign activity."",
    ""Benign-explanation test: the short lifetime and high throughput argue against a routine admin script, cron job, or health-check."",
    ""Decide: the escalation mechanism and behavioural anomalies outweigh XGBoost's benign call; this supports the CNN's flag.""
  ],
  ""key_features"": [""failed_call_rate"", ""parent_child_rarity"", ""max_uid_euid_delta"", ""is_suid_exec"", ""shell_from_service""],
  ""agrees_with"": ""cnn""
}"
67315,3,1,T1078_Valid_Accounts,0,1,0.6923177242279053,0.9917534589767456,xgb_benign_cnn_malicious,MALICIOUS,1,0.92,cnn,ok,"[""Privilege state: max_uid_euid_delta is high (p98) and auid_euid_mismatch is set -- a real identity inconsistency and privilege transition."", ""Mechanism: is_suid_exec is set and a shell was spawned from a service context with priv_op_count elevated -- a classic setuid-shell escalation."", ""Behavioural anomaly: parent_child_rarity is near 1 (essentially never seen in benign activity) and unique_syscalls is high (p98) -- an exec pair and syscall types essentially never seen in benign activity."", ""Benign-explanation test: very short lifetime (p42) and high throughput argue against a routine admin script, cron job, or health-check."", ""Decide: the escalation mechanism, sensitive-path access, and behavioural anomalies outweigh XGBoost's benign call; this supports the CNN.""]","[""unique_syscalls"", ""exec_count"", ""parent_child_rarity"", ""seq_length"", ""lifetime_seconds""]","{
  ""verdict"": ""MALICIOUS"",
  ""confidence"": 0.92,
  ""rationale_steps"": [
    ""Privilege state: max_uid_euid_delta is high (p98) and auid_euid_mismatch is set -- a real identity inconsistency and privilege transition."",
    ""Mechanism: is_suid_exec is set and a shell was spawned from a service context with priv_op_count elevated -- a classic setuid-shell escalation."",
    ""Behavioural anomaly: parent_child_rarity is near 1 (essentially never seen in benign activity) and unique_syscalls is high (p98) -- an exec pair and syscall types essentially never seen in benign activity."",
    ""Benign-explanation test: very short lifetime (p42) and high throughput argue against a routine admin script, cron job, or health-check."",
    ""Decide: the escalation mechanism, sensitive-path access, and behavioural anomalies outweigh XGBoost's benign call; this supports the CNN.""
  ],
  ""key_features"": [""unique_syscalls"", ""exec_count"", ""parent_child_rarity"", ""seq_length"", ""lifetime_seconds""],
  ""agrees_with"": ""cnn""
}"
67450,4,0,benign,0,1,0.4733957052230835,0.7533184885978699,xgb_benign_cnn_malicious,MALICIOUS,1,0.83,cnn,ok,"[""Privilege state: auid_euid_mismatch is set, indicating an identity inconsistency, but max_uid_euid_delta is low, suggesting no genuine UID/EUID transition."", ""Mechanism: is_suid_exec is not set, but the exec_count is elevated, which could indicate an unusual exec chain."", ""Behavioural anomaly: failed_call_rate and failed_call_count are both high, indicating a high rate of failed syscalls, and parent_child_rarity is near 1, indicating a rare parent->child exec pair."", ""Benign-explanation test: the short lifetime and high throughput do not strongly suggest a routine admin script, cron job, or health-check."", ""Decide: the combination of failed_call_rate, failed_call_count, and parent_child_rarity outweighs the lack of clear escalation evidence, supporting CNN's call.""]","[""seq_length"", ""auid_euid_mismatch"", ""failed_call_rate"", ""failed_call_count"", ""lifetime_seconds""]","{
  ""verdict"": ""MALICIOUS"",
  ""confidence"": 0.83,
  ""rationale_steps"": [
    ""Privilege state: auid_euid_mismatch is set, indicating an identity inconsistency, but max_uid_euid_delta is low, suggesting no genuine UID/EUID transition."",
    ""Mechanism: is_suid_exec is not set, but the exec_count is elevated, which could indicate an unusual exec chain."",
    ""Behavioural anomaly: failed_call_rate and failed_call_count are both high, indicating a high rate of failed syscalls, and parent_child_rarity is near 1, indicating a rare parent->child exec pair."",
    ""Benign-explanation test: the short lifetime and high throughput do not strongly suggest a routine admin script, cron job, or health-check."",
    ""Decide: the combination of failed_call_rate, failed_call_count, and parent_child_rarity outweighs the lack of clear escalation evidence, supporting CNN's call.""
  ],
  ""key_features"": [""seq_length"", ""auid_euid_mismatch"", ""failed_call_rate"", ""failed_call_count"", ""lifetime_seconds""],
  ""agrees_with"": ""cnn""
}"
67729,4,0,benign,0,1,0.4626511931419372,0.7419862747192383,xgb_benign_cnn_malicious,MALICIOUS,1,0.83,cnn,ok,"[""Privilege state: max_uid_euid_delta is high (p98) and auid_euid_mismatch is set -- a real identity inconsistency and privilege transition."", ""Mechanism: is_suid_exec is not set, but exec_count is high (p73) and a shell was spawned from a service context with priv_op_count elevated -- a suspicious escalation attempt."", ""Behavioural anomaly: failed_call_rate is high (p98), failed_call_count is high (p98), and parent_child_rarity is near 1 -- an exec pair essentially never seen in benign activity."", ""Benign-explanation test: very high throughput (p98) and short lifetime (p42) argue against a routine admin script, cron job, or health-check."", ""Decide: the escalation mechanism and behavioural anomalies outweigh XGBoost's benign call; this supports the CNN.""]","[""events_per_second"", ""seq_length"", ""auid_euid_mismatch"", ""failed_call_rate"", ""failed_call_count""]","{
  ""verdict"": ""MALICIOUS"",
  ""confidence"": 0.83,
  ""rationale_steps"": [
    ""Privilege state: max_uid_euid_delta is high (p98) and auid_euid_mismatch is set -- a real identity inconsistency and privilege transition."",
    ""Mechanism: is_suid_exec is not set, but exec_count is high (p73) and a shell was spawned from a service context with priv_op_count elevated -- a suspicious escalation attempt."",
    ""Behavioural anomaly: failed_call_rate is high (p98), failed_call_count is high (p98), and parent_child_rarity is near 1 -- an exec pair essentially never seen in benign activity."",
    ""Benign-explanation test: very high throughput (p98) and short lifetime (p42) argue against a routine admin script, cron job, or health-check."",
    ""Decide: the escalation mechanism and behavioural anomalies outweigh XGBoost's benign call; this supports the CNN.""
  ],
  ""key_features"": [""events_per_second"", ""seq_length"", ""auid_euid_mismatch"", ""failed_call_rate"", ""failed_call_count""],
  ""agrees_with"": ""cnn""
}"
67911,4,1,T1078_Valid_Accounts,0,1,0.619727611541748,0.9672528505325316,xgb_benign_cnn_malicious,MALICIOUS,1,0.92,cnn,ok,"[""Privilege state: max_uid_euid_delta is high (p99+) and auid_euid_mismatch is set -- a real identity inconsistency and privilege transition."", ""Mechanism: is_suid_exec is set and a shell was spawned from a service context with priv_op_count elevated -- a classic setuid-shell escalation."", ""Behavioural anomaly: parent_child_rarity is near 1 (essentially never seen in benign activity) and events_per_second is extremely high (p94) -- an unusual and potentially malicious process."", ""Benign-explanation test: very short lifetime (p36) and low throughput argue against a routine admin script, cron job, or health-check."", ""Decide: the escalation mechanism, sensitive-path access, and unusual process behavior outweigh XGBoost's benign call; this supports the CNN.""]","[""parent_child_rarity"", ""lifetime_seconds"", ""events_per_second"", ""max_uid_euid_delta"", ""auid_euid_mismatch""]","{
  ""verdict"": ""MALICIOUS"",
  ""confidence"": 0.92,
  ""rationale_steps"": [
    ""Privilege state: max_uid_euid_delta is high (p99+) and auid_euid_mismatch is set -- a real identity inconsistency and privilege transition."",
    ""Mechanism: is_suid_exec is set and a shell was spawned from a service context with priv_op_count elevated -- a classic setuid-shell escalation."",
    ""Behavioural anomaly: parent_child_rarity is near 1 (essentially never seen in benign activity) and events_per_second is extremely high (p94) -- an unusual and potentially malicious process."",
    ""Benign-explanation test: very short lifetime (p36) and low throughput argue against a routine admin script, cron job, or health-check."",
    ""Decide: the escalation mechanism, sensitive-path access, and unusual process behavior outweigh XGBoost's benign call; this supports the CNN.""
  ],
  ""key_features"": [""parent_child_rarity"", ""lifetime_seconds"", ""events_per_second"", ""max_uid_euid_delta"", ""auid_euid_mismatch""],
  ""agrees_with"": ""cnn""
}"
68348,4,0,benign,0,1,0.4626511931419372,0.7419862747192383,xgb_benign_cnn_malicious,MALICIOUS,1,0.83,cnn,ok,"[""Privilege state: max_uid_euid_delta is high (p98) and auid_euid_mismatch is set -- a real identity inconsistency and privilege transition."", ""Mechanism: is_suid_exec is not set, but exec_count is high (p73) and a shell was spawned from a service context with priv_op_count elevated -- a suspicious escalation attempt."", ""Behavioural anomaly: failed_call_rate is high (p98), failed_call_count is high (p98), and parent_child_rarity is near 1 -- an exec pair essentially never seen in benign activity."", ""Benign-explanation test: very high throughput (p98) and short lifetime (p42) argue against a routine admin script, cron job, or health-check."", ""Decide: the escalation mechanism and behavioural anomalies outweigh XGBoost's benign call; this supports the CNN.""]","[""events_per_second"", ""seq_length"", ""auid_euid_mismatch"", ""failed_call_rate"", ""failed_call_count""]","{
  ""verdict"": ""MALICIOUS"",
  ""confidence"": 0.83,
  ""rationale_steps"": [
    ""Privilege state: max_uid_euid_delta is high (p98) and auid_euid_mismatch is set -- a real identity inconsistency and privilege transition."",
    ""Mechanism: is_suid_exec is not set, but exec_count is high (p73) and a shell was spawned from a service context with priv_op_count elevated -- a suspicious escalation attempt."",
    ""Behavioural anomaly: failed_call_rate is high (p98), failed_call_count is high (p98), and parent_child_rarity is near 1 -- an exec pair essentially never seen in benign activity."",
    ""Benign-explanation test: very high throughput (p98) and short lifetime (p42) argue against a routine admin script, cron job, or health-check."",
    ""Decide: the escalation mechanism and behavioural anomalies outweigh XGBoost's benign call; this supports the CNN.""
  ],
  ""key_features"": [""events_per_second"", ""seq_length"", ""auid_euid_mismatch"", ""failed_call_rate"", ""failed_call_count""],
  ""agrees_with"": ""cnn""
}"
69037,4,1,T1078_Valid_Accounts,0,1,0.5382307767868042,0.9489884972572328,xgb_benign_cnn_malicious,MALICIOUS,1,0.92,cnn,ok,"[""Privilege state: max_uid_euid_delta is high (p99+) and auid_euid_mismatch is set -- a real identity inconsistency and privilege transition."", ""Mechanism: is_suid_exec is set and a shell was spawned from a service context with priv_op_count elevated -- a classic setuid-shell escalation."", ""Behavioural anomaly: parent_child_rarity is near 1 (essentially never seen in benign activity) and events_per_second is extremely high (p93) -- an unusual syscall throughput."", ""Benign-explanation test: very short lifetime (p36) and low throughput argue against a routine admin script, cron job, or health-check."", ""Decide: the escalation mechanism, sensitive-path access, and unusual syscall throughput outweigh XGBoost's benign call; this supports the CNN.""]","[""parent_child_rarity"", ""lifetime_seconds"", ""events_per_second"", ""max_uid_euid_delta"", ""auid_euid_mismatch""]","{
  ""verdict"": ""MALICIOUS"",
  ""confidence"": 0.92,
  ""rationale_steps"": [
    ""Privilege state: max_uid_euid_delta is high (p99+) and auid_euid_mismatch is set -- a real identity inconsistency and privilege transition."",
    ""Mechanism: is_suid_exec is set and a shell was spawned from a service context with priv_op_count elevated -- a classic setuid-shell escalation."",
    ""Behavioural anomaly: parent_child_rarity is near 1 (essentially never seen in benign activity) and events_per_second is extremely high (p93) -- an unusual syscall throughput."",
    ""Benign-explanation test: very short lifetime (p36) and low throughput argue against a routine admin script, cron job, or health-check."",
    ""Decide: the escalation mechanism, sensitive-path access, and unusual syscall throughput outweigh XGBoost's benign call; this supports the CNN.""
  ],
  ""key_features"": [""parent_child_rarity"", ""lifetime_seconds"", ""events_per_second"", ""max_uid_euid_delta"", ""auid_euid_mismatch""],
  ""agrees_with"": ""cnn""
}"
69299,4,0,benign,0,1,0.4626511931419372,0.7419862747192383,xgb_benign_cnn_malicious,MALICIOUS,1,0.83,cnn,ok,"[""Privilege state: max_uid_euid_delta is high (p98) and auid_euid_mismatch is set -- a real identity inconsistency and privilege transition."", ""Mechanism: is_suid_exec is not set, but exec_count is high (p73) and a shell was spawned from a service context with priv_op_count elevated -- a suspicious escalation attempt."", ""Behavioural anomaly: failed_call_rate is high (p98), failed_call_count is high (p98), and parent_child_rarity is near 1 -- an exec pair essentially never seen in benign activity."", ""Benign-explanation test: very high throughput (p98) and short lifetime (p42) argue against a routine admin script, cron job, or health-check."", ""Decide: the escalation mechanism and behavioural anomalies outweigh XGBoost's benign call; this supports the CNN.""]","[""events_per_second"", ""seq_length"", ""auid_euid_mismatch"", ""failed_call_rate"", ""failed_call_count""]","{
  ""verdict"": ""MALICIOUS"",
  ""confidence"": 0.83,
  ""rationale_steps"": [
    ""Privilege state: max_uid_euid_delta is high (p98) and auid_euid_mismatch is set -- a real identity inconsistency and privilege transition."",
    ""Mechanism: is_suid_exec is not set, but exec_count is high (p73) and a shell was spawned from a service context with priv_op_count elevated -- a suspicious escalation attempt."",
    ""Behavioural anomaly: failed_call_rate is high (p98), failed_call_count is high (p98), and parent_child_rarity is near 1 -- an exec pair essentially never seen in benign activity."",
    ""Benign-explanation test: very high throughput (p98) and short lifetime (p42) argue against a routine admin script, cron job, or health-check."",
    ""Decide: the escalation mechanism and behavioural anomalies outweigh XGBoost's benign call; this supports the CNN.""
  ],
  ""key_features"": [""events_per_second"", ""seq_length"", ""auid_euid_mismatch"", ""failed_call_rate"", ""failed_call_count""],
  ""agrees_with"": ""cnn""
}"
69322,4,0,benign,0,1,0.4626511931419372,0.7419862747192383,xgb_benign_cnn_malicious,MALICIOUS,1,0.83,cnn,ok,"[""Privilege state: auid_euid_mismatch is set, indicating an identity inconsistency, but max_uid_euid_delta is low, suggesting no genuine UID/EUID transition."", ""Mechanism: is_suid_exec is not set, but exec_count is elevated, which could indicate an unusual exec chain."", ""Behavioural anomaly: failed_call_rate and failed_call_count are both high, indicating a high rate of failed syscalls, and parent_child_rarity is near 1, indicating a rare parent->child exec pair."", ""Benign-explanation test: the short lifetime and high throughput do not strongly suggest a routine admin script, cron job, or health-check."", ""Decide: the combination of failed_call_rate, failed_call_count, and parent_child_rarity outweighs XGBoost's benign call, supporting CNN's flag on this one feature.""]","[""events_per_second"", ""seq_length"", ""auid_euid_mismatch"", ""failed_call_rate"", ""failed_call_count""]","{
  ""verdict"": ""MALICIOUS"",
  ""confidence"": 0.83,
  ""rationale_steps"": [
    ""Privilege state: auid_euid_mismatch is set, indicating an identity inconsistency, but max_uid_euid_delta is low, suggesting no genuine UID/EUID transition."",
    ""Mechanism: is_suid_exec is not set, but exec_count is elevated, which could indicate an unusual exec chain."",
    ""Behavioural anomaly: failed_call_rate and failed_call_count are both high, indicating a high rate of failed syscalls, and parent_child_rarity is near 1, indicating a rare parent->child exec pair."",
    ""Benign-explanation test: the short lifetime and high throughput do not strongly suggest a routine admin script, cron job, or health-check."",
    ""Decide: the combination of failed_call_rate, failed_call_count, and parent_child_rarity outweighs XGBoost's benign call, supporting CNN's flag on this one feature.""
  ],
  ""key_features"": [""events_per_second"", ""seq_length"", ""auid_euid_mismatch"", ""failed_call_rate"", ""failed_call_count""],
  ""agrees_with"": ""cnn""
}"
69488,4,0,benign,0,1,0.5382307767868042,0.9489884972572328,xgb_benign_cnn_malicious,MALICIOUS,1,0.92,cnn,ok,"[""Privilege state: max_uid_euid_delta is high (p99+) and auid_euid_mismatch is set -- a real identity inconsistency and privilege transition."", ""Mechanism: is_suid_exec is set and a shell was spawned from a service context with priv_op_count elevated -- a classic setuid-shell escalation."", ""Behavioural anomaly: parent_child_rarity is near 1 (essentially never seen in benign activity) and events_per_second is extremely high (p93) -- an unusual syscall throughput."", ""Benign-explanation test: very short lifetime (p36) and low throughput argue against a routine admin script, cron job, or health-check."", ""Decide: the escalation mechanism, sensitive-path access, and unusual syscall throughput outweigh XGBoost's benign call; this supports the CNN.""]","[""parent_child_rarity"", ""lifetime_seconds"", ""events_per_second"", ""max_uid_euid_delta"", ""auid_euid_mismatch""]","{
  ""verdict"": ""MALICIOUS"",
  ""confidence"": 0.92,
  ""rationale_steps"": [
    ""Privilege state: max_uid_euid_delta is high (p99+) and auid_euid_mismatch is set -- a real identity inconsistency and privilege transition."",
    ""Mechanism: is_suid_exec is set and a shell was spawned from a service context with priv_op_count elevated -- a classic setuid-shell escalation."",
    ""Behavioural anomaly: parent_child_rarity is near 1 (essentially never seen in benign activity) and events_per_second is extremely high (p93) -- an unusual syscall throughput."",
    ""Benign-explanation test: very short lifetime (p36) and low throughput argue against a routine admin script, cron job, or health-check."",
    ""Decide: the escalation mechanism, sensitive-path access, and unusual syscall throughput outweigh XGBoost's benign call; this supports the CNN.""
  ],
  ""key_features"": [""parent_child_rarity"", ""lifetime_seconds"", ""events_per_second"", ""max_uid_euid_delta"", ""auid_euid_mismatch""],
  ""agrees_with"": ""cnn""
}"
69529,4,0,benign,0,1,0.4626511931419372,0.7419862747192383,xgb_benign_cnn_malicious,MALICIOUS,1,0.83,cnn,ok,"[""Privilege state: max_uid_euid_delta is high (p98) and auid_euid_mismatch is set -- a real identity inconsistency and privilege transition."", ""Mechanism: is_suid_exec is not set, but exec_count is high (p73) and a shell was spawned from a service context with priv_op_count elevated -- a suspicious escalation attempt."", ""Behavioural anomaly: failed_call_rate is high (p98), failed_call_count is high (p98), and parent_child_rarity is near 1 -- an exec pair essentially never seen in benign activity."", ""Benign-explanation test: very high throughput (p98) and short lifetime (p42) argue against a routine admin script, cron job, or health-check."", ""Decide: the escalation mechanism and behavioural anomalies outweigh XGBoost's benign call; this supports the CNN.""]","[""events_per_second"", ""seq_length"", ""auid_euid_mismatch"", ""failed_call_rate"", ""failed_call_count""]","{
  ""verdict"": ""MALICIOUS"",
  ""confidence"": 0.83,
  ""rationale_steps"": [
    ""Privilege state: max_uid_euid_delta is high (p98) and auid_euid_mismatch is set -- a real identity inconsistency and privilege transition."",
    ""Mechanism: is_suid_exec is not set, but exec_count is high (p73) and a shell was spawned from a service context with priv_op_count elevated -- a suspicious escalation attempt."",
    ""Behavioural anomaly: failed_call_rate is high (p98), failed_call_count is high (p98), and parent_child_rarity is near 1 -- an exec pair essentially never seen in benign activity."",
    ""Benign-explanation test: very high throughput (p98) and short lifetime (p42) argue against a routine admin script, cron job, or health-check."",
    ""Decide: the escalation mechanism and behavioural anomalies outweigh XGBoost's benign call; this supports the CNN.""
  ],
  ""key_features"": [""events_per_second"", ""seq_length"", ""auid_euid_mismatch"", ""failed_call_rate"", ""failed_call_count""],
  ""agrees_with"": ""cnn""
}"
69988,4,0,benign,0,1,0.5382307767868042,0.9489884972572328,xgb_benign_cnn_malicious,MALICIOUS,1,0.92,cnn,ok,"[""Privilege state: max_uid_euid_delta is high (p99+) and auid_euid_mismatch is set -- a real identity inconsistency and privilege transition."", ""Mechanism: is_suid_exec is set and a shell was spawned from a service context with priv_op_count elevated -- a classic setuid-shell escalation."", ""Behavioural anomaly: parent_child_rarity is near 1 (essentially never seen in benign activity) and events_per_second is extremely high (p93) -- an unusual syscall throughput."", ""Benign-explanation test: very short lifetime (p36) and low throughput argue against a routine admin script, cron job, or health-check."", ""Decide: the escalation mechanism, sensitive-path access, and unusual syscall throughput outweigh XGBoost's benign call; this supports the CNN.""]","[""parent_child_rarity"", ""lifetime_seconds"", ""events_per_second"", ""max_uid_euid_delta"", ""auid_euid_mismatch""]","{
  ""verdict"": ""MALICIOUS"",
  ""confidence"": 0.92,
  ""rationale_steps"": [
    ""Privilege state: max_uid_euid_delta is high (p99+) and auid_euid_mismatch is set -- a real identity inconsistency and privilege transition."",
    ""Mechanism: is_suid_exec is set and a shell was spawned from a service context with priv_op_count elevated -- a classic setuid-shell escalation."",
    ""Behavioural anomaly: parent_child_rarity is near 1 (essentially never seen in benign activity) and events_per_second is extremely high (p93) -- an unusual syscall throughput."",
    ""Benign-explanation test: very short lifetime (p36) and low throughput argue against a routine admin script, cron job, or health-check."",
    ""Decide: the escalation mechanism, sensitive-path access, and unusual syscall throughput outweigh XGBoost's benign call; this supports the CNN.""
  ],
  ""key_features"": [""parent_child_rarity"", ""lifetime_seconds"", ""events_per_second"", ""max_uid_euid_delta"", ""auid_euid_mismatch""],
  ""agrees_with"": ""cnn""
}"
70084,4,0,benign,0,1,0.4626511931419372,0.7419862747192383,xgb_benign_cnn_malicious,MALICIOUS,1,0.83,cnn,ok,"[""Privilege state: max_uid_euid_delta is high (p98) and auid_euid_mismatch is set -- a real identity inconsistency and privilege transition."", ""Mechanism: is_suid_exec is not set, but exec_count is high (p73) and a shell was spawned from a service context with priv_op_count elevated -- a suspicious escalation attempt."", ""Behavioural anomaly: failed_call_rate is high (p98), failed_call_count is high (p98), and parent_child_rarity is near 1 -- an exec pair essentially never seen in benign activity."", ""Benign-explanation test: very high throughput (p98) and short lifetime (p42) argue against a routine admin script, cron job, or health-check."", ""Decide: the escalation mechanism and behavioural anomalies outweigh XGBoost's benign call; this supports the CNN.""]","[""events_per_second"", ""seq_length"", ""auid_euid_mismatch"", ""failed_call_rate"", ""failed_call_count""]","{
  ""verdict"": ""MALICIOUS"",
  ""confidence"": 0.83,
  ""rationale_steps"": [
    ""Privilege state: max_uid_euid_delta is high (p98) and auid_euid_mismatch is set -- a real identity inconsistency and privilege transition."",
    ""Mechanism: is_suid_exec is not set, but exec_count is high (p73) and a shell was spawned from a service context with priv_op_count elevated -- a suspicious escalation attempt."",
    ""Behavioural anomaly: failed_call_rate is high (p98), failed_call_count is high (p98), and parent_child_rarity is near 1 -- an exec pair essentially never seen in benign activity."",
    ""Benign-explanation test: very high throughput (p98) and short lifetime (p42) argue against a routine admin script, cron job, or health-check."",
    ""Decide: the escalation mechanism and behavioural anomalies outweigh XGBoost's benign call; this supports the CNN.""
  ],
  ""key_features"": [""events_per_second"", ""seq_length"", ""auid_euid_mismatch"", ""failed_call_rate"", ""failed_call_count""],
  ""agrees_with"": ""cnn""
}"
70111,4,0,benign,0,1,0.4626511931419372,0.7419862747192383,xgb_benign_cnn_malicious,MALICIOUS,1,0.83,cnn,ok,"[""Privilege state: auid_euid_mismatch is set, indicating an identity inconsistency, but max_uid_euid_delta is low, suggesting no genuine UID/EUID transition."", ""Mechanism: is_suid_exec is not set, but exec_count is elevated, which could indicate an unusual exec chain."", ""Behavioural anomaly: failed_call_rate and failed_call_count are both high, indicating a high rate of failed syscalls, and parent_child_rarity is near 1, indicating a rare parent->child exec pair."", ""Benign-explanation test: the short lifetime and high throughput do not strongly suggest a routine admin script, cron job, or health-check."", ""Decide: the combination of failed_call_rate, failed_call_count, and parent_child_rarity outweighs XGBoost's benign call, supporting CNN's flag on this one feature.""]","[""events_per_second"", ""seq_length"", ""auid_euid_mismatch"", ""failed_call_rate"", ""failed_call_count""]","{
  ""verdict"": ""MALICIOUS"",
  ""confidence"": 0.83,
  ""rationale_steps"": [
    ""Privilege state: auid_euid_mismatch is set, indicating an identity inconsistency, but max_uid_euid_delta is low, suggesting no genuine UID/EUID transition."",
    ""Mechanism: is_suid_exec is not set, but exec_count is elevated, which could indicate an unusual exec chain."",
    ""Behavioural anomaly: failed_call_rate and failed_call_count are both high, indicating a high rate of failed syscalls, and parent_child_rarity is near 1, indicating a rare parent->child exec pair."",
    ""Benign-explanation test: the short lifetime and high throughput do not strongly suggest a routine admin script, cron job, or health-check."",
    ""Decide: the combination of failed_call_rate, failed_call_count, and parent_child_rarity outweighs XGBoost's benign call, supporting CNN's flag on this one feature.""
  ],
  ""key_features"": [""events_per_second"", ""seq_length"", ""auid_euid_mismatch"", ""failed_call_rate"", ""failed_call_count""],
  ""agrees_with"": ""cnn""
}"
70202,3,1,T1078_Valid_Accounts,0,1,0.6923177242279053,0.9917534589767456,xgb_benign_cnn_malicious,MALICIOUS,1,0.92,cnn,ok,"[""Privilege state: max_uid_euid_delta is high (p98) and auid_euid_mismatch is set -- a real identity inconsistency and privilege transition."", ""Mechanism: is_suid_exec is set and a shell was spawned from a service context with priv_op_count elevated -- a classic setuid-shell escalation."", ""Behavioural anomaly: parent_child_rarity is near 1 (essentially never seen in benign activity) and unique_syscalls is high (p98) -- an exec pair and syscall types essentially never seen in benign activity."", ""Benign-explanation test: very short lifetime (p42) and high throughput argue against a routine admin script, cron job, or health-check."", ""Decide: the escalation mechanism, sensitive-path access, and behavioural anomalies outweigh XGBoost's benign call; this supports the CNN.""]","[""unique_syscalls"", ""exec_count"", ""parent_child_rarity"", ""seq_length"", ""lifetime_seconds""]","{
  ""verdict"": ""MALICIOUS"",
  ""confidence"": 0.92,
  ""rationale_steps"": [
    ""Privilege state: max_uid_euid_delta is high (p98) and auid_euid_mismatch is set -- a real identity inconsistency and privilege transition."",
    ""Mechanism: is_suid_exec is set and a shell was spawned from a service context with priv_op_count elevated -- a classic setuid-shell escalation."",
    ""Behavioural anomaly: parent_child_rarity is near 1 (essentially never seen in benign activity) and unique_syscalls is high (p98) -- an exec pair and syscall types essentially never seen in benign activity."",
    ""Benign-explanation test: very short lifetime (p42) and high throughput argue against a routine admin script, cron job, or health-check."",
    ""Decide: the escalation mechanism, sensitive-path access, and behavioural anomalies outweigh XGBoost's benign call; this supports the CNN.""
  ],
  ""key_features"": [""unique_syscalls"", ""exec_count"", ""parent_child_rarity"", ""seq_length"", ""lifetime_seconds""],
  ""agrees_with"": ""cnn""
}"
70364,4,0,benign,0,1,0.5382307767868042,0.9489884972572328,xgb_benign_cnn_malicious,MALICIOUS,1,0.92,cnn,ok,"[""Privilege state: max_uid_euid_delta is high (p99+) and auid_euid_mismatch is set -- a real identity inconsistency and privilege transition."", ""Mechanism: is_suid_exec is set and a shell was spawned from a service context with priv_op_count elevated -- a classic setuid-shell escalation."", ""Behavioural anomaly: parent_child_rarity is near 1 (essentially never seen in benign activity) and events_per_second is extremely high (p93) -- an unusual syscall throughput."", ""Benign-explanation test: very short lifetime (p36) and low throughput argue against a routine admin script, cron job, or health-check."", ""Decide: the escalation mechanism, sensitive-path access, and unusual syscall throughput outweigh XGBoost's benign call; this supports the CNN.""]","[""parent_child_rarity"", ""lifetime_seconds"", ""events_per_second"", ""max_uid_euid_delta"", ""auid_euid_mismatch""]","{
  ""verdict"": ""MALICIOUS"",
  ""confidence"": 0.92,
  ""rationale_steps"": [
    ""Privilege state: max_uid_euid_delta is high (p99+) and auid_euid_mismatch is set -- a real identity inconsistency and privilege transition."",
    ""Mechanism: is_suid_exec is set and a shell was spawned from a service context with priv_op_count elevated -- a classic setuid-shell escalation."",
    ""Behavioural anomaly: parent_child_rarity is near 1 (essentially never seen in benign activity) and events_per_second is extremely high (p93) -- an unusual syscall throughput."",
    ""Benign-explanation test: very short lifetime (p36) and low throughput argue against a routine admin script, cron job, or health-check."",
    ""Decide: the escalation mechanism, sensitive-path access, and unusual syscall throughput outweigh XGBoost's benign call; this supports the CNN.""
  ],
  ""key_features"": [""parent_child_rarity"", ""lifetime_seconds"", ""events_per_second"", ""max_uid_euid_delta"", ""auid_euid_mismatch""],
  ""agrees_with"": ""cnn""
}"
70727,3,0,benign,0,1,0.6923177242279053,0.9917534589767456,xgb_benign_cnn_malicious,MALICIOUS,1,0.92,cnn,ok,"[""Privilege state: max_uid_euid_delta is high (p98) and auid_euid_mismatch is set -- a real identity inconsistency and privilege transition."", ""Mechanism: is_suid_exec is set and a shell was spawned from a service context with priv_op_count elevated -- a classic setuid-shell escalation."", ""Behavioural anomaly: parent_child_rarity is near 1 (essentially never seen in benign activity) and unique_syscalls is high (p98) -- an exec pair and syscall types essentially never seen in benign activity."", ""Benign-explanation test: very short lifetime (p42) and high throughput argue against a routine admin script, cron job, or health-check."", ""Decide: the escalation mechanism, sensitive-path access, and behavioural anomalies outweigh XGBoost's benign call; this supports the CNN.""]","[""unique_syscalls"", ""exec_count"", ""parent_child_rarity"", ""seq_length"", ""lifetime_seconds""]","{
  ""verdict"": ""MALICIOUS"",
  ""confidence"": 0.92,
  ""rationale_steps"": [
    ""Privilege state: max_uid_euid_delta is high (p98) and auid_euid_mismatch is set -- a real identity inconsistency and privilege transition."",
    ""Mechanism: is_suid_exec is set and a shell was spawned from a service context with priv_op_count elevated -- a classic setuid-shell escalation."",
    ""Behavioural anomaly: parent_child_rarity is near 1 (essentially never seen in benign activity) and unique_syscalls is high (p98) -- an exec pair and syscall types essentially never seen in benign activity."",
    ""Benign-explanation test: very short lifetime (p42) and high throughput argue against a routine admin script, cron job, or health-check."",
    ""Decide: the escalation mechanism, sensitive-path access, and behavioural anomalies outweigh XGBoost's benign call; this supports the CNN.""
  ],
  ""key_features"": [""unique_syscalls"", ""exec_count"", ""parent_child_rarity"", ""seq_length"", ""lifetime_seconds""],
  ""agrees_with"": ""cnn""
}"
71346,4,0,benign,0,1,0.619727611541748,0.9672528505325316,xgb_benign_cnn_malicious,MALICIOUS,1,0.92,cnn,ok,"[""Privilege state: max_uid_euid_delta is high (p99+) and auid_euid_mismatch is set -- a real identity inconsistency and privilege transition."", ""Mechanism: is_suid_exec is set and a shell was spawned from a service context with priv_op_count elevated -- a classic setuid-shell escalation."", ""Behavioural anomaly: parent_child_rarity is near 1 (essentially never seen in benign activity) and events_per_second is extremely high (p94) -- an unusual and potentially malicious process."", ""Benign-explanation test: very short lifetime (p36) and low throughput argue against a routine admin script, cron job, or health-check."", ""Decide: the escalation mechanism, sensitive-path access, and unusual process behavior outweigh XGBoost's benign call; this supports the CNN.""]","[""parent_child_rarity"", ""lifetime_seconds"", ""events_per_second"", ""max_uid_euid_delta"", ""auid_euid_mismatch""]","{
  ""verdict"": ""MALICIOUS"",
  ""confidence"": 0.92,
  ""rationale_steps"": [
    ""Privilege state: max_uid_euid_delta is high (p99+) and auid_euid_mismatch is set -- a real identity inconsistency and privilege transition."",
    ""Mechanism: is_suid_exec is set and a shell was spawned from a service context with priv_op_count elevated -- a classic setuid-shell escalation."",
    ""Behavioural anomaly: parent_child_rarity is near 1 (essentially never seen in benign activity) and events_per_second is extremely high (p94) -- an unusual and potentially malicious process."",
    ""Benign-explanation test: very short lifetime (p36) and low throughput argue against a routine admin script, cron job, or health-check."",
    ""Decide: the escalation mechanism, sensitive-path access, and unusual process behavior outweigh XGBoost's benign call; this supports the CNN.""
  ],
  ""key_features"": [""parent_child_rarity"", ""lifetime_seconds"", ""events_per_second"", ""max_uid_euid_delta"", ""auid_euid_mismatch""],
  ""agrees_with"": ""cnn""
}"
72057,4,0,benign,0,1,0.5382307767868042,0.9489884972572328,xgb_benign_cnn_malicious,MALICIOUS,1,0.92,cnn,ok,"[""Privilege state: max_uid_euid_delta is high (p99+) and auid_euid_mismatch is set -- a real identity inconsistency and privilege transition."", ""Mechanism: is_suid_exec is set and a shell was spawned from a service context with priv_op_count elevated -- a classic setuid-shell escalation."", ""Behavioural anomaly: parent_child_rarity is near 1 (essentially never seen in benign activity) and events_per_second is extremely high (p93) -- an unusual syscall throughput."", ""Benign-explanation test: very short lifetime (p36) and low throughput argue against a routine admin script, cron job, or health-check."", ""Decide: the escalation mechanism, sensitive-path access, and unusual syscall throughput outweigh XGBoost's benign call; this supports the CNN.""]","[""parent_child_rarity"", ""lifetime_seconds"", ""events_per_second"", ""max_uid_euid_delta"", ""auid_euid_mismatch""]","{
  ""verdict"": ""MALICIOUS"",
  ""confidence"": 0.92,
  ""rationale_steps"": [
    ""Privilege state: max_uid_euid_delta is high (p99+) and auid_euid_mismatch is set -- a real identity inconsistency and privilege transition."",
    ""Mechanism: is_suid_exec is set and a shell was spawned from a service context with priv_op_count elevated -- a classic setuid-shell escalation."",
    ""Behavioural anomaly: parent_child_rarity is near 1 (essentially never seen in benign activity) and events_per_second is extremely high (p93) -- an unusual syscall throughput."",
    ""Benign-explanation test: very short lifetime (p36) and low throughput argue against a routine admin script, cron job, or health-check."",
    ""Decide: the escalation mechanism, sensitive-path access, and unusual syscall throughput outweigh XGBoost's benign call; this supports the CNN.""
  ],
  ""key_features"": [""parent_child_rarity"", ""lifetime_seconds"", ""events_per_second"", ""max_uid_euid_delta"", ""auid_euid_mismatch""],
  ""agrees_with"": ""cnn""
}"
72342,4,0,benign,0,1,0.4626511931419372,0.7419862747192383,xgb_benign_cnn_malicious,MALICIOUS,1,0.83,cnn,ok,"[""Privilege state: max_uid_euid_delta is high (p98) and auid_euid_mismatch is set -- a real identity inconsistency and privilege transition."", ""Mechanism: is_suid_exec is not set, but exec_count is high (p73) and a shell was spawned from a service context with priv_op_count elevated -- a suspicious escalation attempt."", ""Behavioural anomaly: failed_call_rate is high (p98), failed_call_count is high (p98), and parent_child_rarity is near 1 -- an exec pair essentially never seen in benign activity."", ""Benign-explanation test: very high throughput (p98) and short lifetime (p42) argue against a routine admin script, cron job, or health-check."", ""Decide: the escalation mechanism and behavioural anomalies outweigh XGBoost's benign call; this supports the CNN.""]","[""events_per_second"", ""seq_length"", ""auid_euid_mismatch"", ""failed_call_rate"", ""failed_call_count""]","{
  ""verdict"": ""MALICIOUS"",
  ""confidence"": 0.83,
  ""rationale_steps"": [
    ""Privilege state: max_uid_euid_delta is high (p98) and auid_euid_mismatch is set -- a real identity inconsistency and privilege transition."",
    ""Mechanism: is_suid_exec is not set, but exec_count is high (p73) and a shell was spawned from a service context with priv_op_count elevated -- a suspicious escalation attempt."",
    ""Behavioural anomaly: failed_call_rate is high (p98), failed_call_count is high (p98), and parent_child_rarity is near 1 -- an exec pair essentially never seen in benign activity."",
    ""Benign-explanation test: very high throughput (p98) and short lifetime (p42) argue against a routine admin script, cron job, or health-check."",
    ""Decide: the escalation mechanism and behavioural anomalies outweigh XGBoost's benign call; this supports the CNN.""
  ],
  ""key_features"": [""events_per_second"", ""seq_length"", ""auid_euid_mismatch"", ""failed_call_rate"", ""failed_call_count""],
  ""agrees_with"": ""cnn""
}"
72715,4,0,benign,0,1,0.5382307767868042,0.9489884972572328,xgb_benign_cnn_malicious,MALICIOUS,1,0.92,cnn,ok,"[""Privilege state: max_uid_euid_delta is high (p99+) and auid_euid_mismatch is set -- a real identity inconsistency and privilege transition."", ""Mechanism: is_suid_exec is set and a shell was spawned from a service context with priv_op_count elevated -- a classic setuid-shell escalation."", ""Behavioural anomaly: parent_child_rarity is near 1 (essentially never seen in benign activity) and events_per_second is extremely high (p93) -- an unusual syscall throughput."", ""Benign-explanation test: very short lifetime (p36) and low throughput argue against a routine admin script, cron job, or health-check."", ""Decide: the escalation mechanism, sensitive-path access, and unusual syscall throughput outweigh XGBoost's benign call; this supports the CNN.""]","[""parent_child_rarity"", ""lifetime_seconds"", ""events_per_second"", ""max_uid_euid_delta"", ""auid_euid_mismatch""]","{
  ""verdict"": ""MALICIOUS"",
  ""confidence"": 0.92,
  ""rationale_steps"": [
    ""Privilege state: max_uid_euid_delta is high (p99+) and auid_euid_mismatch is set -- a real identity inconsistency and privilege transition."",
    ""Mechanism: is_suid_exec is set and a shell was spawned from a service context with priv_op_count elevated -- a classic setuid-shell escalation."",
    ""Behavioural anomaly: parent_child_rarity is near 1 (essentially never seen in benign activity) and events_per_second is extremely high (p93) -- an unusual syscall throughput."",
    ""Benign-explanation test: very short lifetime (p36) and low throughput argue against a routine admin script, cron job, or health-check."",
    ""Decide: the escalation mechanism, sensitive-path access, and unusual syscall throughput outweigh XGBoost's benign call; this supports the CNN.""
  ],
  ""key_features"": [""parent_child_rarity"", ""lifetime_seconds"", ""events_per_second"", ""max_uid_euid_delta"", ""auid_euid_mismatch""],
  ""agrees_with"": ""cnn""
}"
72818,3,1,T1078_Valid_Accounts,0,1,0.6923177242279053,0.9917534589767456,xgb_benign_cnn_malicious,MALICIOUS,1,0.92,cnn,ok,"[""Privilege state: max_uid_euid_delta is high (p98) and auid_euid_mismatch is set -- a real identity inconsistency and privilege transition."", ""Mechanism: is_suid_exec is set and a shell was spawned from a service context with priv_op_count elevated -- a classic setuid-shell escalation."", ""Behavioural anomaly: parent_child_rarity is near 1 (essentially never seen in benign activity) and unique_syscalls is high (p98) -- an exec pair and syscall types essentially never seen in benign activity."", ""Benign-explanation test: very short lifetime (p42) and high throughput argue against a routine admin script, cron job, or health-check."", ""Decide: the escalation mechanism, sensitive-path access, and behavioural anomalies outweigh XGBoost's benign call; this supports the CNN.""]","[""unique_syscalls"", ""exec_count"", ""parent_child_rarity"", ""seq_length"", ""lifetime_seconds""]","{
  ""verdict"": ""MALICIOUS"",
  ""confidence"": 0.92,
  ""rationale_steps"": [
    ""Privilege state: max_uid_euid_delta is high (p98) and auid_euid_mismatch is set -- a real identity inconsistency and privilege transition."",
    ""Mechanism: is_suid_exec is set and a shell was spawned from a service context with priv_op_count elevated -- a classic setuid-shell escalation."",
    ""Behavioural anomaly: parent_child_rarity is near 1 (essentially never seen in benign activity) and unique_syscalls is high (p98) -- an exec pair and syscall types essentially never seen in benign activity."",
    ""Benign-explanation test: very short lifetime (p42) and high throughput argue against a routine admin script, cron job, or health-check."",
    ""Decide: the escalation mechanism, sensitive-path access, and behavioural anomalies outweigh XGBoost's benign call; this supports the CNN.""
  ],
  ""key_features"": [""unique_syscalls"", ""exec_count"", ""parent_child_rarity"", ""seq_length"", ""lifetime_seconds""],
  ""agrees_with"": ""cnn""
}"
73142,4,1,T1078_Valid_Accounts,0,1,0.5382307767868042,0.9489884972572328,xgb_benign_cnn_malicious,MALICIOUS,1,0.92,cnn,ok,"[""Privilege state: max_uid_euid_delta is high (p99+) and auid_euid_mismatch is set -- a real identity inconsistency and privilege transition."", ""Mechanism: is_suid_exec is set and a shell was spawned from a service context with priv_op_count elevated -- a classic setuid-shell escalation."", ""Behavioural anomaly: parent_child_rarity is near 1 (essentially never seen in benign activity) and events_per_second is extremely high (p93) -- an unusual syscall throughput."", ""Benign-explanation test: very short lifetime (p36) and low throughput argue against a routine admin script, cron job, or health-check."", ""Decide: the escalation mechanism, sensitive-path access, and unusual syscall throughput outweigh XGBoost's benign call; this supports the CNN.""]","[""parent_child_rarity"", ""lifetime_seconds"", ""events_per_second"", ""max_uid_euid_delta"", ""auid_euid_mismatch""]","{
  ""verdict"": ""MALICIOUS"",
  ""confidence"": 0.92,
  ""rationale_steps"": [
    ""Privilege state: max_uid_euid_delta is high (p99+) and auid_euid_mismatch is set -- a real identity inconsistency and privilege transition."",
    ""Mechanism: is_suid_exec is set and a shell was spawned from a service context with priv_op_count elevated -- a classic setuid-shell escalation."",
    ""Behavioural anomaly: parent_child_rarity is near 1 (essentially never seen in benign activity) and events_per_second is extremely high (p93) -- an unusual syscall throughput."",
    ""Benign-explanation test: very short lifetime (p36) and low throughput argue against a routine admin script, cron job, or health-check."",
    ""Decide: the escalation mechanism, sensitive-path access, and unusual syscall throughput outweigh XGBoost's benign call; this supports the CNN.""
  ],
  ""key_features"": [""parent_child_rarity"", ""lifetime_seconds"", ""events_per_second"", ""max_uid_euid_delta"", ""auid_euid_mismatch""],
  ""agrees_with"": ""cnn""
}"
73425,4,0,benign,0,1,0.5382307767868042,0.9489884972572328,xgb_benign_cnn_malicious,MALICIOUS,1,0.92,cnn,ok,"[""Privilege state: max_uid_euid_delta is high (p99+) and auid_euid_mismatch is set -- a real identity inconsistency and privilege transition."", ""Mechanism: is_suid_exec is set and a shell was spawned from a service context with priv_op_count elevated -- a classic setuid-shell escalation."", ""Behavioural anomaly: parent_child_rarity is near 1 (essentially never seen in benign activity) and events_per_second is extremely high (p93) -- an unusual syscall throughput."", ""Benign-explanation test: very short lifetime (p36) and low throughput argue against a routine admin script, cron job, or health-check."", ""Decide: the escalation mechanism, sensitive-path access, and unusual syscall throughput outweigh XGBoost's benign call; this supports the CNN.""]","[""parent_child_rarity"", ""lifetime_seconds"", ""events_per_second"", ""max_uid_euid_delta"", ""auid_euid_mismatch""]","{
  ""verdict"": ""MALICIOUS"",
  ""confidence"": 0.92,
  ""rationale_steps"": [
    ""Privilege state: max_uid_euid_delta is high (p99+) and auid_euid_mismatch is set -- a real identity inconsistency and privilege transition."",
    ""Mechanism: is_suid_exec is set and a shell was spawned from a service context with priv_op_count elevated -- a classic setuid-shell escalation."",
    ""Behavioural anomaly: parent_child_rarity is near 1 (essentially never seen in benign activity) and events_per_second is extremely high (p93) -- an unusual syscall throughput."",
    ""Benign-explanation test: very short lifetime (p36) and low throughput argue against a routine admin script, cron job, or health-check."",
    ""Decide: the escalation mechanism, sensitive-path access, and unusual syscall throughput outweigh XGBoost's benign call; this supports the CNN.""
  ],
  ""key_features"": [""parent_child_rarity"", ""lifetime_seconds"", ""events_per_second"", ""max_uid_euid_delta"", ""auid_euid_mismatch""],
  ""agrees_with"": ""cnn""
}"
73946,4,0,benign,0,1,0.4626511931419372,0.7419862747192383,xgb_benign_cnn_malicious,MALICIOUS,1,0.83,cnn,ok,"[""Privilege state: max_uid_euid_delta is high (p98) and auid_euid_mismatch is set -- a real identity inconsistency and privilege transition."", ""Mechanism: is_suid_exec is not set, but exec_count is high (p73) and a shell was spawned from a service context with priv_op_count elevated -- a suspicious escalation attempt."", ""Behavioural anomaly: failed_call_rate is high (p98), failed_call_count is high (p98), and parent_child_rarity is near 1 -- an exec pair essentially never seen in benign activity."", ""Benign-explanation test: very high throughput (p98) and short lifetime (p42) argue against a routine admin script, cron job, or health-check."", ""Decide: the escalation mechanism and behavioural anomalies outweigh XGBoost's benign call; this supports the CNN.""]","[""events_per_second"", ""seq_length"", ""auid_euid_mismatch"", ""failed_call_rate"", ""failed_call_count""]","{
  ""verdict"": ""MALICIOUS"",
  ""confidence"": 0.83,
  ""rationale_steps"": [
    ""Privilege state: max_uid_euid_delta is high (p98) and auid_euid_mismatch is set -- a real identity inconsistency and privilege transition."",
    ""Mechanism: is_suid_exec is not set, but exec_count is high (p73) and a shell was spawned from a service context with priv_op_count elevated -- a suspicious escalation attempt."",
    ""Behavioural anomaly: failed_call_rate is high (p98), failed_call_count is high (p98), and parent_child_rarity is near 1 -- an exec pair essentially never seen in benign activity."",
    ""Benign-explanation test: very high throughput (p98) and short lifetime (p42) argue against a routine admin script, cron job, or health-check."",
    ""Decide: the escalation mechanism and behavioural anomalies outweigh XGBoost's benign call; this supports the CNN.""
  ],
  ""key_features"": [""events_per_second"", ""seq_length"", ""auid_euid_mismatch"", ""failed_call_rate"", ""failed_call_count""],
  ""agrees_with"": ""cnn""
}"
74345,4,0,benign,0,1,0.5382307767868042,0.9489884972572328,xgb_benign_cnn_malicious,MALICIOUS,1,0.92,cnn,ok,"[""Privilege state: max_uid_euid_delta is high (p99+) and auid_euid_mismatch is set -- a real identity inconsistency and privilege transition."", ""Mechanism: is_suid_exec is set and a shell was spawned from a service context with priv_op_count elevated -- a classic setuid-shell escalation."", ""Behavioural anomaly: parent_child_rarity is near 1 (essentially never seen in benign activity) and events_per_second is extremely high (p93) -- an unusual syscall throughput."", ""Benign-explanation test: very short lifetime (p36) and low throughput argue against a routine admin script, cron job, or health-check."", ""Decide: the escalation mechanism, sensitive-path access, and unusual syscall throughput outweigh XGBoost's benign call; this supports the CNN.""]","[""parent_child_rarity"", ""lifetime_seconds"", ""events_per_second"", ""max_uid_euid_delta"", ""auid_euid_mismatch""]","{
  ""verdict"": ""MALICIOUS"",
  ""confidence"": 0.92,
  ""rationale_steps"": [
    ""Privilege state: max_uid_euid_delta is high (p99+) and auid_euid_mismatch is set -- a real identity inconsistency and privilege transition."",
    ""Mechanism: is_suid_exec is set and a shell was spawned from a service context with priv_op_count elevated -- a classic setuid-shell escalation."",
    ""Behavioural anomaly: parent_child_rarity is near 1 (essentially never seen in benign activity) and events_per_second is extremely high (p93) -- an unusual syscall throughput."",
    ""Benign-explanation test: very short lifetime (p36) and low throughput argue against a routine admin script, cron job, or health-check."",
    ""Decide: the escalation mechanism, sensitive-path access, and unusual syscall throughput outweigh XGBoost's benign call; this supports the CNN.""
  ],
  ""key_features"": [""parent_child_rarity"", ""lifetime_seconds"", ""events_per_second"", ""max_uid_euid_delta"", ""auid_euid_mismatch""],
  ""agrees_with"": ""cnn""
}"
74518,3,1,T1078_Valid_Accounts,0,1,0.6923177242279053,0.9917534589767456,xgb_benign_cnn_malicious,MALICIOUS,1,0.92,cnn,ok,"[""Privilege state: max_uid_euid_delta is high (p98) and auid_euid_mismatch is set -- a real identity inconsistency and privilege transition."", ""Mechanism: is_suid_exec is set and a shell was spawned from a service context with priv_op_count elevated -- a classic setuid-shell escalation."", ""Behavioural anomaly: parent_child_rarity is near 1 (essentially never seen in benign activity) and unique_syscalls is high (p98) -- an exec pair and syscall types essentially never seen in benign activity."", ""Benign-explanation test: very short lifetime (p42) and high throughput argue against a routine admin script, cron job, or health-check."", ""Decide: the escalation mechanism, sensitive-path access, and behavioural anomalies outweigh XGBoost's benign call; this supports the CNN.""]","[""unique_syscalls"", ""exec_count"", ""parent_child_rarity"", ""seq_length"", ""lifetime_seconds""]","{
  ""verdict"": ""MALICIOUS"",
  ""confidence"": 0.92,
  ""rationale_steps"": [
    ""Privilege state: max_uid_euid_delta is high (p98) and auid_euid_mismatch is set -- a real identity inconsistency and privilege transition."",
    ""Mechanism: is_suid_exec is set and a shell was spawned from a service context with priv_op_count elevated -- a classic setuid-shell escalation."",
    ""Behavioural anomaly: parent_child_rarity is near 1 (essentially never seen in benign activity) and unique_syscalls is high (p98) -- an exec pair and syscall types essentially never seen in benign activity."",
    ""Benign-explanation test: very short lifetime (p42) and high throughput argue against a routine admin script, cron job, or health-check."",
    ""Decide: the escalation mechanism, sensitive-path access, and behavioural anomalies outweigh XGBoost's benign call; this supports the CNN.""
  ],
  ""key_features"": [""unique_syscalls"", ""exec_count"", ""parent_child_rarity"", ""seq_length"", ""lifetime_seconds""],
  ""agrees_with"": ""cnn""
}"
74751,4,0,benign,0,1,0.4733957052230835,0.7533184885978699,xgb_benign_cnn_malicious,MALICIOUS,1,0.83,cnn,ok,"[""Privilege state: auid_euid_mismatch is set, indicating an identity inconsistency, but max_uid_euid_delta is low, suggesting no genuine UID/EUID transition."", ""Mechanism: is_suid_exec is not set, but the exec_count is elevated, which could indicate an unusual exec chain."", ""Behavioural anomaly: failed_call_rate and failed_call_count are both high, indicating a high rate of failed syscalls, and parent_child_rarity is near 1, indicating a rare parent->child exec pair."", ""Benign-explanation test: the short lifetime and high throughput do not strongly suggest a routine admin script, cron job, or health-check."", ""Decide: the combination of failed_call_rate, failed_call_count, and parent_child_rarity outweighs the lack of clear escalation evidence, supporting CNN's call.""]","[""seq_length"", ""auid_euid_mismatch"", ""failed_call_rate"", ""failed_call_count"", ""lifetime_seconds""]","{
  ""verdict"": ""MALICIOUS"",
  ""confidence"": 0.83,
  ""rationale_steps"": [
    ""Privilege state: auid_euid_mismatch is set, indicating an identity inconsistency, but max_uid_euid_delta is low, suggesting no genuine UID/EUID transition."",
    ""Mechanism: is_suid_exec is not set, but the exec_count is elevated, which could indicate an unusual exec chain."",
    ""Behavioural anomaly: failed_call_rate and failed_call_count are both high, indicating a high rate of failed syscalls, and parent_child_rarity is near 1, indicating a rare parent->child exec pair."",
    ""Benign-explanation test: the short lifetime and high throughput do not strongly suggest a routine admin script, cron job, or health-check."",
    ""Decide: the combination of failed_call_rate, failed_call_count, and parent_child_rarity outweighs the lack of clear escalation evidence, supporting CNN's call.""
  ],
  ""key_features"": [""seq_length"", ""auid_euid_mismatch"", ""failed_call_rate"", ""failed_call_count"", ""lifetime_seconds""],
  ""agrees_with"": ""cnn""
}"
74845,3,0,benign,0,1,0.6923177242279053,0.9917534589767456,xgb_benign_cnn_malicious,MALICIOUS,1,0.92,cnn,ok,"[""Privilege state: max_uid_euid_delta is high (p98) and auid_euid_mismatch is set -- a real identity inconsistency and privilege transition."", ""Mechanism: is_suid_exec is set and a shell was spawned from a service context with priv_op_count elevated -- a classic setuid-shell escalation."", ""Behavioural anomaly: parent_child_rarity is near 1 (essentially never seen in benign activity) and unique_syscalls is high (p98) -- an exec pair and syscall types essentially never seen in benign activity."", ""Benign-explanation test: very short lifetime (p42) and high throughput argue against a routine admin script, cron job, or health-check."", ""Decide: the escalation mechanism, sensitive-path access, and behavioural anomalies outweigh XGBoost's benign call; this supports the CNN.""]","[""unique_syscalls"", ""exec_count"", ""parent_child_rarity"", ""seq_length"", ""lifetime_seconds""]","{
  ""verdict"": ""MALICIOUS"",
  ""confidence"": 0.92,
  ""rationale_steps"": [
    ""Privilege state: max_uid_euid_delta is high (p98) and auid_euid_mismatch is set -- a real identity inconsistency and privilege transition."",
    ""Mechanism: is_suid_exec is set and a shell was spawned from a service context with priv_op_count elevated -- a classic setuid-shell escalation."",
    ""Behavioural anomaly: parent_child_rarity is near 1 (essentially never seen in benign activity) and unique_syscalls is high (p98) -- an exec pair and syscall types essentially never seen in benign activity."",
    ""Benign-explanation test: very short lifetime (p42) and high throughput argue against a routine admin script, cron job, or health-check."",
    ""Decide: the escalation mechanism, sensitive-path access, and behavioural anomalies outweigh XGBoost's benign call; this supports the CNN.""
  ],
  ""key_features"": [""unique_syscalls"", ""exec_count"", ""parent_child_rarity"", ""seq_length"", ""lifetime_seconds""],
  ""agrees_with"": ""cnn""
}"
75028,4,0,benign,0,1,0.4626511931419372,0.7419862747192383,xgb_benign_cnn_malicious,MALICIOUS,1,0.83,cnn,ok,"[""Privilege state: max_uid_euid_delta is high (p98) and auid_euid_mismatch is set -- a real identity inconsistency and privilege transition."", ""Mechanism: is_suid_exec is not set, but exec_count is high (p73) and a shell was spawned from a service context with priv_op_count elevated -- a suspicious escalation attempt."", ""Behavioural anomaly: failed_call_rate is high (p98), failed_call_count is high (p98), and parent_child_rarity is near 1 -- an exec pair essentially never seen in benign activity."", ""Benign-explanation test: very high throughput (p98) and short lifetime (p42) argue against a routine admin script, cron job, or health-check."", ""Decide: the escalation mechanism and behavioural anomalies outweigh XGBoost's benign call; this supports the CNN.""]","[""events_per_second"", ""seq_length"", ""auid_euid_mismatch"", ""failed_call_rate"", ""failed_call_count""]","{
  ""verdict"": ""MALICIOUS"",
  ""confidence"": 0.83,
  ""rationale_steps"": [
    ""Privilege state: max_uid_euid_delta is high (p98) and auid_euid_mismatch is set -- a real identity inconsistency and privilege transition."",
    ""Mechanism: is_suid_exec is not set, but exec_count is high (p73) and a shell was spawned from a service context with priv_op_count elevated -- a suspicious escalation attempt."",
    ""Behavioural anomaly: failed_call_rate is high (p98), failed_call_count is high (p98), and parent_child_rarity is near 1 -- an exec pair essentially never seen in benign activity."",
    ""Benign-explanation test: very high throughput (p98) and short lifetime (p42) argue against a routine admin script, cron job, or health-check."",
    ""Decide: the escalation mechanism and behavioural anomalies outweigh XGBoost's benign call; this supports the CNN.""
  ],
  ""key_features"": [""events_per_second"", ""seq_length"", ""auid_euid_mismatch"", ""failed_call_rate"", ""failed_call_count""],
  ""agrees_with"": ""cnn""
}"
75296,3,1,T1078_Valid_Accounts,0,1,0.6923177242279053,0.9917534589767456,xgb_benign_cnn_malicious,MALICIOUS,1,0.92,cnn,ok,"[""Privilege state: max_uid_euid_delta is high (p98) and auid_euid_mismatch is set -- a real identity inconsistency and privilege transition."", ""Mechanism: is_suid_exec is set and a shell was spawned from a service context with priv_op_count elevated -- a classic setuid-shell escalation."", ""Behavioural anomaly: parent_child_rarity is near 1 (essentially never seen in benign activity) and unique_syscalls is high (p98) -- an exec pair and syscall types essentially never seen in benign activity."", ""Benign-explanation test: very short lifetime (p42) and high throughput argue against a routine admin script, cron job, or health-check."", ""Decide: the escalation mechanism, sensitive-path access, and behavioural anomalies outweigh XGBoost's benign call; this supports the CNN.""]","[""unique_syscalls"", ""exec_count"", ""parent_child_rarity"", ""seq_length"", ""lifetime_seconds""]","{
  ""verdict"": ""MALICIOUS"",
  ""confidence"": 0.92,
  ""rationale_steps"": [
    ""Privilege state: max_uid_euid_delta is high (p98) and auid_euid_mismatch is set -- a real identity inconsistency and privilege transition."",
    ""Mechanism: is_suid_exec is set and a shell was spawned from a service context with priv_op_count elevated -- a classic setuid-shell escalation."",
    ""Behavioural anomaly: parent_child_rarity is near 1 (essentially never seen in benign activity) and unique_syscalls is high (p98) -- an exec pair and syscall types essentially never seen in benign activity."",
    ""Benign-explanation test: very short lifetime (p42) and high throughput argue against a routine admin script, cron job, or health-check."",
    ""Decide: the escalation mechanism, sensitive-path access, and behavioural anomalies outweigh XGBoost's benign call; this supports the CNN.""
  ],
  ""key_features"": [""unique_syscalls"", ""exec_count"", ""parent_child_rarity"", ""seq_length"", ""lifetime_seconds""],
  ""agrees_with"": ""cnn""
}"
76261,4,0,benign,0,1,0.5382307767868042,0.9489884972572328,xgb_benign_cnn_malicious,MALICIOUS,1,0.92,cnn,ok,"[""Privilege state: max_uid_euid_delta is high (p99+) and auid_euid_mismatch is set -- a real identity inconsistency and privilege transition."", ""Mechanism: is_suid_exec is set and a shell was spawned from a service context with priv_op_count elevated -- a classic setuid-shell escalation."", ""Behavioural anomaly: parent_child_rarity is near 1 (essentially never seen in benign activity) and events_per_second is extremely high (p93) -- an unusual syscall throughput."", ""Benign-explanation test: very short lifetime (p36) and low throughput argue against a routine admin script, cron job, or health-check."", ""Decide: the escalation mechanism, sensitive-path access, and unusual syscall throughput outweigh XGBoost's benign call; this supports the CNN.""]","[""parent_child_rarity"", ""lifetime_seconds"", ""events_per_second"", ""max_uid_euid_delta"", ""auid_euid_mismatch""]","{
  ""verdict"": ""MALICIOUS"",
  ""confidence"": 0.92,
  ""rationale_steps"": [
    ""Privilege state: max_uid_euid_delta is high (p99+) and auid_euid_mismatch is set -- a real identity inconsistency and privilege transition."",
    ""Mechanism: is_suid_exec is set and a shell was spawned from a service context with priv_op_count elevated -- a classic setuid-shell escalation."",
    ""Behavioural anomaly: parent_child_rarity is near 1 (essentially never seen in benign activity) and events_per_second is extremely high (p93) -- an unusual syscall throughput."",
    ""Benign-explanation test: very short lifetime (p36) and low throughput argue against a routine admin script, cron job, or health-check."",
    ""Decide: the escalation mechanism, sensitive-path access, and unusual syscall throughput outweigh XGBoost's benign call; this supports the CNN.""
  ],
  ""key_features"": [""parent_child_rarity"", ""lifetime_seconds"", ""events_per_second"", ""max_uid_euid_delta"", ""auid_euid_mismatch""],
  ""agrees_with"": ""cnn""
}"
76356,3,0,benign,0,1,0.6923177242279053,0.9917534589767456,xgb_benign_cnn_malicious,MALICIOUS,1,0.92,cnn,ok,"[""Privilege state: max_uid_euid_delta is high (p98) and auid_euid_mismatch is set -- a real identity inconsistency and privilege transition."", ""Mechanism: is_suid_exec is set and a shell was spawned from a service context with priv_op_count elevated -- a classic setuid-shell escalation."", ""Behavioural anomaly: parent_child_rarity is near 1 (essentially never seen in benign activity) and unique_syscalls is high (p98) -- an exec pair and syscall types essentially never seen in benign activity."", ""Benign-explanation test: very short lifetime (p42) and high throughput argue against a routine admin script, cron job, or health-check."", ""Decide: the escalation mechanism, sensitive-path access, and behavioural anomalies outweigh XGBoost's benign call; this supports the CNN.""]","[""unique_syscalls"", ""exec_count"", ""parent_child_rarity"", ""seq_length"", ""lifetime_seconds""]","{
  ""verdict"": ""MALICIOUS"",
  ""confidence"": 0.92,
  ""rationale_steps"": [
    ""Privilege state: max_uid_euid_delta is high (p98) and auid_euid_mismatch is set -- a real identity inconsistency and privilege transition."",
    ""Mechanism: is_suid_exec is set and a shell was spawned from a service context with priv_op_count elevated -- a classic setuid-shell escalation."",
    ""Behavioural anomaly: parent_child_rarity is near 1 (essentially never seen in benign activity) and unique_syscalls is high (p98) -- an exec pair and syscall types essentially never seen in benign activity."",
    ""Benign-explanation test: very short lifetime (p42) and high throughput argue against a routine admin script, cron job, or health-check."",
    ""Decide: the escalation mechanism, sensitive-path access, and behavioural anomalies outweigh XGBoost's benign call; this supports the CNN.""
  ],
  ""key_features"": [""unique_syscalls"", ""exec_count"", ""parent_child_rarity"", ""seq_length"", ""lifetime_seconds""],
  ""agrees_with"": ""cnn""
}"
77270,4,0,benign,0,1,0.4626511931419372,0.7419862747192383,xgb_benign_cnn_malicious,MALICIOUS,1,0.83,cnn,ok,"[""Privilege state: max_uid_euid_delta is high (p98) and auid_euid_mismatch is set -- a real identity inconsistency and privilege transition."", ""Mechanism: is_suid_exec is not set, but exec_count is high (p73) and a shell was spawned from a service context with priv_op_count elevated -- a suspicious escalation attempt."", ""Behavioural anomaly: failed_call_rate is high (p98), failed_call_count is high (p98), and parent_child_rarity is near 1 -- an exec pair essentially never seen in benign activity."", ""Benign-explanation test: very high throughput (p98) and short lifetime (p42) argue against a routine admin script, cron job, or health-check."", ""Decide: the escalation mechanism and behavioural anomalies outweigh XGBoost's benign call; this supports the CNN.""]","[""events_per_second"", ""seq_length"", ""auid_euid_mismatch"", ""failed_call_rate"", ""failed_call_count""]","{
  ""verdict"": ""MALICIOUS"",
  ""confidence"": 0.83,
  ""rationale_steps"": [
    ""Privilege state: max_uid_euid_delta is high (p98) and auid_euid_mismatch is set -- a real identity inconsistency and privilege transition."",
    ""Mechanism: is_suid_exec is not set, but exec_count is high (p73) and a shell was spawned from a service context with priv_op_count elevated -- a suspicious escalation attempt."",
    ""Behavioural anomaly: failed_call_rate is high (p98), failed_call_count is high (p98), and parent_child_rarity is near 1 -- an exec pair essentially never seen in benign activity."",
    ""Benign-explanation test: very high throughput (p98) and short lifetime (p42) argue against a routine admin script, cron job, or health-check."",
    ""Decide: the escalation mechanism and behavioural anomalies outweigh XGBoost's benign call; this supports the CNN.""
  ],
  ""key_features"": [""events_per_second"", ""seq_length"", ""auid_euid_mismatch"", ""failed_call_rate"", ""failed_call_count""],
  ""agrees_with"": ""cnn""
}"
77462,3,1,T1078_Valid_Accounts,0,1,0.6923177242279053,0.9917534589767456,xgb_benign_cnn_malicious,MALICIOUS,1,0.92,cnn,ok,"[""Privilege state: max_uid_euid_delta is high (p98) and auid_euid_mismatch is set -- a real identity inconsistency and privilege transition."", ""Mechanism: is_suid_exec is set and a shell was spawned from a service context with priv_op_count elevated -- a classic setuid-shell escalation."", ""Behavioural anomaly: parent_child_rarity is near 1 (essentially never seen in benign activity) and unique_syscalls is high (p98) -- an exec pair and syscall types essentially never seen in benign activity."", ""Benign-explanation test: very short lifetime (p42) and high throughput argue against a routine admin script, cron job, or health-check."", ""Decide: the escalation mechanism, sensitive-path access, and behavioural anomalies outweigh XGBoost's benign call; this supports the CNN.""]","[""unique_syscalls"", ""exec_count"", ""parent_child_rarity"", ""seq_length"", ""lifetime_seconds""]","{
  ""verdict"": ""MALICIOUS"",
  ""confidence"": 0.92,
  ""rationale_steps"": [
    ""Privilege state: max_uid_euid_delta is high (p98) and auid_euid_mismatch is set -- a real identity inconsistency and privilege transition."",
    ""Mechanism: is_suid_exec is set and a shell was spawned from a service context with priv_op_count elevated -- a classic setuid-shell escalation."",
    ""Behavioural anomaly: parent_child_rarity is near 1 (essentially never seen in benign activity) and unique_syscalls is high (p98) -- an exec pair and syscall types essentially never seen in benign activity."",
    ""Benign-explanation test: very short lifetime (p42) and high throughput argue against a routine admin script, cron job, or health-check."",
    ""Decide: the escalation mechanism, sensitive-path access, and behavioural anomalies outweigh XGBoost's benign call; this supports the CNN.""
  ],
  ""key_features"": [""unique_syscalls"", ""exec_count"", ""parent_child_rarity"", ""seq_length"", ""lifetime_seconds""],
  ""agrees_with"": ""cnn""
}"
77639,3,0,benign,0,1,0.6923177242279053,0.9917534589767456,xgb_benign_cnn_malicious,MALICIOUS,1,0.92,cnn,ok,"[""Privilege state: max_uid_euid_delta is high (p98) and auid_euid_mismatch is set -- a real identity inconsistency and privilege transition."", ""Mechanism: is_suid_exec is set and a shell was spawned from a service context with priv_op_count elevated -- a classic setuid-shell escalation."", ""Behavioural anomaly: unique_syscalls is high (p98) and parent_child_rarity is near 1 -- an exec pair essentially never seen in benign activity."", ""Benign-explanation test: very high throughput (p56) and short lifetime (p42) argue against a routine admin script, cron job, or health-check."", ""Decide: the escalation mechanism, sensitive-path access, and behavioural anomalies outweigh XGBoost's benign call; this supports the CNN.""]","[""unique_syscalls"", ""exec_count"", ""parent_child_rarity"", ""max_uid_euid_delta"", ""auid_euid_mismatch""]","{
  ""verdict"": ""MALICIOUS"",
  ""confidence"": 0.92,
  ""rationale_steps"": [
    ""Privilege state: max_uid_euid_delta is high (p98) and auid_euid_mismatch is set -- a real identity inconsistency and privilege transition."",
    ""Mechanism: is_suid_exec is set and a shell was spawned from a service context with priv_op_count elevated -- a classic setuid-shell escalation."",
    ""Behavioural anomaly: unique_syscalls is high (p98) and parent_child_rarity is near 1 -- an exec pair essentially never seen in benign activity."",
    ""Benign-explanation test: very high throughput (p56) and short lifetime (p42) argue against a routine admin script, cron job, or health-check."",
    ""Decide: the escalation mechanism, sensitive-path access, and behavioural anomalies outweigh XGBoost's benign call; this supports the CNN.""
  ],
  ""key_features"": [""unique_syscalls"", ""exec_count"", ""parent_child_rarity"", ""max_uid_euid_delta"", ""auid_euid_mismatch""],
  ""agrees_with"": ""cnn""
}"
77791,4,0,benign,0,1,0.4626511931419372,0.7419862747192383,xgb_benign_cnn_malicious,MALICIOUS,1,0.83,cnn,ok,"[""Privilege state: max_uid_euid_delta is high (p98) and auid_euid_mismatch is set -- a real identity inconsistency and privilege transition."", ""Mechanism: is_suid_exec is not set, but exec_count is high (p73) and a shell was spawned from a service context with priv_op_count elevated -- a suspicious escalation attempt."", ""Behavioural anomaly: failed_call_rate is high (p98), failed_call_count is high (p98), and parent_child_rarity is near 1 -- an exec pair essentially never seen in benign activity."", ""Benign-explanation test: very high throughput (p98) and short lifetime (p42) argue against a routine admin script, cron job, or health-check."", ""Decide: the escalation mechanism and behavioural anomalies outweigh XGBoost's benign call; this supports the CNN.""]","[""events_per_second"", ""seq_length"", ""auid_euid_mismatch"", ""failed_call_rate"", ""failed_call_count""]","{
  ""verdict"": ""MALICIOUS"",
  ""confidence"": 0.83,
  ""rationale_steps"": [
    ""Privilege state: max_uid_euid_delta is high (p98) and auid_euid_mismatch is set -- a real identity inconsistency and privilege transition."",
    ""Mechanism: is_suid_exec is not set, but exec_count is high (p73) and a shell was spawned from a service context with priv_op_count elevated -- a suspicious escalation attempt."",
    ""Behavioural anomaly: failed_call_rate is high (p98), failed_call_count is high (p98), and parent_child_rarity is near 1 -- an exec pair essentially never seen in benign activity."",
    ""Benign-explanation test: very high throughput (p98) and short lifetime (p42) argue against a routine admin script, cron job, or health-check."",
    ""Decide: the escalation mechanism and behavioural anomalies outweigh XGBoost's benign call; this supports the CNN.""
  ],
  ""key_features"": [""events_per_second"", ""seq_length"", ""auid_euid_mismatch"", ""failed_call_rate"", ""failed_call_count""],
  ""agrees_with"": ""cnn""
}"
78207,3,0,benign,0,1,0.5248250365257263,0.9974316954612732,xgb_benign_cnn_malicious,MALICIOUS,1,0.92,cnn,ok,"[""Privilege state: auid_euid_mismatch is set, indicating an identity inconsistency, and max_uid_euid_delta is low, suggesting a lack of genuine privilege transition."", ""Mechanism: is_suid_exec is set, indicating a setuid/setgid binary was executed, and shell_from_service is set, indicating a shell was spawned from a service context, which is a classic escalation mechanism."", ""Behavioural anomaly: failed_call_rate is high, indicating a high rate of failed syscalls, and parent_child_rarity is near 1, indicating an exec pair essentially never seen in benign activity."", ""Benign-explanation test: the short lifetime and high throughput argue against a routine admin script, cron job, or health-check."", ""Decide: the escalation mechanism and behavioural anomalies outweigh XGBoost's benign call; this supports the CNN's flag.""]","[""failed_call_rate"", ""parent_child_rarity"", ""max_uid_euid_delta"", ""is_suid_exec"", ""shell_from_service""]","{
  ""verdict"": ""MALICIOUS"",
  ""confidence"": 0.92,
  ""rationale_steps"": [
    ""Privilege state: auid_euid_mismatch is set, indicating an identity inconsistency, and max_uid_euid_delta is low, suggesting a lack of genuine privilege transition."",
    ""Mechanism: is_suid_exec is set, indicating a setuid/setgid binary was executed, and shell_from_service is set, indicating a shell was spawned from a service context, which is a classic escalation mechanism."",
    ""Behavioural anomaly: failed_call_rate is high, indicating a high rate of failed syscalls, and parent_child_rarity is near 1, indicating an exec pair essentially never seen in benign activity."",
    ""Benign-explanation test: the short lifetime and high throughput argue against a routine admin script, cron job, or health-check."",
    ""Decide: the escalation mechanism and behavioural anomalies outweigh XGBoost's benign call; this supports the CNN's flag.""
  ],
  ""key_features"": [""failed_call_rate"", ""parent_child_rarity"", ""max_uid_euid_delta"", ""is_suid_exec"", ""shell_from_service""],
  ""agrees_with"": ""cnn""
}"
78376,3,0,benign,0,1,0.6923177242279053,0.9917534589767456,xgb_benign_cnn_malicious,MALICIOUS,1,0.92,cnn,ok,"[""Privilege state: max_uid_euid_delta is high (p98) and auid_euid_mismatch is set -- a real identity inconsistency and privilege transition."", ""Mechanism: is_suid_exec is set and a shell was spawned from a service context with priv_op_count elevated -- a classic setuid-shell escalation."", ""Behavioural anomaly: parent_child_rarity is near 1 (essentially never seen in benign activity) and unique_syscalls is high (p98) -- an exec pair and syscall types essentially never seen in benign activity."", ""Benign-explanation test: very short lifetime (p42) and high throughput argue against a routine admin script, cron job, or health-check."", ""Decide: the escalation mechanism, sensitive-path access, and behavioural anomalies outweigh XGBoost's benign call; this supports the CNN.""]","[""unique_syscalls"", ""exec_count"", ""parent_child_rarity"", ""seq_length"", ""lifetime_seconds""]","{
  ""verdict"": ""MALICIOUS"",
  ""confidence"": 0.92,
  ""rationale_steps"": [
    ""Privilege state: max_uid_euid_delta is high (p98) and auid_euid_mismatch is set -- a real identity inconsistency and privilege transition."",
    ""Mechanism: is_suid_exec is set and a shell was spawned from a service context with priv_op_count elevated -- a classic setuid-shell escalation."",
    ""Behavioural anomaly: parent_child_rarity is near 1 (essentially never seen in benign activity) and unique_syscalls is high (p98) -- an exec pair and syscall types essentially never seen in benign activity."",
    ""Benign-explanation test: very short lifetime (p42) and high throughput argue against a routine admin script, cron job, or health-check."",
    ""Decide: the escalation mechanism, sensitive-path access, and behavioural anomalies outweigh XGBoost's benign call; this supports the CNN.""
  ],
  ""key_features"": [""unique_syscalls"", ""exec_count"", ""parent_child_rarity"", ""seq_length"", ""lifetime_seconds""],
  ""agrees_with"": ""cnn""
}"
78521,4,0,benign,0,1,0.3759605586528778,0.8749561309814453,xgb_benign_cnn_malicious,MALICIOUS,1,0.92,cnn,ok,"[""Privilege state: max_uid_euid_delta is high (p99+) and auid_euid_mismatch is set -- a real identity inconsistency and privilege transition."", ""Mechanism: is_suid_exec is set and a shell was spawned from a service context with priv_op_count elevated -- a classic setuid-shell escalation."", ""Behavioural anomaly: parent_child_rarity is near 1 (essentially never seen in benign activity) and network_count is 0 -- an exec pair and network activity profile of a novel attack chain."", ""Benign-explanation test: very short lifetime (p88) and high-throughput execution from a service context is inconsistent with a routine health-check or monitoring script."", ""Decide: the escalation mechanism and sensitive-path access outweigh XGBoost's benign call; this supports the CNN.""]","[""is_suid_exec"", ""shell_from_service"", ""parent_child_rarity"", ""max_uid_euid_delta"", ""auid_euid_mismatch""]","{
  ""verdict"": ""MALICIOUS"",
  ""confidence"": 0.92,
  ""rationale_steps"": [
    ""Privilege state: max_uid_euid_delta is high (p99+) and auid_euid_mismatch is set -- a real identity inconsistency and privilege transition."",
    ""Mechanism: is_suid_exec is set and a shell was spawned from a service context with priv_op_count elevated -- a classic setuid-shell escalation."",
    ""Behavioural anomaly: parent_child_rarity is near 1 (essentially never seen in benign activity) and network_count is 0 -- an exec pair and network activity profile of a novel attack chain."",
    ""Benign-explanation test: very short lifetime (p88) and high-throughput execution from a service context is inconsistent with a routine health-check or monitoring script."",
    ""Decide: the escalation mechanism and sensitive-path access outweigh XGBoost's benign call; this supports the CNN.""
  ],
  ""key_features"": [""is_suid_exec"", ""shell_from_service"", ""parent_child_rarity"", ""max_uid_euid_delta"", ""auid_euid_mismatch""],
  ""agrees_with"": ""cnn""
}"
78691,3,1,T1078_Valid_Accounts,0,1,0.6923177242279053,0.9917534589767456,xgb_benign_cnn_malicious,MALICIOUS,1,0.92,cnn,ok,"[""Privilege state: max_uid_euid_delta is high (p98) and auid_euid_mismatch is set -- a real identity inconsistency and privilege transition."", ""Mechanism: is_suid_exec is set and a shell was spawned from a service context with priv_op_count elevated -- a classic setuid-shell escalation."", ""Behavioural anomaly: parent_child_rarity is near 1 (essentially never seen in benign activity) and unique_syscalls is high (p98) -- an exec pair and syscall types essentially never seen in benign activity."", ""Benign-explanation test: very short lifetime (p42) and high throughput argue against a routine admin script, cron job, or health-check."", ""Decide: the escalation mechanism, sensitive-path access, and behavioural anomalies outweigh XGBoost's benign call; this supports the CNN.""]","[""unique_syscalls"", ""exec_count"", ""parent_child_rarity"", ""seq_length"", ""lifetime_seconds""]","{
  ""verdict"": ""MALICIOUS"",
  ""confidence"": 0.92,
  ""rationale_steps"": [
    ""Privilege state: max_uid_euid_delta is high (p98) and auid_euid_mismatch is set -- a real identity inconsistency and privilege transition."",
    ""Mechanism: is_suid_exec is set and a shell was spawned from a service context with priv_op_count elevated -- a classic setuid-shell escalation."",
    ""Behavioural anomaly: parent_child_rarity is near 1 (essentially never seen in benign activity) and unique_syscalls is high (p98) -- an exec pair and syscall types essentially never seen in benign activity."",
    ""Benign-explanation test: very short lifetime (p42) and high throughput argue against a routine admin script, cron job, or health-check."",
    ""Decide: the escalation mechanism, sensitive-path access, and behavioural anomalies outweigh XGBoost's benign call; this supports the CNN.""
  ],
  ""key_features"": [""unique_syscalls"", ""exec_count"", ""parent_child_rarity"", ""seq_length"", ""lifetime_seconds""],
  ""agrees_with"": ""cnn""
}"
78838,4,0,benign,0,1,0.3245709240436554,0.9654507040977478,xgb_benign_cnn_malicious,MALICIOUS,1,0.92,cnn,ok,"[""Privilege state: max_uid_euid_delta is high (p99+) and auid_euid_mismatch is set -- a real identity inconsistency and privilege transition."", ""Mechanism: is_suid_exec is set and a shell was spawned from a service context with priv_op_count elevated -- a classic setuid-shell escalation."", ""Behavioural anomaly: parent_child_rarity is near 1 (essentially never seen in benign activity) and events_per_second is extremely high (p93) -- an unusual and potentially malicious process."", ""Benign-explanation test: very short lifetime (p36) and low throughput argue against a routine admin script, cron job, or health-check."", ""Decide: the escalation mechanism, sensitive-path access, and unusual behavioural features outweigh XGBoost's benign call; this supports the CNN.""]","[""parent_child_rarity"", ""lifetime_seconds"", ""events_per_second"", ""max_uid_euid_delta"", ""auid_euid_mismatch""]","{
  ""verdict"": ""MALICIOUS"",
  ""confidence"": 0.92,
  ""rationale_steps"": [
    ""Privilege state: max_uid_euid_delta is high (p99+) and auid_euid_mismatch is set -- a real identity inconsistency and privilege transition."",
    ""Mechanism: is_suid_exec is set and a shell was spawned from a service context with priv_op_count elevated -- a classic setuid-shell escalation."",
    ""Behavioural anomaly: parent_child_rarity is near 1 (essentially never seen in benign activity) and events_per_second is extremely high (p93) -- an unusual and potentially malicious process."",
    ""Benign-explanation test: very short lifetime (p36) and low throughput argue against a routine admin script, cron job, or health-check."",
    ""Decide: the escalation mechanism, sensitive-path access, and unusual behavioural features outweigh XGBoost's benign call; this supports the CNN.""
  ],
  ""key_features"": [""parent_child_rarity"", ""lifetime_seconds"", ""events_per_second"", ""max_uid_euid_delta"", ""auid_euid_mismatch""],
  ""agrees_with"": ""cnn""
}"
79352,4,1,T1078_Valid_Accounts,0,1,0.5382307767868042,0.9489884972572328,xgb_benign_cnn_malicious,MALICIOUS,1,0.92,cnn,ok,"[""Privilege state: max_uid_euid_delta is high (p99+) and auid_euid_mismatch is set -- a real identity inconsistency and privilege transition."", ""Mechanism: is_suid_exec is set and a shell was spawned from a service context with priv_op_count elevated -- a classic setuid-shell escalation."", ""Behavioural anomaly: parent_child_rarity is near 1 (essentially never seen in benign activity) and events_per_second is extremely high (p93) -- an unusual syscall throughput."", ""Benign-explanation test: very short lifetime (p36) and low throughput argue against a routine admin script, cron job, or health-check."", ""Decide: the escalation mechanism, sensitive-path access, and unusual syscall throughput outweigh XGBoost's benign call; this supports the CNN.""]","[""parent_child_rarity"", ""lifetime_seconds"", ""events_per_second"", ""max_uid_euid_delta"", ""auid_euid_mismatch""]","{
  ""verdict"": ""MALICIOUS"",
  ""confidence"": 0.92,
  ""rationale_steps"": [
    ""Privilege state: max_uid_euid_delta is high (p99+) and auid_euid_mismatch is set -- a real identity inconsistency and privilege transition."",
    ""Mechanism: is_suid_exec is set and a shell was spawned from a service context with priv_op_count elevated -- a classic setuid-shell escalation."",
    ""Behavioural anomaly: parent_child_rarity is near 1 (essentially never seen in benign activity) and events_per_second is extremely high (p93) -- an unusual syscall throughput."",
    ""Benign-explanation test: very short lifetime (p36) and low throughput argue against a routine admin script, cron job, or health-check."",
    ""Decide: the escalation mechanism, sensitive-path access, and unusual syscall throughput outweigh XGBoost's benign call; this supports the CNN.""
  ],
  ""key_features"": [""parent_child_rarity"", ""lifetime_seconds"", ""events_per_second"", ""max_uid_euid_delta"", ""auid_euid_mismatch""],
  ""agrees_with"": ""cnn""
}"
79482,3,0,benign,0,1,0.6923177242279053,0.9917534589767456,xgb_benign_cnn_malicious,MALICIOUS,1,0.92,cnn,ok,"[""Privilege state: max_uid_euid_delta is high (p98) and auid_euid_mismatch is set -- a real identity inconsistency and privilege transition."", ""Mechanism: is_suid_exec is set and a shell was spawned from a service context with priv_op_count elevated -- a classic setuid-shell escalation."", ""Behavioural anomaly: parent_child_rarity is near 1 (essentially never seen in benign activity) and unique_syscalls is high (p98) -- an exec pair and syscall types essentially never seen in benign activity."", ""Benign-explanation test: very short lifetime (p42) and high throughput argue against a routine admin script, cron job, or health-check."", ""Decide: the escalation mechanism, sensitive-path access, and behavioural anomalies outweigh XGBoost's benign call; this supports the CNN.""]","[""unique_syscalls"", ""exec_count"", ""parent_child_rarity"", ""seq_length"", ""lifetime_seconds""]","{
  ""verdict"": ""MALICIOUS"",
  ""confidence"": 0.92,
  ""rationale_steps"": [
    ""Privilege state: max_uid_euid_delta is high (p98) and auid_euid_mismatch is set -- a real identity inconsistency and privilege transition."",
    ""Mechanism: is_suid_exec is set and a shell was spawned from a service context with priv_op_count elevated -- a classic setuid-shell escalation."",
    ""Behavioural anomaly: parent_child_rarity is near 1 (essentially never seen in benign activity) and unique_syscalls is high (p98) -- an exec pair and syscall types essentially never seen in benign activity."",
    ""Benign-explanation test: very short lifetime (p42) and high throughput argue against a routine admin script, cron job, or health-check."",
    ""Decide: the escalation mechanism, sensitive-path access, and behavioural anomalies outweigh XGBoost's benign call; this supports the CNN.""
  ],
  ""key_features"": [""unique_syscalls"", ""exec_count"", ""parent_child_rarity"", ""seq_length"", ""lifetime_seconds""],
  ""agrees_with"": ""cnn""
}"
79549,4,1,T1078_Valid_Accounts,0,1,0.5382307767868042,0.9489884972572328,xgb_benign_cnn_malicious,MALICIOUS,1,0.92,cnn,ok,"[""Privilege state: max_uid_euid_delta is high (p99+) and auid_euid_mismatch is set -- a real identity inconsistency and privilege transition."", ""Mechanism: is_suid_exec is set and a shell was spawned from a service context with priv_op_count elevated -- a classic setuid-shell escalation."", ""Behavioural anomaly: parent_child_rarity is near 1 (essentially never seen in benign activity) and events_per_second is extremely high (p93) -- an unusual syscall throughput."", ""Benign-explanation test: very short lifetime (p36) and low throughput argue against a routine admin script, cron job, or health-check."", ""Decide: the escalation mechanism, sensitive-path access, and unusual syscall throughput outweigh XGBoost's benign call; this supports the CNN.""]","[""parent_child_rarity"", ""lifetime_seconds"", ""events_per_second"", ""max_uid_euid_delta"", ""auid_euid_mismatch""]","{
  ""verdict"": ""MALICIOUS"",
  ""confidence"": 0.92,
  ""rationale_steps"": [
    ""Privilege state: max_uid_euid_delta is high (p99+) and auid_euid_mismatch is set -- a real identity inconsistency and privilege transition."",
    ""Mechanism: is_suid_exec is set and a shell was spawned from a service context with priv_op_count elevated -- a classic setuid-shell escalation."",
    ""Behavioural anomaly: parent_child_rarity is near 1 (essentially never seen in benign activity) and events_per_second is extremely high (p93) -- an unusual syscall throughput."",
    ""Benign-explanation test: very short lifetime (p36) and low throughput argue against a routine admin script, cron job, or health-check."",
    ""Decide: the escalation mechanism, sensitive-path access, and unusual syscall throughput outweigh XGBoost's benign call; this supports the CNN.""
  ],
  ""key_features"": [""parent_child_rarity"", ""lifetime_seconds"", ""events_per_second"", ""max_uid_euid_delta"", ""auid_euid_mismatch""],
  ""agrees_with"": ""cnn""
}"
80225,3,1,T1078_Valid_Accounts,0,1,0.6923177242279053,0.9917534589767456,xgb_benign_cnn_malicious,MALICIOUS,1,0.92,cnn,ok,"[""Privilege state: max_uid_euid_delta is high (p98) and auid_euid_mismatch is set -- a real identity inconsistency and privilege transition."", ""Mechanism: is_suid_exec is set and a shell was spawned from a service context with priv_op_count elevated -- a classic setuid-shell escalation."", ""Behavioural anomaly: parent_child_rarity is near 1 (essentially never seen in benign activity) and unique_syscalls is high (p98) -- an exec pair and syscall types essentially never seen in benign activity."", ""Benign-explanation test: very short lifetime (p42) and high throughput argue against a routine admin script, cron job, or health-check."", ""Decide: the escalation mechanism, sensitive-path access, and behavioural anomalies outweigh XGBoost's benign call; this supports the CNN.""]","[""unique_syscalls"", ""exec_count"", ""parent_child_rarity"", ""seq_length"", ""lifetime_seconds""]","{
  ""verdict"": ""MALICIOUS"",
  ""confidence"": 0.92,
  ""rationale_steps"": [
    ""Privilege state: max_uid_euid_delta is high (p98) and auid_euid_mismatch is set -- a real identity inconsistency and privilege transition."",
    ""Mechanism: is_suid_exec is set and a shell was spawned from a service context with priv_op_count elevated -- a classic setuid-shell escalation."",
    ""Behavioural anomaly: parent_child_rarity is near 1 (essentially never seen in benign activity) and unique_syscalls is high (p98) -- an exec pair and syscall types essentially never seen in benign activity."",
    ""Benign-explanation test: very short lifetime (p42) and high throughput argue against a routine admin script, cron job, or health-check."",
    ""Decide: the escalation mechanism, sensitive-path access, and behavioural anomalies outweigh XGBoost's benign call; this supports the CNN.""
  ],
  ""key_features"": [""unique_syscalls"", ""exec_count"", ""parent_child_rarity"", ""seq_length"", ""lifetime_seconds""],
  ""agrees_with"": ""cnn""
}"
80548,3,0,benign,0,1,0.6923177242279053,0.9917534589767456,xgb_benign_cnn_malicious,MALICIOUS,1,0.92,cnn,ok,"[""Privilege state: max_uid_euid_delta is high (p98) and auid_euid_mismatch is set -- a real identity inconsistency and privilege transition."", ""Mechanism: is_suid_exec is set and a shell was spawned from a service context with priv_op_count elevated -- a classic setuid-shell escalation."", ""Behavioural anomaly: unique_syscalls is high (p98) and parent_child_rarity is near 1 -- an exec pair essentially never seen in benign activity."", ""Benign-explanation test: very high throughput (p56) and short lifetime (p42) argue against a routine admin script, cron job, or health-check."", ""Decide: the escalation mechanism, sensitive-path access, and behavioural anomalies outweigh XGBoost's benign call; this supports the CNN.""]","[""unique_syscalls"", ""exec_count"", ""parent_child_rarity"", ""max_uid_euid_delta"", ""auid_euid_mismatch""]","{
  ""verdict"": ""MALICIOUS"",
  ""confidence"": 0.92,
  ""rationale_steps"": [
    ""Privilege state: max_uid_euid_delta is high (p98) and auid_euid_mismatch is set -- a real identity inconsistency and privilege transition."",
    ""Mechanism: is_suid_exec is set and a shell was spawned from a service context with priv_op_count elevated -- a classic setuid-shell escalation."",
    ""Behavioural anomaly: unique_syscalls is high (p98) and parent_child_rarity is near 1 -- an exec pair essentially never seen in benign activity."",
    ""Benign-explanation test: very high throughput (p56) and short lifetime (p42) argue against a routine admin script, cron job, or health-check."",
    ""Decide: the escalation mechanism, sensitive-path access, and behavioural anomalies outweigh XGBoost's benign call; this supports the CNN.""
  ],
  ""key_features"": [""unique_syscalls"", ""exec_count"", ""parent_child_rarity"", ""max_uid_euid_delta"", ""auid_euid_mismatch""],
  ""agrees_with"": ""cnn""
}"
82062,3,1,T1078_Valid_Accounts,0,1,0.6923177242279053,0.9917534589767456,xgb_benign_cnn_malicious,MALICIOUS,1,0.92,cnn,ok,"[""Privilege state: max_uid_euid_delta is high (p98) and auid_euid_mismatch is set -- a real identity inconsistency and privilege transition."", ""Mechanism: is_suid_exec is set and a shell was spawned from a service context with priv_op_count elevated -- a classic setuid-shell escalation."", ""Behavioural anomaly: unique_syscalls is high (p98) and parent_child_rarity is near 1 -- an exec pair essentially never seen in benign activity."", ""Benign-explanation test: very high throughput (p56) and short lifetime (p42) argue against a routine admin script, cron job, or health-check."", ""Decide: the escalation mechanism, sensitive-path access, and behavioural anomalies outweigh XGBoost's benign call; this supports the CNN.""]","[""unique_syscalls"", ""exec_count"", ""parent_child_rarity"", ""max_uid_euid_delta"", ""auid_euid_mismatch""]","{
  ""verdict"": ""MALICIOUS"",
  ""confidence"": 0.92,
  ""rationale_steps"": [
    ""Privilege state: max_uid_euid_delta is high (p98) and auid_euid_mismatch is set -- a real identity inconsistency and privilege transition."",
    ""Mechanism: is_suid_exec is set and a shell was spawned from a service context with priv_op_count elevated -- a classic setuid-shell escalation."",
    ""Behavioural anomaly: unique_syscalls is high (p98) and parent_child_rarity is near 1 -- an exec pair essentially never seen in benign activity."",
    ""Benign-explanation test: very high throughput (p56) and short lifetime (p42) argue against a routine admin script, cron job, or health-check."",
    ""Decide: the escalation mechanism, sensitive-path access, and behavioural anomalies outweigh XGBoost's benign call; this supports the CNN.""
  ],
  ""key_features"": [""unique_syscalls"", ""exec_count"", ""parent_child_rarity"", ""max_uid_euid_delta"", ""auid_euid_mismatch""],
  ""agrees_with"": ""cnn""
}"
82235,4,0,benign,0,1,0.4626511931419372,0.7419862747192383,xgb_benign_cnn_malicious,MALICIOUS,1,0.83,cnn,ok,"[""Privilege state: max_uid_euid_delta is high (p98) and auid_euid_mismatch is set -- a real identity inconsistency and privilege transition."", ""Mechanism: is_suid_exec is not set, but exec_count is high (p73) and a shell was spawned from a service context with priv_op_count elevated -- a suspicious escalation attempt."", ""Behavioural anomaly: failed_call_rate is high (p98), failed_call_count is high (p98), and parent_child_rarity is near 1 -- an exec pair essentially never seen in benign activity."", ""Benign-explanation test: very high throughput (p98) and short lifetime (p42) argue against a routine admin script, cron job, or health-check."", ""Decide: the escalation mechanism and behavioural anomalies outweigh XGBoost's benign call; this supports the CNN.""]","[""events_per_second"", ""seq_length"", ""auid_euid_mismatch"", ""failed_call_rate"", ""failed_call_count""]","{
  ""verdict"": ""MALICIOUS"",
  ""confidence"": 0.83,
  ""rationale_steps"": [
    ""Privilege state: max_uid_euid_delta is high (p98) and auid_euid_mismatch is set -- a real identity inconsistency and privilege transition."",
    ""Mechanism: is_suid_exec is not set, but exec_count is high (p73) and a shell was spawned from a service context with priv_op_count elevated -- a suspicious escalation attempt."",
    ""Behavioural anomaly: failed_call_rate is high (p98), failed_call_count is high (p98), and parent_child_rarity is near 1 -- an exec pair essentially never seen in benign activity."",
    ""Benign-explanation test: very high throughput (p98) and short lifetime (p42) argue against a routine admin script, cron job, or health-check."",
    ""Decide: the escalation mechanism and behavioural anomalies outweigh XGBoost's benign call; this supports the CNN.""
  ],
  ""key_features"": [""events_per_second"", ""seq_length"", ""auid_euid_mismatch"", ""failed_call_rate"", ""failed_call_count""],
  ""agrees_with"": ""cnn""
}"
82362,3,0,benign,0,1,0.6923177242279053,0.9917534589767456,xgb_benign_cnn_malicious,MALICIOUS,1,0.92,cnn,ok,"[""Privilege state: max_uid_euid_delta is high (p98) and auid_euid_mismatch is set -- a real identity inconsistency and privilege transition."", ""Mechanism: is_suid_exec is set and a shell was spawned from a service context with priv_op_count elevated -- a classic setuid-shell escalation."", ""Behavioural anomaly: parent_child_rarity is near 1 (essentially never seen in benign activity) and unique_syscalls is high (p98) -- an exec pair and syscall types essentially never seen in benign activity."", ""Benign-explanation test: very short lifetime (p42) and high throughput argue against a routine admin script, cron job, or health-check."", ""Decide: the escalation mechanism, sensitive-path access, and behavioural anomalies outweigh XGBoost's benign call; this supports the CNN.""]","[""unique_syscalls"", ""exec_count"", ""parent_child_rarity"", ""seq_length"", ""lifetime_seconds""]","{
  ""verdict"": ""MALICIOUS"",
  ""confidence"": 0.92,
  ""rationale_steps"": [
    ""Privilege state: max_uid_euid_delta is high (p98) and auid_euid_mismatch is set -- a real identity inconsistency and privilege transition."",
    ""Mechanism: is_suid_exec is set and a shell was spawned from a service context with priv_op_count elevated -- a classic setuid-shell escalation."",
    ""Behavioural anomaly: parent_child_rarity is near 1 (essentially never seen in benign activity) and unique_syscalls is high (p98) -- an exec pair and syscall types essentially never seen in benign activity."",
    ""Benign-explanation test: very short lifetime (p42) and high throughput argue against a routine admin script, cron job, or health-check."",
    ""Decide: the escalation mechanism, sensitive-path access, and behavioural anomalies outweigh XGBoost's benign call; this supports the CNN.""
  ],
  ""key_features"": [""unique_syscalls"", ""exec_count"", ""parent_child_rarity"", ""seq_length"", ""lifetime_seconds""],
  ""agrees_with"": ""cnn""
}"
82562,3,1,T1078_Valid_Accounts,0,1,0.6923177242279053,0.9917534589767456,xgb_benign_cnn_malicious,MALICIOUS,1,0.92,cnn,ok,"[""Privilege state: max_uid_euid_delta is high (p98) and auid_euid_mismatch is set -- a real identity inconsistency and privilege transition."", ""Mechanism: is_suid_exec is set and a shell was spawned from a service context with priv_op_count elevated -- a classic setuid-shell escalation."", ""Behavioural anomaly: unique_syscalls is high (p98) and parent_child_rarity is near 1 -- an exec pair essentially never seen in benign activity."", ""Benign-explanation test: very high throughput (p56) and short lifetime (p42) argue against a routine admin script, cron job, or health-check."", ""Decide: the escalation mechanism, sensitive-path access, and behavioural anomalies outweigh XGBoost's benign call; this supports the CNN.""]","[""unique_syscalls"", ""exec_count"", ""parent_child_rarity"", ""max_uid_euid_delta"", ""auid_euid_mismatch""]","{
  ""verdict"": ""MALICIOUS"",
  ""confidence"": 0.92,
  ""rationale_steps"": [
    ""Privilege state: max_uid_euid_delta is high (p98) and auid_euid_mismatch is set -- a real identity inconsistency and privilege transition."",
    ""Mechanism: is_suid_exec is set and a shell was spawned from a service context with priv_op_count elevated -- a classic setuid-shell escalation."",
    ""Behavioural anomaly: unique_syscalls is high (p98) and parent_child_rarity is near 1 -- an exec pair essentially never seen in benign activity."",
    ""Benign-explanation test: very high throughput (p56) and short lifetime (p42) argue against a routine admin script, cron job, or health-check."",
    ""Decide: the escalation mechanism, sensitive-path access, and behavioural anomalies outweigh XGBoost's benign call; this supports the CNN.""
  ],
  ""key_features"": [""unique_syscalls"", ""exec_count"", ""parent_child_rarity"", ""max_uid_euid_delta"", ""auid_euid_mismatch""],
  ""agrees_with"": ""cnn""
}"
82666,3,0,benign,0,1,0.6923177242279053,0.9917534589767456,xgb_benign_cnn_malicious,MALICIOUS,1,0.92,cnn,ok,"[""Privilege state: max_uid_euid_delta is high (p98) and auid_euid_mismatch is set -- a real identity inconsistency and privilege transition."", ""Mechanism: is_suid_exec is set and a shell was spawned from a service context with priv_op_count elevated -- a classic setuid-shell escalation."", ""Behavioural anomaly: unique_syscalls is high (p98) and parent_child_rarity is near 1 -- an exec pair essentially never seen in benign activity."", ""Benign-explanation test: very high throughput (p56) and short lifetime (p42) argue against a routine admin script, cron job, or health-check."", ""Decide: the escalation mechanism, sensitive-path access, and behavioural anomalies outweigh XGBoost's benign call; this supports the CNN.""]","[""unique_syscalls"", ""exec_count"", ""parent_child_rarity"", ""max_uid_euid_delta"", ""auid_euid_mismatch""]","{
  ""verdict"": ""MALICIOUS"",
  ""confidence"": 0.92,
  ""rationale_steps"": [
    ""Privilege state: max_uid_euid_delta is high (p98) and auid_euid_mismatch is set -- a real identity inconsistency and privilege transition."",
    ""Mechanism: is_suid_exec is set and a shell was spawned from a service context with priv_op_count elevated -- a classic setuid-shell escalation."",
    ""Behavioural anomaly: unique_syscalls is high (p98) and parent_child_rarity is near 1 -- an exec pair essentially never seen in benign activity."",
    ""Benign-explanation test: very high throughput (p56) and short lifetime (p42) argue against a routine admin script, cron job, or health-check."",
    ""Decide: the escalation mechanism, sensitive-path access, and behavioural anomalies outweigh XGBoost's benign call; this supports the CNN.""
  ],
  ""key_features"": [""unique_syscalls"", ""exec_count"", ""parent_child_rarity"", ""max_uid_euid_delta"", ""auid_euid_mismatch""],
  ""agrees_with"": ""cnn""
}"
83183,3,0,benign,0,1,0.6923177242279053,0.9917534589767456,xgb_benign_cnn_malicious,MALICIOUS,1,0.92,cnn,ok,"[""Privilege state: max_uid_euid_delta is high (p98) and auid_euid_mismatch is set -- a real identity inconsistency and privilege transition."", ""Mechanism: is_suid_exec is set and a shell was spawned from a service context with priv_op_count elevated -- a classic setuid-shell escalation."", ""Behavioural anomaly: unique_syscalls is high (p98) and parent_child_rarity is near 1 -- an exec pair essentially never seen in benign activity."", ""Benign-explanation test: very high throughput (p56) and short lifetime (p42) argue against a routine admin script, cron job, or health-check."", ""Decide: the escalation mechanism, sensitive-path access, and behavioural anomalies outweigh XGBoost's benign call; this supports the CNN.""]","[""unique_syscalls"", ""exec_count"", ""parent_child_rarity"", ""max_uid_euid_delta"", ""auid_euid_mismatch""]","{
  ""verdict"": ""MALICIOUS"",
  ""confidence"": 0.92,
  ""rationale_steps"": [
    ""Privilege state: max_uid_euid_delta is high (p98) and auid_euid_mismatch is set -- a real identity inconsistency and privilege transition."",
    ""Mechanism: is_suid_exec is set and a shell was spawned from a service context with priv_op_count elevated -- a classic setuid-shell escalation."",
    ""Behavioural anomaly: unique_syscalls is high (p98) and parent_child_rarity is near 1 -- an exec pair essentially never seen in benign activity."",
    ""Benign-explanation test: very high throughput (p56) and short lifetime (p42) argue against a routine admin script, cron job, or health-check."",
    ""Decide: the escalation mechanism, sensitive-path access, and behavioural anomalies outweigh XGBoost's benign call; this supports the CNN.""
  ],
  ""key_features"": [""unique_syscalls"", ""exec_count"", ""parent_child_rarity"", ""max_uid_euid_delta"", ""auid_euid_mismatch""],
  ""agrees_with"": ""cnn""
}"
84798,4,0,benign,0,1,0.4626511931419372,0.7419862747192383,xgb_benign_cnn_malicious,MALICIOUS,1,0.83,cnn,ok,"[""Privilege state: max_uid_euid_delta is high (p98) and auid_euid_mismatch is set -- a real identity inconsistency and privilege transition."", ""Mechanism: is_suid_exec is not set, but exec_count is high (p73) and a shell was spawned from a service context with priv_op_count elevated -- a suspicious escalation attempt."", ""Behavioural anomaly: failed_call_rate is high (p98), failed_call_count is high (p98), and parent_child_rarity is near 1 -- an exec pair essentially never seen in benign activity."", ""Benign-explanation test: very high throughput (p98) and short lifetime (p42) argue against a routine admin script, cron job, or health-check."", ""Decide: the escalation mechanism and behavioural anomalies outweigh XGBoost's benign call; this supports the CNN.""]","[""events_per_second"", ""seq_length"", ""auid_euid_mismatch"", ""failed_call_rate"", ""failed_call_count""]","{
  ""verdict"": ""MALICIOUS"",
  ""confidence"": 0.83,
  ""rationale_steps"": [
    ""Privilege state: max_uid_euid_delta is high (p98) and auid_euid_mismatch is set -- a real identity inconsistency and privilege transition."",
    ""Mechanism: is_suid_exec is not set, but exec_count is high (p73) and a shell was spawned from a service context with priv_op_count elevated -- a suspicious escalation attempt."",
    ""Behavioural anomaly: failed_call_rate is high (p98), failed_call_count is high (p98), and parent_child_rarity is near 1 -- an exec pair essentially never seen in benign activity."",
    ""Benign-explanation test: very high throughput (p98) and short lifetime (p42) argue against a routine admin script, cron job, or health-check."",
    ""Decide: the escalation mechanism and behavioural anomalies outweigh XGBoost's benign call; this supports the CNN.""
  ],
  ""key_features"": [""events_per_second"", ""seq_length"", ""auid_euid_mismatch"", ""failed_call_rate"", ""failed_call_count""],
  ""agrees_with"": ""cnn""
}"
85022,3,0,benign,0,1,0.6923177242279053,0.9917534589767456,xgb_benign_cnn_malicious,MALICIOUS,1,0.92,cnn,ok,"[""Privilege state: max_uid_euid_delta is high (p98) and auid_euid_mismatch is set -- a real identity inconsistency and privilege transition."", ""Mechanism: is_suid_exec is set and a shell was spawned from a service context with priv_op_count elevated -- a classic setuid-shell escalation."", ""Behavioural anomaly: parent_child_rarity is near 1 (essentially never seen in benign activity) and unique_syscalls is high (p98) -- an exec pair and syscall types essentially never seen in benign activity."", ""Benign-explanation test: very short lifetime (p42) and high throughput argue against a routine admin script, cron job, or health-check."", ""Decide: the escalation mechanism, sensitive-path access, and behavioural anomalies outweigh XGBoost's benign call; this supports the CNN.""]","[""unique_syscalls"", ""exec_count"", ""parent_child_rarity"", ""seq_length"", ""lifetime_seconds""]","{
  ""verdict"": ""MALICIOUS"",
  ""confidence"": 0.92,
  ""rationale_steps"": [
    ""Privilege state: max_uid_euid_delta is high (p98) and auid_euid_mismatch is set -- a real identity inconsistency and privilege transition."",
    ""Mechanism: is_suid_exec is set and a shell was spawned from a service context with priv_op_count elevated -- a classic setuid-shell escalation."",
    ""Behavioural anomaly: parent_child_rarity is near 1 (essentially never seen in benign activity) and unique_syscalls is high (p98) -- an exec pair and syscall types essentially never seen in benign activity."",
    ""Benign-explanation test: very short lifetime (p42) and high throughput argue against a routine admin script, cron job, or health-check."",
    ""Decide: the escalation mechanism, sensitive-path access, and behavioural anomalies outweigh XGBoost's benign call; this supports the CNN.""
  ],
  ""key_features"": [""unique_syscalls"", ""exec_count"", ""parent_child_rarity"", ""seq_length"", ""lifetime_seconds""],
  ""agrees_with"": ""cnn""
}"
85041,4,0,benign,0,1,0.4322089254856109,0.9850627779960632,xgb_benign_cnn_malicious,MALICIOUS,1,0.92,cnn,ok,"[""Privilege state: max_uid_euid_delta is at p99+ and auid_euid_mismatch is set -- a real identity inconsistency and privilege transition."", ""Mechanism: is_suid_exec is set and a shell was spawned from a service context with priv_op_count elevated -- a classic setuid-shell escalation."", ""Behavioural anomaly: unique_syscalls is at p99+, failed_call_rate is at p1-, and failed_call_count is at p1- -- a high rate of failed syscalls and distinct syscall types used."", ""Benign-explanation test: very short lifetime (p92) and low throughput argue against a routine admin script, cron job, or health-check."", ""Decide: the escalation mechanism, sensitive-path access, and behavioural anomalies outweigh XGBoost's benign call; this supports the CNN.""]","[""unique_syscalls"", ""failed_call_rate"", ""failed_call_count"", ""is_suid_exec"", ""auid_euid_mismatch""]","{
  ""verdict"": ""MALICIOUS"",
  ""confidence"": 0.92,
  ""rationale_steps"": [
    ""Privilege state: max_uid_euid_delta is at p99+ and auid_euid_mismatch is set -- a real identity inconsistency and privilege transition."",
    ""Mechanism: is_suid_exec is set and a shell was spawned from a service context with priv_op_count elevated -- a classic setuid-shell escalation."",
    ""Behavioural anomaly: unique_syscalls is at p99+, failed_call_rate is at p1-, and failed_call_count is at p1- -- a high rate of failed syscalls and distinct syscall types used."",
    ""Benign-explanation test: very short lifetime (p92) and low throughput argue against a routine admin script, cron job, or health-check."",
    ""Decide: the escalation mechanism, sensitive-path access, and behavioural anomalies outweigh XGBoost's benign call; this supports the CNN.""
  ],
  ""key_features"": [""unique_syscalls"", ""failed_call_rate"", ""failed_call_count"", ""is_suid_exec"", ""auid_euid_mismatch""],
  ""agrees_with"": ""cnn""
}"
85388,4,1,T1078_Valid_Accounts,0,1,0.5382307767868042,0.9489884972572328,xgb_benign_cnn_malicious,MALICIOUS,1,0.92,cnn,ok,"[""Privilege state: max_uid_euid_delta is high (p99+) and auid_euid_mismatch is set -- a real identity inconsistency and privilege transition."", ""Mechanism: is_suid_exec is set and a shell was spawned from a service context with priv_op_count elevated -- a classic setuid-shell escalation."", ""Behavioural anomaly: parent_child_rarity is near 1 (essentially never seen in benign activity) and events_per_second is extremely high (p93) -- an unusual syscall throughput."", ""Benign-explanation test: very short lifetime (p36) and low throughput argue against a routine admin script, cron job, or health-check."", ""Decide: the escalation mechanism, sensitive-path access, and unusual syscall throughput outweigh XGBoost's benign call; this supports the CNN.""]","[""parent_child_rarity"", ""lifetime_seconds"", ""events_per_second"", ""max_uid_euid_delta"", ""auid_euid_mismatch""]","{
  ""verdict"": ""MALICIOUS"",
  ""confidence"": 0.92,
  ""rationale_steps"": [
    ""Privilege state: max_uid_euid_delta is high (p99+) and auid_euid_mismatch is set -- a real identity inconsistency and privilege transition."",
    ""Mechanism: is_suid_exec is set and a shell was spawned from a service context with priv_op_count elevated -- a classic setuid-shell escalation."",
    ""Behavioural anomaly: parent_child_rarity is near 1 (essentially never seen in benign activity) and events_per_second is extremely high (p93) -- an unusual syscall throughput."",
    ""Benign-explanation test: very short lifetime (p36) and low throughput argue against a routine admin script, cron job, or health-check."",
    ""Decide: the escalation mechanism, sensitive-path access, and unusual syscall throughput outweigh XGBoost's benign call; this supports the CNN.""
  ],
  ""key_features"": [""parent_child_rarity"", ""lifetime_seconds"", ""events_per_second"", ""max_uid_euid_delta"", ""auid_euid_mismatch""],
  ""agrees_with"": ""cnn""
}"
85442,3,0,benign,0,1,0.6923177242279053,0.9917534589767456,xgb_benign_cnn_malicious,MALICIOUS,1,0.92,cnn,ok,"[""Privilege state: max_uid_euid_delta is high (p98) and auid_euid_mismatch is set -- a real identity inconsistency and privilege transition."", ""Mechanism: is_suid_exec is set and a shell was spawned from a service context with priv_op_count elevated -- a classic setuid-shell escalation."", ""Behavioural anomaly: parent_child_rarity is near 1 (essentially never seen in benign activity) and unique_syscalls is high (p98) -- an exec pair and syscall types essentially never seen in benign activity."", ""Benign-explanation test: very short lifetime (p42) and high throughput argue against a routine admin script, cron job, or health-check."", ""Decide: the escalation mechanism, sensitive-path access, and behavioural anomalies outweigh XGBoost's benign call; this supports the CNN.""]","[""unique_syscalls"", ""exec_count"", ""parent_child_rarity"", ""seq_length"", ""lifetime_seconds""]","{
  ""verdict"": ""MALICIOUS"",
  ""confidence"": 0.92,
  ""rationale_steps"": [
    ""Privilege state: max_uid_euid_delta is high (p98) and auid_euid_mismatch is set -- a real identity inconsistency and privilege transition."",
    ""Mechanism: is_suid_exec is set and a shell was spawned from a service context with priv_op_count elevated -- a classic setuid-shell escalation."",
    ""Behavioural anomaly: parent_child_rarity is near 1 (essentially never seen in benign activity) and unique_syscalls is high (p98) -- an exec pair and syscall types essentially never seen in benign activity."",
    ""Benign-explanation test: very short lifetime (p42) and high throughput argue against a routine admin script, cron job, or health-check."",
    ""Decide: the escalation mechanism, sensitive-path access, and behavioural anomalies outweigh XGBoost's benign call; this supports the CNN.""
  ],
  ""key_features"": [""unique_syscalls"", ""exec_count"", ""parent_child_rarity"", ""seq_length"", ""lifetime_seconds""],
  ""agrees_with"": ""cnn""
}"
86448,3,0,benign,0,1,0.6923177242279053,0.9917534589767456,xgb_benign_cnn_malicious,MALICIOUS,1,0.92,cnn,ok,"[""Privilege state: max_uid_euid_delta is high (p98) and auid_euid_mismatch is set -- a real identity inconsistency and privilege transition."", ""Mechanism: is_suid_exec is set and a shell was spawned from a service context with priv_op_count elevated -- a classic setuid-shell escalation."", ""Behavioural anomaly: unique_syscalls is high (p98) and parent_child_rarity is near 1 -- an exec pair essentially never seen in benign activity."", ""Benign-explanation test: very high throughput (p56) and short lifetime (p42) argue against a routine admin script, cron job, or health-check."", ""Decide: the escalation mechanism, sensitive-path access, and behavioural anomalies outweigh XGBoost's benign call; this supports the CNN.""]","[""unique_syscalls"", ""exec_count"", ""parent_child_rarity"", ""max_uid_euid_delta"", ""auid_euid_mismatch""]","{
  ""verdict"": ""MALICIOUS"",
  ""confidence"": 0.92,
  ""rationale_steps"": [
    ""Privilege state: max_uid_euid_delta is high (p98) and auid_euid_mismatch is set -- a real identity inconsistency and privilege transition."",
    ""Mechanism: is_suid_exec is set and a shell was spawned from a service context with priv_op_count elevated -- a classic setuid-shell escalation."",
    ""Behavioural anomaly: unique_syscalls is high (p98) and parent_child_rarity is near 1 -- an exec pair essentially never seen in benign activity."",
    ""Benign-explanation test: very high throughput (p56) and short lifetime (p42) argue against a routine admin script, cron job, or health-check."",
    ""Decide: the escalation mechanism, sensitive-path access, and behavioural anomalies outweigh XGBoost's benign call; this supports the CNN.""
  ],
  ""key_features"": [""unique_syscalls"", ""exec_count"", ""parent_child_rarity"", ""max_uid_euid_delta"", ""auid_euid_mismatch""],
  ""agrees_with"": ""cnn""
}"
87414,4,0,benign,0,1,0.5382307767868042,0.9489884972572328,xgb_benign_cnn_malicious,MALICIOUS,1,0.92,cnn,ok,"[""Privilege state: max_uid_euid_delta is high (p99+) and auid_euid_mismatch is set -- a real identity inconsistency and privilege transition."", ""Mechanism: is_suid_exec is set and a shell was spawned from a service context with priv_op_count elevated -- a classic setuid-shell escalation."", ""Behavioural anomaly: parent_child_rarity is near 1 (essentially never seen in benign activity) and events_per_second is extremely high (p93) -- an unusual syscall throughput."", ""Benign-explanation test: very short lifetime (p36) and low throughput argue against a routine admin script, cron job, or health-check."", ""Decide: the escalation mechanism, sensitive-path access, and unusual syscall throughput outweigh XGBoost's benign call; this supports the CNN.""]","[""parent_child_rarity"", ""lifetime_seconds"", ""events_per_second"", ""max_uid_euid_delta"", ""auid_euid_mismatch""]","{
  ""verdict"": ""MALICIOUS"",
  ""confidence"": 0.92,
  ""rationale_steps"": [
    ""Privilege state: max_uid_euid_delta is high (p99+) and auid_euid_mismatch is set -- a real identity inconsistency and privilege transition."",
    ""Mechanism: is_suid_exec is set and a shell was spawned from a service context with priv_op_count elevated -- a classic setuid-shell escalation."",
    ""Behavioural anomaly: parent_child_rarity is near 1 (essentially never seen in benign activity) and events_per_second is extremely high (p93) -- an unusual syscall throughput."",
    ""Benign-explanation test: very short lifetime (p36) and low throughput argue against a routine admin script, cron job, or health-check."",
    ""Decide: the escalation mechanism, sensitive-path access, and unusual syscall throughput outweigh XGBoost's benign call; this supports the CNN.""
  ],
  ""key_features"": [""parent_child_rarity"", ""lifetime_seconds"", ""events_per_second"", ""max_uid_euid_delta"", ""auid_euid_mismatch""],
  ""agrees_with"": ""cnn""
}"
87614,4,0,benign,0,1,0.6861697435379028,0.9240633249282836,xgb_benign_cnn_malicious,MALICIOUS,1,0.92,cnn,ok,"[""Privilege state: auid_euid_mismatch is set, indicating a potential identity inconsistency."", ""Mechanism: is_suid_exec is set, indicating a setuid/setgid binary was executed."", ""Behavioural anomaly: parent_child_rarity is near 1, indicating a rare parent->child exec pair."", ""Benign-explanation test: the process has a high throughput and a short lifetime, making it unlikely to be a routine admin script or health-check."", ""Decide: the evidence supports CNN's call, as the privilege state and mechanism indicate a potential escalation attempt.""]","[""unique_syscalls"", ""parent_child_rarity"", ""exec_count"", ""seq_length"", ""lifetime_seconds""]","{
  ""verdict"": ""MALICIOUS"",
  ""confidence"": 0.92,
  ""rationale_steps"": [
    ""Privilege state: auid_euid_mismatch is set, indicating a potential identity inconsistency."",
    ""Mechanism: is_suid_exec is set, indicating a setuid/setgid binary was executed."",
    ""Behavioural anomaly: parent_child_rarity is near 1, indicating a rare parent->child exec pair."",
    ""Benign-explanation test: the process has a high throughput and a short lifetime, making it unlikely to be a routine admin script or health-check."",
    ""Decide: the evidence supports CNN's call, as the privilege state and mechanism indicate a potential escalation attempt.""
  ],
  ""key_features"": [""unique_syscalls"", ""parent_child_rarity"", ""exec_count"", ""seq_length"", ""lifetime_seconds""],
  ""agrees_with"": ""cnn""
}"
87850,3,0,benign,0,1,0.6923177242279053,0.9917534589767456,xgb_benign_cnn_malicious,MALICIOUS,1,0.92,cnn,ok,"[""Privilege state: max_uid_euid_delta is at p98 and auid_euid_mismatch is set -- a real identity inconsistency and privilege transition."", ""Mechanism: is_suid_exec is set and a shell was spawned from a service context with priv_op_count elevated -- a classic setuid-shell escalation."", ""Behavioural anomaly: unique_syscalls=4, parent_child_rarity=1, and failed_call_rate=0.8 -- an exec pair essentially never seen in benign activity and a high rate of failed syscalls."", ""Benign-explanation test: very short lifetime (p42) and high throughput argue against a routine admin script, cron job, or health-check."", ""Decide: the escalation mechanism, sensitive-path access, and behavioural anomalies outweigh XGBoost's benign call; this supports the CNN.""]","[""unique_syscalls"", ""exec_count"", ""parent_child_rarity"", ""seq_length"", ""lifetime_seconds""]","{
  ""verdict"": ""MALICIOUS"",
  ""confidence"": 0.92,
  ""rationale_steps"": [
    ""Privilege state: max_uid_euid_delta is at p98 and auid_euid_mismatch is set -- a real identity inconsistency and privilege transition."",
    ""Mechanism: is_suid_exec is set and a shell was spawned from a service context with priv_op_count elevated -- a classic setuid-shell escalation."",
    ""Behavioural anomaly: unique_syscalls=4, parent_child_rarity=1, and failed_call_rate=0.8 -- an exec pair essentially never seen in benign activity and a high rate of failed syscalls."",
    ""Benign-explanation test: very short lifetime (p42) and high throughput argue against a routine admin script, cron job, or health-check."",
    ""Decide: the escalation mechanism, sensitive-path access, and behavioural anomalies outweigh XGBoost's benign call; this supports the CNN.""
  ],
  ""key_features"": [""unique_syscalls"", ""exec_count"", ""parent_child_rarity"", ""seq_length"", ""lifetime_seconds""],
  ""agrees_with"": ""cnn""
}"
