row_id,fold,true_label,technique,pred_xgb,pred_cnn,proba_xgb,proba_cnn,disagreement_direction,llm_verdict,llm_pred,llm_confidence,llm_agrees_with,parse_status,rationale_steps,key_features,raw
115,3,0,benign,0,1,0.6923177242279053,0.9917534589767456,xgb_benign_cnn_malicious,,-1,,,call_error,[],[],"ReadTimeout(ReadTimeoutError(""HTTPConnectionPool(host='127.0.0.1', port=12445): Read timed out. (read timeout=180)""))"
123,3,1,T1078_Valid_Accounts,0,1,0.6923177242279053,0.9917534589767456,xgb_benign_cnn_malicious,MALICIOUS,1,0.92,cnn,ok,"[""Privilege state: uid_is_root and euid_root are both set, indicating a root context."", ""Mechanism: is_suid_exec is not set, but the combination of uid_is_root, euid_root, and ephemeral_privileged suggests a privilege escalation attempt."", ""Behavioural anomaly: unique_syscalls is high, indicating a novel syscall pattern, and max_uid_euid_delta is low, suggesting a lack of a genuine UID/EUID transition."", ""Benign-explanation test: the short lifetime and high throughput do not suggest a routine admin script, cron job, or health-check."", ""Decide: the combination of privilege escalation indicators and novel syscall pattern outweighs XGBoost's benign call; this supports the CNN.""]","[""uid_is_root"", ""euid_root"", ""unique_syscalls"", ""max_uid_euid_delta"", ""ephemeral_privileged""]","{
  ""verdict"": ""MALICIOUS"",
  ""confidence"": 0.92,
  ""rationale_steps"": [
    ""Privilege state: uid_is_root and euid_root are both set, indicating a root context."",
    ""Mechanism: is_suid_exec is not set, but the combination of uid_is_root, euid_root, and ephemeral_privileged suggests a privilege escalation attempt."",
    ""Behavioural anomaly: unique_syscalls is high, indicating a novel syscall pattern, and max_uid_euid_delta is low, suggesting a lack of a genuine UID/EUID transition."",
    ""Benign-explanation test: the short lifetime and high throughput do not suggest a routine admin script, cron job, or health-check."",
    ""Decide: the combination of privilege escalation indicators and novel syscall pattern outweighs XGBoost's benign call; this supports the CNN.""
  ],
  ""key_features"": [""uid_is_root"", ""euid_root"", ""unique_syscalls"", ""max_uid_euid_delta"", ""ephemeral_privileged""],
  ""agrees_with"": ""cnn""
}"
234,4,0,benign,0,1,0.4626511931419372,0.7419862747192383,xgb_benign_cnn_malicious,MALICIOUS,1,0.92,cnn,ok,"[""Privilege state: uid_is_root and euid_root are both set, indicating a genuine root context."", ""Mechanism: is_suid_exec is not set, but the combination of uid_is_root, euid_root, and auid_euid_mismatch suggests a privilege escalation attempt."", ""Behavioural anomaly: events_per_second is extremely high, indicating a potential attack, and failed_call_rate is also high, suggesting a failed escalation attempt."", ""Benign-explanation test: the short lifetime and high throughput make it unlikely to be a routine admin script or health-check."", ""Decide: the combination of privilege escalation indicators and behavioural anomalies outweighs XGBoost's benign call; this supports the CNN.""]","[""events_per_second"", ""uid_is_root"", ""euid_root"", ""auid_euid_mismatch"", ""failed_call_rate""]","{
  ""verdict"": ""MALICIOUS"",
  ""confidence"": 0.92,
  ""rationale_steps"": [
    ""Privilege state: uid_is_root and euid_root are both set, indicating a genuine root context."",
    ""Mechanism: is_suid_exec is not set, but the combination of uid_is_root, euid_root, and auid_euid_mismatch suggests a privilege escalation attempt."",
    ""Behavioural anomaly: events_per_second is extremely high, indicating a potential attack, and failed_call_rate is also high, suggesting a failed escalation attempt."",
    ""Benign-explanation test: the short lifetime and high throughput make it unlikely to be a routine admin script or health-check."",
    ""Decide: the combination of privilege escalation indicators and behavioural anomalies outweighs XGBoost's benign call; this supports the CNN.""
  ],
  ""key_features"": [""events_per_second"", ""uid_is_root"", ""euid_root"", ""auid_euid_mismatch"", ""failed_call_rate""],
  ""agrees_with"": ""cnn""
}"
238,4,0,benign,0,1,0.5382307767868042,0.9489884972572328,xgb_benign_cnn_malicious,MALICIOUS,1,0.95,cnn,ok,"[""Privilege state: uid_is_root and euid_root are both set, indicating a genuine root context."", ""Mechanism: is_suid_exec is not set, but the presence of a root context and a high priv_op_count suggests a privilege escalation attempt."", ""Behavioural anomaly: the process is ephemeral and privileged, and there is no network activity, which is unusual for a benign process."", ""Benign-explanation test: the short lifetime and high throughput of the process make it unlikely to be a routine admin script or health-check."", ""Decide: the evidence supports CNN's call, as the root context and high priv_op_count are strong indicators of a privilege escalation attempt.""]","[""uid_is_root"", ""euid_root"", ""ephemeral_privileged"", ""priv_op_count"", ""max_uid_euid_delta""]","{
  ""verdict"": ""MALICIOUS"",
  ""confidence"": 0.95,
  ""rationale_steps"": [
    ""Privilege state: uid_is_root and euid_root are both set, indicating a genuine root context."",
    ""Mechanism: is_suid_exec is not set, but the presence of a root context and a high priv_op_count suggests a privilege escalation attempt."",
    ""Behavioural anomaly: the process is ephemeral and privileged, and there is no network activity, which is unusual for a benign process."",
    ""Benign-explanation test: the short lifetime and high throughput of the process make it unlikely to be a routine admin script or health-check."",
    ""Decide: the evidence supports CNN's call, as the root context and high priv_op_count are strong indicators of a privilege escalation attempt.""
  ],
  ""key_features"": [""uid_is_root"", ""euid_root"", ""ephemeral_privileged"", ""priv_op_count"", ""max_uid_euid_delta""],
  ""agrees_with"": ""cnn""
}"
697,3,0,benign,0,1,0.6923177242279053,0.9917534589767456,xgb_benign_cnn_malicious,MALICIOUS,1,0.99,cnn,ok,"[""Privilege state: uid_is_root and euid_root are both set, indicating a root context."", ""Mechanism: is_suid_exec is not set, but the presence of uid_is_root and euid_root suggests a privilege escalation attempt."", ""Behavioural anomaly: unique_syscalls is high, indicating a novel syscall pattern, and ephemeral_privileged is set, suggesting a short-lived privileged process."", ""Benign-explanation test: the short lifetime and high throughput do not suggest a routine admin script or health-check."", ""Decide: the evidence supports CNN's call, with multiple indicators of privilege escalation and a novel syscall pattern.""]","[""uid_is_root"", ""euid_root"", ""unique_syscalls"", ""ephemeral_privileged"", ""max_uid_euid_delta""]","{
  ""verdict"": ""MALICIOUS"",
  ""confidence"": 0.99,
  ""rationale_steps"": [
    ""Privilege state: uid_is_root and euid_root are both set, indicating a root context."",
    ""Mechanism: is_suid_exec is not set, but the presence of uid_is_root and euid_root suggests a privilege escalation attempt."",
    ""Behavioural anomaly: unique_syscalls is high, indicating a novel syscall pattern, and ephemeral_privileged is set, suggesting a short-lived privileged process."",
    ""Benign-explanation test: the short lifetime and high throughput do not suggest a routine admin script or health-check."",
    ""Decide: the evidence supports CNN's call, with multiple indicators of privilege escalation and a novel syscall pattern.""
  ],
  ""key_features"": [""uid_is_root"", ""euid_root"", ""unique_syscalls"", ""ephemeral_privileged"", ""max_uid_euid_delta""],
  ""agrees_with"": ""cnn""
}"
868,1,0,benign,0,1,0.694502592086792,0.9362074136734008,xgb_benign_cnn_malicious,,-1,,,parse_error,[],[],"{
  ""verdict"": ""MALICIOUS"",
  ""confidence"": 0.94,
  ""rationale_steps"": [
    ""Privilege state: uid_is_root and euid_root are both set, indicating a genuine root context."",
    ""Mechanism: is_suid_exec is not set, but the process is holding privilege as an ephemeral process, which is a strong indicator of escalation."",
    ""Behavioural anomaly: failed_call_rate and failed_call_count are both high, indicating a high rate of failed syscalls, which is unusual for a benign process."",
    ""Benign-explanation test: the high syscall throughput and root context make it unlikely to be a routine admin script, cron job, or health-check."",
    ""Decide: the evidence supports CNN's call, as the process is holding root privilege and exhibiting unusual behaviour.""
  ],
  ""key_features"": [""events_per_second"", ""uid_is_root"", ""euid_root"", ""ephemeral_privileged"", ""failed_call_rate"", ""failed_call_count""],
  ""agrees_with"": ""cnn""
}"
1039,4,0,benign,0,1,0.5382307767868042,0.9489884972572328,xgb_benign_cnn_malicious,MALICIOUS,1,0.95,cnn,ok,"[""Privilege state: uid_is_root and euid_root are both set, indicating a genuine root context."", ""Mechanism: is_suid_exec is not set, but the presence of a root context and a high priv_op_count suggests a privilege escalation attempt."", ""Behavioural anomaly: the process is ephemeral and privileged, and there is no network activity, which is unusual for a benign process."", ""Benign-explanation test: the short lifetime and high throughput of the process make it unlikely to be a routine admin script or health-check."", ""Decide: the evidence supports CNN's call, as the root context and high priv_op_count are strong indicators of a privilege escalation attempt.""]","[""uid_is_root"", ""euid_root"", ""ephemeral_privileged"", ""priv_op_count"", ""max_uid_euid_delta""]","{
  ""verdict"": ""MALICIOUS"",
  ""confidence"": 0.95,
  ""rationale_steps"": [
    ""Privilege state: uid_is_root and euid_root are both set, indicating a genuine root context."",
    ""Mechanism: is_suid_exec is not set, but the presence of a root context and a high priv_op_count suggests a privilege escalation attempt."",
    ""Behavioural anomaly: the process is ephemeral and privileged, and there is no network activity, which is unusual for a benign process."",
    ""Benign-explanation test: the short lifetime and high throughput of the process make it unlikely to be a routine admin script or health-check."",
    ""Decide: the evidence supports CNN's call, as the root context and high priv_op_count are strong indicators of a privilege escalation attempt.""
  ],
  ""key_features"": [""uid_is_root"", ""euid_root"", ""ephemeral_privileged"", ""priv_op_count"", ""max_uid_euid_delta""],
  ""agrees_with"": ""cnn""
}"
1438,3,1,T1078_Valid_Accounts,0,1,0.6923177242279053,0.9917534589767456,xgb_benign_cnn_malicious,MALICIOUS,1,0.99,cnn,ok,"[""Privilege state: uid_is_root and euid_root are both set, indicating a root context."", ""Mechanism: is_suid_exec is not set, but the presence of uid_is_root and euid_root suggests a privilege escalation attempt."", ""Behavioural anomaly: unique_syscalls is high, indicating a novel syscall pattern, and ephemeral_privileged is set, suggesting a short-lived privileged process."", ""Benign-explanation test: the short lifetime and high throughput do not suggest a routine admin script or health-check."", ""Decide: the evidence supports CNN's call, with multiple indicators of privilege escalation and a novel syscall pattern.""]","[""uid_is_root"", ""euid_root"", ""unique_syscalls"", ""ephemeral_privileged"", ""max_uid_euid_delta""]","{
  ""verdict"": ""MALICIOUS"",
  ""confidence"": 0.99,
  ""rationale_steps"": [
    ""Privilege state: uid_is_root and euid_root are both set, indicating a root context."",
    ""Mechanism: is_suid_exec is not set, but the presence of uid_is_root and euid_root suggests a privilege escalation attempt."",
    ""Behavioural anomaly: unique_syscalls is high, indicating a novel syscall pattern, and ephemeral_privileged is set, suggesting a short-lived privileged process."",
    ""Benign-explanation test: the short lifetime and high throughput do not suggest a routine admin script or health-check."",
    ""Decide: the evidence supports CNN's call, with multiple indicators of privilege escalation and a novel syscall pattern.""
  ],
  ""key_features"": [""uid_is_root"", ""euid_root"", ""unique_syscalls"", ""ephemeral_privileged"", ""max_uid_euid_delta""],
  ""agrees_with"": ""cnn""
}"
1837,4,0,benign,0,1,0.4626511931419372,0.7419862747192383,xgb_benign_cnn_malicious,MALICIOUS,1,0.92,cnn,ok,"[""Privilege state: uid_is_root and euid_root are both set, indicating a genuine root context."", ""Mechanism: is_suid_exec is not set, but the combination of uid_is_root, euid_root, and auid_euid_mismatch suggests a privilege escalation attempt."", ""Behavioural anomaly: events_per_second is extremely high, indicating a potential attack, and failed_call_rate is also high, suggesting a failed escalation attempt."", ""Benign-explanation test: the short lifetime and high throughput make it unlikely to be a routine admin script or health-check."", ""Decide: the combination of privilege escalation indicators and behavioural anomalies outweighs XGBoost's benign call; this supports the CNN.""]","[""events_per_second"", ""uid_is_root"", ""euid_root"", ""auid_euid_mismatch"", ""failed_call_rate""]","{
  ""verdict"": ""MALICIOUS"",
  ""confidence"": 0.92,
  ""rationale_steps"": [
    ""Privilege state: uid_is_root and euid_root are both set, indicating a genuine root context."",
    ""Mechanism: is_suid_exec is not set, but the combination of uid_is_root, euid_root, and auid_euid_mismatch suggests a privilege escalation attempt."",
    ""Behavioural anomaly: events_per_second is extremely high, indicating a potential attack, and failed_call_rate is also high, suggesting a failed escalation attempt."",
    ""Benign-explanation test: the short lifetime and high throughput make it unlikely to be a routine admin script or health-check."",
    ""Decide: the combination of privilege escalation indicators and behavioural anomalies outweighs XGBoost's benign call; this supports the CNN.""
  ],
  ""key_features"": [""events_per_second"", ""uid_is_root"", ""euid_root"", ""auid_euid_mismatch"", ""failed_call_rate""],
  ""agrees_with"": ""cnn""
}"
1880,4,0,benign,0,1,0.5382307767868042,0.9489884972572328,xgb_benign_cnn_malicious,MALICIOUS,1,0.95,cnn,ok,"[""Privilege state: uid_is_root and euid_root are both set, indicating a genuine root context."", ""Mechanism: is_suid_exec is not set, but the presence of a root context and a high priv_op_count suggests a privilege escalation attempt."", ""Behavioural anomaly: the process is ephemeral and privileged, and there is no network activity, which is unusual for a benign process."", ""Benign-explanation test: the short lifetime and high throughput of the process make it unlikely to be a routine admin script or health-check."", ""Decide: the evidence supports CNN's call, as the root context and high priv_op_count are strong indicators of a privilege escalation attempt.""]","[""uid_is_root"", ""euid_root"", ""ephemeral_privileged"", ""priv_op_count"", ""max_uid_euid_delta""]","{
  ""verdict"": ""MALICIOUS"",
  ""confidence"": 0.95,
  ""rationale_steps"": [
    ""Privilege state: uid_is_root and euid_root are both set, indicating a genuine root context."",
    ""Mechanism: is_suid_exec is not set, but the presence of a root context and a high priv_op_count suggests a privilege escalation attempt."",
    ""Behavioural anomaly: the process is ephemeral and privileged, and there is no network activity, which is unusual for a benign process."",
    ""Benign-explanation test: the short lifetime and high throughput of the process make it unlikely to be a routine admin script or health-check."",
    ""Decide: the evidence supports CNN's call, as the root context and high priv_op_count are strong indicators of a privilege escalation attempt.""
  ],
  ""key_features"": [""uid_is_root"", ""euid_root"", ""ephemeral_privileged"", ""priv_op_count"", ""max_uid_euid_delta""],
  ""agrees_with"": ""cnn""
}"
2204,4,0,benign,0,1,0.4626511931419372,0.7419862747192383,xgb_benign_cnn_malicious,MALICIOUS,1,0.92,cnn,ok,"[""Privilege state: uid_is_root and euid_root are both set, indicating a genuine root context."", ""Mechanism: is_suid_exec is not set, but the combination of uid_is_root, euid_root, and auid_euid_mismatch suggests a privilege escalation attempt."", ""Behavioural anomaly: events_per_second is extremely high, indicating a potential attack, and failed_call_rate is also high, suggesting a failed escalation attempt."", ""Benign-explanation test: the short lifetime and high throughput make it unlikely to be a routine admin script or health-check."", ""Decide: the combination of privilege escalation indicators and behavioural anomalies outweighs XGBoost's benign call; this supports the CNN.""]","[""events_per_second"", ""uid_is_root"", ""euid_root"", ""auid_euid_mismatch"", ""failed_call_rate""]","{
  ""verdict"": ""MALICIOUS"",
  ""confidence"": 0.92,
  ""rationale_steps"": [
    ""Privilege state: uid_is_root and euid_root are both set, indicating a genuine root context."",
    ""Mechanism: is_suid_exec is not set, but the combination of uid_is_root, euid_root, and auid_euid_mismatch suggests a privilege escalation attempt."",
    ""Behavioural anomaly: events_per_second is extremely high, indicating a potential attack, and failed_call_rate is also high, suggesting a failed escalation attempt."",
    ""Benign-explanation test: the short lifetime and high throughput make it unlikely to be a routine admin script or health-check."",
    ""Decide: the combination of privilege escalation indicators and behavioural anomalies outweighs XGBoost's benign call; this supports the CNN.""
  ],
  ""key_features"": [""events_per_second"", ""uid_is_root"", ""euid_root"", ""auid_euid_mismatch"", ""failed_call_rate""],
  ""agrees_with"": ""cnn""
}"
2840,4,0,benign,0,1,0.3245709240436554,0.9654507040977478,xgb_benign_cnn_malicious,MALICIOUS,1,0.92,cnn,ok,"[""Privilege state: uid_is_root and euid_root are both set, indicating a genuine root context."", ""Mechanism: is_suid_exec is not set, but the combination of uid_is_root, euid_root, and ephemeral_privileged suggests a privilege escalation attempt."", ""Behavioural anomaly: the process held privilege for a short time, and there is no sensitive-path access, but the network_count is low, which is consistent with an incomplete escalation attempt."", ""Benign-explanation test: the short lifetime and lack of throughput argue against a routine admin script, cron job, or health-check."", ""Decide: the evidence supports CNN's call, as the privilege escalation attempt is not fully completed, but the indicators are consistent with a malicious activity.""]","[""uid_is_root"", ""euid_root"", ""max_uid_euid_delta"", ""ephemeral_privileged"", ""network_count""]","{
  ""verdict"": ""MALICIOUS"",
  ""confidence"": 0.92,
  ""rationale_steps"": [
    ""Privilege state: uid_is_root and euid_root are both set, indicating a genuine root context."",
    ""Mechanism: is_suid_exec is not set, but the combination of uid_is_root, euid_root, and ephemeral_privileged suggests a privilege escalation attempt."",
    ""Behavioural anomaly: the process held privilege for a short time, and there is no sensitive-path access, but the network_count is low, which is consistent with an incomplete escalation attempt."",
    ""Benign-explanation test: the short lifetime and lack of throughput argue against a routine admin script, cron job, or health-check."",
    ""Decide: the evidence supports CNN's call, as the privilege escalation attempt is not fully completed, but the indicators are consistent with a malicious activity.""
  ],
  ""key_features"": [""uid_is_root"", ""euid_root"", ""max_uid_euid_delta"", ""ephemeral_privileged"", ""network_count""],
  ""agrees_with"": ""cnn""
}"
2847,4,1,T1078_Valid_Accounts,0,1,0.619727611541748,0.9672528505325316,xgb_benign_cnn_malicious,MALICIOUS,1,0.93,cnn,ok,"[""Privilege state: uid_is_root and euid_root are both set, indicating a genuine root context."", ""Mechanism: is_suid_exec is not set, but the presence of uid_is_root and euid_root alongside ephemeral_privileged suggests a privilege escalation attempt."", ""Behavioural anomaly: the process held privilege for a short time, and there is no sensitive-path access, but the network_count is 0, which is unusual for an attack."", ""Benign-explanation test: the short lifetime and lack of throughput make it unlikely to be a routine admin script, cron job, or health-check."", ""Decide: the evidence supports CNN's call, as the privilege escalation attempt and unusual network activity outweigh XGBoost's benign call.""]","[""uid_is_root"", ""euid_root"", ""ephemeral_privileged"", ""max_uid_euid_delta"", ""network_count""]","{
  ""verdict"": ""MALICIOUS"",
  ""confidence"": 0.93,
  ""rationale_steps"": [
    ""Privilege state: uid_is_root and euid_root are both set, indicating a genuine root context."",
    ""Mechanism: is_suid_exec is not set, but the presence of uid_is_root and euid_root alongside ephemeral_privileged suggests a privilege escalation attempt."",
    ""Behavioural anomaly: the process held privilege for a short time, and there is no sensitive-path access, but the network_count is 0, which is unusual for an attack."",
    ""Benign-explanation test: the short lifetime and lack of throughput make it unlikely to be a routine admin script, cron job, or health-check."",
    ""Decide: the evidence supports CNN's call, as the privilege escalation attempt and unusual network activity outweigh XGBoost's benign call.""
  ],
  ""key_features"": [""uid_is_root"", ""euid_root"", ""ephemeral_privileged"", ""max_uid_euid_delta"", ""network_count""],
  ""agrees_with"": ""cnn""
}"
2874,4,0,benign,0,1,0.4626511931419372,0.7419862747192383,xgb_benign_cnn_malicious,MALICIOUS,1,0.92,cnn,ok,"[""Privilege state: uid_is_root and euid_root are both set, indicating a genuine root context."", ""Mechanism: is_suid_exec is not set, but the combination of uid_is_root, euid_root, and auid_euid_mismatch suggests a privilege escalation attempt."", ""Behavioural anomaly: events_per_second is extremely high, indicating a potential attack, and failed_call_rate is also high, suggesting a failed escalation attempt."", ""Benign-explanation test: the short lifetime and high throughput make it unlikely to be a routine admin script or health-check."", ""Decide: the combination of privilege escalation indicators and behavioural anomalies outweighs XGBoost's benign call; this supports the CNN.""]","[""events_per_second"", ""uid_is_root"", ""euid_root"", ""auid_euid_mismatch"", ""failed_call_rate""]","{
  ""verdict"": ""MALICIOUS"",
  ""confidence"": 0.92,
  ""rationale_steps"": [
    ""Privilege state: uid_is_root and euid_root are both set, indicating a genuine root context."",
    ""Mechanism: is_suid_exec is not set, but the combination of uid_is_root, euid_root, and auid_euid_mismatch suggests a privilege escalation attempt."",
    ""Behavioural anomaly: events_per_second is extremely high, indicating a potential attack, and failed_call_rate is also high, suggesting a failed escalation attempt."",
    ""Benign-explanation test: the short lifetime and high throughput make it unlikely to be a routine admin script or health-check."",
    ""Decide: the combination of privilege escalation indicators and behavioural anomalies outweighs XGBoost's benign call; this supports the CNN.""
  ],
  ""key_features"": [""events_per_second"", ""uid_is_root"", ""euid_root"", ""auid_euid_mismatch"", ""failed_call_rate""],
  ""agrees_with"": ""cnn""
}"
2879,4,0,benign,0,1,0.4626511931419372,0.7419862747192383,xgb_benign_cnn_malicious,MALICIOUS,1,0.92,cnn,ok,"[""Privilege state: uid_is_root and euid_root are both set, indicating a genuine root context."", ""Mechanism: is_suid_exec is not set, but the combination of uid_is_root, euid_root, and auid_euid_mismatch suggests a privilege escalation attempt."", ""Behavioural anomaly: events_per_second is extremely high, indicating a high syscall throughput, and failed_call_rate is also high, suggesting a process that is attempting to escalate privileges."", ""Benign-explanation test: the short lifetime and high syscall throughput make it unlikely that this is a routine admin script, cron job, or health-check."", ""Decide: the combination of privilege escalation indicators and behavioural anomalies outweighs XGBoost's benign call; this supports the CNN.""]","[""events_per_second"", ""uid_is_root"", ""euid_root"", ""auid_euid_mismatch"", ""failed_call_rate""]","{
  ""verdict"": ""MALICIOUS"",
  ""confidence"": 0.92,
  ""rationale_steps"": [
    ""Privilege state: uid_is_root and euid_root are both set, indicating a genuine root context."",
    ""Mechanism: is_suid_exec is not set, but the combination of uid_is_root, euid_root, and auid_euid_mismatch suggests a privilege escalation attempt."",
    ""Behavioural anomaly: events_per_second is extremely high, indicating a high syscall throughput, and failed_call_rate is also high, suggesting a process that is attempting to escalate privileges."",
    ""Benign-explanation test: the short lifetime and high syscall throughput make it unlikely that this is a routine admin script, cron job, or health-check."",
    ""Decide: the combination of privilege escalation indicators and behavioural anomalies outweighs XGBoost's benign call; this supports the CNN.""
  ],
  ""key_features"": [""events_per_second"", ""uid_is_root"", ""euid_root"", ""auid_euid_mismatch"", ""failed_call_rate""],
  ""agrees_with"": ""cnn""
}"
2988,4,0,benign,0,1,0.5382307767868042,0.9489884972572328,xgb_benign_cnn_malicious,MALICIOUS,1,0.95,cnn,ok,"[""Privilege state: uid_is_root and euid_root are both set, indicating a genuine root context."", ""Mechanism: is_suid_exec is not set, but the presence of a root context and a high priv_op_count suggests a privilege escalation attempt."", ""Behavioural anomaly: the process is ephemeral and privileged, and there is no network activity, which is unusual for a benign process."", ""Benign-explanation test: the short lifetime and high throughput of the process make it unlikely to be a routine admin script or health-check."", ""Decide: the evidence supports CNN's call, as the root context and high priv_op_count are strong indicators of a privilege escalation attempt.""]","[""uid_is_root"", ""euid_root"", ""ephemeral_privileged"", ""priv_op_count"", ""max_uid_euid_delta""]","{
  ""verdict"": ""MALICIOUS"",
  ""confidence"": 0.95,
  ""rationale_steps"": [
    ""Privilege state: uid_is_root and euid_root are both set, indicating a genuine root context."",
    ""Mechanism: is_suid_exec is not set, but the presence of a root context and a high priv_op_count suggests a privilege escalation attempt."",
    ""Behavioural anomaly: the process is ephemeral and privileged, and there is no network activity, which is unusual for a benign process."",
    ""Benign-explanation test: the short lifetime and high throughput of the process make it unlikely to be a routine admin script or health-check."",
    ""Decide: the evidence supports CNN's call, as the root context and high priv_op_count are strong indicators of a privilege escalation attempt.""
  ],
  ""key_features"": [""uid_is_root"", ""euid_root"", ""ephemeral_privileged"", ""priv_op_count"", ""max_uid_euid_delta""],
  ""agrees_with"": ""cnn""
}"
3034,4,1,T1078_Valid_Accounts,0,1,0.4626511931419372,0.7419862747192383,xgb_benign_cnn_malicious,MALICIOUS,1,0.92,cnn,ok,"[""Privilege state: uid_is_root and euid_root are both set, indicating a genuine root context."", ""Mechanism: is_suid_exec is not set, but the combination of uid_is_root, euid_root, and auid_euid_mismatch suggests a privilege escalation attempt."", ""Behavioural anomaly: events_per_second is extremely high, indicating a potential attack, and failed_call_rate is also high, suggesting a failed escalation attempt."", ""Benign-explanation test: the short lifetime and high throughput make it unlikely to be a routine admin script or health-check."", ""Decide: the combination of privilege escalation indicators and behavioural anomalies outweighs XGBoost's benign call; this supports the CNN.""]","[""events_per_second"", ""uid_is_root"", ""euid_root"", ""auid_euid_mismatch"", ""failed_call_rate""]","{
  ""verdict"": ""MALICIOUS"",
  ""confidence"": 0.92,
  ""rationale_steps"": [
    ""Privilege state: uid_is_root and euid_root are both set, indicating a genuine root context."",
    ""Mechanism: is_suid_exec is not set, but the combination of uid_is_root, euid_root, and auid_euid_mismatch suggests a privilege escalation attempt."",
    ""Behavioural anomaly: events_per_second is extremely high, indicating a potential attack, and failed_call_rate is also high, suggesting a failed escalation attempt."",
    ""Benign-explanation test: the short lifetime and high throughput make it unlikely to be a routine admin script or health-check."",
    ""Decide: the combination of privilege escalation indicators and behavioural anomalies outweighs XGBoost's benign call; this supports the CNN.""
  ],
  ""key_features"": [""events_per_second"", ""uid_is_root"", ""euid_root"", ""auid_euid_mismatch"", ""failed_call_rate""],
  ""agrees_with"": ""cnn""
}"
3244,4,0,benign,0,1,0.4626511931419372,0.7419862747192383,xgb_benign_cnn_malicious,MALICIOUS,1,0.92,cnn,ok,"[""Privilege state: uid_is_root and euid_root are both set, indicating a genuine root context."", ""Mechanism: is_suid_exec is not set, but the combination of uid_is_root, euid_root, and auid_euid_mismatch suggests a privilege escalation attempt."", ""Behavioural anomaly: events_per_second is extremely high, indicating a high syscall throughput, and failed_call_rate is also high, suggesting a process that is attempting to escalate privileges."", ""Benign-explanation test: the short lifetime and high syscall throughput make it unlikely that this is a routine admin script, cron job, or health-check."", ""Decide: the combination of privilege escalation indicators and behavioural anomalies outweighs XGBoost's benign call; this supports the CNN.""]","[""events_per_second"", ""uid_is_root"", ""euid_root"", ""auid_euid_mismatch"", ""failed_call_rate""]","{
  ""verdict"": ""MALICIOUS"",
  ""confidence"": 0.92,
  ""rationale_steps"": [
    ""Privilege state: uid_is_root and euid_root are both set, indicating a genuine root context."",
    ""Mechanism: is_suid_exec is not set, but the combination of uid_is_root, euid_root, and auid_euid_mismatch suggests a privilege escalation attempt."",
    ""Behavioural anomaly: events_per_second is extremely high, indicating a high syscall throughput, and failed_call_rate is also high, suggesting a process that is attempting to escalate privileges."",
    ""Benign-explanation test: the short lifetime and high syscall throughput make it unlikely that this is a routine admin script, cron job, or health-check."",
    ""Decide: the combination of privilege escalation indicators and behavioural anomalies outweighs XGBoost's benign call; this supports the CNN.""
  ],
  ""key_features"": [""events_per_second"", ""uid_is_root"", ""euid_root"", ""auid_euid_mismatch"", ""failed_call_rate""],
  ""agrees_with"": ""cnn""
}"
3489,4,0,benign,0,1,0.4626511931419372,0.7419862747192383,xgb_benign_cnn_malicious,MALICIOUS,1,0.92,cnn,ok,"[""Privilege state: uid_is_root and euid_root are both set, indicating a genuine root context."", ""Mechanism: is_suid_exec is not set, but the combination of uid_is_root, euid_root, and auid_euid_mismatch suggests a privilege escalation attempt."", ""Behavioural anomaly: events_per_second is extremely high, indicating a high syscall throughput, and failed_call_rate is also high, suggesting a process that is attempting to escalate privileges."", ""Benign-explanation test: the short lifetime and high syscall throughput make it unlikely that this is a routine admin script, cron job, or health-check."", ""Decide: the combination of privilege escalation indicators and behavioural anomalies outweighs XGBoost's benign call; this supports the CNN.""]","[""events_per_second"", ""uid_is_root"", ""euid_root"", ""auid_euid_mismatch"", ""failed_call_rate""]","{
  ""verdict"": ""MALICIOUS"",
  ""confidence"": 0.92,
  ""rationale_steps"": [
    ""Privilege state: uid_is_root and euid_root are both set, indicating a genuine root context."",
    ""Mechanism: is_suid_exec is not set, but the combination of uid_is_root, euid_root, and auid_euid_mismatch suggests a privilege escalation attempt."",
    ""Behavioural anomaly: events_per_second is extremely high, indicating a high syscall throughput, and failed_call_rate is also high, suggesting a process that is attempting to escalate privileges."",
    ""Benign-explanation test: the short lifetime and high syscall throughput make it unlikely that this is a routine admin script, cron job, or health-check."",
    ""Decide: the combination of privilege escalation indicators and behavioural anomalies outweighs XGBoost's benign call; this supports the CNN.""
  ],
  ""key_features"": [""events_per_second"", ""uid_is_root"", ""euid_root"", ""auid_euid_mismatch"", ""failed_call_rate""],
  ""agrees_with"": ""cnn""
}"
3781,4,0,benign,0,1,0.4626511931419372,0.7419862747192383,xgb_benign_cnn_malicious,MALICIOUS,1,0.92,cnn,ok,"[""Privilege state: uid_is_root and euid_root are both set, indicating a genuine root context."", ""Mechanism: is_suid_exec is not set, but the combination of uid_is_root, euid_root, and auid_euid_mismatch suggests a privilege escalation attempt."", ""Behavioural anomaly: events_per_second is extremely high, indicating a high syscall throughput, and failed_call_rate is also high, suggesting a process that is attempting to escalate privileges."", ""Benign-explanation test: the short lifetime and high syscall throughput make it unlikely that this is a routine admin script, cron job, or health-check."", ""Decide: the combination of privilege escalation indicators and behavioural anomalies outweighs XGBoost's benign call; this supports the CNN.""]","[""events_per_second"", ""uid_is_root"", ""euid_root"", ""auid_euid_mismatch"", ""failed_call_rate""]","{
  ""verdict"": ""MALICIOUS"",
  ""confidence"": 0.92,
  ""rationale_steps"": [
    ""Privilege state: uid_is_root and euid_root are both set, indicating a genuine root context."",
    ""Mechanism: is_suid_exec is not set, but the combination of uid_is_root, euid_root, and auid_euid_mismatch suggests a privilege escalation attempt."",
    ""Behavioural anomaly: events_per_second is extremely high, indicating a high syscall throughput, and failed_call_rate is also high, suggesting a process that is attempting to escalate privileges."",
    ""Benign-explanation test: the short lifetime and high syscall throughput make it unlikely that this is a routine admin script, cron job, or health-check."",
    ""Decide: the combination of privilege escalation indicators and behavioural anomalies outweighs XGBoost's benign call; this supports the CNN.""
  ],
  ""key_features"": [""events_per_second"", ""uid_is_root"", ""euid_root"", ""auid_euid_mismatch"", ""failed_call_rate""],
  ""agrees_with"": ""cnn""
}"
3893,4,0,benign,0,1,0.5382307767868042,0.9489884972572328,xgb_benign_cnn_malicious,MALICIOUS,1,0.95,cnn,ok,"[""Privilege state: uid_is_root and euid_root are both set, indicating a genuine root context."", ""Mechanism: is_suid_exec is not set, but the presence of a root context and a high priv_op_count suggests a privilege escalation attempt."", ""Behavioural anomaly: the process is ephemeral and privileged, and there is no network activity, which is unusual for a benign process."", ""Benign-explanation test: the short lifetime and high throughput of the process make it unlikely to be a routine admin script or health-check."", ""Decide: the evidence supports CNN's call, as the root context and high priv_op_count are strong indicators of a privilege escalation attempt.""]","[""uid_is_root"", ""euid_root"", ""ephemeral_privileged"", ""priv_op_count"", ""max_uid_euid_delta""]","{
  ""verdict"": ""MALICIOUS"",
  ""confidence"": 0.95,
  ""rationale_steps"": [
    ""Privilege state: uid_is_root and euid_root are both set, indicating a genuine root context."",
    ""Mechanism: is_suid_exec is not set, but the presence of a root context and a high priv_op_count suggests a privilege escalation attempt."",
    ""Behavioural anomaly: the process is ephemeral and privileged, and there is no network activity, which is unusual for a benign process."",
    ""Benign-explanation test: the short lifetime and high throughput of the process make it unlikely to be a routine admin script or health-check."",
    ""Decide: the evidence supports CNN's call, as the root context and high priv_op_count are strong indicators of a privilege escalation attempt.""
  ],
  ""key_features"": [""uid_is_root"", ""euid_root"", ""ephemeral_privileged"", ""priv_op_count"", ""max_uid_euid_delta""],
  ""agrees_with"": ""cnn""
}"
4164,1,0,benign,0,1,0.4333839416503906,0.931560218334198,xgb_benign_cnn_malicious,MALICIOUS,1,0.93,cnn,ok,"[""Privilege state: uid_is_root and euid_root are both set, indicating a genuine root context."", ""Mechanism: is_suid_exec is not set, but the process is holding privilege as an ephemeral process, which is a strong indicator of escalation."", ""Behavioural anomaly: extremely high syscall throughput (events_per_second) and a high failed syscall rate (failed_call_count) are indicative of malicious activity."", ""Benign-explanation test: the short lifetime and high throughput make it unlikely to be a routine admin script, cron job, or health-check."", ""Decide: the strong indicators of escalation and malicious activity outweigh XGBoost's benign call; this supports the CNN.""]","[""events_per_second"", ""uid_is_root"", ""euid_root"", ""max_uid_euid_delta"", ""ephemeral_privileged""]","{
  ""verdict"": ""MALICIOUS"",
  ""confidence"": 0.93,
  ""rationale_steps"": [
    ""Privilege state: uid_is_root and euid_root are both set, indicating a genuine root context."",
    ""Mechanism: is_suid_exec is not set, but the process is holding privilege as an ephemeral process, which is a strong indicator of escalation."",
    ""Behavioural anomaly: extremely high syscall throughput (events_per_second) and a high failed syscall rate (failed_call_count) are indicative of malicious activity."",
    ""Benign-explanation test: the short lifetime and high throughput make it unlikely to be a routine admin script, cron job, or health-check."",
    ""Decide: the strong indicators of escalation and malicious activity outweigh XGBoost's benign call; this supports the CNN.""
  ],
  ""key_features"": [
    ""events_per_second"",
    ""uid_is_root"",
    ""euid_root"",
    ""max_uid_euid_delta"",
    ""ephemeral_privileged""
  ],
  ""agrees_with"": ""cnn""
}"
5237,4,0,benign,0,1,0.4626511931419372,0.7419862747192383,xgb_benign_cnn_malicious,MALICIOUS,1,0.92,cnn,ok,"[""Privilege state: uid_is_root and euid_root are both set, indicating a genuine root context."", ""Mechanism: is_suid_exec is not set, but the combination of uid_is_root, euid_root, and auid_euid_mismatch suggests a privilege escalation attempt."", ""Behavioural anomaly: events_per_second is extremely high, indicating a potential attack, and failed_call_rate is also high, suggesting a failed escalation attempt."", ""Benign-explanation test: the short lifetime and high throughput make it unlikely to be a routine admin script or health-check."", ""Decide: the combination of privilege escalation indicators and behavioural anomalies outweighs XGBoost's benign call; this supports the CNN.""]","[""events_per_second"", ""uid_is_root"", ""euid_root"", ""auid_euid_mismatch"", ""failed_call_rate""]","{
  ""verdict"": ""MALICIOUS"",
  ""confidence"": 0.92,
  ""rationale_steps"": [
    ""Privilege state: uid_is_root and euid_root are both set, indicating a genuine root context."",
    ""Mechanism: is_suid_exec is not set, but the combination of uid_is_root, euid_root, and auid_euid_mismatch suggests a privilege escalation attempt."",
    ""Behavioural anomaly: events_per_second is extremely high, indicating a potential attack, and failed_call_rate is also high, suggesting a failed escalation attempt."",
    ""Benign-explanation test: the short lifetime and high throughput make it unlikely to be a routine admin script or health-check."",
    ""Decide: the combination of privilege escalation indicators and behavioural anomalies outweighs XGBoost's benign call; this supports the CNN.""
  ],
  ""key_features"": [""events_per_second"", ""uid_is_root"", ""euid_root"", ""auid_euid_mismatch"", ""failed_call_rate""],
  ""agrees_with"": ""cnn""
}"
5351,3,1,T1078_Valid_Accounts,0,1,0.6923177242279053,0.9917534589767456,xgb_benign_cnn_malicious,MALICIOUS,1,0.99,cnn,ok,"[""Privilege state: uid_is_root and euid_root are both set, indicating a root context."", ""Mechanism: is_suid_exec is not set, but the presence of uid_is_root and euid_root suggests a privilege escalation attempt."", ""Behavioural anomaly: unique_syscalls is high, indicating a novel syscall pattern, and ephemeral_privileged is set, suggesting a short-lived privileged process."", ""Benign-explanation test: the short lifetime and high throughput do not suggest a routine admin script or health-check."", ""Decide: the evidence supports CNN's call, with multiple indicators of privilege escalation and a novel syscall pattern.""]","[""uid_is_root"", ""euid_root"", ""unique_syscalls"", ""ephemeral_privileged"", ""max_uid_euid_delta""]","{
  ""verdict"": ""MALICIOUS"",
  ""confidence"": 0.99,
  ""rationale_steps"": [
    ""Privilege state: uid_is_root and euid_root are both set, indicating a root context."",
    ""Mechanism: is_suid_exec is not set, but the presence of uid_is_root and euid_root suggests a privilege escalation attempt."",
    ""Behavioural anomaly: unique_syscalls is high, indicating a novel syscall pattern, and ephemeral_privileged is set, suggesting a short-lived privileged process."",
    ""Benign-explanation test: the short lifetime and high throughput do not suggest a routine admin script or health-check."",
    ""Decide: the evidence supports CNN's call, with multiple indicators of privilege escalation and a novel syscall pattern.""
  ],
  ""key_features"": [""uid_is_root"", ""euid_root"", ""unique_syscalls"", ""ephemeral_privileged"", ""max_uid_euid_delta""],
  ""agrees_with"": ""cnn""
}"
5458,4,1,T1078_Valid_Accounts,0,1,0.5382307767868042,0.9489884972572328,xgb_benign_cnn_malicious,MALICIOUS,1,0.95,cnn,ok,"[""Privilege state: uid_is_root and euid_root are both set, indicating a genuine root context."", ""Mechanism: is_suid_exec is not set, but the presence of a root context and a high priv_op_count suggests a privilege escalation attempt."", ""Behavioural anomaly: the process is ephemeral and privileged, and there is no network activity, which is unusual for a benign process."", ""Benign-explanation test: the short lifetime and high throughput of the process make it unlikely to be a routine admin script or health-check."", ""Decide: the evidence supports CNN's call, as the root context and high priv_op_count are strong indicators of a privilege escalation attempt.""]","[""uid_is_root"", ""euid_root"", ""ephemeral_privileged"", ""priv_op_count"", ""max_uid_euid_delta""]","{
  ""verdict"": ""MALICIOUS"",
  ""confidence"": 0.95,
  ""rationale_steps"": [
    ""Privilege state: uid_is_root and euid_root are both set, indicating a genuine root context."",
    ""Mechanism: is_suid_exec is not set, but the presence of a root context and a high priv_op_count suggests a privilege escalation attempt."",
    ""Behavioural anomaly: the process is ephemeral and privileged, and there is no network activity, which is unusual for a benign process."",
    ""Benign-explanation test: the short lifetime and high throughput of the process make it unlikely to be a routine admin script or health-check."",
    ""Decide: the evidence supports CNN's call, as the root context and high priv_op_count are strong indicators of a privilege escalation attempt.""
  ],
  ""key_features"": [""uid_is_root"", ""euid_root"", ""ephemeral_privileged"", ""priv_op_count"", ""max_uid_euid_delta""],
  ""agrees_with"": ""cnn""
}"
5642,4,1,T1078_Valid_Accounts,0,1,0.5382307767868042,0.9489884972572328,xgb_benign_cnn_malicious,MALICIOUS,1,0.95,cnn,ok,"[""Privilege state: uid_is_root and euid_root are both set, indicating a genuine root context."", ""Mechanism: is_suid_exec is not set, but the presence of uid_is_root and euid_root alongside ephemeral_privileged suggests a privilege escalation attempt."", ""Behavioural anomaly: the process held privilege for a short time, and there is no sensitive-path access, but the network_count is 0, which is unusual for an attack."", ""Benign-explanation test: the short lifetime and lack of throughput make it unlikely to be a routine admin script, cron job, or health-check."", ""Decide: the evidence supports CNN's call, as the privilege escalation attempt and unusual network activity outweigh XGBoost's benign call.""]","[""uid_is_root"", ""euid_root"", ""max_uid_euid_delta"", ""ephemeral_privileged"", ""network_count""]","{
  ""verdict"": ""MALICIOUS"",
  ""confidence"": 0.95,
  ""rationale_steps"": [
    ""Privilege state: uid_is_root and euid_root are both set, indicating a genuine root context."",
    ""Mechanism: is_suid_exec is not set, but the presence of uid_is_root and euid_root alongside ephemeral_privileged suggests a privilege escalation attempt."",
    ""Behavioural anomaly: the process held privilege for a short time, and there is no sensitive-path access, but the network_count is 0, which is unusual for an attack."",
    ""Benign-explanation test: the short lifetime and lack of throughput make it unlikely to be a routine admin script, cron job, or health-check."",
    ""Decide: the evidence supports CNN's call, as the privilege escalation attempt and unusual network activity outweigh XGBoost's benign call.""
  ],
  ""key_features"": [""uid_is_root"", ""euid_root"", ""max_uid_euid_delta"", ""ephemeral_privileged"", ""network_count""],
  ""agrees_with"": ""cnn""
}"
5947,3,0,benign,0,1,0.6923177242279053,0.9917534589767456,xgb_benign_cnn_malicious,MALICIOUS,1,0.99,cnn,ok,"[""Privilege state: uid_is_root and euid_root are both set, indicating a root context."", ""Mechanism: is_suid_exec is not set, but the presence of uid_is_root and euid_root suggests a privilege escalation attempt."", ""Behavioural anomaly: unique_syscalls is high, indicating a novel syscall pattern, and ephemeral_privileged is set, suggesting a short-lived privileged process."", ""Benign-explanation test: the short lifetime and high throughput do not suggest a routine admin script or health-check."", ""Decide: the evidence supports CNN's call, with multiple indicators of privilege escalation and a novel syscall pattern.""]","[""uid_is_root"", ""euid_root"", ""unique_syscalls"", ""ephemeral_privileged"", ""max_uid_euid_delta""]","{
  ""verdict"": ""MALICIOUS"",
  ""confidence"": 0.99,
  ""rationale_steps"": [
    ""Privilege state: uid_is_root and euid_root are both set, indicating a root context."",
    ""Mechanism: is_suid_exec is not set, but the presence of uid_is_root and euid_root suggests a privilege escalation attempt."",
    ""Behavioural anomaly: unique_syscalls is high, indicating a novel syscall pattern, and ephemeral_privileged is set, suggesting a short-lived privileged process."",
    ""Benign-explanation test: the short lifetime and high throughput do not suggest a routine admin script or health-check."",
    ""Decide: the evidence supports CNN's call, with multiple indicators of privilege escalation and a novel syscall pattern.""
  ],
  ""key_features"": [""uid_is_root"", ""euid_root"", ""unique_syscalls"", ""ephemeral_privileged"", ""max_uid_euid_delta""],
  ""agrees_with"": ""cnn""
}"
6278,4,1,T1078_Valid_Accounts,0,1,0.3245709240436554,0.9654507040977478,xgb_benign_cnn_malicious,MALICIOUS,1,0.92,cnn,ok,"[""Privilege state: uid_is_root and euid_root are both set, indicating a genuine root context."", ""Mechanism: is_suid_exec is not set, but the combination of uid_is_root, euid_root, and ephemeral_privileged suggests a privilege escalation attempt."", ""Behavioural anomaly: the process held privilege for a short time, and there is no sensitive-path access, but the network_count is low, which is consistent with an incomplete escalation attempt."", ""Benign-explanation test: the short lifetime and lack of throughput argue against a routine admin script, cron job, or health-check."", ""Decide: the evidence supports CNN's call, as the privilege escalation attempt is not fully completed, but the indicators are consistent with a malicious activity.""]","[""uid_is_root"", ""euid_root"", ""max_uid_euid_delta"", ""ephemeral_privileged"", ""network_count""]","{
  ""verdict"": ""MALICIOUS"",
  ""confidence"": 0.92,
  ""rationale_steps"": [
    ""Privilege state: uid_is_root and euid_root are both set, indicating a genuine root context."",
    ""Mechanism: is_suid_exec is not set, but the combination of uid_is_root, euid_root, and ephemeral_privileged suggests a privilege escalation attempt."",
    ""Behavioural anomaly: the process held privilege for a short time, and there is no sensitive-path access, but the network_count is low, which is consistent with an incomplete escalation attempt."",
    ""Benign-explanation test: the short lifetime and lack of throughput argue against a routine admin script, cron job, or health-check."",
    ""Decide: the evidence supports CNN's call, as the privilege escalation attempt is not fully completed, but the indicators are consistent with a malicious activity.""
  ],
  ""key_features"": [""uid_is_root"", ""euid_root"", ""max_uid_euid_delta"", ""ephemeral_privileged"", ""network_count""],
  ""agrees_with"": ""cnn""
}"
6373,4,0,benign,0,1,0.4626511931419372,0.7419862747192383,xgb_benign_cnn_malicious,MALICIOUS,1,0.92,cnn,ok,"[""Privilege state: uid_is_root and euid_root are both set, indicating a genuine root context."", ""Mechanism: is_suid_exec is not set, but the combination of uid_is_root, euid_root, and auid_euid_mismatch suggests a privilege escalation attempt."", ""Behavioural anomaly: events_per_second is extremely high, indicating a potential attack, and failed_call_rate is also high, suggesting a failed escalation attempt."", ""Benign-explanation test: the short lifetime and high throughput make it unlikely to be a routine admin script or health-check."", ""Decide: the combination of privilege escalation indicators and behavioural anomalies outweighs XGBoost's benign call; this supports the CNN.""]","[""events_per_second"", ""uid_is_root"", ""euid_root"", ""auid_euid_mismatch"", ""failed_call_rate""]","{
  ""verdict"": ""MALICIOUS"",
  ""confidence"": 0.92,
  ""rationale_steps"": [
    ""Privilege state: uid_is_root and euid_root are both set, indicating a genuine root context."",
    ""Mechanism: is_suid_exec is not set, but the combination of uid_is_root, euid_root, and auid_euid_mismatch suggests a privilege escalation attempt."",
    ""Behavioural anomaly: events_per_second is extremely high, indicating a potential attack, and failed_call_rate is also high, suggesting a failed escalation attempt."",
    ""Benign-explanation test: the short lifetime and high throughput make it unlikely to be a routine admin script or health-check."",
    ""Decide: the combination of privilege escalation indicators and behavioural anomalies outweighs XGBoost's benign call; this supports the CNN.""
  ],
  ""key_features"": [""events_per_second"", ""uid_is_root"", ""euid_root"", ""auid_euid_mismatch"", ""failed_call_rate""],
  ""agrees_with"": ""cnn""
}"
6470,4,0,benign,0,1,0.4626511931419372,0.7419862747192383,xgb_benign_cnn_malicious,MALICIOUS,1,0.92,cnn,ok,"[""Privilege state: uid_is_root and euid_root are both set, indicating a genuine root context."", ""Mechanism: is_suid_exec is not set, but the combination of uid_is_root, euid_root, and auid_euid_mismatch suggests a privilege escalation attempt."", ""Behavioural anomaly: events_per_second is extremely high, indicating a high syscall throughput, and failed_call_rate is also high, suggesting a process that is attempting to escalate privileges."", ""Benign-explanation test: the short lifetime and high syscall throughput make it unlikely that this is a routine admin script, cron job, or health-check."", ""Decide: the combination of privilege escalation indicators and behavioural anomalies outweighs XGBoost's benign call; this supports the CNN.""]","[""events_per_second"", ""uid_is_root"", ""euid_root"", ""auid_euid_mismatch"", ""failed_call_rate""]","{
  ""verdict"": ""MALICIOUS"",
  ""confidence"": 0.92,
  ""rationale_steps"": [
    ""Privilege state: uid_is_root and euid_root are both set, indicating a genuine root context."",
    ""Mechanism: is_suid_exec is not set, but the combination of uid_is_root, euid_root, and auid_euid_mismatch suggests a privilege escalation attempt."",
    ""Behavioural anomaly: events_per_second is extremely high, indicating a high syscall throughput, and failed_call_rate is also high, suggesting a process that is attempting to escalate privileges."",
    ""Benign-explanation test: the short lifetime and high syscall throughput make it unlikely that this is a routine admin script, cron job, or health-check."",
    ""Decide: the combination of privilege escalation indicators and behavioural anomalies outweighs XGBoost's benign call; this supports the CNN.""
  ],
  ""key_features"": [""events_per_second"", ""uid_is_root"", ""euid_root"", ""auid_euid_mismatch"", ""failed_call_rate""],
  ""agrees_with"": ""cnn""
}"
7190,4,0,benign,0,1,0.4626511931419372,0.7419862747192383,xgb_benign_cnn_malicious,MALICIOUS,1,0.92,cnn,ok,"[""Privilege state: uid_is_root and euid_root are both set, indicating a genuine root context."", ""Mechanism: is_suid_exec is not set, but the combination of uid_is_root, euid_root, and auid_euid_mismatch suggests a privilege escalation attempt."", ""Behavioural anomaly: events_per_second is extremely high, indicating a high syscall throughput, and failed_call_rate is also high, suggesting a process that is attempting to escalate privileges."", ""Benign-explanation test: the short lifetime and high syscall throughput make it unlikely that this is a routine admin script, cron job, or health-check."", ""Decide: the combination of privilege escalation indicators and behavioural anomalies outweighs XGBoost's benign call; this supports the CNN.""]","[""events_per_second"", ""uid_is_root"", ""euid_root"", ""auid_euid_mismatch"", ""failed_call_rate""]","{
  ""verdict"": ""MALICIOUS"",
  ""confidence"": 0.92,
  ""rationale_steps"": [
    ""Privilege state: uid_is_root and euid_root are both set, indicating a genuine root context."",
    ""Mechanism: is_suid_exec is not set, but the combination of uid_is_root, euid_root, and auid_euid_mismatch suggests a privilege escalation attempt."",
    ""Behavioural anomaly: events_per_second is extremely high, indicating a high syscall throughput, and failed_call_rate is also high, suggesting a process that is attempting to escalate privileges."",
    ""Benign-explanation test: the short lifetime and high syscall throughput make it unlikely that this is a routine admin script, cron job, or health-check."",
    ""Decide: the combination of privilege escalation indicators and behavioural anomalies outweighs XGBoost's benign call; this supports the CNN.""
  ],
  ""key_features"": [""events_per_second"", ""uid_is_root"", ""euid_root"", ""auid_euid_mismatch"", ""failed_call_rate""],
  ""agrees_with"": ""cnn""
}"
7425,4,1,T1078_Valid_Accounts,0,1,0.5382307767868042,0.9489884972572328,xgb_benign_cnn_malicious,MALICIOUS,1,0.95,cnn,ok,"[""Privilege state: uid_is_root and euid_root are both set, indicating a genuine root context."", ""Mechanism: is_suid_exec is not set, but the presence of a root context and a high priv_op_count suggests a privilege escalation attempt."", ""Behavioural anomaly: the process is ephemeral and privileged, and there is no network activity, which is unusual for a benign process."", ""Benign-explanation test: the short lifetime and high throughput of the process make it unlikely to be a routine admin script or health-check."", ""Decide: the evidence supports CNN's call, as the root context and high priv_op_count are strong indicators of a privilege escalation attempt.""]","[""uid_is_root"", ""euid_root"", ""ephemeral_privileged"", ""priv_op_count"", ""max_uid_euid_delta""]","{
  ""verdict"": ""MALICIOUS"",
  ""confidence"": 0.95,
  ""rationale_steps"": [
    ""Privilege state: uid_is_root and euid_root are both set, indicating a genuine root context."",
    ""Mechanism: is_suid_exec is not set, but the presence of a root context and a high priv_op_count suggests a privilege escalation attempt."",
    ""Behavioural anomaly: the process is ephemeral and privileged, and there is no network activity, which is unusual for a benign process."",
    ""Benign-explanation test: the short lifetime and high throughput of the process make it unlikely to be a routine admin script or health-check."",
    ""Decide: the evidence supports CNN's call, as the root context and high priv_op_count are strong indicators of a privilege escalation attempt.""
  ],
  ""key_features"": [""uid_is_root"", ""euid_root"", ""ephemeral_privileged"", ""priv_op_count"", ""max_uid_euid_delta""],
  ""agrees_with"": ""cnn""
}"
7657,4,0,benign,0,1,0.4626511931419372,0.7419862747192383,xgb_benign_cnn_malicious,MALICIOUS,1,0.92,cnn,ok,"[""Privilege state: uid_is_root and euid_root are both set, indicating a genuine root context."", ""Mechanism: is_suid_exec is not set, but the combination of uid_is_root, euid_root, and auid_euid_mismatch suggests a privilege escalation attempt."", ""Behavioural anomaly: events_per_second is extremely high, indicating a potential attack, and failed_call_rate is also high, suggesting a failed escalation attempt."", ""Benign-explanation test: the short lifetime and high throughput make it unlikely to be a routine admin script or health-check."", ""Decide: the combination of privilege escalation indicators and behavioural anomalies outweighs XGBoost's benign call; this supports the CNN.""]","[""events_per_second"", ""uid_is_root"", ""euid_root"", ""auid_euid_mismatch"", ""failed_call_rate""]","{
  ""verdict"": ""MALICIOUS"",
  ""confidence"": 0.92,
  ""rationale_steps"": [
    ""Privilege state: uid_is_root and euid_root are both set, indicating a genuine root context."",
    ""Mechanism: is_suid_exec is not set, but the combination of uid_is_root, euid_root, and auid_euid_mismatch suggests a privilege escalation attempt."",
    ""Behavioural anomaly: events_per_second is extremely high, indicating a potential attack, and failed_call_rate is also high, suggesting a failed escalation attempt."",
    ""Benign-explanation test: the short lifetime and high throughput make it unlikely to be a routine admin script or health-check."",
    ""Decide: the combination of privilege escalation indicators and behavioural anomalies outweighs XGBoost's benign call; this supports the CNN.""
  ],
  ""key_features"": [""events_per_second"", ""uid_is_root"", ""euid_root"", ""auid_euid_mismatch"", ""failed_call_rate""],
  ""agrees_with"": ""cnn""
}"
7740,4,1,T1078_Valid_Accounts,0,1,0.5382307767868042,0.9489884972572328,xgb_benign_cnn_malicious,MALICIOUS,1,0.95,cnn,ok,"[""Privilege state: uid_is_root and euid_root are both set, indicating a genuine root context."", ""Mechanism: is_suid_exec is not set, but the presence of a root context and a high priv_op_count suggests a privilege escalation attempt."", ""Behavioural anomaly: the process is ephemeral and privileged, and there is no network activity, which is unusual for a benign process."", ""Benign-explanation test: the short lifetime and high throughput of the process make it unlikely to be a routine admin script or health-check."", ""Decide: the evidence supports CNN's call, as the root context and high priv_op_count are strong indicators of a privilege escalation attempt.""]","[""uid_is_root"", ""euid_root"", ""ephemeral_privileged"", ""priv_op_count"", ""max_uid_euid_delta""]","{
  ""verdict"": ""MALICIOUS"",
  ""confidence"": 0.95,
  ""rationale_steps"": [
    ""Privilege state: uid_is_root and euid_root are both set, indicating a genuine root context."",
    ""Mechanism: is_suid_exec is not set, but the presence of a root context and a high priv_op_count suggests a privilege escalation attempt."",
    ""Behavioural anomaly: the process is ephemeral and privileged, and there is no network activity, which is unusual for a benign process."",
    ""Benign-explanation test: the short lifetime and high throughput of the process make it unlikely to be a routine admin script or health-check."",
    ""Decide: the evidence supports CNN's call, as the root context and high priv_op_count are strong indicators of a privilege escalation attempt.""
  ],
  ""key_features"": [""uid_is_root"", ""euid_root"", ""ephemeral_privileged"", ""priv_op_count"", ""max_uid_euid_delta""],
  ""agrees_with"": ""cnn""
}"
7925,4,0,benign,0,1,0.4626511931419372,0.7419862747192383,xgb_benign_cnn_malicious,MALICIOUS,1,0.92,cnn,ok,"[""Privilege state: uid_is_root and euid_root are both set, indicating a genuine root context."", ""Mechanism: is_suid_exec is not set, but the combination of uid_is_root, euid_root, and auid_euid_mismatch suggests a privilege escalation attempt."", ""Behavioural anomaly: events_per_second is extremely high, indicating a potential attack, and failed_call_rate is also high, suggesting a failed escalation attempt."", ""Benign-explanation test: the short lifetime and high throughput make it unlikely to be a routine admin script or health-check."", ""Decide: the combination of privilege escalation indicators and behavioural anomalies outweighs XGBoost's benign call; this supports the CNN.""]","[""events_per_second"", ""uid_is_root"", ""euid_root"", ""auid_euid_mismatch"", ""failed_call_rate""]","{
  ""verdict"": ""MALICIOUS"",
  ""confidence"": 0.92,
  ""rationale_steps"": [
    ""Privilege state: uid_is_root and euid_root are both set, indicating a genuine root context."",
    ""Mechanism: is_suid_exec is not set, but the combination of uid_is_root, euid_root, and auid_euid_mismatch suggests a privilege escalation attempt."",
    ""Behavioural anomaly: events_per_second is extremely high, indicating a potential attack, and failed_call_rate is also high, suggesting a failed escalation attempt."",
    ""Benign-explanation test: the short lifetime and high throughput make it unlikely to be a routine admin script or health-check."",
    ""Decide: the combination of privilege escalation indicators and behavioural anomalies outweighs XGBoost's benign call; this supports the CNN.""
  ],
  ""key_features"": [""events_per_second"", ""uid_is_root"", ""euid_root"", ""auid_euid_mismatch"", ""failed_call_rate""],
  ""agrees_with"": ""cnn""
}"
8389,4,0,benign,0,1,0.4626511931419372,0.7419862747192383,xgb_benign_cnn_malicious,MALICIOUS,1,0.92,cnn,ok,"[""Privilege state: uid_is_root and euid_root are both set, indicating a genuine root context."", ""Mechanism: is_suid_exec is not set, but the combination of uid_is_root, euid_root, and auid_euid_mismatch suggests a privilege escalation attempt."", ""Behavioural anomaly: events_per_second is extremely high, indicating a high syscall throughput, and failed_call_rate is also high, suggesting a process that is attempting to escalate privileges."", ""Benign-explanation test: the short lifetime and high syscall throughput make it unlikely that this is a routine admin script, cron job, or health-check."", ""Decide: the combination of privilege escalation indicators and behavioural anomalies outweighs XGBoost's benign call; this supports the CNN.""]","[""events_per_second"", ""uid_is_root"", ""euid_root"", ""auid_euid_mismatch"", ""failed_call_rate""]","{
  ""verdict"": ""MALICIOUS"",
  ""confidence"": 0.92,
  ""rationale_steps"": [
    ""Privilege state: uid_is_root and euid_root are both set, indicating a genuine root context."",
    ""Mechanism: is_suid_exec is not set, but the combination of uid_is_root, euid_root, and auid_euid_mismatch suggests a privilege escalation attempt."",
    ""Behavioural anomaly: events_per_second is extremely high, indicating a high syscall throughput, and failed_call_rate is also high, suggesting a process that is attempting to escalate privileges."",
    ""Benign-explanation test: the short lifetime and high syscall throughput make it unlikely that this is a routine admin script, cron job, or health-check."",
    ""Decide: the combination of privilege escalation indicators and behavioural anomalies outweighs XGBoost's benign call; this supports the CNN.""
  ],
  ""key_features"": [""events_per_second"", ""uid_is_root"", ""euid_root"", ""auid_euid_mismatch"", ""failed_call_rate""],
  ""agrees_with"": ""cnn""
}"
8675,4,0,benign,0,1,0.4626511931419372,0.7419862747192383,xgb_benign_cnn_malicious,MALICIOUS,1,0.92,cnn,ok,"[""Privilege state: uid_is_root and euid_root are both set, indicating a genuine root context."", ""Mechanism: is_suid_exec is not set, but the combination of uid_is_root, euid_root, and auid_euid_mismatch suggests a privilege escalation attempt."", ""Behavioural anomaly: events_per_second is extremely high, indicating a high syscall throughput, and failed_call_rate is also high, suggesting a process that is attempting to escalate privileges."", ""Benign-explanation test: the short lifetime and high syscall throughput make it unlikely that this is a routine admin script, cron job, or health-check."", ""Decide: the combination of privilege escalation indicators and behavioural anomalies outweighs XGBoost's benign call; this supports the CNN.""]","[""events_per_second"", ""uid_is_root"", ""euid_root"", ""auid_euid_mismatch"", ""failed_call_rate""]","{
  ""verdict"": ""MALICIOUS"",
  ""confidence"": 0.92,
  ""rationale_steps"": [
    ""Privilege state: uid_is_root and euid_root are both set, indicating a genuine root context."",
    ""Mechanism: is_suid_exec is not set, but the combination of uid_is_root, euid_root, and auid_euid_mismatch suggests a privilege escalation attempt."",
    ""Behavioural anomaly: events_per_second is extremely high, indicating a high syscall throughput, and failed_call_rate is also high, suggesting a process that is attempting to escalate privileges."",
    ""Benign-explanation test: the short lifetime and high syscall throughput make it unlikely that this is a routine admin script, cron job, or health-check."",
    ""Decide: the combination of privilege escalation indicators and behavioural anomalies outweighs XGBoost's benign call; this supports the CNN.""
  ],
  ""key_features"": [""events_per_second"", ""uid_is_root"", ""euid_root"", ""auid_euid_mismatch"", ""failed_call_rate""],
  ""agrees_with"": ""cnn""
}"
8734,4,0,benign,0,1,0.4626511931419372,0.7419862747192383,xgb_benign_cnn_malicious,MALICIOUS,1,0.92,cnn,ok,"[""Privilege state: uid_is_root and euid_root are both set, indicating a genuine root context."", ""Mechanism: is_suid_exec is not set, but the combination of uid_is_root, euid_root, and auid_euid_mismatch suggests a privilege escalation attempt."", ""Behavioural anomaly: events_per_second is extremely high, indicating a high syscall throughput, and failed_call_rate is also high, suggesting a process that is attempting to escalate privileges."", ""Benign-explanation test: the short lifetime and high syscall throughput make it unlikely that this is a routine admin script, cron job, or health-check."", ""Decide: the combination of privilege escalation indicators and behavioural anomalies outweighs XGBoost's benign call; this supports the CNN.""]","[""events_per_second"", ""uid_is_root"", ""euid_root"", ""auid_euid_mismatch"", ""failed_call_rate""]","{
  ""verdict"": ""MALICIOUS"",
  ""confidence"": 0.92,
  ""rationale_steps"": [
    ""Privilege state: uid_is_root and euid_root are both set, indicating a genuine root context."",
    ""Mechanism: is_suid_exec is not set, but the combination of uid_is_root, euid_root, and auid_euid_mismatch suggests a privilege escalation attempt."",
    ""Behavioural anomaly: events_per_second is extremely high, indicating a high syscall throughput, and failed_call_rate is also high, suggesting a process that is attempting to escalate privileges."",
    ""Benign-explanation test: the short lifetime and high syscall throughput make it unlikely that this is a routine admin script, cron job, or health-check."",
    ""Decide: the combination of privilege escalation indicators and behavioural anomalies outweighs XGBoost's benign call; this supports the CNN.""
  ],
  ""key_features"": [""events_per_second"", ""uid_is_root"", ""euid_root"", ""auid_euid_mismatch"", ""failed_call_rate""],
  ""agrees_with"": ""cnn""
}"
9039,4,1,T1078_Valid_Accounts,0,1,0.5382307767868042,0.9489884972572328,xgb_benign_cnn_malicious,MALICIOUS,1,0.95,cnn,ok,"[""Privilege state: uid_is_root and euid_root are both set, indicating a genuine root context."", ""Mechanism: is_suid_exec is not set, but the presence of a root context and a high priv_op_count suggests a privilege escalation attempt."", ""Behavioural anomaly: the process is ephemeral and privileged, and there is no network activity, which is unusual for a benign process."", ""Benign-explanation test: the short lifetime and high throughput of the process make it unlikely to be a routine admin script or health-check."", ""Decide: the evidence supports CNN's call, as the root context and high priv_op_count are strong indicators of a privilege escalation attempt.""]","[""uid_is_root"", ""euid_root"", ""ephemeral_privileged"", ""priv_op_count"", ""max_uid_euid_delta""]","{
  ""verdict"": ""MALICIOUS"",
  ""confidence"": 0.95,
  ""rationale_steps"": [
    ""Privilege state: uid_is_root and euid_root are both set, indicating a genuine root context."",
    ""Mechanism: is_suid_exec is not set, but the presence of a root context and a high priv_op_count suggests a privilege escalation attempt."",
    ""Behavioural anomaly: the process is ephemeral and privileged, and there is no network activity, which is unusual for a benign process."",
    ""Benign-explanation test: the short lifetime and high throughput of the process make it unlikely to be a routine admin script or health-check."",
    ""Decide: the evidence supports CNN's call, as the root context and high priv_op_count are strong indicators of a privilege escalation attempt.""
  ],
  ""key_features"": [""uid_is_root"", ""euid_root"", ""ephemeral_privileged"", ""priv_op_count"", ""max_uid_euid_delta""],
  ""agrees_with"": ""cnn""
}"
9041,4,0,benign,0,1,0.4626511931419372,0.7419862747192383,xgb_benign_cnn_malicious,MALICIOUS,1,0.92,cnn,ok,"[""Privilege state: uid_is_root and euid_root are both set, indicating a genuine root context."", ""Mechanism: is_suid_exec is not set, but the combination of uid_is_root, euid_root, and auid_euid_mismatch suggests a privilege escalation attempt."", ""Behavioural anomaly: events_per_second is extremely high, indicating a potential attack, and failed_call_rate is also high, suggesting a failed escalation attempt."", ""Benign-explanation test: the short lifetime and high throughput make it unlikely to be a routine admin script or health-check."", ""Decide: the combination of privilege escalation indicators and behavioural anomalies outweighs XGBoost's benign call; this supports the CNN.""]","[""events_per_second"", ""uid_is_root"", ""euid_root"", ""auid_euid_mismatch"", ""failed_call_rate""]","{
  ""verdict"": ""MALICIOUS"",
  ""confidence"": 0.92,
  ""rationale_steps"": [
    ""Privilege state: uid_is_root and euid_root are both set, indicating a genuine root context."",
    ""Mechanism: is_suid_exec is not set, but the combination of uid_is_root, euid_root, and auid_euid_mismatch suggests a privilege escalation attempt."",
    ""Behavioural anomaly: events_per_second is extremely high, indicating a potential attack, and failed_call_rate is also high, suggesting a failed escalation attempt."",
    ""Benign-explanation test: the short lifetime and high throughput make it unlikely to be a routine admin script or health-check."",
    ""Decide: the combination of privilege escalation indicators and behavioural anomalies outweighs XGBoost's benign call; this supports the CNN.""
  ],
  ""key_features"": [""events_per_second"", ""uid_is_root"", ""euid_root"", ""auid_euid_mismatch"", ""failed_call_rate""],
  ""agrees_with"": ""cnn""
}"
9051,1,0,benign,0,1,0.6505191326141357,0.9784662127494812,xgb_benign_cnn_malicious,MALICIOUS,1,0.92,cnn,ok,"[""Privilege state: uid_is_root and euid_root are both set, indicating a root context."", ""Mechanism: is_suid_exec is not set, but the process has a high failed_call_count and a long syscall sequence, suggesting a complex and potentially malicious execution chain."", ""Behavioural anomaly: the process has a high unique_syscalls count and a long syscall sequence, indicating a novel and potentially malicious activity."", ""Benign-explanation test: the short lifetime and high failed_call_count make it unlikely that this is a routine admin script, cron job, or health-check."", ""Decide: the combination of a root context, a complex execution chain, and a high failed_call_count outweighs XGBoost's benign call; this supports the CNN.""]","[""seq_length"", ""unique_syscalls"", ""uid_is_root"", ""euid_root"", ""failed_call_count""]","{
  ""verdict"": ""MALICIOUS"",
  ""confidence"": 0.92,
  ""rationale_steps"": [
    ""Privilege state: uid_is_root and euid_root are both set, indicating a root context."",
    ""Mechanism: is_suid_exec is not set, but the process has a high failed_call_count and a long syscall sequence, suggesting a complex and potentially malicious execution chain."",
    ""Behavioural anomaly: the process has a high unique_syscalls count and a long syscall sequence, indicating a novel and potentially malicious activity."",
    ""Benign-explanation test: the short lifetime and high failed_call_count make it unlikely that this is a routine admin script, cron job, or health-check."",
    ""Decide: the combination of a root context, a complex execution chain, and a high failed_call_count outweighs XGBoost's benign call; this supports the CNN.""
  ],
  ""key_features"": [""seq_length"", ""unique_syscalls"", ""uid_is_root"", ""euid_root"", ""failed_call_count""],
  ""agrees_with"": ""cnn""
}"
9078,4,1,T1078_Valid_Accounts,0,1,0.5382307767868042,0.9489884972572328,xgb_benign_cnn_malicious,MALICIOUS,1,0.95,cnn,ok,"[""Privilege state: uid_is_root and euid_root are both set, indicating a genuine root context."", ""Mechanism: is_suid_exec is not set, but the presence of a root context and a high priv_op_count suggests a privilege escalation attempt."", ""Behavioural anomaly: the process is ephemeral and privileged, and there is no network activity, which is unusual for a benign process."", ""Benign-explanation test: the short lifetime and high throughput of the process make it unlikely to be a routine admin script or health-check."", ""Decide: the evidence supports CNN's call, as the root context and high priv_op_count are strong indicators of a privilege escalation attempt.""]","[""uid_is_root"", ""euid_root"", ""ephemeral_privileged"", ""priv_op_count"", ""max_uid_euid_delta""]","{
  ""verdict"": ""MALICIOUS"",
  ""confidence"": 0.95,
  ""rationale_steps"": [
    ""Privilege state: uid_is_root and euid_root are both set, indicating a genuine root context."",
    ""Mechanism: is_suid_exec is not set, but the presence of a root context and a high priv_op_count suggests a privilege escalation attempt."",
    ""Behavioural anomaly: the process is ephemeral and privileged, and there is no network activity, which is unusual for a benign process."",
    ""Benign-explanation test: the short lifetime and high throughput of the process make it unlikely to be a routine admin script or health-check."",
    ""Decide: the evidence supports CNN's call, as the root context and high priv_op_count are strong indicators of a privilege escalation attempt.""
  ],
  ""key_features"": [""uid_is_root"", ""euid_root"", ""ephemeral_privileged"", ""priv_op_count"", ""max_uid_euid_delta""],
  ""agrees_with"": ""cnn""
}"
10245,4,1,T1078_Valid_Accounts,0,1,0.5382307767868042,0.9489884972572328,xgb_benign_cnn_malicious,MALICIOUS,1,0.95,cnn,ok,"[""Privilege state: uid_is_root and euid_root are both set, indicating a genuine root context."", ""Mechanism: is_suid_exec is not set, but the presence of uid_is_root and euid_root alongside ephemeral_privileged suggests a privilege escalation attempt."", ""Behavioural anomaly: the process held privilege for a short time, and there is no sensitive-path access, but the network_count is 0, which is unusual for an attack."", ""Benign-explanation test: the short lifetime and lack of throughput make it unlikely to be a routine admin script, cron job, or health-check."", ""Decide: the evidence supports CNN's call, as the privilege escalation attempt and unusual network activity outweigh XGBoost's benign call.""]","[""uid_is_root"", ""euid_root"", ""max_uid_euid_delta"", ""ephemeral_privileged"", ""network_count""]","{
  ""verdict"": ""MALICIOUS"",
  ""confidence"": 0.95,
  ""rationale_steps"": [
    ""Privilege state: uid_is_root and euid_root are both set, indicating a genuine root context."",
    ""Mechanism: is_suid_exec is not set, but the presence of uid_is_root and euid_root alongside ephemeral_privileged suggests a privilege escalation attempt."",
    ""Behavioural anomaly: the process held privilege for a short time, and there is no sensitive-path access, but the network_count is 0, which is unusual for an attack."",
    ""Benign-explanation test: the short lifetime and lack of throughput make it unlikely to be a routine admin script, cron job, or health-check."",
    ""Decide: the evidence supports CNN's call, as the privilege escalation attempt and unusual network activity outweigh XGBoost's benign call.""
  ],
  ""key_features"": [""uid_is_root"", ""euid_root"", ""max_uid_euid_delta"", ""ephemeral_privileged"", ""network_count""],
  ""agrees_with"": ""cnn""
}"
10257,4,0,benign,0,1,0.4626511931419372,0.7419862747192383,xgb_benign_cnn_malicious,MALICIOUS,1,0.92,cnn,ok,"[""Privilege state: uid_is_root and euid_root are both set, indicating a genuine root context."", ""Mechanism: is_suid_exec is not set, but the combination of uid_is_root, euid_root, and auid_euid_mismatch suggests a privilege escalation attempt."", ""Behavioural anomaly: events_per_second is extremely high, indicating a potential attack, and failed_call_rate is also high, suggesting a failed escalation attempt."", ""Benign-explanation test: the short lifetime and high throughput make it unlikely to be a routine admin script or health-check."", ""Decide: the combination of privilege escalation indicators and behavioural anomalies outweighs XGBoost's benign call; this supports the CNN.""]","[""events_per_second"", ""uid_is_root"", ""euid_root"", ""auid_euid_mismatch"", ""failed_call_rate""]","{
  ""verdict"": ""MALICIOUS"",
  ""confidence"": 0.92,
  ""rationale_steps"": [
    ""Privilege state: uid_is_root and euid_root are both set, indicating a genuine root context."",
    ""Mechanism: is_suid_exec is not set, but the combination of uid_is_root, euid_root, and auid_euid_mismatch suggests a privilege escalation attempt."",
    ""Behavioural anomaly: events_per_second is extremely high, indicating a potential attack, and failed_call_rate is also high, suggesting a failed escalation attempt."",
    ""Benign-explanation test: the short lifetime and high throughput make it unlikely to be a routine admin script or health-check."",
    ""Decide: the combination of privilege escalation indicators and behavioural anomalies outweighs XGBoost's benign call; this supports the CNN.""
  ],
  ""key_features"": [""events_per_second"", ""uid_is_root"", ""euid_root"", ""auid_euid_mismatch"", ""failed_call_rate""],
  ""agrees_with"": ""cnn""
}"
10469,4,0,benign,0,1,0.4626511931419372,0.7419862747192383,xgb_benign_cnn_malicious,MALICIOUS,1,0.92,cnn,ok,"[""Privilege state: uid_is_root and euid_root are both set, indicating a genuine root context."", ""Mechanism: is_suid_exec is not set, but the combination of uid_is_root, euid_root, and auid_euid_mismatch suggests a privilege escalation attempt."", ""Behavioural anomaly: events_per_second is extremely high, indicating a high syscall throughput, and failed_call_rate is also high, suggesting a process that is attempting to escalate privileges."", ""Benign-explanation test: the short lifetime and high syscall throughput make it unlikely that this is a routine admin script, cron job, or health-check."", ""Decide: the combination of privilege escalation indicators and behavioural anomalies outweighs XGBoost's benign call; this supports the CNN.""]","[""events_per_second"", ""uid_is_root"", ""euid_root"", ""auid_euid_mismatch"", ""failed_call_rate""]","{
  ""verdict"": ""MALICIOUS"",
  ""confidence"": 0.92,
  ""rationale_steps"": [
    ""Privilege state: uid_is_root and euid_root are both set, indicating a genuine root context."",
    ""Mechanism: is_suid_exec is not set, but the combination of uid_is_root, euid_root, and auid_euid_mismatch suggests a privilege escalation attempt."",
    ""Behavioural anomaly: events_per_second is extremely high, indicating a high syscall throughput, and failed_call_rate is also high, suggesting a process that is attempting to escalate privileges."",
    ""Benign-explanation test: the short lifetime and high syscall throughput make it unlikely that this is a routine admin script, cron job, or health-check."",
    ""Decide: the combination of privilege escalation indicators and behavioural anomalies outweighs XGBoost's benign call; this supports the CNN.""
  ],
  ""key_features"": [""events_per_second"", ""uid_is_root"", ""euid_root"", ""auid_euid_mismatch"", ""failed_call_rate""],
  ""agrees_with"": ""cnn""
}"
10522,4,0,benign,0,1,0.4626511931419372,0.7419862747192383,xgb_benign_cnn_malicious,MALICIOUS,1,0.92,cnn,ok,"[""Privilege state: uid_is_root and euid_root are both set, indicating a genuine root context."", ""Mechanism: is_suid_exec is not set, but the combination of uid_is_root, euid_root, and auid_euid_mismatch suggests a privilege escalation attempt."", ""Behavioural anomaly: events_per_second is extremely high, indicating a high syscall throughput, and failed_call_rate is also high, suggesting a process that is attempting to escalate privileges."", ""Benign-explanation test: the short lifetime and high syscall throughput make it unlikely that this is a routine admin script, cron job, or health-check."", ""Decide: the combination of privilege escalation indicators and behavioural anomalies outweighs XGBoost's benign call; this supports the CNN.""]","[""events_per_second"", ""uid_is_root"", ""euid_root"", ""auid_euid_mismatch"", ""failed_call_rate""]","{
  ""verdict"": ""MALICIOUS"",
  ""confidence"": 0.92,
  ""rationale_steps"": [
    ""Privilege state: uid_is_root and euid_root are both set, indicating a genuine root context."",
    ""Mechanism: is_suid_exec is not set, but the combination of uid_is_root, euid_root, and auid_euid_mismatch suggests a privilege escalation attempt."",
    ""Behavioural anomaly: events_per_second is extremely high, indicating a high syscall throughput, and failed_call_rate is also high, suggesting a process that is attempting to escalate privileges."",
    ""Benign-explanation test: the short lifetime and high syscall throughput make it unlikely that this is a routine admin script, cron job, or health-check."",
    ""Decide: the combination of privilege escalation indicators and behavioural anomalies outweighs XGBoost's benign call; this supports the CNN.""
  ],
  ""key_features"": [""events_per_second"", ""uid_is_root"", ""euid_root"", ""auid_euid_mismatch"", ""failed_call_rate""],
  ""agrees_with"": ""cnn""
}"
10573,1,0,benign,0,1,0.5584598183631897,0.9479522109031676,xgb_benign_cnn_malicious,MALICIOUS,1,0.95,cnn,ok,"[""Privilege state: uid_is_root and euid_root are both set, indicating a root context."", ""Mechanism: is_suid_exec is not set, but the presence of uid_is_root and euid_root suggests a privilege escalation attempt."", ""Behavioural anomaly: unique_syscalls is high, indicating a novel syscall pattern, and failed_call_rate is low, suggesting a successful execution."", ""Benign-explanation test: the short lifetime and high throughput are consistent with a malicious activity."", ""Decide: the strong evidence of a root context and privilege escalation attempt, combined with the novel syscall pattern, supports CNN's call.""]","[""uid_is_root"", ""euid_root"", ""unique_syscalls"", ""failed_call_rate"", ""priv_op_count""]","{
  ""verdict"": ""MALICIOUS"",
  ""confidence"": 0.95,
  ""rationale_steps"": [
    ""Privilege state: uid_is_root and euid_root are both set, indicating a root context."",
    ""Mechanism: is_suid_exec is not set, but the presence of uid_is_root and euid_root suggests a privilege escalation attempt."",
    ""Behavioural anomaly: unique_syscalls is high, indicating a novel syscall pattern, and failed_call_rate is low, suggesting a successful execution."",
    ""Benign-explanation test: the short lifetime and high throughput are consistent with a malicious activity."",
    ""Decide: the strong evidence of a root context and privilege escalation attempt, combined with the novel syscall pattern, supports CNN's call.""
  ],
  ""key_features"": [""uid_is_root"", ""euid_root"", ""unique_syscalls"", ""failed_call_rate"", ""priv_op_count""],
  ""agrees_with"": ""cnn""
}"
10615,4,0,benign,0,1,0.3904956877231598,0.9424631595611572,xgb_benign_cnn_malicious,MALICIOUS,1,0.92,cnn,ok,"[""Privilege state: uid_is_root and euid_root are both set, indicating a genuine root context."", ""Mechanism: is_suid_exec is not set, but the presence of a root context and a high failed_call_rate and failed_call_count suggest a privilege-escalation attempt."", ""Behavioural anomaly: a high failed_call_rate and failed_call_count, along with a high priv_op_count, indicate a process that is attempting to escalate privileges."", ""Benign-explanation test: the short lifetime and high throughput of the process make it unlikely to be a routine admin script or health-check."", ""Decide: the evidence of a root context, high failed_call_rate, and failed_call_count outweigh XGBoost's benign call; this supports the CNN.""]","[""uid_is_root"", ""euid_root"", ""max_uid_euid_delta"", ""failed_call_rate"", ""failed_call_count""]","{
  ""verdict"": ""MALICIOUS"",
  ""confidence"": 0.92,
  ""rationale_steps"": [
    ""Privilege state: uid_is_root and euid_root are both set, indicating a genuine root context."",
    ""Mechanism: is_suid_exec is not set, but the presence of a root context and a high failed_call_rate and failed_call_count suggest a privilege-escalation attempt."",
    ""Behavioural anomaly: a high failed_call_rate and failed_call_count, along with a high priv_op_count, indicate a process that is attempting to escalate privileges."",
    ""Benign-explanation test: the short lifetime and high throughput of the process make it unlikely to be a routine admin script or health-check."",
    ""Decide: the evidence of a root context, high failed_call_rate, and failed_call_count outweigh XGBoost's benign call; this supports the CNN.""
  ],
  ""key_features"": [""uid_is_root"", ""euid_root"", ""max_uid_euid_delta"", ""failed_call_rate"", ""failed_call_count""],
  ""agrees_with"": ""cnn""
}"
10804,4,0,benign,0,1,0.4626511931419372,0.7419862747192383,xgb_benign_cnn_malicious,MALICIOUS,1,0.92,cnn,ok,"[""Privilege state: uid_is_root and euid_root are both set, indicating a genuine root context."", ""Mechanism: is_suid_exec is not set, but the combination of uid_is_root, euid_root, and auid_euid_mismatch suggests a privilege escalation attempt."", ""Behavioural anomaly: events_per_second is extremely high, indicating a potential attack, and failed_call_rate is also high, suggesting a failed escalation attempt."", ""Benign-explanation test: the short lifetime and high throughput make it unlikely to be a routine admin script or health-check."", ""Decide: the combination of privilege escalation indicators and behavioural anomalies outweighs XGBoost's benign call; this supports the CNN.""]","[""events_per_second"", ""uid_is_root"", ""euid_root"", ""auid_euid_mismatch"", ""failed_call_rate""]","{
  ""verdict"": ""MALICIOUS"",
  ""confidence"": 0.92,
  ""rationale_steps"": [
    ""Privilege state: uid_is_root and euid_root are both set, indicating a genuine root context."",
    ""Mechanism: is_suid_exec is not set, but the combination of uid_is_root, euid_root, and auid_euid_mismatch suggests a privilege escalation attempt."",
    ""Behavioural anomaly: events_per_second is extremely high, indicating a potential attack, and failed_call_rate is also high, suggesting a failed escalation attempt."",
    ""Benign-explanation test: the short lifetime and high throughput make it unlikely to be a routine admin script or health-check."",
    ""Decide: the combination of privilege escalation indicators and behavioural anomalies outweighs XGBoost's benign call; this supports the CNN.""
  ],
  ""key_features"": [""events_per_second"", ""uid_is_root"", ""euid_root"", ""auid_euid_mismatch"", ""failed_call_rate""],
  ""agrees_with"": ""cnn""
}"
10865,4,1,T1078_Valid_Accounts,0,1,0.5382307767868042,0.9489884972572328,xgb_benign_cnn_malicious,MALICIOUS,1,0.95,cnn,ok,"[""Privilege state: uid_is_root and euid_root are both set, indicating a genuine root context."", ""Mechanism: is_suid_exec is not set, but the presence of a root context and a high priv_op_count suggests a privilege escalation attempt."", ""Behavioural anomaly: the process is ephemeral and privileged, and there is no network activity, which is unusual for a benign process."", ""Benign-explanation test: the short lifetime and high throughput of the process make it unlikely to be a routine admin script or health-check."", ""Decide: the evidence supports CNN's call, as the root context and high priv_op_count are strong indicators of a privilege escalation attempt.""]","[""uid_is_root"", ""euid_root"", ""ephemeral_privileged"", ""priv_op_count"", ""max_uid_euid_delta""]","{
  ""verdict"": ""MALICIOUS"",
  ""confidence"": 0.95,
  ""rationale_steps"": [
    ""Privilege state: uid_is_root and euid_root are both set, indicating a genuine root context."",
    ""Mechanism: is_suid_exec is not set, but the presence of a root context and a high priv_op_count suggests a privilege escalation attempt."",
    ""Behavioural anomaly: the process is ephemeral and privileged, and there is no network activity, which is unusual for a benign process."",
    ""Benign-explanation test: the short lifetime and high throughput of the process make it unlikely to be a routine admin script or health-check."",
    ""Decide: the evidence supports CNN's call, as the root context and high priv_op_count are strong indicators of a privilege escalation attempt.""
  ],
  ""key_features"": [""uid_is_root"", ""euid_root"", ""ephemeral_privileged"", ""priv_op_count"", ""max_uid_euid_delta""],
  ""agrees_with"": ""cnn""
}"
10876,4,1,T1078_Valid_Accounts,0,1,0.619727611541748,0.9672528505325316,xgb_benign_cnn_malicious,MALICIOUS,1,0.93,cnn,ok,"[""Privilege state: uid_is_root and euid_root are both set, indicating a genuine root context."", ""Mechanism: is_suid_exec is not set, but the presence of uid_is_root and euid_root alongside ephemeral_privileged suggests a privilege escalation attempt."", ""Behavioural anomaly: the process held privilege for a short time, and there is no sensitive-path access, but the network_count is 0, which is unusual for an attack."", ""Benign-explanation test: the short lifetime and lack of throughput make it unlikely to be a routine admin script, cron job, or health-check."", ""Decide: the evidence supports CNN's call, as the privilege escalation attempt and unusual network activity outweigh XGBoost's benign call.""]","[""uid_is_root"", ""euid_root"", ""ephemeral_privileged"", ""max_uid_euid_delta"", ""network_count""]","{
  ""verdict"": ""MALICIOUS"",
  ""confidence"": 0.93,
  ""rationale_steps"": [
    ""Privilege state: uid_is_root and euid_root are both set, indicating a genuine root context."",
    ""Mechanism: is_suid_exec is not set, but the presence of uid_is_root and euid_root alongside ephemeral_privileged suggests a privilege escalation attempt."",
    ""Behavioural anomaly: the process held privilege for a short time, and there is no sensitive-path access, but the network_count is 0, which is unusual for an attack."",
    ""Benign-explanation test: the short lifetime and lack of throughput make it unlikely to be a routine admin script, cron job, or health-check."",
    ""Decide: the evidence supports CNN's call, as the privilege escalation attempt and unusual network activity outweigh XGBoost's benign call.""
  ],
  ""key_features"": [""uid_is_root"", ""euid_root"", ""ephemeral_privileged"", ""max_uid_euid_delta"", ""network_count""],
  ""agrees_with"": ""cnn""
}"
11046,4,0,benign,0,1,0.4626511931419372,0.7419862747192383,xgb_benign_cnn_malicious,MALICIOUS,1,0.92,cnn,ok,"[""Privilege state: uid_is_root and euid_root are both set, indicating a genuine root context."", ""Mechanism: is_suid_exec is not set, but the combination of uid_is_root, euid_root, and auid_euid_mismatch suggests a privilege escalation attempt."", ""Behavioural anomaly: events_per_second is extremely high, indicating a potential attack, and failed_call_rate is also high, suggesting a failed escalation attempt."", ""Benign-explanation test: the short lifetime and high throughput make it unlikely to be a routine admin script or health-check."", ""Decide: the combination of privilege escalation indicators and behavioural anomalies outweighs XGBoost's benign call; this supports the CNN.""]","[""events_per_second"", ""uid_is_root"", ""euid_root"", ""auid_euid_mismatch"", ""failed_call_rate""]","{
  ""verdict"": ""MALICIOUS"",
  ""confidence"": 0.92,
  ""rationale_steps"": [
    ""Privilege state: uid_is_root and euid_root are both set, indicating a genuine root context."",
    ""Mechanism: is_suid_exec is not set, but the combination of uid_is_root, euid_root, and auid_euid_mismatch suggests a privilege escalation attempt."",
    ""Behavioural anomaly: events_per_second is extremely high, indicating a potential attack, and failed_call_rate is also high, suggesting a failed escalation attempt."",
    ""Benign-explanation test: the short lifetime and high throughput make it unlikely to be a routine admin script or health-check."",
    ""Decide: the combination of privilege escalation indicators and behavioural anomalies outweighs XGBoost's benign call; this supports the CNN.""
  ],
  ""key_features"": [""events_per_second"", ""uid_is_root"", ""euid_root"", ""auid_euid_mismatch"", ""failed_call_rate""],
  ""agrees_with"": ""cnn""
}"
11050,3,1,T1078_Valid_Accounts,0,1,0.6828815937042236,0.9918093085289,xgb_benign_cnn_malicious,MALICIOUS,1,0.92,cnn,ok,"[""Privilege state: uid_is_root and euid_root are both set, indicating a root context."", ""Mechanism: is_suid_exec is not set, but the combination of uid_is_root, euid_root, and ephemeral_privileged suggests a privilege escalation attempt."", ""Behavioural anomaly: unique_syscalls is high, indicating a novel syscall pattern, and max_uid_euid_delta is low, suggesting a lack of a genuine UID/EUID transition."", ""Benign-explanation test: the short lifetime and high throughput do not suggest a routine admin script, cron job, or health-check."", ""Decide: the combination of privilege escalation indicators and novel syscall pattern outweighs XGBoost's benign call; this supports the CNN.""]","[""uid_is_root"", ""euid_root"", ""unique_syscalls"", ""max_uid_euid_delta"", ""ephemeral_privileged""]","{
  ""verdict"": ""MALICIOUS"",
  ""confidence"": 0.92,
  ""rationale_steps"": [
    ""Privilege state: uid_is_root and euid_root are both set, indicating a root context."",
    ""Mechanism: is_suid_exec is not set, but the combination of uid_is_root, euid_root, and ephemeral_privileged suggests a privilege escalation attempt."",
    ""Behavioural anomaly: unique_syscalls is high, indicating a novel syscall pattern, and max_uid_euid_delta is low, suggesting a lack of a genuine UID/EUID transition."",
    ""Benign-explanation test: the short lifetime and high throughput do not suggest a routine admin script, cron job, or health-check."",
    ""Decide: the combination of privilege escalation indicators and novel syscall pattern outweighs XGBoost's benign call; this supports the CNN.""
  ],
  ""key_features"": [""uid_is_root"", ""euid_root"", ""unique_syscalls"", ""max_uid_euid_delta"", ""ephemeral_privileged""],
  ""agrees_with"": ""cnn""
}"
11125,4,1,T1078_Valid_Accounts,0,1,0.612684965133667,0.7579640746116638,xgb_benign_cnn_malicious,MALICIOUS,1,0.92,cnn,ok,"[""Privilege state: uid_is_root and euid_root are both set, indicating a genuine root context."", ""Mechanism: is_suid_exec is not set, but the combination of uid_is_root, euid_root, and max_uid_euid_delta at p99+ suggests a privilege escalation attempt."", ""Behavioural anomaly: events_per_second is extremely high, indicating a high syscall throughput, and ephemeral_privileged is set, indicating a short-lived process that held privilege."", ""Benign-explanation test: the short lifetime and high syscall throughput make it unlikely to be a routine admin script, cron job, or health-check."", ""Decide: the combination of privilege escalation indicators and behavioural anomalies outweighs XGBoost's benign call; this supports the CNN.""]","[""events_per_second"", ""uid_is_root"", ""euid_root"", ""max_uid_euid_delta"", ""ephemeral_privileged""]","{
  ""verdict"": ""MALICIOUS"",
  ""confidence"": 0.92,
  ""rationale_steps"": [
    ""Privilege state: uid_is_root and euid_root are both set, indicating a genuine root context."",
    ""Mechanism: is_suid_exec is not set, but the combination of uid_is_root, euid_root, and max_uid_euid_delta at p99+ suggests a privilege escalation attempt."",
    ""Behavioural anomaly: events_per_second is extremely high, indicating a high syscall throughput, and ephemeral_privileged is set, indicating a short-lived process that held privilege."",
    ""Benign-explanation test: the short lifetime and high syscall throughput make it unlikely to be a routine admin script, cron job, or health-check."",
    ""Decide: the combination of privilege escalation indicators and behavioural anomalies outweighs XGBoost's benign call; this supports the CNN.""
  ],
  ""key_features"": [""events_per_second"", ""uid_is_root"", ""euid_root"", ""max_uid_euid_delta"", ""ephemeral_privileged""],
  ""agrees_with"": ""cnn""
}"
11231,4,0,benign,0,1,0.4626511931419372,0.7419862747192383,xgb_benign_cnn_malicious,MALICIOUS,1,0.92,cnn,ok,"[""Privilege state: uid_is_root and euid_root are both set, indicating a genuine root context."", ""Mechanism: is_suid_exec is not set, but the combination of uid_is_root, euid_root, and auid_euid_mismatch suggests a privilege escalation attempt."", ""Behavioural anomaly: events_per_second is extremely high, indicating a potential attack, and failed_call_rate is also high, suggesting a failed escalation attempt."", ""Benign-explanation test: the short lifetime and high throughput make it unlikely to be a routine admin script or health-check."", ""Decide: the combination of privilege escalation indicators and behavioural anomalies outweighs XGBoost's benign call; this supports the CNN.""]","[""events_per_second"", ""uid_is_root"", ""euid_root"", ""auid_euid_mismatch"", ""failed_call_rate""]","{
  ""verdict"": ""MALICIOUS"",
  ""confidence"": 0.92,
  ""rationale_steps"": [
    ""Privilege state: uid_is_root and euid_root are both set, indicating a genuine root context."",
    ""Mechanism: is_suid_exec is not set, but the combination of uid_is_root, euid_root, and auid_euid_mismatch suggests a privilege escalation attempt."",
    ""Behavioural anomaly: events_per_second is extremely high, indicating a potential attack, and failed_call_rate is also high, suggesting a failed escalation attempt."",
    ""Benign-explanation test: the short lifetime and high throughput make it unlikely to be a routine admin script or health-check."",
    ""Decide: the combination of privilege escalation indicators and behavioural anomalies outweighs XGBoost's benign call; this supports the CNN.""
  ],
  ""key_features"": [""events_per_second"", ""uid_is_root"", ""euid_root"", ""auid_euid_mismatch"", ""failed_call_rate""],
  ""agrees_with"": ""cnn""
}"
11272,4,1,T1078_Valid_Accounts,0,1,0.4626511931419372,0.7419862747192383,xgb_benign_cnn_malicious,MALICIOUS,1,0.92,cnn,ok,"[""Privilege state: uid_is_root and euid_root are both set, indicating a genuine root context."", ""Mechanism: is_suid_exec is not set, but the combination of uid_is_root, euid_root, and auid_euid_mismatch suggests a privilege escalation attempt."", ""Behavioural anomaly: events_per_second is extremely high, indicating a high syscall throughput, and failed_call_rate is also high, suggesting a process that is attempting to escalate privileges."", ""Benign-explanation test: the short lifetime and high syscall throughput make it unlikely that this is a routine admin script, cron job, or health-check."", ""Decide: the combination of privilege escalation indicators and behavioural anomalies outweighs XGBoost's benign call; this supports the CNN.""]","[""events_per_second"", ""uid_is_root"", ""euid_root"", ""auid_euid_mismatch"", ""failed_call_rate""]","{
  ""verdict"": ""MALICIOUS"",
  ""confidence"": 0.92,
  ""rationale_steps"": [
    ""Privilege state: uid_is_root and euid_root are both set, indicating a genuine root context."",
    ""Mechanism: is_suid_exec is not set, but the combination of uid_is_root, euid_root, and auid_euid_mismatch suggests a privilege escalation attempt."",
    ""Behavioural anomaly: events_per_second is extremely high, indicating a high syscall throughput, and failed_call_rate is also high, suggesting a process that is attempting to escalate privileges."",
    ""Benign-explanation test: the short lifetime and high syscall throughput make it unlikely that this is a routine admin script, cron job, or health-check."",
    ""Decide: the combination of privilege escalation indicators and behavioural anomalies outweighs XGBoost's benign call; this supports the CNN.""
  ],
  ""key_features"": [""events_per_second"", ""uid_is_root"", ""euid_root"", ""auid_euid_mismatch"", ""failed_call_rate""],
  ""agrees_with"": ""cnn""
}"
11312,1,0,benign,0,1,0.4249598085880279,0.9877406358718872,xgb_benign_cnn_malicious,MALICIOUS,1,0.92,cnn,ok,"[""Privilege state: uid_is_root and euid_root are both set, indicating a root context."", ""Mechanism: is_suid_exec is not set, but uid_changed and ephemeral_privileged suggest a privilege transition."", ""Behavioural anomaly: seq_length and unique_syscalls are both at p99+, indicating a complex syscall sequence."", ""Benign-explanation test: the short lifetime and high throughput do not suggest a routine admin script or health-check."", ""Decide: the combination of a root context, privilege transition, and complex syscall sequence outweighs XGBoost's benign call; this supports the CNN.""]","[""seq_length"", ""unique_syscalls"", ""uid_is_root"", ""uid_changed"", ""euid_root""]","{
  ""verdict"": ""MALICIOUS"",
  ""confidence"": 0.92,
  ""rationale_steps"": [
    ""Privilege state: uid_is_root and euid_root are both set, indicating a root context."",
    ""Mechanism: is_suid_exec is not set, but uid_changed and ephemeral_privileged suggest a privilege transition."",
    ""Behavioural anomaly: seq_length and unique_syscalls are both at p99+, indicating a complex syscall sequence."",
    ""Benign-explanation test: the short lifetime and high throughput do not suggest a routine admin script or health-check."",
    ""Decide: the combination of a root context, privilege transition, and complex syscall sequence outweighs XGBoost's benign call; this supports the CNN.""
  ],
  ""key_features"": [""seq_length"", ""unique_syscalls"", ""uid_is_root"", ""uid_changed"", ""euid_root""],
  ""agrees_with"": ""cnn""
}"
11440,1,0,benign,0,1,0.3924641609191894,0.9988299012184144,xgb_benign_cnn_malicious,MALICIOUS,1,0.92,cnn,ok,"[""Privilege state: uid_is_root, euid_root, and max_uid_euid_delta are all at p99+, indicating a genuine root context and privilege transition."", ""Mechanism: is_suid_exec is set, indicating a setuid/setgid binary execution, and priv_op_count is elevated, suggesting a privileged operation."", ""Behavioural anomaly: uid_changed and ephemeral_privileged are both set, indicating a UID change and a short-lived privileged process."", ""Benign-explanation test: the short lifetime and high-throughput execution from a root context argue against a routine admin script or health-check."", ""Decide: the combination of privilege transition, setuid execution, and elevated privileged operations outweighs XGBoost's benign call; this supports the CNN.""]","[""uid_is_root"", ""uid_changed"", ""euid_root"", ""max_uid_euid_delta"", ""is_suid_exec""]","{
  ""verdict"": ""MALICIOUS"",
  ""confidence"": 0.92,
  ""rationale_steps"": [
    ""Privilege state: uid_is_root, euid_root, and max_uid_euid_delta are all at p99+, indicating a genuine root context and privilege transition."",
    ""Mechanism: is_suid_exec is set, indicating a setuid/setgid binary execution, and priv_op_count is elevated, suggesting a privileged operation."",
    ""Behavioural anomaly: uid_changed and ephemeral_privileged are both set, indicating a UID change and a short-lived privileged process."",
    ""Benign-explanation test: the short lifetime and high-throughput execution from a root context argue against a routine admin script or health-check."",
    ""Decide: the combination of privilege transition, setuid execution, and elevated privileged operations outweighs XGBoost's benign call; this supports the CNN.""
  ],
  ""key_features"": [""uid_is_root"", ""uid_changed"", ""euid_root"", ""max_uid_euid_delta"", ""is_suid_exec""],
  ""agrees_with"": ""cnn""
}"
11816,3,1,T1078_Valid_Accounts,0,1,0.6923177242279053,0.9917534589767456,xgb_benign_cnn_malicious,MALICIOUS,1,0.99,cnn,ok,"[""Privilege state: uid_is_root and euid_root are both set, indicating a root context."", ""Mechanism: is_suid_exec is not set, but the presence of uid_is_root and euid_root suggests a privilege escalation attempt."", ""Behavioural anomaly: unique_syscalls is high, indicating a novel syscall pattern, and ephemeral_privileged is set, suggesting a short-lived privileged process."", ""Benign-explanation test: the short lifetime and high throughput do not suggest a routine admin script or health-check."", ""Decide: the evidence supports CNN's call, with multiple indicators of privilege escalation and a novel syscall pattern.""]","[""uid_is_root"", ""euid_root"", ""unique_syscalls"", ""ephemeral_privileged"", ""max_uid_euid_delta""]","{
  ""verdict"": ""MALICIOUS"",
  ""confidence"": 0.99,
  ""rationale_steps"": [
    ""Privilege state: uid_is_root and euid_root are both set, indicating a root context."",
    ""Mechanism: is_suid_exec is not set, but the presence of uid_is_root and euid_root suggests a privilege escalation attempt."",
    ""Behavioural anomaly: unique_syscalls is high, indicating a novel syscall pattern, and ephemeral_privileged is set, suggesting a short-lived privileged process."",
    ""Benign-explanation test: the short lifetime and high throughput do not suggest a routine admin script or health-check."",
    ""Decide: the evidence supports CNN's call, with multiple indicators of privilege escalation and a novel syscall pattern.""
  ],
  ""key_features"": [""uid_is_root"", ""euid_root"", ""unique_syscalls"", ""ephemeral_privileged"", ""max_uid_euid_delta""],
  ""agrees_with"": ""cnn""
}"
11857,3,1,T1078_Valid_Accounts,0,1,0.5284601449966431,0.9978947043418884,xgb_benign_cnn_malicious,MALICIOUS,1,0.92,cnn,ok,"[""Privilege state: uid_is_root and euid_root are both set, indicating a root context."", ""Mechanism: is_suid_exec is not set, but the presence of uid_is_root and euid_root alongside a high seq_length and failed_call_rate suggests a complex escalation attempt."", ""Behavioural anomaly: failed_call_rate is near 1 and failed_call_count is high, indicating a high rate of failed syscalls."", ""Benign-explanation test: the short lifetime and high syscall throughput are not typical of routine admin scripting or health-checks."", ""Decide: the combination of root context, high syscall failure rate, and unusual syscall sequence length outweighs XGBoost's benign call; this supports the CNN.""]","[""seq_length"", ""uid_is_root"", ""euid_root"", ""failed_call_rate"", ""failed_call_count""]","{
  ""verdict"": ""MALICIOUS"",
  ""confidence"": 0.92,
  ""rationale_steps"": [
    ""Privilege state: uid_is_root and euid_root are both set, indicating a root context."",
    ""Mechanism: is_suid_exec is not set, but the presence of uid_is_root and euid_root alongside a high seq_length and failed_call_rate suggests a complex escalation attempt."",
    ""Behavioural anomaly: failed_call_rate is near 1 and failed_call_count is high, indicating a high rate of failed syscalls."",
    ""Benign-explanation test: the short lifetime and high syscall throughput are not typical of routine admin scripting or health-checks."",
    ""Decide: the combination of root context, high syscall failure rate, and unusual syscall sequence length outweighs XGBoost's benign call; this supports the CNN.""
  ],
  ""key_features"": [""seq_length"", ""uid_is_root"", ""euid_root"", ""failed_call_rate"", ""failed_call_count""],
  ""agrees_with"": ""cnn""
}"
12034,4,0,benign,0,1,0.4626511931419372,0.7419862747192383,xgb_benign_cnn_malicious,MALICIOUS,1,0.92,cnn,ok,"[""Privilege state: uid_is_root and euid_root are both set, indicating a genuine root context."", ""Mechanism: is_suid_exec is not set, but the combination of uid_is_root, euid_root, and auid_euid_mismatch suggests a privilege escalation attempt."", ""Behavioural anomaly: events_per_second is extremely high, indicating a potential attack, and failed_call_rate is also high, suggesting a failed escalation attempt."", ""Benign-explanation test: the short lifetime and high throughput make it unlikely to be a routine admin script or health-check."", ""Decide: the combination of privilege escalation indicators and behavioural anomalies outweighs XGBoost's benign call; this supports the CNN.""]","[""events_per_second"", ""uid_is_root"", ""euid_root"", ""auid_euid_mismatch"", ""failed_call_rate""]","{
  ""verdict"": ""MALICIOUS"",
  ""confidence"": 0.92,
  ""rationale_steps"": [
    ""Privilege state: uid_is_root and euid_root are both set, indicating a genuine root context."",
    ""Mechanism: is_suid_exec is not set, but the combination of uid_is_root, euid_root, and auid_euid_mismatch suggests a privilege escalation attempt."",
    ""Behavioural anomaly: events_per_second is extremely high, indicating a potential attack, and failed_call_rate is also high, suggesting a failed escalation attempt."",
    ""Benign-explanation test: the short lifetime and high throughput make it unlikely to be a routine admin script or health-check."",
    ""Decide: the combination of privilege escalation indicators and behavioural anomalies outweighs XGBoost's benign call; this supports the CNN.""
  ],
  ""key_features"": [""events_per_second"", ""uid_is_root"", ""euid_root"", ""auid_euid_mismatch"", ""failed_call_rate""],
  ""agrees_with"": ""cnn""
}"
12322,4,0,benign,0,1,0.3245709240436554,0.9654507040977478,xgb_benign_cnn_malicious,MALICIOUS,1,0.92,cnn,ok,"[""Privilege state: uid_is_root and euid_root are both set, indicating a genuine root context."", ""Mechanism: is_suid_exec is not set, but the combination of uid_is_root, euid_root, and ephemeral_privileged suggests a privilege escalation attempt."", ""Behavioural anomaly: the process held privilege for a short time, and there is no sensitive-path access, but the network_count is low, which is consistent with an incomplete escalation attempt."", ""Benign-explanation test: the short lifetime and lack of throughput argue against a routine admin script, cron job, or health-check."", ""Decide: the evidence supports CNN's call, as the privilege escalation attempt is not fully completed, but the indicators are consistent with a malicious activity.""]","[""uid_is_root"", ""euid_root"", ""max_uid_euid_delta"", ""ephemeral_privileged"", ""network_count""]","{
  ""verdict"": ""MALICIOUS"",
  ""confidence"": 0.92,
  ""rationale_steps"": [
    ""Privilege state: uid_is_root and euid_root are both set, indicating a genuine root context."",
    ""Mechanism: is_suid_exec is not set, but the combination of uid_is_root, euid_root, and ephemeral_privileged suggests a privilege escalation attempt."",
    ""Behavioural anomaly: the process held privilege for a short time, and there is no sensitive-path access, but the network_count is low, which is consistent with an incomplete escalation attempt."",
    ""Benign-explanation test: the short lifetime and lack of throughput argue against a routine admin script, cron job, or health-check."",
    ""Decide: the evidence supports CNN's call, as the privilege escalation attempt is not fully completed, but the indicators are consistent with a malicious activity.""
  ],
  ""key_features"": [""uid_is_root"", ""euid_root"", ""max_uid_euid_delta"", ""ephemeral_privileged"", ""network_count""],
  ""agrees_with"": ""cnn""
}"
12540,4,1,T1078_Valid_Accounts,0,1,0.5382307767868042,0.9489884972572328,xgb_benign_cnn_malicious,MALICIOUS,1,0.95,cnn,ok,"[""Privilege state: uid_is_root and euid_root are both set, indicating a genuine root context."", ""Mechanism: is_suid_exec is not set, but the presence of a root context and a high priv_op_count suggests a privilege escalation attempt."", ""Behavioural anomaly: the process is ephemeral and privileged, and there is no network activity, which is unusual for a benign process."", ""Benign-explanation test: the short lifetime and high throughput of the process make it unlikely to be a routine admin script or health-check."", ""Decide: the evidence supports CNN's call, as the root context and high priv_op_count are strong indicators of a privilege escalation attempt.""]","[""uid_is_root"", ""euid_root"", ""ephemeral_privileged"", ""priv_op_count"", ""max_uid_euid_delta""]","{
  ""verdict"": ""MALICIOUS"",
  ""confidence"": 0.95,
  ""rationale_steps"": [
    ""Privilege state: uid_is_root and euid_root are both set, indicating a genuine root context."",
    ""Mechanism: is_suid_exec is not set, but the presence of a root context and a high priv_op_count suggests a privilege escalation attempt."",
    ""Behavioural anomaly: the process is ephemeral and privileged, and there is no network activity, which is unusual for a benign process."",
    ""Benign-explanation test: the short lifetime and high throughput of the process make it unlikely to be a routine admin script or health-check."",
    ""Decide: the evidence supports CNN's call, as the root context and high priv_op_count are strong indicators of a privilege escalation attempt.""
  ],
  ""key_features"": [""uid_is_root"", ""euid_root"", ""ephemeral_privileged"", ""priv_op_count"", ""max_uid_euid_delta""],
  ""agrees_with"": ""cnn""
}"
12613,3,1,T1078_Valid_Accounts,0,1,0.6923177242279053,0.9917534589767456,xgb_benign_cnn_malicious,MALICIOUS,1,0.99,cnn,ok,"[""Privilege state: uid_is_root and euid_root are both set, indicating a root context."", ""Mechanism: is_suid_exec is not set, but the presence of uid_is_root and euid_root suggests a privilege escalation attempt."", ""Behavioural anomaly: unique_syscalls is high, indicating a novel syscall pattern, and ephemeral_privileged is set, suggesting a short-lived privileged process."", ""Benign-explanation test: the short lifetime and high throughput do not suggest a routine admin script or health-check."", ""Decide: the evidence supports CNN's call, with multiple indicators of privilege escalation and a novel syscall pattern.""]","[""uid_is_root"", ""euid_root"", ""unique_syscalls"", ""ephemeral_privileged"", ""max_uid_euid_delta""]","{
  ""verdict"": ""MALICIOUS"",
  ""confidence"": 0.99,
  ""rationale_steps"": [
    ""Privilege state: uid_is_root and euid_root are both set, indicating a root context."",
    ""Mechanism: is_suid_exec is not set, but the presence of uid_is_root and euid_root suggests a privilege escalation attempt."",
    ""Behavioural anomaly: unique_syscalls is high, indicating a novel syscall pattern, and ephemeral_privileged is set, suggesting a short-lived privileged process."",
    ""Benign-explanation test: the short lifetime and high throughput do not suggest a routine admin script or health-check."",
    ""Decide: the evidence supports CNN's call, with multiple indicators of privilege escalation and a novel syscall pattern.""
  ],
  ""key_features"": [""uid_is_root"", ""euid_root"", ""unique_syscalls"", ""ephemeral_privileged"", ""max_uid_euid_delta""],
  ""agrees_with"": ""cnn""
}"
12943,3,0,benign,0,1,0.5248250365257263,0.9974316954612732,xgb_benign_cnn_malicious,BENIGN,0,0.92,xgb,ok,"[""Privilege state: uid_is_root and euid_root are both set, indicating a root context, but max_uid_euid_delta is 0, suggesting no genuine UID/EUID transition."", ""Mechanism: is_suid_exec is 0, indicating no setuid/setgid binary execution, and priv_op_count is 0, indicating no privileged operations."", ""Behavioural anomaly: ephemeral_privileged is 1, indicating a short-lived process that held privilege, but this is consistent with a benign process."", ""Benign-explanation test: the process has a root context, which is consistent with a routine admin script or health-check."", ""Decide: the evidence supports XGBoost's benign call, as there is no indication of a privilege escalation attempt.""]","[""uid_is_root"", ""euid_root"", ""max_uid_euid_delta"", ""is_suid_exec"", ""ephemeral_privileged""]","{
  ""verdict"": ""BENIGN"",
  ""confidence"": 0.92,
  ""rationale_steps"": [
    ""Privilege state: uid_is_root and euid_root are both set, indicating a root context, but max_uid_euid_delta is 0, suggesting no genuine UID/EUID transition."",
    ""Mechanism: is_suid_exec is 0, indicating no setuid/setgid binary execution, and priv_op_count is 0, indicating no privileged operations."",
    ""Behavioural anomaly: ephemeral_privileged is 1, indicating a short-lived process that held privilege, but this is consistent with a benign process."",
    ""Benign-explanation test: the process has a root context, which is consistent with a routine admin script or health-check."",
    ""Decide: the evidence supports XGBoost's benign call, as there is no indication of a privilege escalation attempt.""
  ],
  ""key_features"": [""uid_is_root"", ""euid_root"", ""max_uid_euid_delta"", ""is_suid_exec"", ""ephemeral_privileged""],
  ""agrees_with"": ""xgb""
}"
12992,4,0,benign,0,1,0.5382307767868042,0.9489884972572328,xgb_benign_cnn_malicious,MALICIOUS,1,0.95,cnn,ok,"[""Privilege state: uid_is_root and euid_root are both set, indicating a genuine root context."", ""Mechanism: is_suid_exec is not set, but the presence of a root context and a high priv_op_count suggests a privilege escalation attempt."", ""Behavioural anomaly: the process is ephemeral and privileged, and there is no network activity, which is unusual for a benign process."", ""Benign-explanation test: the short lifetime and high throughput of the process make it unlikely to be a routine admin script or health-check."", ""Decide: the evidence supports CNN's call, as the root context and high priv_op_count are strong indicators of a privilege escalation attempt.""]","[""uid_is_root"", ""euid_root"", ""ephemeral_privileged"", ""priv_op_count"", ""max_uid_euid_delta""]","{
  ""verdict"": ""MALICIOUS"",
  ""confidence"": 0.95,
  ""rationale_steps"": [
    ""Privilege state: uid_is_root and euid_root are both set, indicating a genuine root context."",
    ""Mechanism: is_suid_exec is not set, but the presence of a root context and a high priv_op_count suggests a privilege escalation attempt."",
    ""Behavioural anomaly: the process is ephemeral and privileged, and there is no network activity, which is unusual for a benign process."",
    ""Benign-explanation test: the short lifetime and high throughput of the process make it unlikely to be a routine admin script or health-check."",
    ""Decide: the evidence supports CNN's call, as the root context and high priv_op_count are strong indicators of a privilege escalation attempt.""
  ],
  ""key_features"": [""uid_is_root"", ""euid_root"", ""ephemeral_privileged"", ""priv_op_count"", ""max_uid_euid_delta""],
  ""agrees_with"": ""cnn""
}"
13125,4,1,T1078_Valid_Accounts,0,1,0.4296572804450989,0.8444210290908813,xgb_benign_cnn_malicious,MALICIOUS,1,0.92,cnn,ok,"[""Privilege state: uid_is_root and euid_root are both set, indicating a genuine root context."", ""Mechanism: is_suid_exec is not set, but the combination of uid_is_root, euid_root, and ephemeral_privileged suggests a privilege escalation attempt."", ""Behavioural anomaly: failed_call_count is high, indicating a potential privilege escalation attempt."", ""Benign-explanation test: the short lifetime and high throughput do not suggest a routine admin script or health-check."", ""Decide: the combination of privilege state and behavioural anomalies outweighs XGBoost's benign call; this supports the CNN.""]","[""uid_is_root"", ""euid_root"", ""max_uid_euid_delta"", ""ephemeral_privileged"", ""failed_call_count""]","{
  ""verdict"": ""MALICIOUS"",
  ""confidence"": 0.92,
  ""rationale_steps"": [
    ""Privilege state: uid_is_root and euid_root are both set, indicating a genuine root context."",
    ""Mechanism: is_suid_exec is not set, but the combination of uid_is_root, euid_root, and ephemeral_privileged suggests a privilege escalation attempt."",
    ""Behavioural anomaly: failed_call_count is high, indicating a potential privilege escalation attempt."",
    ""Benign-explanation test: the short lifetime and high throughput do not suggest a routine admin script or health-check."",
    ""Decide: the combination of privilege state and behavioural anomalies outweighs XGBoost's benign call; this supports the CNN.""
  ],
  ""key_features"": [""uid_is_root"", ""euid_root"", ""max_uid_euid_delta"", ""ephemeral_privileged"", ""failed_call_count""],
  ""agrees_with"": ""cnn""
}"
13479,4,0,benign,0,1,0.4626511931419372,0.7419862747192383,xgb_benign_cnn_malicious,MALICIOUS,1,0.92,cnn,ok,"[""Privilege state: uid_is_root and euid_root are both set, indicating a genuine root context."", ""Mechanism: is_suid_exec is not set, but the combination of uid_is_root, euid_root, and auid_euid_mismatch suggests a privilege escalation attempt."", ""Behavioural anomaly: events_per_second is extremely high, indicating a potential attack, and failed_call_rate is also high, suggesting a failed escalation attempt."", ""Benign-explanation test: the short lifetime and high throughput make it unlikely to be a routine admin script or health-check."", ""Decide: the combination of privilege escalation indicators and behavioural anomalies outweighs XGBoost's benign call; this supports the CNN.""]","[""events_per_second"", ""uid_is_root"", ""euid_root"", ""auid_euid_mismatch"", ""failed_call_rate""]","{
  ""verdict"": ""MALICIOUS"",
  ""confidence"": 0.92,
  ""rationale_steps"": [
    ""Privilege state: uid_is_root and euid_root are both set, indicating a genuine root context."",
    ""Mechanism: is_suid_exec is not set, but the combination of uid_is_root, euid_root, and auid_euid_mismatch suggests a privilege escalation attempt."",
    ""Behavioural anomaly: events_per_second is extremely high, indicating a potential attack, and failed_call_rate is also high, suggesting a failed escalation attempt."",
    ""Benign-explanation test: the short lifetime and high throughput make it unlikely to be a routine admin script or health-check."",
    ""Decide: the combination of privilege escalation indicators and behavioural anomalies outweighs XGBoost's benign call; this supports the CNN.""
  ],
  ""key_features"": [""events_per_second"", ""uid_is_root"", ""euid_root"", ""auid_euid_mismatch"", ""failed_call_rate""],
  ""agrees_with"": ""cnn""
}"
13763,4,0,benign,0,1,0.4048436880111694,0.974132776260376,xgb_benign_cnn_malicious,BENIGN,0,0.92,xgb,ok,"[""Privilege state: uid_is_root and euid_root are both set, indicating a root context, but max_uid_euid_delta is 0, suggesting no genuine UID/EUID transition."", ""Mechanism: is_suid_exec is 0, indicating no setuid/setgid binary execution, and priv_op_count is 0, indicating no privileged operations."", ""Behavioural anomaly: ephemeral_privileged is 1, indicating a short-lived process that held privilege, but this is consistent with a benign process."", ""Benign-explanation test: the process has a root context, which is consistent with a routine admin script or health-check."", ""Decide: the evidence supports XGBoost's benign call, as there is no clear indication of a privilege escalation attempt.""]","[""uid_is_root"", ""euid_root"", ""max_uid_euid_delta"", ""is_suid_exec"", ""ephemeral_privileged""]","{
  ""verdict"": ""BENIGN"",
  ""confidence"": 0.92,
  ""rationale_steps"": [
    ""Privilege state: uid_is_root and euid_root are both set, indicating a root context, but max_uid_euid_delta is 0, suggesting no genuine UID/EUID transition."",
    ""Mechanism: is_suid_exec is 0, indicating no setuid/setgid binary execution, and priv_op_count is 0, indicating no privileged operations."",
    ""Behavioural anomaly: ephemeral_privileged is 1, indicating a short-lived process that held privilege, but this is consistent with a benign process."",
    ""Benign-explanation test: the process has a root context, which is consistent with a routine admin script or health-check."",
    ""Decide: the evidence supports XGBoost's benign call, as there is no clear indication of a privilege escalation attempt.""
  ],
  ""key_features"": [""uid_is_root"", ""euid_root"", ""max_uid_euid_delta"", ""is_suid_exec"", ""ephemeral_privileged""],
  ""agrees_with"": ""xgb""
}"
13793,3,1,T1078_Valid_Accounts,0,1,0.6923177242279053,0.9917534589767456,xgb_benign_cnn_malicious,MALICIOUS,1,0.99,cnn,ok,"[""Privilege state: uid_is_root and euid_root are both set, indicating a root context."", ""Mechanism: is_suid_exec is not set, but the presence of uid_is_root and euid_root suggests a privilege escalation attempt."", ""Behavioural anomaly: unique_syscalls is high, indicating a novel syscall pattern, and ephemeral_privileged is set, suggesting a short-lived privileged process."", ""Benign-explanation test: the short lifetime and high throughput do not suggest a routine admin script or health-check."", ""Decide: the evidence supports CNN's call, with multiple indicators of privilege escalation and a novel syscall pattern.""]","[""uid_is_root"", ""euid_root"", ""unique_syscalls"", ""ephemeral_privileged"", ""max_uid_euid_delta""]","{
  ""verdict"": ""MALICIOUS"",
  ""confidence"": 0.99,
  ""rationale_steps"": [
    ""Privilege state: uid_is_root and euid_root are both set, indicating a root context."",
    ""Mechanism: is_suid_exec is not set, but the presence of uid_is_root and euid_root suggests a privilege escalation attempt."",
    ""Behavioural anomaly: unique_syscalls is high, indicating a novel syscall pattern, and ephemeral_privileged is set, suggesting a short-lived privileged process."",
    ""Benign-explanation test: the short lifetime and high throughput do not suggest a routine admin script or health-check."",
    ""Decide: the evidence supports CNN's call, with multiple indicators of privilege escalation and a novel syscall pattern.""
  ],
  ""key_features"": [""uid_is_root"", ""euid_root"", ""unique_syscalls"", ""ephemeral_privileged"", ""max_uid_euid_delta""],
  ""agrees_with"": ""cnn""
}"
13883,3,0,benign,0,1,0.6923177242279053,0.9917534589767456,xgb_benign_cnn_malicious,MALICIOUS,1,0.92,cnn,ok,"[""Privilege state: uid_is_root and euid_root are both set, indicating a root context."", ""Mechanism: is_suid_exec is not set, but the presence of uid_is_root and euid_root suggests a privilege escalation attempt."", ""Behavioural anomaly: unique_syscalls is high, indicating a novel syscall pattern, and ephemeral_privileged is set, suggesting a short-lived privileged process."", ""Benign-explanation test: the short lifetime and high throughput do not suggest a routine admin script or health-check."", ""Decide: the evidence supports CNN's call, as the privilege escalation attempt and novel syscall pattern outweigh XGBoost's benign call.""]","[""uid_is_root"", ""euid_root"", ""unique_syscalls"", ""ephemeral_privileged"", ""max_uid_euid_delta""]","{
  ""verdict"": ""MALICIOUS"",
  ""confidence"": 0.92,
  ""rationale_steps"": [
    ""Privilege state: uid_is_root and euid_root are both set, indicating a root context."",
    ""Mechanism: is_suid_exec is not set, but the presence of uid_is_root and euid_root suggests a privilege escalation attempt."",
    ""Behavioural anomaly: unique_syscalls is high, indicating a novel syscall pattern, and ephemeral_privileged is set, suggesting a short-lived privileged process."",
    ""Benign-explanation test: the short lifetime and high throughput do not suggest a routine admin script or health-check."",
    ""Decide: the evidence supports CNN's call, as the privilege escalation attempt and novel syscall pattern outweigh XGBoost's benign call.""
  ],
  ""key_features"": [""uid_is_root"", ""euid_root"", ""unique_syscalls"", ""ephemeral_privileged"", ""max_uid_euid_delta""],
  ""agrees_with"": ""cnn""
}"
14188,4,1,T1087_Account_Discovery,0,1,0.5437732934951782,0.9991608262062072,xgb_benign_cnn_malicious,BENIGN,0,0.92,xgb,ok,"[""Privilege state: max_uid_euid_delta is 0, indicating no genuine UID/EUID transition."", ""Mechanism: is_suid_exec is 0, and there's no unusual exec chain or shell spawned by a service."", ""Behavioural anomaly: lifetime_seconds is 6.012e+05, which is unusually long, but seq_length and unique_syscalls are also high, suggesting a long-running process with many syscalls."", ""Benign-explanation test: the process's long lifetime and high syscall throughput are consistent with a long-running service or daemon."", ""Decide: the evidence supports XGBoost's benign call, as there's no clear indication of a privilege escalation attempt or unusual behaviour.""]","[""lifetime_seconds"", ""seq_length"", ""unique_syscalls"", ""uid_is_root"", ""euid_root""]","{
  ""verdict"": ""BENIGN"",
  ""confidence"": 0.92,
  ""rationale_steps"": [
    ""Privilege state: max_uid_euid_delta is 0, indicating no genuine UID/EUID transition."",
    ""Mechanism: is_suid_exec is 0, and there's no unusual exec chain or shell spawned by a service."",
    ""Behavioural anomaly: lifetime_seconds is 6.012e+05, which is unusually long, but seq_length and unique_syscalls are also high, suggesting a long-running process with many syscalls."",
    ""Benign-explanation test: the process's long lifetime and high syscall throughput are consistent with a long-running service or daemon."",
    ""Decide: the evidence supports XGBoost's benign call, as there's no clear indication of a privilege escalation attempt or unusual behaviour.""
  ],
  ""key_features"": [""lifetime_seconds"", ""seq_length"", ""unique_syscalls"", ""uid_is_root"", ""euid_root""],
  ""agrees_with"": ""xgb""
}"
14190,4,0,benign,0,1,0.4626511931419372,0.7419862747192383,xgb_benign_cnn_malicious,MALICIOUS,1,0.92,cnn,ok,"[""Privilege state: uid_is_root and euid_root are both set, indicating a genuine root context."", ""Mechanism: is_suid_exec is not set, but the combination of uid_is_root, euid_root, and auid_euid_mismatch suggests a privilege escalation attempt."", ""Behavioural anomaly: events_per_second is extremely high, indicating a potential attack, and failed_call_rate is also high, suggesting a failed escalation attempt."", ""Benign-explanation test: the short lifetime and high throughput make it unlikely to be a routine admin script or health-check."", ""Decide: the combination of privilege escalation indicators and behavioural anomalies outweighs XGBoost's benign call; this supports the CNN.""]","[""events_per_second"", ""uid_is_root"", ""euid_root"", ""auid_euid_mismatch"", ""failed_call_rate""]","{
  ""verdict"": ""MALICIOUS"",
  ""confidence"": 0.92,
  ""rationale_steps"": [
    ""Privilege state: uid_is_root and euid_root are both set, indicating a genuine root context."",
    ""Mechanism: is_suid_exec is not set, but the combination of uid_is_root, euid_root, and auid_euid_mismatch suggests a privilege escalation attempt."",
    ""Behavioural anomaly: events_per_second is extremely high, indicating a potential attack, and failed_call_rate is also high, suggesting a failed escalation attempt."",
    ""Benign-explanation test: the short lifetime and high throughput make it unlikely to be a routine admin script or health-check."",
    ""Decide: the combination of privilege escalation indicators and behavioural anomalies outweighs XGBoost's benign call; this supports the CNN.""
  ],
  ""key_features"": [""events_per_second"", ""uid_is_root"", ""euid_root"", ""auid_euid_mismatch"", ""failed_call_rate""],
  ""agrees_with"": ""cnn""
}"
14221,1,0,benign,0,1,0.6632530093193054,0.8552455306053162,xgb_benign_cnn_malicious,MALICIOUS,1,0.92,cnn,ok,"[""Privilege state: uid_is_root and euid_root are both set, indicating a genuine root context."", ""Mechanism: is_suid_exec is not set, but the combination of uid_is_root, euid_root, and auid_euid_mismatch suggests a privilege escalation attempt."", ""Behavioural anomaly: ephemeral_privileged is set, indicating a short-lived process that held privilege, and file_access_count is low, suggesting a focused attack."", ""Benign-explanation test: the short lifetime and lack of throughput argue against a routine admin script, cron job, or health-check."", ""Decide: the combination of privilege escalation indicators and behavioural anomalies outweighs XGBoost's benign call; this supports the CNN.""]","[""uid_is_root"", ""euid_root"", ""auid_euid_mismatch"", ""ephemeral_privileged"", ""priv_op_count""]","{
  ""verdict"": ""MALICIOUS"",
  ""confidence"": 0.92,
  ""rationale_steps"": [
    ""Privilege state: uid_is_root and euid_root are both set, indicating a genuine root context."",
    ""Mechanism: is_suid_exec is not set, but the combination of uid_is_root, euid_root, and auid_euid_mismatch suggests a privilege escalation attempt."",
    ""Behavioural anomaly: ephemeral_privileged is set, indicating a short-lived process that held privilege, and file_access_count is low, suggesting a focused attack."",
    ""Benign-explanation test: the short lifetime and lack of throughput argue against a routine admin script, cron job, or health-check."",
    ""Decide: the combination of privilege escalation indicators and behavioural anomalies outweighs XGBoost's benign call; this supports the CNN.""
  ],
  ""key_features"": [""uid_is_root"", ""euid_root"", ""auid_euid_mismatch"", ""ephemeral_privileged"", ""priv_op_count""],
  ""agrees_with"": ""cnn""
}"
14576,4,0,benign,0,1,0.3245709240436554,0.9654507040977478,xgb_benign_cnn_malicious,MALICIOUS,1,0.92,cnn,ok,"[""Privilege state: uid_is_root and euid_root are both set, indicating a genuine root context."", ""Mechanism: is_suid_exec is not set, but the combination of uid_is_root, euid_root, and ephemeral_privileged suggests a privilege escalation attempt."", ""Behavioural anomaly: the process held privilege for a short time, and there is no sensitive-path access, but the network_count is low, which is consistent with an incomplete escalation attempt."", ""Benign-explanation test: the short lifetime and lack of throughput argue against a routine admin script, cron job, or health-check."", ""Decide: the evidence supports CNN's call, as the privilege escalation attempt is not fully completed, but the indicators are consistent with a malicious activity.""]","[""uid_is_root"", ""euid_root"", ""max_uid_euid_delta"", ""ephemeral_privileged"", ""network_count""]","{
  ""verdict"": ""MALICIOUS"",
  ""confidence"": 0.92,
  ""rationale_steps"": [
    ""Privilege state: uid_is_root and euid_root are both set, indicating a genuine root context."",
    ""Mechanism: is_suid_exec is not set, but the combination of uid_is_root, euid_root, and ephemeral_privileged suggests a privilege escalation attempt."",
    ""Behavioural anomaly: the process held privilege for a short time, and there is no sensitive-path access, but the network_count is low, which is consistent with an incomplete escalation attempt."",
    ""Benign-explanation test: the short lifetime and lack of throughput argue against a routine admin script, cron job, or health-check."",
    ""Decide: the evidence supports CNN's call, as the privilege escalation attempt is not fully completed, but the indicators are consistent with a malicious activity.""
  ],
  ""key_features"": [""uid_is_root"", ""euid_root"", ""max_uid_euid_delta"", ""ephemeral_privileged"", ""network_count""],
  ""agrees_with"": ""cnn""
}"
14628,4,0,benign,0,1,0.5382307767868042,0.9489884972572328,xgb_benign_cnn_malicious,MALICIOUS,1,0.95,cnn,ok,"[""Privilege state: uid_is_root and euid_root are both set, indicating a genuine root context."", ""Mechanism: is_suid_exec is not set, but the presence of a root context and a high priv_op_count suggests a privilege escalation attempt."", ""Behavioural anomaly: the process is ephemeral and privileged, and there is no network activity, which is unusual for a benign process."", ""Benign-explanation test: the short lifetime and high throughput of the process make it unlikely to be a routine admin script or health-check."", ""Decide: the evidence supports CNN's call, as the root context and high priv_op_count are strong indicators of a privilege escalation attempt.""]","[""uid_is_root"", ""euid_root"", ""ephemeral_privileged"", ""priv_op_count"", ""max_uid_euid_delta""]","{
  ""verdict"": ""MALICIOUS"",
  ""confidence"": 0.95,
  ""rationale_steps"": [
    ""Privilege state: uid_is_root and euid_root are both set, indicating a genuine root context."",
    ""Mechanism: is_suid_exec is not set, but the presence of a root context and a high priv_op_count suggests a privilege escalation attempt."",
    ""Behavioural anomaly: the process is ephemeral and privileged, and there is no network activity, which is unusual for a benign process."",
    ""Benign-explanation test: the short lifetime and high throughput of the process make it unlikely to be a routine admin script or health-check."",
    ""Decide: the evidence supports CNN's call, as the root context and high priv_op_count are strong indicators of a privilege escalation attempt.""
  ],
  ""key_features"": [""uid_is_root"", ""euid_root"", ""ephemeral_privileged"", ""priv_op_count"", ""max_uid_euid_delta""],
  ""agrees_with"": ""cnn""
}"
14630,4,0,benign,0,1,0.4626511931419372,0.7419862747192383,xgb_benign_cnn_malicious,MALICIOUS,1,0.92,cnn,ok,"[""Privilege state: uid_is_root and euid_root are both set, indicating a genuine root context."", ""Mechanism: is_suid_exec is not set, but the combination of uid_is_root, euid_root, and auid_euid_mismatch suggests a privilege escalation attempt."", ""Behavioural anomaly: events_per_second is extremely high, indicating a potential attack, and failed_call_rate is also high, suggesting a failed escalation attempt."", ""Benign-explanation test: the short lifetime and high throughput make it unlikely to be a routine admin script or health-check."", ""Decide: the combination of privilege escalation indicators and behavioural anomalies outweighs XGBoost's benign call; this supports the CNN.""]","[""events_per_second"", ""uid_is_root"", ""euid_root"", ""auid_euid_mismatch"", ""failed_call_rate""]","{
  ""verdict"": ""MALICIOUS"",
  ""confidence"": 0.92,
  ""rationale_steps"": [
    ""Privilege state: uid_is_root and euid_root are both set, indicating a genuine root context."",
    ""Mechanism: is_suid_exec is not set, but the combination of uid_is_root, euid_root, and auid_euid_mismatch suggests a privilege escalation attempt."",
    ""Behavioural anomaly: events_per_second is extremely high, indicating a potential attack, and failed_call_rate is also high, suggesting a failed escalation attempt."",
    ""Benign-explanation test: the short lifetime and high throughput make it unlikely to be a routine admin script or health-check."",
    ""Decide: the combination of privilege escalation indicators and behavioural anomalies outweighs XGBoost's benign call; this supports the CNN.""
  ],
  ""key_features"": [""events_per_second"", ""uid_is_root"", ""euid_root"", ""auid_euid_mismatch"", ""failed_call_rate""],
  ""agrees_with"": ""cnn""
}"
14696,4,0,benign,0,1,0.4626511931419372,0.7419862747192383,xgb_benign_cnn_malicious,MALICIOUS,1,0.92,cnn,ok,"[""Privilege state: uid_is_root and euid_root are both set, indicating a genuine root context."", ""Mechanism: is_suid_exec is not set, but the combination of uid_is_root, euid_root, and auid_euid_mismatch suggests a privilege escalation attempt."", ""Behavioural anomaly: events_per_second is extremely high, indicating a high syscall throughput, and failed_call_rate is also high, suggesting a process that is attempting to escalate privileges."", ""Benign-explanation test: the short lifetime and high syscall throughput make it unlikely that this is a routine admin script, cron job, or health-check."", ""Decide: the combination of privilege escalation indicators and behavioural anomalies outweighs XGBoost's benign call; this supports the CNN.""]","[""events_per_second"", ""uid_is_root"", ""euid_root"", ""auid_euid_mismatch"", ""failed_call_rate""]","{
  ""verdict"": ""MALICIOUS"",
  ""confidence"": 0.92,
  ""rationale_steps"": [
    ""Privilege state: uid_is_root and euid_root are both set, indicating a genuine root context."",
    ""Mechanism: is_suid_exec is not set, but the combination of uid_is_root, euid_root, and auid_euid_mismatch suggests a privilege escalation attempt."",
    ""Behavioural anomaly: events_per_second is extremely high, indicating a high syscall throughput, and failed_call_rate is also high, suggesting a process that is attempting to escalate privileges."",
    ""Benign-explanation test: the short lifetime and high syscall throughput make it unlikely that this is a routine admin script, cron job, or health-check."",
    ""Decide: the combination of privilege escalation indicators and behavioural anomalies outweighs XGBoost's benign call; this supports the CNN.""
  ],
  ""key_features"": [""events_per_second"", ""uid_is_root"", ""euid_root"", ""auid_euid_mismatch"", ""failed_call_rate""],
  ""agrees_with"": ""cnn""
}"
15040,3,0,benign,0,1,0.6923177242279053,0.9917534589767456,xgb_benign_cnn_malicious,MALICIOUS,1,0.99,cnn,ok,"[""Privilege state: uid_is_root and euid_root are both set, indicating a root context."", ""Mechanism: is_suid_exec is not set, but the presence of uid_is_root and euid_root suggests a privilege escalation attempt."", ""Behavioural anomaly: unique_syscalls is high, indicating a novel syscall pattern, and ephemeral_privileged is set, suggesting a short-lived privileged process."", ""Benign-explanation test: the short lifetime and high throughput do not suggest a routine admin script or health-check."", ""Decide: the evidence supports CNN's call, with multiple indicators of privilege escalation and a novel syscall pattern.""]","[""uid_is_root"", ""euid_root"", ""unique_syscalls"", ""ephemeral_privileged"", ""max_uid_euid_delta""]","{
  ""verdict"": ""MALICIOUS"",
  ""confidence"": 0.99,
  ""rationale_steps"": [
    ""Privilege state: uid_is_root and euid_root are both set, indicating a root context."",
    ""Mechanism: is_suid_exec is not set, but the presence of uid_is_root and euid_root suggests a privilege escalation attempt."",
    ""Behavioural anomaly: unique_syscalls is high, indicating a novel syscall pattern, and ephemeral_privileged is set, suggesting a short-lived privileged process."",
    ""Benign-explanation test: the short lifetime and high throughput do not suggest a routine admin script or health-check."",
    ""Decide: the evidence supports CNN's call, with multiple indicators of privilege escalation and a novel syscall pattern.""
  ],
  ""key_features"": [""uid_is_root"", ""euid_root"", ""unique_syscalls"", ""ephemeral_privileged"", ""max_uid_euid_delta""],
  ""agrees_with"": ""cnn""
}"
15293,4,1,T1078_Valid_Accounts,0,1,0.3759605586528778,0.8749561309814453,xgb_benign_cnn_malicious,BENIGN,0,0.92,xgb,ok,"[""Privilege state: uid_is_root and euid_root are both set, indicating a root context, but max_uid_euid_delta is 0, suggesting no genuine UID/EUID transition."", ""Mechanism: is_suid_exec is 0, indicating no setuid/setgid binary execution, and priv_op_count is 0, indicating no privileged operations."", ""Behavioural anomaly: ephemeral_privileged is 1, indicating a short-lived process that held privilege, but this is consistent with a benign process."", ""Benign-explanation test: the process has a root context, which is consistent with a routine admin script or health-check."", ""Decide: the evidence supports XGBoost's benign call, as there is no indication of a privilege escalation attempt.""]","[""uid_is_root"", ""euid_root"", ""max_uid_euid_delta"", ""is_suid_exec"", ""ephemeral_privileged""]","{
  ""verdict"": ""BENIGN"",
  ""confidence"": 0.92,
  ""rationale_steps"": [
    ""Privilege state: uid_is_root and euid_root are both set, indicating a root context, but max_uid_euid_delta is 0, suggesting no genuine UID/EUID transition."",
    ""Mechanism: is_suid_exec is 0, indicating no setuid/setgid binary execution, and priv_op_count is 0, indicating no privileged operations."",
    ""Behavioural anomaly: ephemeral_privileged is 1, indicating a short-lived process that held privilege, but this is consistent with a benign process."",
    ""Benign-explanation test: the process has a root context, which is consistent with a routine admin script or health-check."",
    ""Decide: the evidence supports XGBoost's benign call, as there is no indication of a privilege escalation attempt.""
  ],
  ""key_features"": [""uid_is_root"", ""euid_root"", ""max_uid_euid_delta"", ""is_suid_exec"", ""ephemeral_privileged""],
  ""agrees_with"": ""xgb""
}"
15443,4,0,benign,0,1,0.4626511931419372,0.7419862747192383,xgb_benign_cnn_malicious,MALICIOUS,1,0.92,cnn,ok,"[""Privilege state: uid_is_root and euid_root are both set, indicating a genuine root context."", ""Mechanism: is_suid_exec is not set, but the combination of uid_is_root, euid_root, and auid_euid_mismatch suggests a privilege escalation attempt."", ""Behavioural anomaly: events_per_second is extremely high, indicating a potential attack, and failed_call_rate is also high, suggesting a failed escalation attempt."", ""Benign-explanation test: the short lifetime and high throughput make it unlikely to be a routine admin script or health-check."", ""Decide: the combination of privilege escalation indicators and behavioural anomalies outweighs XGBoost's benign call; this supports the CNN.""]","[""events_per_second"", ""uid_is_root"", ""euid_root"", ""auid_euid_mismatch"", ""failed_call_rate""]","{
  ""verdict"": ""MALICIOUS"",
  ""confidence"": 0.92,
  ""rationale_steps"": [
    ""Privilege state: uid_is_root and euid_root are both set, indicating a genuine root context."",
    ""Mechanism: is_suid_exec is not set, but the combination of uid_is_root, euid_root, and auid_euid_mismatch suggests a privilege escalation attempt."",
    ""Behavioural anomaly: events_per_second is extremely high, indicating a potential attack, and failed_call_rate is also high, suggesting a failed escalation attempt."",
    ""Benign-explanation test: the short lifetime and high throughput make it unlikely to be a routine admin script or health-check."",
    ""Decide: the combination of privilege escalation indicators and behavioural anomalies outweighs XGBoost's benign call; this supports the CNN.""
  ],
  ""key_features"": [""events_per_second"", ""uid_is_root"", ""euid_root"", ""auid_euid_mismatch"", ""failed_call_rate""],
  ""agrees_with"": ""cnn""
}"
15545,4,1,T1078_Valid_Accounts,0,1,0.5382307767868042,0.9489884972572328,xgb_benign_cnn_malicious,MALICIOUS,1,0.95,cnn,ok,"[""Privilege state: uid_is_root and euid_root are both set, indicating a genuine root context."", ""Mechanism: is_suid_exec is not set, but the presence of a root context and a high priv_op_count suggests a privilege escalation attempt."", ""Behavioural anomaly: the process is ephemeral and privileged, and there is no network activity, which is unusual for a benign process."", ""Benign-explanation test: the short lifetime and high throughput of the process make it unlikely to be a routine admin script or health-check."", ""Decide: the evidence supports CNN's call, as the root context and high priv_op_count are strong indicators of a privilege escalation attempt.""]","[""uid_is_root"", ""euid_root"", ""ephemeral_privileged"", ""priv_op_count"", ""max_uid_euid_delta""]","{
  ""verdict"": ""MALICIOUS"",
  ""confidence"": 0.95,
  ""rationale_steps"": [
    ""Privilege state: uid_is_root and euid_root are both set, indicating a genuine root context."",
    ""Mechanism: is_suid_exec is not set, but the presence of a root context and a high priv_op_count suggests a privilege escalation attempt."",
    ""Behavioural anomaly: the process is ephemeral and privileged, and there is no network activity, which is unusual for a benign process."",
    ""Benign-explanation test: the short lifetime and high throughput of the process make it unlikely to be a routine admin script or health-check."",
    ""Decide: the evidence supports CNN's call, as the root context and high priv_op_count are strong indicators of a privilege escalation attempt.""
  ],
  ""key_features"": [""uid_is_root"", ""euid_root"", ""ephemeral_privileged"", ""priv_op_count"", ""max_uid_euid_delta""],
  ""agrees_with"": ""cnn""
}"
15905,4,0,benign,0,1,0.4626511931419372,0.7419862747192383,xgb_benign_cnn_malicious,MALICIOUS,1,0.92,cnn,ok,"[""Privilege state: uid_is_root and euid_root are both set, indicating a genuine root context."", ""Mechanism: is_suid_exec is not set, but the combination of uid_is_root, euid_root, and auid_euid_mismatch suggests a privilege escalation attempt."", ""Behavioural anomaly: events_per_second is extremely high, indicating a potential attack, and failed_call_rate is also high, suggesting a failed escalation attempt."", ""Benign-explanation test: the short lifetime and high throughput make it unlikely to be a routine admin script or health-check."", ""Decide: the combination of privilege escalation indicators and behavioural anomalies outweighs XGBoost's benign call; this supports the CNN.""]","[""events_per_second"", ""uid_is_root"", ""euid_root"", ""auid_euid_mismatch"", ""failed_call_rate""]","{
  ""verdict"": ""MALICIOUS"",
  ""confidence"": 0.92,
  ""rationale_steps"": [
    ""Privilege state: uid_is_root and euid_root are both set, indicating a genuine root context."",
    ""Mechanism: is_suid_exec is not set, but the combination of uid_is_root, euid_root, and auid_euid_mismatch suggests a privilege escalation attempt."",
    ""Behavioural anomaly: events_per_second is extremely high, indicating a potential attack, and failed_call_rate is also high, suggesting a failed escalation attempt."",
    ""Benign-explanation test: the short lifetime and high throughput make it unlikely to be a routine admin script or health-check."",
    ""Decide: the combination of privilege escalation indicators and behavioural anomalies outweighs XGBoost's benign call; this supports the CNN.""
  ],
  ""key_features"": [""events_per_second"", ""uid_is_root"", ""euid_root"", ""auid_euid_mismatch"", ""failed_call_rate""],
  ""agrees_with"": ""cnn""
}"
16131,4,0,benign,0,1,0.3245709240436554,0.9654507040977478,xgb_benign_cnn_malicious,MALICIOUS,1,0.92,cnn,ok,"[""Privilege state: uid_is_root and euid_root are both set, indicating a genuine root context."", ""Mechanism: is_suid_exec is not set, but the combination of uid_is_root, euid_root, and ephemeral_privileged suggests a privilege escalation attempt."", ""Behavioural anomaly: the process held privilege for a short time, and there is no sensitive-path access, but the network_count is low, which is consistent with an incomplete escalation attempt."", ""Benign-explanation test: the short lifetime and lack of throughput argue against a routine admin script, cron job, or health-check."", ""Decide: the evidence supports CNN's call, as the privilege escalation attempt is not fully completed, but the indicators are consistent with a malicious activity.""]","[""uid_is_root"", ""euid_root"", ""max_uid_euid_delta"", ""ephemeral_privileged"", ""network_count""]","{
  ""verdict"": ""MALICIOUS"",
  ""confidence"": 0.92,
  ""rationale_steps"": [
    ""Privilege state: uid_is_root and euid_root are both set, indicating a genuine root context."",
    ""Mechanism: is_suid_exec is not set, but the combination of uid_is_root, euid_root, and ephemeral_privileged suggests a privilege escalation attempt."",
    ""Behavioural anomaly: the process held privilege for a short time, and there is no sensitive-path access, but the network_count is low, which is consistent with an incomplete escalation attempt."",
    ""Benign-explanation test: the short lifetime and lack of throughput argue against a routine admin script, cron job, or health-check."",
    ""Decide: the evidence supports CNN's call, as the privilege escalation attempt is not fully completed, but the indicators are consistent with a malicious activity.""
  ],
  ""key_features"": [""uid_is_root"", ""euid_root"", ""max_uid_euid_delta"", ""ephemeral_privileged"", ""network_count""],
  ""agrees_with"": ""cnn""
}"
16250,3,1,T1078_Valid_Accounts,0,1,0.6923177242279053,0.9917534589767456,xgb_benign_cnn_malicious,MALICIOUS,1,0.99,cnn,ok,"[""Privilege state: uid_is_root and euid_root are both set, indicating a root context."", ""Mechanism: is_suid_exec is not set, but the presence of uid_is_root and euid_root suggests a privilege escalation attempt."", ""Behavioural anomaly: unique_syscalls is high, indicating a novel syscall pattern, and ephemeral_privileged is set, suggesting a short-lived privileged process."", ""Benign-explanation test: the short lifetime and high throughput do not suggest a routine admin script or health-check."", ""Decide: the evidence supports CNN's call, with multiple indicators of privilege escalation and a novel syscall pattern.""]","[""uid_is_root"", ""euid_root"", ""unique_syscalls"", ""ephemeral_privileged"", ""max_uid_euid_delta""]","{
  ""verdict"": ""MALICIOUS"",
  ""confidence"": 0.99,
  ""rationale_steps"": [
    ""Privilege state: uid_is_root and euid_root are both set, indicating a root context."",
    ""Mechanism: is_suid_exec is not set, but the presence of uid_is_root and euid_root suggests a privilege escalation attempt."",
    ""Behavioural anomaly: unique_syscalls is high, indicating a novel syscall pattern, and ephemeral_privileged is set, suggesting a short-lived privileged process."",
    ""Benign-explanation test: the short lifetime and high throughput do not suggest a routine admin script or health-check."",
    ""Decide: the evidence supports CNN's call, with multiple indicators of privilege escalation and a novel syscall pattern.""
  ],
  ""key_features"": [""uid_is_root"", ""euid_root"", ""unique_syscalls"", ""ephemeral_privileged"", ""max_uid_euid_delta""],
  ""agrees_with"": ""cnn""
}"
16582,4,1,T1078_Valid_Accounts,0,1,0.612684965133667,0.7579640746116638,xgb_benign_cnn_malicious,MALICIOUS,1,0.92,cnn,ok,"[""Privilege state: uid_is_root and euid_root are both set, indicating a genuine root context."", ""Mechanism: is_suid_exec is not set, but the combination of uid_is_root, euid_root, and max_uid_euid_delta at p99+ suggests a privilege escalation attempt."", ""Behavioural anomaly: events_per_second is extremely high, indicating a high syscall throughput, and ephemeral_privileged is set, indicating a short-lived process that held privilege."", ""Benign-explanation test: the short lifetime and high syscall throughput make it unlikely to be a routine admin script, cron job, or health-check."", ""Decide: the combination of privilege escalation indicators and behavioural anomalies outweighs XGBoost's benign call; this supports the CNN.""]","[""events_per_second"", ""uid_is_root"", ""euid_root"", ""max_uid_euid_delta"", ""ephemeral_privileged""]","{
  ""verdict"": ""MALICIOUS"",
  ""confidence"": 0.92,
  ""rationale_steps"": [
    ""Privilege state: uid_is_root and euid_root are both set, indicating a genuine root context."",
    ""Mechanism: is_suid_exec is not set, but the combination of uid_is_root, euid_root, and max_uid_euid_delta at p99+ suggests a privilege escalation attempt."",
    ""Behavioural anomaly: events_per_second is extremely high, indicating a high syscall throughput, and ephemeral_privileged is set, indicating a short-lived process that held privilege."",
    ""Benign-explanation test: the short lifetime and high syscall throughput make it unlikely to be a routine admin script, cron job, or health-check."",
    ""Decide: the combination of privilege escalation indicators and behavioural anomalies outweighs XGBoost's benign call; this supports the CNN.""
  ],
  ""key_features"": [""events_per_second"", ""uid_is_root"", ""euid_root"", ""max_uid_euid_delta"", ""ephemeral_privileged""],
  ""agrees_with"": ""cnn""
}"
16618,4,0,benign,0,1,0.4626511931419372,0.7419862747192383,xgb_benign_cnn_malicious,MALICIOUS,1,0.92,cnn,ok,"[""Privilege state: uid_is_root and euid_root are both set, indicating a genuine root context."", ""Mechanism: is_suid_exec is not set, but the combination of uid_is_root, euid_root, and auid_euid_mismatch suggests a privilege escalation attempt."", ""Behavioural anomaly: events_per_second is extremely high, indicating a potential attack, and failed_call_rate is also high, suggesting a failed escalation attempt."", ""Benign-explanation test: the short lifetime and high throughput make it unlikely to be a routine admin script or health-check."", ""Decide: the combination of privilege escalation indicators and behavioural anomalies outweighs XGBoost's benign call; this supports the CNN.""]","[""events_per_second"", ""uid_is_root"", ""euid_root"", ""auid_euid_mismatch"", ""failed_call_rate""]","{
  ""verdict"": ""MALICIOUS"",
  ""confidence"": 0.92,
  ""rationale_steps"": [
    ""Privilege state: uid_is_root and euid_root are both set, indicating a genuine root context."",
    ""Mechanism: is_suid_exec is not set, but the combination of uid_is_root, euid_root, and auid_euid_mismatch suggests a privilege escalation attempt."",
    ""Behavioural anomaly: events_per_second is extremely high, indicating a potential attack, and failed_call_rate is also high, suggesting a failed escalation attempt."",
    ""Benign-explanation test: the short lifetime and high throughput make it unlikely to be a routine admin script or health-check."",
    ""Decide: the combination of privilege escalation indicators and behavioural anomalies outweighs XGBoost's benign call; this supports the CNN.""
  ],
  ""key_features"": [""events_per_second"", ""uid_is_root"", ""euid_root"", ""auid_euid_mismatch"", ""failed_call_rate""],
  ""agrees_with"": ""cnn""
}"
16677,4,0,benign,0,1,0.4626511931419372,0.7419862747192383,xgb_benign_cnn_malicious,MALICIOUS,1,0.92,cnn,ok,"[""Privilege state: uid_is_root and euid_root are both set, indicating a genuine root context."", ""Mechanism: is_suid_exec is not set, but the combination of uid_is_root, euid_root, and auid_euid_mismatch suggests a privilege escalation attempt."", ""Behavioural anomaly: events_per_second is extremely high, indicating a high syscall throughput, and failed_call_rate is also high, suggesting a process that is attempting to escalate privileges."", ""Benign-explanation test: the short lifetime and high syscall throughput make it unlikely that this is a routine admin script, cron job, or health-check."", ""Decide: the combination of privilege escalation indicators and behavioural anomalies outweighs XGBoost's benign call; this supports the CNN.""]","[""events_per_second"", ""uid_is_root"", ""euid_root"", ""auid_euid_mismatch"", ""failed_call_rate""]","{
  ""verdict"": ""MALICIOUS"",
  ""confidence"": 0.92,
  ""rationale_steps"": [
    ""Privilege state: uid_is_root and euid_root are both set, indicating a genuine root context."",
    ""Mechanism: is_suid_exec is not set, but the combination of uid_is_root, euid_root, and auid_euid_mismatch suggests a privilege escalation attempt."",
    ""Behavioural anomaly: events_per_second is extremely high, indicating a high syscall throughput, and failed_call_rate is also high, suggesting a process that is attempting to escalate privileges."",
    ""Benign-explanation test: the short lifetime and high syscall throughput make it unlikely that this is a routine admin script, cron job, or health-check."",
    ""Decide: the combination of privilege escalation indicators and behavioural anomalies outweighs XGBoost's benign call; this supports the CNN.""
  ],
  ""key_features"": [""events_per_second"", ""uid_is_root"", ""euid_root"", ""auid_euid_mismatch"", ""failed_call_rate""],
  ""agrees_with"": ""cnn""
}"
16794,3,0,benign,0,1,0.6923177242279053,0.9917534589767456,xgb_benign_cnn_malicious,MALICIOUS,1,0.99,cnn,ok,"[""Privilege state: uid_is_root and euid_root are both set, indicating a root context."", ""Mechanism: is_suid_exec is not set, but the presence of uid_is_root and euid_root suggests a privilege escalation attempt."", ""Behavioural anomaly: unique_syscalls is high, indicating a novel syscall pattern, and ephemeral_privileged is set, suggesting a short-lived privileged process."", ""Benign-explanation test: the short lifetime and high throughput do not suggest a routine admin script or health-check."", ""Decide: the evidence supports CNN's call, with multiple indicators of privilege escalation and a novel syscall pattern.""]","[""uid_is_root"", ""euid_root"", ""unique_syscalls"", ""ephemeral_privileged"", ""max_uid_euid_delta""]","{
  ""verdict"": ""MALICIOUS"",
  ""confidence"": 0.99,
  ""rationale_steps"": [
    ""Privilege state: uid_is_root and euid_root are both set, indicating a root context."",
    ""Mechanism: is_suid_exec is not set, but the presence of uid_is_root and euid_root suggests a privilege escalation attempt."",
    ""Behavioural anomaly: unique_syscalls is high, indicating a novel syscall pattern, and ephemeral_privileged is set, suggesting a short-lived privileged process."",
    ""Benign-explanation test: the short lifetime and high throughput do not suggest a routine admin script or health-check."",
    ""Decide: the evidence supports CNN's call, with multiple indicators of privilege escalation and a novel syscall pattern.""
  ],
  ""key_features"": [""uid_is_root"", ""euid_root"", ""unique_syscalls"", ""ephemeral_privileged"", ""max_uid_euid_delta""],
  ""agrees_with"": ""cnn""
}"
16889,4,1,T1078_Valid_Accounts,0,1,0.5382307767868042,0.9489884972572328,xgb_benign_cnn_malicious,MALICIOUS,1,0.95,cnn,ok,"[""Privilege state: uid_is_root and euid_root are both set, indicating a genuine root context."", ""Mechanism: is_suid_exec is not set, but the presence of a root context and a high priv_op_count suggests a privilege escalation attempt."", ""Behavioural anomaly: the process is ephemeral and privileged, and there is no network activity, which is unusual for a benign process."", ""Benign-explanation test: the short lifetime and high throughput of the process make it unlikely to be a routine admin script or health-check."", ""Decide: the evidence supports CNN's call, as the root context and high priv_op_count are strong indicators of a privilege escalation attempt.""]","[""uid_is_root"", ""euid_root"", ""ephemeral_privileged"", ""priv_op_count"", ""max_uid_euid_delta""]","{
  ""verdict"": ""MALICIOUS"",
  ""confidence"": 0.95,
  ""rationale_steps"": [
    ""Privilege state: uid_is_root and euid_root are both set, indicating a genuine root context."",
    ""Mechanism: is_suid_exec is not set, but the presence of a root context and a high priv_op_count suggests a privilege escalation attempt."",
    ""Behavioural anomaly: the process is ephemeral and privileged, and there is no network activity, which is unusual for a benign process."",
    ""Benign-explanation test: the short lifetime and high throughput of the process make it unlikely to be a routine admin script or health-check."",
    ""Decide: the evidence supports CNN's call, as the root context and high priv_op_count are strong indicators of a privilege escalation attempt.""
  ],
  ""key_features"": [""uid_is_root"", ""euid_root"", ""ephemeral_privileged"", ""priv_op_count"", ""max_uid_euid_delta""],
  ""agrees_with"": ""cnn""
}"
17150,4,0,benign,0,1,0.612684965133667,0.7579640746116638,xgb_benign_cnn_malicious,MALICIOUS,1,0.92,cnn,ok,"[""Privilege state: uid_is_root and euid_root are both set, indicating a genuine root context."", ""Mechanism: is_suid_exec is not set, but the combination of uid_is_root, euid_root, and max_uid_euid_delta at p99+ suggests a privilege escalation attempt."", ""Behavioural anomaly: events_per_second is extremely high, indicating a high syscall throughput, and ephemeral_privileged is set, indicating a short-lived process that held privilege."", ""Benign-explanation test: the short lifetime and high syscall throughput make it unlikely to be a routine admin script, cron job, or health-check."", ""Decide: the combination of privilege escalation indicators and behavioural anomalies outweighs XGBoost's benign call; this supports the CNN.""]","[""events_per_second"", ""uid_is_root"", ""euid_root"", ""max_uid_euid_delta"", ""ephemeral_privileged""]","{
  ""verdict"": ""MALICIOUS"",
  ""confidence"": 0.92,
  ""rationale_steps"": [
    ""Privilege state: uid_is_root and euid_root are both set, indicating a genuine root context."",
    ""Mechanism: is_suid_exec is not set, but the combination of uid_is_root, euid_root, and max_uid_euid_delta at p99+ suggests a privilege escalation attempt."",
    ""Behavioural anomaly: events_per_second is extremely high, indicating a high syscall throughput, and ephemeral_privileged is set, indicating a short-lived process that held privilege."",
    ""Benign-explanation test: the short lifetime and high syscall throughput make it unlikely to be a routine admin script, cron job, or health-check."",
    ""Decide: the combination of privilege escalation indicators and behavioural anomalies outweighs XGBoost's benign call; this supports the CNN.""
  ],
  ""key_features"": [""events_per_second"", ""uid_is_root"", ""euid_root"", ""max_uid_euid_delta"", ""ephemeral_privileged""],
  ""agrees_with"": ""cnn""
}"
17241,3,1,T1078_Valid_Accounts,0,1,0.6923177242279053,0.9917534589767456,xgb_benign_cnn_malicious,MALICIOUS,1,0.99,cnn,ok,"[""Privilege state: uid_is_root and euid_root are both set, indicating a root context."", ""Mechanism: is_suid_exec is not set, but the presence of uid_is_root and euid_root suggests a privilege escalation attempt."", ""Behavioural anomaly: unique_syscalls is high, indicating a novel syscall pattern, and ephemeral_privileged is set, suggesting a short-lived privileged process."", ""Benign-explanation test: the short lifetime and high throughput do not suggest a routine admin script or health-check."", ""Decide: the evidence supports CNN's call, with multiple indicators of privilege escalation and a novel syscall pattern.""]","[""uid_is_root"", ""euid_root"", ""unique_syscalls"", ""ephemeral_privileged"", ""max_uid_euid_delta""]","{
  ""verdict"": ""MALICIOUS"",
  ""confidence"": 0.99,
  ""rationale_steps"": [
    ""Privilege state: uid_is_root and euid_root are both set, indicating a root context."",
    ""Mechanism: is_suid_exec is not set, but the presence of uid_is_root and euid_root suggests a privilege escalation attempt."",
    ""Behavioural anomaly: unique_syscalls is high, indicating a novel syscall pattern, and ephemeral_privileged is set, suggesting a short-lived privileged process."",
    ""Benign-explanation test: the short lifetime and high throughput do not suggest a routine admin script or health-check."",
    ""Decide: the evidence supports CNN's call, with multiple indicators of privilege escalation and a novel syscall pattern.""
  ],
  ""key_features"": [""uid_is_root"", ""euid_root"", ""unique_syscalls"", ""ephemeral_privileged"", ""max_uid_euid_delta""],
  ""agrees_with"": ""cnn""
}"
17525,1,0,benign,0,1,0.6150367259979248,0.9260253310203552,xgb_benign_cnn_malicious,MALICIOUS,1,0.93,cnn,ok,"[""Privilege state: uid_is_root and euid_root are both set, indicating a root context."", ""Mechanism: is_suid_exec is not set, but the presence of uid_is_root and euid_root suggests a privilege escalation attempt."", ""Behavioural anomaly: unique_syscalls is high, indicating a novel syscall pattern, and failed_call_rate is low, suggesting a successful execution."", ""Benign-explanation test: the short lifetime and high throughput are consistent with a malicious activity."", ""Decide: the evidence supports CNN's call, as the privilege escalation attempt and novel syscall pattern outweigh XGBoost's benign call.""]","[""uid_is_root"", ""euid_root"", ""unique_syscalls"", ""failed_call_rate"", ""priv_op_count""]","{
  ""verdict"": ""MALICIOUS"",
  ""confidence"": 0.93,
  ""rationale_steps"": [
    ""Privilege state: uid_is_root and euid_root are both set, indicating a root context."",
    ""Mechanism: is_suid_exec is not set, but the presence of uid_is_root and euid_root suggests a privilege escalation attempt."",
    ""Behavioural anomaly: unique_syscalls is high, indicating a novel syscall pattern, and failed_call_rate is low, suggesting a successful execution."",
    ""Benign-explanation test: the short lifetime and high throughput are consistent with a malicious activity."",
    ""Decide: the evidence supports CNN's call, as the privilege escalation attempt and novel syscall pattern outweigh XGBoost's benign call.""
  ],
  ""key_features"": [""uid_is_root"", ""euid_root"", ""unique_syscalls"", ""failed_call_rate"", ""priv_op_count""],
  ""agrees_with"": ""cnn""
}"
17708,1,0,benign,0,1,0.4763945043087005,0.9780054688453674,xgb_benign_cnn_malicious,MALICIOUS,1,0.92,cnn,ok,"[""Privilege state: uid_is_root, euid_root, and max_uid_euid_delta are all at p99+, indicating a genuine root context and privilege transition."", ""Mechanism: is_suid_exec is not set, but the combination of uid_is_root, uid_changed, and euid_root suggests a setuid-shell escalation."", ""Behavioural anomaly: failed_call_rate is high, indicating a high rate of failed syscalls, and ephemeral_privileged is set, indicating a short-lived process that held privilege."", ""Benign-explanation test: the short lifetime and high failed_call_rate make it unlikely to be a routine admin script, cron job, or health-check."", ""Decide: the combination of privilege state and behavioural anomalies outweighs XGBoost's benign call; this supports the CNN.""]","[""uid_is_root"", ""uid_changed"", ""euid_root"", ""max_uid_euid_delta"", ""failed_call_rate""]","{
  ""verdict"": ""MALICIOUS"",
  ""confidence"": 0.92,
  ""rationale_steps"": [
    ""Privilege state: uid_is_root, euid_root, and max_uid_euid_delta are all at p99+, indicating a genuine root context and privilege transition."",
    ""Mechanism: is_suid_exec is not set, but the combination of uid_is_root, uid_changed, and euid_root suggests a setuid-shell escalation."",
    ""Behavioural anomaly: failed_call_rate is high, indicating a high rate of failed syscalls, and ephemeral_privileged is set, indicating a short-lived process that held privilege."",
    ""Benign-explanation test: the short lifetime and high failed_call_rate make it unlikely to be a routine admin script, cron job, or health-check."",
    ""Decide: the combination of privilege state and behavioural anomalies outweighs XGBoost's benign call; this supports the CNN.""
  ],
  ""key_features"": [""uid_is_root"", ""uid_changed"", ""euid_root"", ""max_uid_euid_delta"", ""failed_call_rate""],
  ""agrees_with"": ""cnn""
}"
18013,4,0,benign,0,1,0.619727611541748,0.9672528505325316,xgb_benign_cnn_malicious,MALICIOUS,1,0.93,cnn,ok,"[""Privilege state: uid_is_root and euid_root are both set, indicating a genuine root context."", ""Mechanism: is_suid_exec is not set, but the presence of uid_is_root and euid_root alongside ephemeral_privileged suggests a privilege escalation attempt."", ""Behavioural anomaly: the process held privilege for a short time, and there is no sensitive-path access, but the network_count is 0, which is unusual for an attack."", ""Benign-explanation test: the short lifetime and lack of throughput make it unlikely to be a routine admin script, cron job, or health-check."", ""Decide: the evidence supports CNN's call, as the privilege escalation attempt and unusual network activity outweigh XGBoost's benign call.""]","[""uid_is_root"", ""euid_root"", ""ephemeral_privileged"", ""max_uid_euid_delta"", ""network_count""]","{
  ""verdict"": ""MALICIOUS"",
  ""confidence"": 0.93,
  ""rationale_steps"": [
    ""Privilege state: uid_is_root and euid_root are both set, indicating a genuine root context."",
    ""Mechanism: is_suid_exec is not set, but the presence of uid_is_root and euid_root alongside ephemeral_privileged suggests a privilege escalation attempt."",
    ""Behavioural anomaly: the process held privilege for a short time, and there is no sensitive-path access, but the network_count is 0, which is unusual for an attack."",
    ""Benign-explanation test: the short lifetime and lack of throughput make it unlikely to be a routine admin script, cron job, or health-check."",
    ""Decide: the evidence supports CNN's call, as the privilege escalation attempt and unusual network activity outweigh XGBoost's benign call.""
  ],
  ""key_features"": [""uid_is_root"", ""euid_root"", ""ephemeral_privileged"", ""max_uid_euid_delta"", ""network_count""],
  ""agrees_with"": ""cnn""
}"
18161,1,0,benign,0,1,0.4333839416503906,0.931560218334198,xgb_benign_cnn_malicious,MALICIOUS,1,0.93,cnn,ok,"[""Privilege state: uid_is_root and euid_root are both set, indicating a genuine root context."", ""Mechanism: is_suid_exec is not set, but the process is holding privilege as an ephemeral process, which is a strong indicator of escalation."", ""Behavioural anomaly: extremely high syscall throughput (events_per_second) and a high failed syscall rate (failed_call_count) are indicative of malicious activity."", ""Benign-explanation test: the short lifetime and high throughput make it unlikely to be a routine admin script, cron job, or health-check."", ""Decide: the strong indicators of escalation and malicious activity outweigh XGBoost's benign call; this supports the CNN.""]","[""events_per_second"", ""uid_is_root"", ""euid_root"", ""max_uid_euid_delta"", ""ephemeral_privileged""]","{
  ""verdict"": ""MALICIOUS"",
  ""confidence"": 0.93,
  ""rationale_steps"": [
    ""Privilege state: uid_is_root and euid_root are both set, indicating a genuine root context."",
    ""Mechanism: is_suid_exec is not set, but the process is holding privilege as an ephemeral process, which is a strong indicator of escalation."",
    ""Behavioural anomaly: extremely high syscall throughput (events_per_second) and a high failed syscall rate (failed_call_count) are indicative of malicious activity."",
    ""Benign-explanation test: the short lifetime and high throughput make it unlikely to be a routine admin script, cron job, or health-check."",
    ""Decide: the strong indicators of escalation and malicious activity outweigh XGBoost's benign call; this supports the CNN.""
  ],
  ""key_features"": [
    ""events_per_second"",
    ""uid_is_root"",
    ""euid_root"",
    ""max_uid_euid_delta"",
    ""ephemeral_privileged""
  ],
  ""agrees_with"": ""cnn""
}"
18448,2,1,T1078_Valid_Accounts,0,1,0.5467879176139832,0.9972876906394958,xgb_benign_cnn_malicious,MALICIOUS,1,0.92,cnn,ok,"[""Privilege state: uid_is_root and euid_root are both set, indicating a root context."", ""Mechanism: is_suid_exec is not set, but the combination of uid_is_root, euid_root, and auid_euid_mismatch suggests a privilege escalation attempt."", ""Behavioural anomaly: unique_syscalls is high, indicating a novel syscall pattern, and ephemeral_privileged is set, indicating a short-lived privileged process."", ""Benign-explanation test: the short lifetime and high throughput do not suggest a routine admin script or health-check."", ""Decide: the combination of privilege escalation indicators and novel syscall pattern outweighs XGBoost's benign call; this supports the CNN.""]","[""uid_is_root"", ""euid_root"", ""unique_syscalls"", ""ephemeral_privileged"", ""auid_euid_mismatch""]","{
  ""verdict"": ""MALICIOUS"",
  ""confidence"": 0.92,
  ""rationale_steps"": [
    ""Privilege state: uid_is_root and euid_root are both set, indicating a root context."",
    ""Mechanism: is_suid_exec is not set, but the combination of uid_is_root, euid_root, and auid_euid_mismatch suggests a privilege escalation attempt."",
    ""Behavioural anomaly: unique_syscalls is high, indicating a novel syscall pattern, and ephemeral_privileged is set, indicating a short-lived privileged process."",
    ""Benign-explanation test: the short lifetime and high throughput do not suggest a routine admin script or health-check."",
    ""Decide: the combination of privilege escalation indicators and novel syscall pattern outweighs XGBoost's benign call; this supports the CNN.""
  ],
  ""key_features"": [""uid_is_root"", ""euid_root"", ""unique_syscalls"", ""ephemeral_privileged"", ""auid_euid_mismatch""],
  ""agrees_with"": ""cnn""
}"
18904,3,0,benign,0,1,0.6923177242279053,0.9917534589767456,xgb_benign_cnn_malicious,MALICIOUS,1,0.99,cnn,ok,"[""Privilege state: uid_is_root and euid_root are both set, indicating a root context."", ""Mechanism: is_suid_exec is not set, but the presence of uid_is_root and euid_root suggests a privilege escalation attempt."", ""Behavioural anomaly: unique_syscalls is high, indicating a novel syscall pattern, and ephemeral_privileged is set, suggesting a short-lived privileged process."", ""Benign-explanation test: the short lifetime and high throughput do not suggest a routine admin script or health-check."", ""Decide: the evidence supports CNN's call, with multiple indicators of privilege escalation and a novel syscall pattern.""]","[""uid_is_root"", ""euid_root"", ""unique_syscalls"", ""ephemeral_privileged"", ""max_uid_euid_delta""]","{
  ""verdict"": ""MALICIOUS"",
  ""confidence"": 0.99,
  ""rationale_steps"": [
    ""Privilege state: uid_is_root and euid_root are both set, indicating a root context."",
    ""Mechanism: is_suid_exec is not set, but the presence of uid_is_root and euid_root suggests a privilege escalation attempt."",
    ""Behavioural anomaly: unique_syscalls is high, indicating a novel syscall pattern, and ephemeral_privileged is set, suggesting a short-lived privileged process."",
    ""Benign-explanation test: the short lifetime and high throughput do not suggest a routine admin script or health-check."",
    ""Decide: the evidence supports CNN's call, with multiple indicators of privilege escalation and a novel syscall pattern.""
  ],
  ""key_features"": [""uid_is_root"", ""euid_root"", ""unique_syscalls"", ""ephemeral_privileged"", ""max_uid_euid_delta""],
  ""agrees_with"": ""cnn""
}"
19012,3,0,benign,0,1,0.6923177242279053,0.9917534589767456,xgb_benign_cnn_malicious,MALICIOUS,1,0.92,cnn,ok,"[""Privilege state: uid_is_root and euid_root are both set, indicating a root context."", ""Mechanism: is_suid_exec is not set, but the presence of uid_is_root and euid_root suggests a privilege escalation attempt."", ""Behavioural anomaly: unique_syscalls is high, indicating a novel syscall pattern, and ephemeral_privileged is set, suggesting a short-lived privileged process."", ""Benign-explanation test: the short lifetime and high throughput do not suggest a routine admin script or health-check."", ""Decide: the evidence supports CNN's call, as the privilege escalation attempt and novel syscall pattern outweigh XGBoost's benign call.""]","[""uid_is_root"", ""euid_root"", ""unique_syscalls"", ""ephemeral_privileged"", ""max_uid_euid_delta""]","{
  ""verdict"": ""MALICIOUS"",
  ""confidence"": 0.92,
  ""rationale_steps"": [
    ""Privilege state: uid_is_root and euid_root are both set, indicating a root context."",
    ""Mechanism: is_suid_exec is not set, but the presence of uid_is_root and euid_root suggests a privilege escalation attempt."",
    ""Behavioural anomaly: unique_syscalls is high, indicating a novel syscall pattern, and ephemeral_privileged is set, suggesting a short-lived privileged process."",
    ""Benign-explanation test: the short lifetime and high throughput do not suggest a routine admin script or health-check."",
    ""Decide: the evidence supports CNN's call, as the privilege escalation attempt and novel syscall pattern outweigh XGBoost's benign call.""
  ],
  ""key_features"": [""uid_is_root"", ""euid_root"", ""unique_syscalls"", ""ephemeral_privileged"", ""max_uid_euid_delta""],
  ""agrees_with"": ""cnn""
}"
19060,4,0,benign,0,1,0.4626511931419372,0.7419862747192383,xgb_benign_cnn_malicious,MALICIOUS,1,0.92,cnn,ok,"[""Privilege state: uid_is_root and euid_root are both set, indicating a genuine root context."", ""Mechanism: is_suid_exec is not set, but the combination of uid_is_root, euid_root, and auid_euid_mismatch suggests a privilege escalation attempt."", ""Behavioural anomaly: events_per_second is extremely high, indicating a potential attack, and failed_call_rate is also high, suggesting a failed escalation attempt."", ""Benign-explanation test: the short lifetime and high throughput make it unlikely to be a routine admin script or health-check."", ""Decide: the combination of privilege escalation indicators and behavioural anomalies outweighs XGBoost's benign call; this supports the CNN.""]","[""events_per_second"", ""uid_is_root"", ""euid_root"", ""auid_euid_mismatch"", ""failed_call_rate""]","{
  ""verdict"": ""MALICIOUS"",
  ""confidence"": 0.92,
  ""rationale_steps"": [
    ""Privilege state: uid_is_root and euid_root are both set, indicating a genuine root context."",
    ""Mechanism: is_suid_exec is not set, but the combination of uid_is_root, euid_root, and auid_euid_mismatch suggests a privilege escalation attempt."",
    ""Behavioural anomaly: events_per_second is extremely high, indicating a potential attack, and failed_call_rate is also high, suggesting a failed escalation attempt."",
    ""Benign-explanation test: the short lifetime and high throughput make it unlikely to be a routine admin script or health-check."",
    ""Decide: the combination of privilege escalation indicators and behavioural anomalies outweighs XGBoost's benign call; this supports the CNN.""
  ],
  ""key_features"": [""events_per_second"", ""uid_is_root"", ""euid_root"", ""auid_euid_mismatch"", ""failed_call_rate""],
  ""agrees_with"": ""cnn""
}"
19168,3,1,T1078_Valid_Accounts,0,1,0.6923177242279053,0.9917534589767456,xgb_benign_cnn_malicious,MALICIOUS,1,0.99,cnn,ok,"[""Privilege state: uid_is_root and euid_root are both set, indicating a root context."", ""Mechanism: is_suid_exec is not set, but the presence of uid_is_root and euid_root suggests a privilege escalation attempt."", ""Behavioural anomaly: unique_syscalls is high, indicating a novel syscall pattern, and ephemeral_privileged is set, suggesting a short-lived privileged process."", ""Benign-explanation test: the short lifetime and high throughput do not suggest a routine admin script or health-check."", ""Decide: the evidence supports CNN's call, with multiple indicators of privilege escalation and a novel syscall pattern.""]","[""uid_is_root"", ""euid_root"", ""unique_syscalls"", ""ephemeral_privileged"", ""max_uid_euid_delta""]","{
  ""verdict"": ""MALICIOUS"",
  ""confidence"": 0.99,
  ""rationale_steps"": [
    ""Privilege state: uid_is_root and euid_root are both set, indicating a root context."",
    ""Mechanism: is_suid_exec is not set, but the presence of uid_is_root and euid_root suggests a privilege escalation attempt."",
    ""Behavioural anomaly: unique_syscalls is high, indicating a novel syscall pattern, and ephemeral_privileged is set, suggesting a short-lived privileged process."",
    ""Benign-explanation test: the short lifetime and high throughput do not suggest a routine admin script or health-check."",
    ""Decide: the evidence supports CNN's call, with multiple indicators of privilege escalation and a novel syscall pattern.""
  ],
  ""key_features"": [""uid_is_root"", ""euid_root"", ""unique_syscalls"", ""ephemeral_privileged"", ""max_uid_euid_delta""],
  ""agrees_with"": ""cnn""
}"
19185,4,0,benign,0,1,0.4626511931419372,0.7419862747192383,xgb_benign_cnn_malicious,MALICIOUS,1,0.92,cnn,ok,"[""Privilege state: uid_is_root and euid_root are both set, indicating a genuine root context."", ""Mechanism: is_suid_exec is not set, but the combination of uid_is_root, euid_root, and auid_euid_mismatch suggests a privilege escalation attempt."", ""Behavioural anomaly: events_per_second is extremely high, indicating a potential attack, and failed_call_rate is also high, suggesting a failed escalation attempt."", ""Benign-explanation test: the short lifetime and high throughput make it unlikely to be a routine admin script or health-check."", ""Decide: the combination of privilege escalation indicators and behavioural anomalies outweighs XGBoost's benign call; this supports the CNN.""]","[""events_per_second"", ""uid_is_root"", ""euid_root"", ""auid_euid_mismatch"", ""failed_call_rate""]","{
  ""verdict"": ""MALICIOUS"",
  ""confidence"": 0.92,
  ""rationale_steps"": [
    ""Privilege state: uid_is_root and euid_root are both set, indicating a genuine root context."",
    ""Mechanism: is_suid_exec is not set, but the combination of uid_is_root, euid_root, and auid_euid_mismatch suggests a privilege escalation attempt."",
    ""Behavioural anomaly: events_per_second is extremely high, indicating a potential attack, and failed_call_rate is also high, suggesting a failed escalation attempt."",
    ""Benign-explanation test: the short lifetime and high throughput make it unlikely to be a routine admin script or health-check."",
    ""Decide: the combination of privilege escalation indicators and behavioural anomalies outweighs XGBoost's benign call; this supports the CNN.""
  ],
  ""key_features"": [""events_per_second"", ""uid_is_root"", ""euid_root"", ""auid_euid_mismatch"", ""failed_call_rate""],
  ""agrees_with"": ""cnn""
}"
19199,4,0,benign,0,1,0.4626511931419372,0.7419862747192383,xgb_benign_cnn_malicious,MALICIOUS,1,0.92,cnn,ok,"[""Privilege state: uid_is_root and euid_root are both set, indicating a genuine root context."", ""Mechanism: is_suid_exec is not set, but the combination of uid_is_root, euid_root, and auid_euid_mismatch suggests a privilege escalation attempt."", ""Behavioural anomaly: events_per_second is extremely high, indicating a high syscall throughput, and failed_call_rate is also high, suggesting a process that is attempting to escalate privileges."", ""Benign-explanation test: the short lifetime and high syscall throughput make it unlikely that this is a routine admin script, cron job, or health-check."", ""Decide: the combination of privilege escalation indicators and behavioural anomalies outweighs XGBoost's benign call; this supports the CNN.""]","[""events_per_second"", ""uid_is_root"", ""euid_root"", ""auid_euid_mismatch"", ""failed_call_rate""]","{
  ""verdict"": ""MALICIOUS"",
  ""confidence"": 0.92,
  ""rationale_steps"": [
    ""Privilege state: uid_is_root and euid_root are both set, indicating a genuine root context."",
    ""Mechanism: is_suid_exec is not set, but the combination of uid_is_root, euid_root, and auid_euid_mismatch suggests a privilege escalation attempt."",
    ""Behavioural anomaly: events_per_second is extremely high, indicating a high syscall throughput, and failed_call_rate is also high, suggesting a process that is attempting to escalate privileges."",
    ""Benign-explanation test: the short lifetime and high syscall throughput make it unlikely that this is a routine admin script, cron job, or health-check."",
    ""Decide: the combination of privilege escalation indicators and behavioural anomalies outweighs XGBoost's benign call; this supports the CNN.""
  ],
  ""key_features"": [""events_per_second"", ""uid_is_root"", ""euid_root"", ""auid_euid_mismatch"", ""failed_call_rate""],
  ""agrees_with"": ""cnn""
}"
19452,4,0,benign,0,1,0.5382307767868042,0.9489884972572328,xgb_benign_cnn_malicious,MALICIOUS,1,0.95,cnn,ok,"[""Privilege state: uid_is_root and euid_root are both set, indicating a genuine root context."", ""Mechanism: is_suid_exec is not set, but the presence of a root context and a high priv_op_count suggests a privilege escalation attempt."", ""Behavioural anomaly: the process is ephemeral and privileged, and there is no network activity, which is unusual for a benign process."", ""Benign-explanation test: the short lifetime and high throughput of the process make it unlikely to be a routine admin script or health-check."", ""Decide: the evidence supports CNN's call, as the root context and high priv_op_count are strong indicators of a privilege escalation attempt.""]","[""uid_is_root"", ""euid_root"", ""ephemeral_privileged"", ""priv_op_count"", ""max_uid_euid_delta""]","{
  ""verdict"": ""MALICIOUS"",
  ""confidence"": 0.95,
  ""rationale_steps"": [
    ""Privilege state: uid_is_root and euid_root are both set, indicating a genuine root context."",
    ""Mechanism: is_suid_exec is not set, but the presence of a root context and a high priv_op_count suggests a privilege escalation attempt."",
    ""Behavioural anomaly: the process is ephemeral and privileged, and there is no network activity, which is unusual for a benign process."",
    ""Benign-explanation test: the short lifetime and high throughput of the process make it unlikely to be a routine admin script or health-check."",
    ""Decide: the evidence supports CNN's call, as the root context and high priv_op_count are strong indicators of a privilege escalation attempt.""
  ],
  ""key_features"": [""uid_is_root"", ""euid_root"", ""ephemeral_privileged"", ""priv_op_count"", ""max_uid_euid_delta""],
  ""agrees_with"": ""cnn""
}"
19672,1,0,benign,0,1,0.5205070972442627,0.9959560632705688,xgb_benign_cnn_malicious,MALICIOUS,1,0.92,cnn,ok,"[""Privilege state: uid_is_root and euid_root are both set, indicating a root context."", ""Mechanism: is_suid_exec is not set, but uid_changed and ephemeral_privileged suggest a privilege transition."", ""Behavioural anomaly: seq_length and unique_syscalls are both at p99+, indicating a complex syscall sequence."", ""Benign-explanation test: the short lifetime and high-throughput execution from a root context is inconsistent with a routine admin script or health-check."", ""Decide: the privilege transition and complex syscall sequence outweigh XGBoost's benign call; this supports the CNN.""]","[""seq_length"", ""unique_syscalls"", ""uid_is_root"", ""uid_changed"", ""euid_root""]","{
  ""verdict"": ""MALICIOUS"",
  ""confidence"": 0.92,
  ""rationale_steps"": [
    ""Privilege state: uid_is_root and euid_root are both set, indicating a root context."",
    ""Mechanism: is_suid_exec is not set, but uid_changed and ephemeral_privileged suggest a privilege transition."",
    ""Behavioural anomaly: seq_length and unique_syscalls are both at p99+, indicating a complex syscall sequence."",
    ""Benign-explanation test: the short lifetime and high-throughput execution from a root context is inconsistent with a routine admin script or health-check."",
    ""Decide: the privilege transition and complex syscall sequence outweigh XGBoost's benign call; this supports the CNN.""
  ],
  ""key_features"": [""seq_length"", ""unique_syscalls"", ""uid_is_root"", ""uid_changed"", ""euid_root""],
  ""agrees_with"": ""cnn""
}"
19860,4,0,benign,0,1,0.4626511931419372,0.7419862747192383,xgb_benign_cnn_malicious,MALICIOUS,1,0.92,cnn,ok,"[""Privilege state: uid_is_root and euid_root are both set, indicating a genuine root context."", ""Mechanism: is_suid_exec is not set, but the combination of uid_is_root, euid_root, and auid_euid_mismatch suggests a privilege escalation attempt."", ""Behavioural anomaly: events_per_second is extremely high, indicating a potential attack, and failed_call_rate is also high, suggesting a failed escalation attempt."", ""Benign-explanation test: the short lifetime and high throughput make it unlikely to be a routine admin script or health-check."", ""Decide: the combination of privilege escalation indicators and behavioural anomalies outweighs XGBoost's benign call; this supports the CNN.""]","[""events_per_second"", ""uid_is_root"", ""euid_root"", ""auid_euid_mismatch"", ""failed_call_rate""]","{
  ""verdict"": ""MALICIOUS"",
  ""confidence"": 0.92,
  ""rationale_steps"": [
    ""Privilege state: uid_is_root and euid_root are both set, indicating a genuine root context."",
    ""Mechanism: is_suid_exec is not set, but the combination of uid_is_root, euid_root, and auid_euid_mismatch suggests a privilege escalation attempt."",
    ""Behavioural anomaly: events_per_second is extremely high, indicating a potential attack, and failed_call_rate is also high, suggesting a failed escalation attempt."",
    ""Benign-explanation test: the short lifetime and high throughput make it unlikely to be a routine admin script or health-check."",
    ""Decide: the combination of privilege escalation indicators and behavioural anomalies outweighs XGBoost's benign call; this supports the CNN.""
  ],
  ""key_features"": [""events_per_second"", ""uid_is_root"", ""euid_root"", ""auid_euid_mismatch"", ""failed_call_rate""],
  ""agrees_with"": ""cnn""
}"
20138,3,0,benign,0,1,0.6923177242279053,0.9917534589767456,xgb_benign_cnn_malicious,MALICIOUS,1,0.99,cnn,ok,"[""Privilege state: uid_is_root and euid_root are both set, indicating a root context."", ""Mechanism: is_suid_exec is not set, but the presence of uid_is_root and euid_root suggests a privilege escalation attempt."", ""Behavioural anomaly: unique_syscalls is high, indicating a novel syscall pattern, and ephemeral_privileged is set, suggesting a short-lived privileged process."", ""Benign-explanation test: the short lifetime and high throughput do not suggest a routine admin script or health-check."", ""Decide: the evidence supports CNN's call, with multiple indicators of privilege escalation and a novel syscall pattern.""]","[""uid_is_root"", ""euid_root"", ""unique_syscalls"", ""ephemeral_privileged"", ""max_uid_euid_delta""]","{
  ""verdict"": ""MALICIOUS"",
  ""confidence"": 0.99,
  ""rationale_steps"": [
    ""Privilege state: uid_is_root and euid_root are both set, indicating a root context."",
    ""Mechanism: is_suid_exec is not set, but the presence of uid_is_root and euid_root suggests a privilege escalation attempt."",
    ""Behavioural anomaly: unique_syscalls is high, indicating a novel syscall pattern, and ephemeral_privileged is set, suggesting a short-lived privileged process."",
    ""Benign-explanation test: the short lifetime and high throughput do not suggest a routine admin script or health-check."",
    ""Decide: the evidence supports CNN's call, with multiple indicators of privilege escalation and a novel syscall pattern.""
  ],
  ""key_features"": [""uid_is_root"", ""euid_root"", ""unique_syscalls"", ""ephemeral_privileged"", ""max_uid_euid_delta""],
  ""agrees_with"": ""cnn""
}"
20476,4,0,benign,0,1,0.4626511931419372,0.7419862747192383,xgb_benign_cnn_malicious,MALICIOUS,1,0.92,cnn,ok,"[""Privilege state: uid_is_root and euid_root are both set, indicating a genuine root context."", ""Mechanism: is_suid_exec is not set, but the combination of uid_is_root, euid_root, and auid_euid_mismatch suggests a privilege escalation attempt."", ""Behavioural anomaly: events_per_second is extremely high, indicating a potential attack, and failed_call_rate is also high, suggesting a failed escalation attempt."", ""Benign-explanation test: the short lifetime and high throughput make it unlikely to be a routine admin script or health-check."", ""Decide: the combination of privilege escalation indicators and behavioural anomalies outweighs XGBoost's benign call; this supports the CNN.""]","[""events_per_second"", ""uid_is_root"", ""euid_root"", ""auid_euid_mismatch"", ""failed_call_rate""]","{
  ""verdict"": ""MALICIOUS"",
  ""confidence"": 0.92,
  ""rationale_steps"": [
    ""Privilege state: uid_is_root and euid_root are both set, indicating a genuine root context."",
    ""Mechanism: is_suid_exec is not set, but the combination of uid_is_root, euid_root, and auid_euid_mismatch suggests a privilege escalation attempt."",
    ""Behavioural anomaly: events_per_second is extremely high, indicating a potential attack, and failed_call_rate is also high, suggesting a failed escalation attempt."",
    ""Benign-explanation test: the short lifetime and high throughput make it unlikely to be a routine admin script or health-check."",
    ""Decide: the combination of privilege escalation indicators and behavioural anomalies outweighs XGBoost's benign call; this supports the CNN.""
  ],
  ""key_features"": [""events_per_second"", ""uid_is_root"", ""euid_root"", ""auid_euid_mismatch"", ""failed_call_rate""],
  ""agrees_with"": ""cnn""
}"
20538,4,0,benign,0,1,0.5382307767868042,0.9489884972572328,xgb_benign_cnn_malicious,MALICIOUS,1,0.95,cnn,ok,"[""Privilege state: uid_is_root and euid_root are both set, indicating a genuine root context."", ""Mechanism: is_suid_exec is not set, but the presence of a root context and a high priv_op_count suggests a privilege escalation attempt."", ""Behavioural anomaly: the process is ephemeral and privileged, and there is no network activity, which is unusual for a benign process."", ""Benign-explanation test: the short lifetime and high throughput of the process make it unlikely to be a routine admin script or health-check."", ""Decide: the evidence supports CNN's call, as the root context and high priv_op_count are strong indicators of a privilege escalation attempt.""]","[""uid_is_root"", ""euid_root"", ""ephemeral_privileged"", ""priv_op_count"", ""max_uid_euid_delta""]","{
  ""verdict"": ""MALICIOUS"",
  ""confidence"": 0.95,
  ""rationale_steps"": [
    ""Privilege state: uid_is_root and euid_root are both set, indicating a genuine root context."",
    ""Mechanism: is_suid_exec is not set, but the presence of a root context and a high priv_op_count suggests a privilege escalation attempt."",
    ""Behavioural anomaly: the process is ephemeral and privileged, and there is no network activity, which is unusual for a benign process."",
    ""Benign-explanation test: the short lifetime and high throughput of the process make it unlikely to be a routine admin script or health-check."",
    ""Decide: the evidence supports CNN's call, as the root context and high priv_op_count are strong indicators of a privilege escalation attempt.""
  ],
  ""key_features"": [""uid_is_root"", ""euid_root"", ""ephemeral_privileged"", ""priv_op_count"", ""max_uid_euid_delta""],
  ""agrees_with"": ""cnn""
}"
20775,4,1,T1078_Valid_Accounts,0,1,0.3759605586528778,0.8749561309814453,xgb_benign_cnn_malicious,BENIGN,0,0.92,xgb,ok,"[""Privilege state: uid_is_root and euid_root are both set, indicating a root context, but max_uid_euid_delta is 0, suggesting no genuine UID/EUID transition."", ""Mechanism: is_suid_exec is 0, indicating no setuid/setgid binary execution, and priv_op_count is 0, indicating no privileged operations."", ""Behavioural anomaly: ephemeral_privileged is 1, indicating a short-lived process that held privilege, but this is consistent with a benign process."", ""Benign-explanation test: the process has a root context, which is consistent with a routine admin script or health-check."", ""Decide: the evidence supports XGBoost's benign call, as there is no indication of a privilege escalation attempt.""]","[""uid_is_root"", ""euid_root"", ""max_uid_euid_delta"", ""is_suid_exec"", ""ephemeral_privileged""]","{
  ""verdict"": ""BENIGN"",
  ""confidence"": 0.92,
  ""rationale_steps"": [
    ""Privilege state: uid_is_root and euid_root are both set, indicating a root context, but max_uid_euid_delta is 0, suggesting no genuine UID/EUID transition."",
    ""Mechanism: is_suid_exec is 0, indicating no setuid/setgid binary execution, and priv_op_count is 0, indicating no privileged operations."",
    ""Behavioural anomaly: ephemeral_privileged is 1, indicating a short-lived process that held privilege, but this is consistent with a benign process."",
    ""Benign-explanation test: the process has a root context, which is consistent with a routine admin script or health-check."",
    ""Decide: the evidence supports XGBoost's benign call, as there is no indication of a privilege escalation attempt.""
  ],
  ""key_features"": [""uid_is_root"", ""euid_root"", ""max_uid_euid_delta"", ""is_suid_exec"", ""ephemeral_privileged""],
  ""agrees_with"": ""xgb""
}"
21006,4,0,benign,0,1,0.4626511931419372,0.7419862747192383,xgb_benign_cnn_malicious,MALICIOUS,1,0.92,cnn,ok,"[""Privilege state: uid_is_root and euid_root are both set, indicating a genuine root context."", ""Mechanism: is_suid_exec is not set, but the combination of uid_is_root, euid_root, and auid_euid_mismatch suggests a privilege escalation attempt."", ""Behavioural anomaly: events_per_second is extremely high, indicating a potential attack, and failed_call_rate is also high, suggesting a failed escalation attempt."", ""Benign-explanation test: the short lifetime and high throughput make it unlikely to be a routine admin script or health-check."", ""Decide: the combination of privilege escalation indicators and behavioural anomalies outweighs XGBoost's benign call; this supports the CNN.""]","[""events_per_second"", ""uid_is_root"", ""euid_root"", ""auid_euid_mismatch"", ""failed_call_rate""]","{
  ""verdict"": ""MALICIOUS"",
  ""confidence"": 0.92,
  ""rationale_steps"": [
    ""Privilege state: uid_is_root and euid_root are both set, indicating a genuine root context."",
    ""Mechanism: is_suid_exec is not set, but the combination of uid_is_root, euid_root, and auid_euid_mismatch suggests a privilege escalation attempt."",
    ""Behavioural anomaly: events_per_second is extremely high, indicating a potential attack, and failed_call_rate is also high, suggesting a failed escalation attempt."",
    ""Benign-explanation test: the short lifetime and high throughput make it unlikely to be a routine admin script or health-check."",
    ""Decide: the combination of privilege escalation indicators and behavioural anomalies outweighs XGBoost's benign call; this supports the CNN.""
  ],
  ""key_features"": [""events_per_second"", ""uid_is_root"", ""euid_root"", ""auid_euid_mismatch"", ""failed_call_rate""],
  ""agrees_with"": ""cnn""
}"
21349,4,0,benign,0,1,0.4626511931419372,0.7419862747192383,xgb_benign_cnn_malicious,MALICIOUS,1,0.92,cnn,ok,"[""Privilege state: uid_is_root and euid_root are both set, indicating a genuine root context."", ""Mechanism: is_suid_exec is not set, but the combination of uid_is_root, euid_root, and auid_euid_mismatch suggests a privilege escalation attempt."", ""Behavioural anomaly: events_per_second is extremely high, indicating a high syscall throughput, and failed_call_rate is also high, suggesting a process that is attempting to escalate privileges."", ""Benign-explanation test: the short lifetime and high syscall throughput make it unlikely that this is a routine admin script, cron job, or health-check."", ""Decide: the combination of privilege escalation indicators and behavioural anomalies outweighs XGBoost's benign call; this supports the CNN.""]","[""events_per_second"", ""uid_is_root"", ""euid_root"", ""auid_euid_mismatch"", ""failed_call_rate""]","{
  ""verdict"": ""MALICIOUS"",
  ""confidence"": 0.92,
  ""rationale_steps"": [
    ""Privilege state: uid_is_root and euid_root are both set, indicating a genuine root context."",
    ""Mechanism: is_suid_exec is not set, but the combination of uid_is_root, euid_root, and auid_euid_mismatch suggests a privilege escalation attempt."",
    ""Behavioural anomaly: events_per_second is extremely high, indicating a high syscall throughput, and failed_call_rate is also high, suggesting a process that is attempting to escalate privileges."",
    ""Benign-explanation test: the short lifetime and high syscall throughput make it unlikely that this is a routine admin script, cron job, or health-check."",
    ""Decide: the combination of privilege escalation indicators and behavioural anomalies outweighs XGBoost's benign call; this supports the CNN.""
  ],
  ""key_features"": [""events_per_second"", ""uid_is_root"", ""euid_root"", ""auid_euid_mismatch"", ""failed_call_rate""],
  ""agrees_with"": ""cnn""
}"
21364,4,0,benign,0,1,0.3759605586528778,0.8749561309814453,xgb_benign_cnn_malicious,BENIGN,0,0.92,xgb,ok,"[""Privilege state: uid_is_root and euid_root are both set, indicating a root context, but max_uid_euid_delta is 0, suggesting no genuine UID/EUID transition."", ""Mechanism: is_suid_exec is 0, indicating no setuid/setgid binary execution, and priv_op_count is 0, indicating no privileged operations."", ""Behavioural anomaly: ephemeral_privileged is 1, indicating a short-lived process that held privilege, but this is consistent with a benign process."", ""Benign-explanation test: the process has a root context, which is consistent with a routine admin script or health-check."", ""Decide: the evidence supports XGBoost's benign call, as there is no indication of a privilege escalation attempt.""]","[""uid_is_root"", ""euid_root"", ""max_uid_euid_delta"", ""is_suid_exec"", ""ephemeral_privileged""]","{
  ""verdict"": ""BENIGN"",
  ""confidence"": 0.92,
  ""rationale_steps"": [
    ""Privilege state: uid_is_root and euid_root are both set, indicating a root context, but max_uid_euid_delta is 0, suggesting no genuine UID/EUID transition."",
    ""Mechanism: is_suid_exec is 0, indicating no setuid/setgid binary execution, and priv_op_count is 0, indicating no privileged operations."",
    ""Behavioural anomaly: ephemeral_privileged is 1, indicating a short-lived process that held privilege, but this is consistent with a benign process."",
    ""Benign-explanation test: the process has a root context, which is consistent with a routine admin script or health-check."",
    ""Decide: the evidence supports XGBoost's benign call, as there is no indication of a privilege escalation attempt.""
  ],
  ""key_features"": [""uid_is_root"", ""euid_root"", ""max_uid_euid_delta"", ""is_suid_exec"", ""ephemeral_privileged""],
  ""agrees_with"": ""xgb""
}"
21489,4,0,benign,0,1,0.5382307767868042,0.9489884972572328,xgb_benign_cnn_malicious,MALICIOUS,1,0.95,cnn,ok,"[""Privilege state: uid_is_root and euid_root are both set, indicating a genuine root context."", ""Mechanism: is_suid_exec is not set, but the presence of a root context and a high priv_op_count suggests a privilege escalation attempt."", ""Behavioural anomaly: the process is ephemeral and privileged, and there is no network activity, which is unusual for a benign process."", ""Benign-explanation test: the short lifetime and high throughput of the process make it unlikely to be a routine admin script or health-check."", ""Decide: the evidence supports CNN's call, as the root context and high priv_op_count are strong indicators of a privilege escalation attempt.""]","[""uid_is_root"", ""euid_root"", ""ephemeral_privileged"", ""priv_op_count"", ""max_uid_euid_delta""]","{
  ""verdict"": ""MALICIOUS"",
  ""confidence"": 0.95,
  ""rationale_steps"": [
    ""Privilege state: uid_is_root and euid_root are both set, indicating a genuine root context."",
    ""Mechanism: is_suid_exec is not set, but the presence of a root context and a high priv_op_count suggests a privilege escalation attempt."",
    ""Behavioural anomaly: the process is ephemeral and privileged, and there is no network activity, which is unusual for a benign process."",
    ""Benign-explanation test: the short lifetime and high throughput of the process make it unlikely to be a routine admin script or health-check."",
    ""Decide: the evidence supports CNN's call, as the root context and high priv_op_count are strong indicators of a privilege escalation attempt.""
  ],
  ""key_features"": [""uid_is_root"", ""euid_root"", ""ephemeral_privileged"", ""priv_op_count"", ""max_uid_euid_delta""],
  ""agrees_with"": ""cnn""
}"
21506,3,1,T1078_Valid_Accounts,0,1,0.6923177242279053,0.9917534589767456,xgb_benign_cnn_malicious,MALICIOUS,1,0.99,cnn,ok,"[""Privilege state: uid_is_root and euid_root are both set, indicating a root context."", ""Mechanism: is_suid_exec is not set, but the presence of uid_is_root and euid_root suggests a privilege escalation attempt."", ""Behavioural anomaly: unique_syscalls is high, indicating a novel syscall pattern, and ephemeral_privileged is set, suggesting a short-lived privileged process."", ""Benign-explanation test: the short lifetime and high throughput do not suggest a routine admin script or health-check."", ""Decide: the evidence supports CNN's call, with multiple indicators of privilege escalation and a novel syscall pattern.""]","[""uid_is_root"", ""euid_root"", ""unique_syscalls"", ""ephemeral_privileged"", ""max_uid_euid_delta""]","{
  ""verdict"": ""MALICIOUS"",
  ""confidence"": 0.99,
  ""rationale_steps"": [
    ""Privilege state: uid_is_root and euid_root are both set, indicating a root context."",
    ""Mechanism: is_suid_exec is not set, but the presence of uid_is_root and euid_root suggests a privilege escalation attempt."",
    ""Behavioural anomaly: unique_syscalls is high, indicating a novel syscall pattern, and ephemeral_privileged is set, suggesting a short-lived privileged process."",
    ""Benign-explanation test: the short lifetime and high throughput do not suggest a routine admin script or health-check."",
    ""Decide: the evidence supports CNN's call, with multiple indicators of privilege escalation and a novel syscall pattern.""
  ],
  ""key_features"": [""uid_is_root"", ""euid_root"", ""unique_syscalls"", ""ephemeral_privileged"", ""max_uid_euid_delta""],
  ""agrees_with"": ""cnn""
}"
21707,3,0,benign,0,1,0.6923177242279053,0.9917534589767456,xgb_benign_cnn_malicious,MALICIOUS,1,0.92,cnn,ok,"[""Privilege state: uid_is_root and euid_root are both set, indicating a root context."", ""Mechanism: is_suid_exec is not set, but the presence of uid_is_root and euid_root suggests a privilege escalation attempt."", ""Behavioural anomaly: unique_syscalls is high, indicating a novel syscall pattern, and ephemeral_privileged is set, suggesting a short-lived privileged process."", ""Benign-explanation test: the short lifetime and high throughput do not suggest a routine admin script or health-check."", ""Decide: the evidence supports CNN's call, as the privilege escalation attempt and novel syscall pattern outweigh XGBoost's benign call.""]","[""uid_is_root"", ""euid_root"", ""unique_syscalls"", ""ephemeral_privileged"", ""max_uid_euid_delta""]","{
  ""verdict"": ""MALICIOUS"",
  ""confidence"": 0.92,
  ""rationale_steps"": [
    ""Privilege state: uid_is_root and euid_root are both set, indicating a root context."",
    ""Mechanism: is_suid_exec is not set, but the presence of uid_is_root and euid_root suggests a privilege escalation attempt."",
    ""Behavioural anomaly: unique_syscalls is high, indicating a novel syscall pattern, and ephemeral_privileged is set, suggesting a short-lived privileged process."",
    ""Benign-explanation test: the short lifetime and high throughput do not suggest a routine admin script or health-check."",
    ""Decide: the evidence supports CNN's call, as the privilege escalation attempt and novel syscall pattern outweigh XGBoost's benign call.""
  ],
  ""key_features"": [""uid_is_root"", ""euid_root"", ""unique_syscalls"", ""ephemeral_privileged"", ""max_uid_euid_delta""],
  ""agrees_with"": ""cnn""
}"
22020,4,0,benign,0,1,0.5382307767868042,0.9489884972572328,xgb_benign_cnn_malicious,MALICIOUS,1,0.95,cnn,ok,"[""Privilege state: uid_is_root and euid_root are both set, indicating a genuine root context."", ""Mechanism: is_suid_exec is not set, but the presence of a root context and a high priv_op_count suggests a privilege escalation attempt."", ""Behavioural anomaly: the process is ephemeral and privileged, and there is no network activity, which is unusual for a benign process."", ""Benign-explanation test: the short lifetime and high throughput of the process make it unlikely to be a routine admin script or health-check."", ""Decide: the evidence supports CNN's call, as the root context and high priv_op_count are strong indicators of a privilege escalation attempt.""]","[""uid_is_root"", ""euid_root"", ""ephemeral_privileged"", ""priv_op_count"", ""max_uid_euid_delta""]","{
  ""verdict"": ""MALICIOUS"",
  ""confidence"": 0.95,
  ""rationale_steps"": [
    ""Privilege state: uid_is_root and euid_root are both set, indicating a genuine root context."",
    ""Mechanism: is_suid_exec is not set, but the presence of a root context and a high priv_op_count suggests a privilege escalation attempt."",
    ""Behavioural anomaly: the process is ephemeral and privileged, and there is no network activity, which is unusual for a benign process."",
    ""Benign-explanation test: the short lifetime and high throughput of the process make it unlikely to be a routine admin script or health-check."",
    ""Decide: the evidence supports CNN's call, as the root context and high priv_op_count are strong indicators of a privilege escalation attempt.""
  ],
  ""key_features"": [""uid_is_root"", ""euid_root"", ""ephemeral_privileged"", ""priv_op_count"", ""max_uid_euid_delta""],
  ""agrees_with"": ""cnn""
}"
22033,4,0,benign,0,1,0.4626511931419372,0.7419862747192383,xgb_benign_cnn_malicious,MALICIOUS,1,0.92,cnn,ok,"[""Privilege state: uid_is_root and euid_root are both set, indicating a genuine root context."", ""Mechanism: is_suid_exec is not set, but the combination of uid_is_root, euid_root, and auid_euid_mismatch suggests a privilege escalation attempt."", ""Behavioural anomaly: events_per_second is extremely high, indicating a potential attack, and failed_call_rate is also high, suggesting a failed escalation attempt."", ""Benign-explanation test: the short lifetime and high throughput make it unlikely to be a routine admin script or health-check."", ""Decide: the combination of privilege escalation indicators and behavioural anomalies outweighs XGBoost's benign call; this supports the CNN.""]","[""events_per_second"", ""uid_is_root"", ""euid_root"", ""auid_euid_mismatch"", ""failed_call_rate""]","{
  ""verdict"": ""MALICIOUS"",
  ""confidence"": 0.92,
  ""rationale_steps"": [
    ""Privilege state: uid_is_root and euid_root are both set, indicating a genuine root context."",
    ""Mechanism: is_suid_exec is not set, but the combination of uid_is_root, euid_root, and auid_euid_mismatch suggests a privilege escalation attempt."",
    ""Behavioural anomaly: events_per_second is extremely high, indicating a potential attack, and failed_call_rate is also high, suggesting a failed escalation attempt."",
    ""Benign-explanation test: the short lifetime and high throughput make it unlikely to be a routine admin script or health-check."",
    ""Decide: the combination of privilege escalation indicators and behavioural anomalies outweighs XGBoost's benign call; this supports the CNN.""
  ],
  ""key_features"": [""events_per_second"", ""uid_is_root"", ""euid_root"", ""auid_euid_mismatch"", ""failed_call_rate""],
  ""agrees_with"": ""cnn""
}"
22135,4,0,benign,0,1,0.4626511931419372,0.7419862747192383,xgb_benign_cnn_malicious,MALICIOUS,1,0.92,cnn,ok,"[""Privilege state: uid_is_root and euid_root are both set, indicating a genuine root context."", ""Mechanism: is_suid_exec is not set, but the combination of uid_is_root, euid_root, and auid_euid_mismatch suggests a privilege escalation attempt."", ""Behavioural anomaly: events_per_second is extremely high, indicating a high syscall throughput, and failed_call_rate is also high, suggesting a process that is attempting to escalate privileges."", ""Benign-explanation test: the short lifetime and high syscall throughput make it unlikely that this is a routine admin script, cron job, or health-check."", ""Decide: the combination of privilege escalation indicators and behavioural anomalies outweighs XGBoost's benign call; this supports the CNN.""]","[""events_per_second"", ""uid_is_root"", ""euid_root"", ""auid_euid_mismatch"", ""failed_call_rate""]","{
  ""verdict"": ""MALICIOUS"",
  ""confidence"": 0.92,
  ""rationale_steps"": [
    ""Privilege state: uid_is_root and euid_root are both set, indicating a genuine root context."",
    ""Mechanism: is_suid_exec is not set, but the combination of uid_is_root, euid_root, and auid_euid_mismatch suggests a privilege escalation attempt."",
    ""Behavioural anomaly: events_per_second is extremely high, indicating a high syscall throughput, and failed_call_rate is also high, suggesting a process that is attempting to escalate privileges."",
    ""Benign-explanation test: the short lifetime and high syscall throughput make it unlikely that this is a routine admin script, cron job, or health-check."",
    ""Decide: the combination of privilege escalation indicators and behavioural anomalies outweighs XGBoost's benign call; this supports the CNN.""
  ],
  ""key_features"": [""events_per_second"", ""uid_is_root"", ""euid_root"", ""auid_euid_mismatch"", ""failed_call_rate""],
  ""agrees_with"": ""cnn""
}"
22215,4,1,T1078_Valid_Accounts,0,1,0.4626511931419372,0.7419862747192383,xgb_benign_cnn_malicious,MALICIOUS,1,0.92,cnn,ok,"[""Privilege state: uid_is_root and euid_root are both set, indicating a genuine root context."", ""Mechanism: is_suid_exec is not set, but the combination of uid_is_root, euid_root, and auid_euid_mismatch suggests a privilege escalation attempt."", ""Behavioural anomaly: events_per_second is extremely high, indicating a high syscall throughput, and failed_call_rate is also high, suggesting a process that is attempting to escalate privileges."", ""Benign-explanation test: the short lifetime and high syscall throughput make it unlikely that this is a routine admin script, cron job, or health-check."", ""Decide: the combination of privilege escalation indicators and behavioural anomalies outweighs XGBoost's benign call; this supports the CNN.""]","[""events_per_second"", ""uid_is_root"", ""euid_root"", ""auid_euid_mismatch"", ""failed_call_rate""]","{
  ""verdict"": ""MALICIOUS"",
  ""confidence"": 0.92,
  ""rationale_steps"": [
    ""Privilege state: uid_is_root and euid_root are both set, indicating a genuine root context."",
    ""Mechanism: is_suid_exec is not set, but the combination of uid_is_root, euid_root, and auid_euid_mismatch suggests a privilege escalation attempt."",
    ""Behavioural anomaly: events_per_second is extremely high, indicating a high syscall throughput, and failed_call_rate is also high, suggesting a process that is attempting to escalate privileges."",
    ""Benign-explanation test: the short lifetime and high syscall throughput make it unlikely that this is a routine admin script, cron job, or health-check."",
    ""Decide: the combination of privilege escalation indicators and behavioural anomalies outweighs XGBoost's benign call; this supports the CNN.""
  ],
  ""key_features"": [""events_per_second"", ""uid_is_root"", ""euid_root"", ""auid_euid_mismatch"", ""failed_call_rate""],
  ""agrees_with"": ""cnn""
}"
22522,4,1,T1078_Valid_Accounts,0,1,0.3245709240436554,0.9654507040977478,xgb_benign_cnn_malicious,MALICIOUS,1,0.92,cnn,ok,"[""Privilege state: uid_is_root and euid_root are both set, indicating a genuine root context."", ""Mechanism: is_suid_exec is not set, but the combination of uid_is_root, euid_root, and ephemeral_privileged suggests a privilege escalation attempt."", ""Behavioural anomaly: the process held privilege for a short time, and there is no sensitive-path access, but the network_count is low, which is consistent with an incomplete escalation attempt."", ""Benign-explanation test: the short lifetime and lack of throughput argue against a routine admin script, cron job, or health-check."", ""Decide: the evidence supports CNN's call, as the privilege escalation attempt is not fully completed, but the indicators are consistent with a malicious activity.""]","[""uid_is_root"", ""euid_root"", ""max_uid_euid_delta"", ""ephemeral_privileged"", ""network_count""]","{
  ""verdict"": ""MALICIOUS"",
  ""confidence"": 0.92,
  ""rationale_steps"": [
    ""Privilege state: uid_is_root and euid_root are both set, indicating a genuine root context."",
    ""Mechanism: is_suid_exec is not set, but the combination of uid_is_root, euid_root, and ephemeral_privileged suggests a privilege escalation attempt."",
    ""Behavioural anomaly: the process held privilege for a short time, and there is no sensitive-path access, but the network_count is low, which is consistent with an incomplete escalation attempt."",
    ""Benign-explanation test: the short lifetime and lack of throughput argue against a routine admin script, cron job, or health-check."",
    ""Decide: the evidence supports CNN's call, as the privilege escalation attempt is not fully completed, but the indicators are consistent with a malicious activity.""
  ],
  ""key_features"": [""uid_is_root"", ""euid_root"", ""max_uid_euid_delta"", ""ephemeral_privileged"", ""network_count""],
  ""agrees_with"": ""cnn""
}"
22624,4,0,benign,0,1,0.4626511931419372,0.7419862747192383,xgb_benign_cnn_malicious,MALICIOUS,1,0.92,cnn,ok,"[""Privilege state: uid_is_root and euid_root are both set, indicating a genuine root context."", ""Mechanism: is_suid_exec is not set, but the combination of uid_is_root, euid_root, and auid_euid_mismatch suggests a privilege escalation attempt."", ""Behavioural anomaly: events_per_second is extremely high, indicating a potential attack, and failed_call_rate is also high, suggesting a failed escalation attempt."", ""Benign-explanation test: the short lifetime and high throughput make it unlikely to be a routine admin script or health-check."", ""Decide: the combination of privilege escalation indicators and behavioural anomalies outweighs XGBoost's benign call; this supports the CNN.""]","[""events_per_second"", ""uid_is_root"", ""euid_root"", ""auid_euid_mismatch"", ""failed_call_rate""]","{
  ""verdict"": ""MALICIOUS"",
  ""confidence"": 0.92,
  ""rationale_steps"": [
    ""Privilege state: uid_is_root and euid_root are both set, indicating a genuine root context."",
    ""Mechanism: is_suid_exec is not set, but the combination of uid_is_root, euid_root, and auid_euid_mismatch suggests a privilege escalation attempt."",
    ""Behavioural anomaly: events_per_second is extremely high, indicating a potential attack, and failed_call_rate is also high, suggesting a failed escalation attempt."",
    ""Benign-explanation test: the short lifetime and high throughput make it unlikely to be a routine admin script or health-check."",
    ""Decide: the combination of privilege escalation indicators and behavioural anomalies outweighs XGBoost's benign call; this supports the CNN.""
  ],
  ""key_features"": [""events_per_second"", ""uid_is_root"", ""euid_root"", ""auid_euid_mismatch"", ""failed_call_rate""],
  ""agrees_with"": ""cnn""
}"
22826,3,0,benign,0,1,0.6923177242279053,0.9917534589767456,xgb_benign_cnn_malicious,MALICIOUS,1,0.99,cnn,ok,"[""Privilege state: uid_is_root and euid_root are both set, indicating a root context."", ""Mechanism: is_suid_exec is not set, but the presence of uid_is_root and euid_root suggests a privilege escalation attempt."", ""Behavioural anomaly: unique_syscalls is high, indicating a novel syscall pattern, and ephemeral_privileged is set, suggesting a short-lived privileged process."", ""Benign-explanation test: the short lifetime and high throughput do not suggest a routine admin script or health-check."", ""Decide: the evidence supports CNN's call, with multiple indicators of privilege escalation and a novel syscall pattern.""]","[""uid_is_root"", ""euid_root"", ""unique_syscalls"", ""ephemeral_privileged"", ""max_uid_euid_delta""]","{
  ""verdict"": ""MALICIOUS"",
  ""confidence"": 0.99,
  ""rationale_steps"": [
    ""Privilege state: uid_is_root and euid_root are both set, indicating a root context."",
    ""Mechanism: is_suid_exec is not set, but the presence of uid_is_root and euid_root suggests a privilege escalation attempt."",
    ""Behavioural anomaly: unique_syscalls is high, indicating a novel syscall pattern, and ephemeral_privileged is set, suggesting a short-lived privileged process."",
    ""Benign-explanation test: the short lifetime and high throughput do not suggest a routine admin script or health-check."",
    ""Decide: the evidence supports CNN's call, with multiple indicators of privilege escalation and a novel syscall pattern.""
  ],
  ""key_features"": [""uid_is_root"", ""euid_root"", ""unique_syscalls"", ""ephemeral_privileged"", ""max_uid_euid_delta""],
  ""agrees_with"": ""cnn""
}"
22852,4,0,benign,0,1,0.619727611541748,0.9672528505325316,xgb_benign_cnn_malicious,MALICIOUS,1,0.93,cnn,ok,"[""Privilege state: uid_is_root and euid_root are both set, indicating a genuine root context."", ""Mechanism: is_suid_exec is not set, but the presence of uid_is_root and euid_root alongside ephemeral_privileged suggests a privilege escalation attempt."", ""Behavioural anomaly: the process held privilege for a short time, and there is no sensitive-path access, but the network_count is 0, which is unusual for an attack."", ""Benign-explanation test: the short lifetime and lack of throughput make it unlikely to be a routine admin script, cron job, or health-check."", ""Decide: the evidence supports CNN's call, as the privilege escalation attempt and unusual network activity outweigh XGBoost's benign call.""]","[""uid_is_root"", ""euid_root"", ""ephemeral_privileged"", ""max_uid_euid_delta"", ""network_count""]","{
  ""verdict"": ""MALICIOUS"",
  ""confidence"": 0.93,
  ""rationale_steps"": [
    ""Privilege state: uid_is_root and euid_root are both set, indicating a genuine root context."",
    ""Mechanism: is_suid_exec is not set, but the presence of uid_is_root and euid_root alongside ephemeral_privileged suggests a privilege escalation attempt."",
    ""Behavioural anomaly: the process held privilege for a short time, and there is no sensitive-path access, but the network_count is 0, which is unusual for an attack."",
    ""Benign-explanation test: the short lifetime and lack of throughput make it unlikely to be a routine admin script, cron job, or health-check."",
    ""Decide: the evidence supports CNN's call, as the privilege escalation attempt and unusual network activity outweigh XGBoost's benign call.""
  ],
  ""key_features"": [""uid_is_root"", ""euid_root"", ""ephemeral_privileged"", ""max_uid_euid_delta"", ""network_count""],
  ""agrees_with"": ""cnn""
}"
23237,3,0,benign,0,1,0.6923177242279053,0.9917534589767456,xgb_benign_cnn_malicious,MALICIOUS,1,0.99,cnn,ok,"[""Privilege state: uid_is_root and euid_root are both set, indicating a root context."", ""Mechanism: is_suid_exec is not set, but the presence of uid_is_root and euid_root suggests a privilege escalation attempt."", ""Behavioural anomaly: unique_syscalls is high, indicating a novel syscall pattern, and ephemeral_privileged is set, suggesting a short-lived privileged process."", ""Benign-explanation test: the short lifetime and high throughput do not suggest a routine admin script or health-check."", ""Decide: the evidence supports CNN's call, with multiple indicators of privilege escalation and a novel syscall pattern.""]","[""uid_is_root"", ""euid_root"", ""unique_syscalls"", ""ephemeral_privileged"", ""max_uid_euid_delta""]","{
  ""verdict"": ""MALICIOUS"",
  ""confidence"": 0.99,
  ""rationale_steps"": [
    ""Privilege state: uid_is_root and euid_root are both set, indicating a root context."",
    ""Mechanism: is_suid_exec is not set, but the presence of uid_is_root and euid_root suggests a privilege escalation attempt."",
    ""Behavioural anomaly: unique_syscalls is high, indicating a novel syscall pattern, and ephemeral_privileged is set, suggesting a short-lived privileged process."",
    ""Benign-explanation test: the short lifetime and high throughput do not suggest a routine admin script or health-check."",
    ""Decide: the evidence supports CNN's call, with multiple indicators of privilege escalation and a novel syscall pattern.""
  ],
  ""key_features"": [""uid_is_root"", ""euid_root"", ""unique_syscalls"", ""ephemeral_privileged"", ""max_uid_euid_delta""],
  ""agrees_with"": ""cnn""
}"
23595,4,1,T1078_Valid_Accounts,0,1,0.5382307767868042,0.9489884972572328,xgb_benign_cnn_malicious,MALICIOUS,1,0.95,cnn,ok,"[""Privilege state: uid_is_root and euid_root are both set, indicating a genuine root context."", ""Mechanism: is_suid_exec is not set, but the presence of a root context and a high priv_op_count suggests a privilege escalation attempt."", ""Behavioural anomaly: the process is ephemeral and privileged, and there is no network activity, which is unusual for a benign process."", ""Benign-explanation test: the short lifetime and high throughput of the process make it unlikely to be a routine admin script or health-check."", ""Decide: the evidence supports CNN's call, as the root context and high priv_op_count are strong indicators of a privilege escalation attempt.""]","[""uid_is_root"", ""euid_root"", ""ephemeral_privileged"", ""priv_op_count"", ""max_uid_euid_delta""]","{
  ""verdict"": ""MALICIOUS"",
  ""confidence"": 0.95,
  ""rationale_steps"": [
    ""Privilege state: uid_is_root and euid_root are both set, indicating a genuine root context."",
    ""Mechanism: is_suid_exec is not set, but the presence of a root context and a high priv_op_count suggests a privilege escalation attempt."",
    ""Behavioural anomaly: the process is ephemeral and privileged, and there is no network activity, which is unusual for a benign process."",
    ""Benign-explanation test: the short lifetime and high throughput of the process make it unlikely to be a routine admin script or health-check."",
    ""Decide: the evidence supports CNN's call, as the root context and high priv_op_count are strong indicators of a privilege escalation attempt.""
  ],
  ""key_features"": [""uid_is_root"", ""euid_root"", ""ephemeral_privileged"", ""priv_op_count"", ""max_uid_euid_delta""],
  ""agrees_with"": ""cnn""
}"
23767,4,0,benign,0,1,0.4626511931419372,0.7419862747192383,xgb_benign_cnn_malicious,MALICIOUS,1,0.92,cnn,ok,"[""Privilege state: uid_is_root and euid_root are both set, indicating a genuine root context."", ""Mechanism: is_suid_exec is not set, but the combination of uid_is_root, euid_root, and auid_euid_mismatch suggests a privilege escalation attempt."", ""Behavioural anomaly: events_per_second is extremely high, indicating a potential attack, and failed_call_rate is also high, suggesting a failed escalation attempt."", ""Benign-explanation test: the short lifetime and high throughput make it unlikely to be a routine admin script or health-check."", ""Decide: the combination of privilege escalation indicators and behavioural anomalies outweighs XGBoost's benign call; this supports the CNN.""]","[""events_per_second"", ""uid_is_root"", ""euid_root"", ""auid_euid_mismatch"", ""failed_call_rate""]","{
  ""verdict"": ""MALICIOUS"",
  ""confidence"": 0.92,
  ""rationale_steps"": [
    ""Privilege state: uid_is_root and euid_root are both set, indicating a genuine root context."",
    ""Mechanism: is_suid_exec is not set, but the combination of uid_is_root, euid_root, and auid_euid_mismatch suggests a privilege escalation attempt."",
    ""Behavioural anomaly: events_per_second is extremely high, indicating a potential attack, and failed_call_rate is also high, suggesting a failed escalation attempt."",
    ""Benign-explanation test: the short lifetime and high throughput make it unlikely to be a routine admin script or health-check."",
    ""Decide: the combination of privilege escalation indicators and behavioural anomalies outweighs XGBoost's benign call; this supports the CNN.""
  ],
  ""key_features"": [""events_per_second"", ""uid_is_root"", ""euid_root"", ""auid_euid_mismatch"", ""failed_call_rate""],
  ""agrees_with"": ""cnn""
}"
23865,4,0,benign,0,1,0.4626511931419372,0.7419862747192383,xgb_benign_cnn_malicious,MALICIOUS,1,0.92,cnn,ok,"[""Privilege state: uid_is_root and euid_root are both set, indicating a genuine root context."", ""Mechanism: is_suid_exec is not set, but the combination of uid_is_root, euid_root, and auid_euid_mismatch suggests a privilege escalation attempt."", ""Behavioural anomaly: events_per_second is extremely high, indicating a high syscall throughput, and failed_call_rate is also high, suggesting a process that is attempting to escalate privileges."", ""Benign-explanation test: the short lifetime and high syscall throughput make it unlikely that this is a routine admin script, cron job, or health-check."", ""Decide: the combination of privilege escalation indicators and behavioural anomalies outweighs XGBoost's benign call; this supports the CNN.""]","[""events_per_second"", ""uid_is_root"", ""euid_root"", ""auid_euid_mismatch"", ""failed_call_rate""]","{
  ""verdict"": ""MALICIOUS"",
  ""confidence"": 0.92,
  ""rationale_steps"": [
    ""Privilege state: uid_is_root and euid_root are both set, indicating a genuine root context."",
    ""Mechanism: is_suid_exec is not set, but the combination of uid_is_root, euid_root, and auid_euid_mismatch suggests a privilege escalation attempt."",
    ""Behavioural anomaly: events_per_second is extremely high, indicating a high syscall throughput, and failed_call_rate is also high, suggesting a process that is attempting to escalate privileges."",
    ""Benign-explanation test: the short lifetime and high syscall throughput make it unlikely that this is a routine admin script, cron job, or health-check."",
    ""Decide: the combination of privilege escalation indicators and behavioural anomalies outweighs XGBoost's benign call; this supports the CNN.""
  ],
  ""key_features"": [""events_per_second"", ""uid_is_root"", ""euid_root"", ""auid_euid_mismatch"", ""failed_call_rate""],
  ""agrees_with"": ""cnn""
}"
23992,3,0,benign,0,1,0.6923177242279053,0.9917534589767456,xgb_benign_cnn_malicious,MALICIOUS,1,0.99,cnn,ok,"[""Privilege state: uid_is_root and euid_root are both set, indicating a root context."", ""Mechanism: is_suid_exec is not set, but the presence of uid_is_root and euid_root suggests a privilege escalation attempt."", ""Behavioural anomaly: unique_syscalls is high, indicating a novel syscall pattern, and ephemeral_privileged is set, suggesting a short-lived privileged process."", ""Benign-explanation test: the short lifetime and high throughput do not suggest a routine admin script or health-check."", ""Decide: the evidence supports CNN's call, with multiple indicators of privilege escalation and a novel syscall pattern.""]","[""uid_is_root"", ""euid_root"", ""unique_syscalls"", ""ephemeral_privileged"", ""max_uid_euid_delta""]","{
  ""verdict"": ""MALICIOUS"",
  ""confidence"": 0.99,
  ""rationale_steps"": [
    ""Privilege state: uid_is_root and euid_root are both set, indicating a root context."",
    ""Mechanism: is_suid_exec is not set, but the presence of uid_is_root and euid_root suggests a privilege escalation attempt."",
    ""Behavioural anomaly: unique_syscalls is high, indicating a novel syscall pattern, and ephemeral_privileged is set, suggesting a short-lived privileged process."",
    ""Benign-explanation test: the short lifetime and high throughput do not suggest a routine admin script or health-check."",
    ""Decide: the evidence supports CNN's call, with multiple indicators of privilege escalation and a novel syscall pattern.""
  ],
  ""key_features"": [""uid_is_root"", ""euid_root"", ""unique_syscalls"", ""ephemeral_privileged"", ""max_uid_euid_delta""],
  ""agrees_with"": ""cnn""
}"
24012,4,0,benign,0,1,0.4626511931419372,0.7419862747192383,xgb_benign_cnn_malicious,MALICIOUS,1,0.92,cnn,ok,"[""Privilege state: uid_is_root and euid_root are both set, indicating a genuine root context."", ""Mechanism: is_suid_exec is not set, but the combination of uid_is_root, euid_root, and auid_euid_mismatch suggests a privilege escalation attempt."", ""Behavioural anomaly: events_per_second is extremely high, indicating a potential attack, and failed_call_rate is also high, suggesting a failed escalation attempt."", ""Benign-explanation test: the short lifetime and high throughput make it unlikely to be a routine admin script or health-check."", ""Decide: the combination of privilege escalation indicators and behavioural anomalies outweighs XGBoost's benign call; this supports the CNN.""]","[""events_per_second"", ""uid_is_root"", ""euid_root"", ""auid_euid_mismatch"", ""failed_call_rate""]","{
  ""verdict"": ""MALICIOUS"",
  ""confidence"": 0.92,
  ""rationale_steps"": [
    ""Privilege state: uid_is_root and euid_root are both set, indicating a genuine root context."",
    ""Mechanism: is_suid_exec is not set, but the combination of uid_is_root, euid_root, and auid_euid_mismatch suggests a privilege escalation attempt."",
    ""Behavioural anomaly: events_per_second is extremely high, indicating a potential attack, and failed_call_rate is also high, suggesting a failed escalation attempt."",
    ""Benign-explanation test: the short lifetime and high throughput make it unlikely to be a routine admin script or health-check."",
    ""Decide: the combination of privilege escalation indicators and behavioural anomalies outweighs XGBoost's benign call; this supports the CNN.""
  ],
  ""key_features"": [""events_per_second"", ""uid_is_root"", ""euid_root"", ""auid_euid_mismatch"", ""failed_call_rate""],
  ""agrees_with"": ""cnn""
}"
24541,4,0,benign,0,1,0.619727611541748,0.9672528505325316,xgb_benign_cnn_malicious,MALICIOUS,1,0.93,cnn,ok,"[""Privilege state: uid_is_root and euid_root are both set, indicating a genuine root context."", ""Mechanism: is_suid_exec is not set, but the presence of uid_is_root and euid_root alongside ephemeral_privileged suggests a privilege escalation attempt."", ""Behavioural anomaly: the process held privilege for a short time, and there is no sensitive-path access, but the network_count is 0, which is unusual for an attack."", ""Benign-explanation test: the short lifetime and lack of throughput make it unlikely to be a routine admin script, cron job, or health-check."", ""Decide: the evidence supports CNN's call, as the privilege escalation attempt and unusual network activity outweigh XGBoost's benign call.""]","[""uid_is_root"", ""euid_root"", ""ephemeral_privileged"", ""max_uid_euid_delta"", ""network_count""]","{
  ""verdict"": ""MALICIOUS"",
  ""confidence"": 0.93,
  ""rationale_steps"": [
    ""Privilege state: uid_is_root and euid_root are both set, indicating a genuine root context."",
    ""Mechanism: is_suid_exec is not set, but the presence of uid_is_root and euid_root alongside ephemeral_privileged suggests a privilege escalation attempt."",
    ""Behavioural anomaly: the process held privilege for a short time, and there is no sensitive-path access, but the network_count is 0, which is unusual for an attack."",
    ""Benign-explanation test: the short lifetime and lack of throughput make it unlikely to be a routine admin script, cron job, or health-check."",
    ""Decide: the evidence supports CNN's call, as the privilege escalation attempt and unusual network activity outweigh XGBoost's benign call.""
  ],
  ""key_features"": [""uid_is_root"", ""euid_root"", ""ephemeral_privileged"", ""max_uid_euid_delta"", ""network_count""],
  ""agrees_with"": ""cnn""
}"
24766,4,0,benign,0,1,0.5382307767868042,0.9489884972572328,xgb_benign_cnn_malicious,MALICIOUS,1,0.95,cnn,ok,"[""Privilege state: uid_is_root and euid_root are both set, indicating a genuine root context."", ""Mechanism: is_suid_exec is not set, but the presence of a root context and a high priv_op_count suggests a privilege escalation attempt."", ""Behavioural anomaly: the process is ephemeral and privileged, and there is no network activity, which is unusual for a benign process."", ""Benign-explanation test: the short lifetime and high throughput of the process make it unlikely to be a routine admin script or health-check."", ""Decide: the evidence supports CNN's call, as the root context and high priv_op_count are strong indicators of a privilege escalation attempt.""]","[""uid_is_root"", ""euid_root"", ""ephemeral_privileged"", ""priv_op_count"", ""max_uid_euid_delta""]","{
  ""verdict"": ""MALICIOUS"",
  ""confidence"": 0.95,
  ""rationale_steps"": [
    ""Privilege state: uid_is_root and euid_root are both set, indicating a genuine root context."",
    ""Mechanism: is_suid_exec is not set, but the presence of a root context and a high priv_op_count suggests a privilege escalation attempt."",
    ""Behavioural anomaly: the process is ephemeral and privileged, and there is no network activity, which is unusual for a benign process."",
    ""Benign-explanation test: the short lifetime and high throughput of the process make it unlikely to be a routine admin script or health-check."",
    ""Decide: the evidence supports CNN's call, as the root context and high priv_op_count are strong indicators of a privilege escalation attempt.""
  ],
  ""key_features"": [""uid_is_root"", ""euid_root"", ""ephemeral_privileged"", ""priv_op_count"", ""max_uid_euid_delta""],
  ""agrees_with"": ""cnn""
}"
24797,4,0,benign,0,1,0.5382307767868042,0.9489884972572328,xgb_benign_cnn_malicious,MALICIOUS,1,0.95,cnn,ok,"[""Privilege state: uid_is_root and euid_root are both set, indicating a genuine root context."", ""Mechanism: is_suid_exec is not set, but the presence of uid_is_root and euid_root alongside ephemeral_privileged suggests a privilege escalation attempt."", ""Behavioural anomaly: the process held privilege for a short time, and there is no sensitive-path access, but the network_count is 0, which is unusual for an attack."", ""Benign-explanation test: the short lifetime and lack of throughput make it unlikely to be a routine admin script, cron job, or health-check."", ""Decide: the evidence supports CNN's call, as the privilege escalation attempt and unusual network activity outweigh XGBoost's benign call.""]","[""uid_is_root"", ""euid_root"", ""max_uid_euid_delta"", ""ephemeral_privileged"", ""network_count""]","{
  ""verdict"": ""MALICIOUS"",
  ""confidence"": 0.95,
  ""rationale_steps"": [
    ""Privilege state: uid_is_root and euid_root are both set, indicating a genuine root context."",
    ""Mechanism: is_suid_exec is not set, but the presence of uid_is_root and euid_root alongside ephemeral_privileged suggests a privilege escalation attempt."",
    ""Behavioural anomaly: the process held privilege for a short time, and there is no sensitive-path access, but the network_count is 0, which is unusual for an attack."",
    ""Benign-explanation test: the short lifetime and lack of throughput make it unlikely to be a routine admin script, cron job, or health-check."",
    ""Decide: the evidence supports CNN's call, as the privilege escalation attempt and unusual network activity outweigh XGBoost's benign call.""
  ],
  ""key_features"": [""uid_is_root"", ""euid_root"", ""max_uid_euid_delta"", ""ephemeral_privileged"", ""network_count""],
  ""agrees_with"": ""cnn""
}"
24871,1,0,benign,0,1,0.6132968664169312,0.9286623001098632,xgb_benign_cnn_malicious,MALICIOUS,1,0.93,cnn,ok,"[""Privilege state: uid_is_root, euid_root, and max_uid_euid_delta are all at p99+, indicating a genuine root context and privilege transition."", ""Mechanism: is_suid_exec is not set, but the presence of uid_is_root, uid_changed, and euid_root suggests a setuid-shell escalation."", ""Behavioural anomaly: ephemeral_privileged is set, indicating a short-lived process that held privilege, and priv_op_count is low, which is consistent with a failed escalation attempt."", ""Benign-explanation test: the short lifetime and high-throughput execution from a root context are not consistent with a routine admin script, cron job, or health-check."", ""Decide: the evidence supports CNN's call, as the privilege transition and escalation mechanism are consistent with a malicious attempt.""]","[""uid_is_root"", ""uid_changed"", ""euid_root"", ""max_uid_euid_delta"", ""ephemeral_privileged""]","{
  ""verdict"": ""MALICIOUS"",
  ""confidence"": 0.93,
  ""rationale_steps"": [
    ""Privilege state: uid_is_root, euid_root, and max_uid_euid_delta are all at p99+, indicating a genuine root context and privilege transition."",
    ""Mechanism: is_suid_exec is not set, but the presence of uid_is_root, uid_changed, and euid_root suggests a setuid-shell escalation."",
    ""Behavioural anomaly: ephemeral_privileged is set, indicating a short-lived process that held privilege, and priv_op_count is low, which is consistent with a failed escalation attempt."",
    ""Benign-explanation test: the short lifetime and high-throughput execution from a root context are not consistent with a routine admin script, cron job, or health-check."",
    ""Decide: the evidence supports CNN's call, as the privilege transition and escalation mechanism are consistent with a malicious attempt.""
  ],
  ""key_features"": [""uid_is_root"", ""uid_changed"", ""euid_root"", ""max_uid_euid_delta"", ""ephemeral_privileged""],
  ""agrees_with"": ""cnn""
}"
24951,4,0,benign,0,1,0.4626511931419372,0.7419862747192383,xgb_benign_cnn_malicious,MALICIOUS,1,0.92,cnn,ok,"[""Privilege state: uid_is_root and euid_root are both set, indicating a genuine root context."", ""Mechanism: is_suid_exec is not set, but the combination of uid_is_root, euid_root, and auid_euid_mismatch suggests a privilege escalation attempt."", ""Behavioural anomaly: events_per_second is extremely high, indicating a potential attack, and failed_call_rate is also high, suggesting a failed escalation attempt."", ""Benign-explanation test: the short lifetime and high throughput make it unlikely to be a routine admin script or health-check."", ""Decide: the combination of privilege escalation indicators and behavioural anomalies outweighs XGBoost's benign call; this supports the CNN.""]","[""events_per_second"", ""uid_is_root"", ""euid_root"", ""auid_euid_mismatch"", ""failed_call_rate""]","{
  ""verdict"": ""MALICIOUS"",
  ""confidence"": 0.92,
  ""rationale_steps"": [
    ""Privilege state: uid_is_root and euid_root are both set, indicating a genuine root context."",
    ""Mechanism: is_suid_exec is not set, but the combination of uid_is_root, euid_root, and auid_euid_mismatch suggests a privilege escalation attempt."",
    ""Behavioural anomaly: events_per_second is extremely high, indicating a potential attack, and failed_call_rate is also high, suggesting a failed escalation attempt."",
    ""Benign-explanation test: the short lifetime and high throughput make it unlikely to be a routine admin script or health-check."",
    ""Decide: the combination of privilege escalation indicators and behavioural anomalies outweighs XGBoost's benign call; this supports the CNN.""
  ],
  ""key_features"": [""events_per_second"", ""uid_is_root"", ""euid_root"", ""auid_euid_mismatch"", ""failed_call_rate""],
  ""agrees_with"": ""cnn""
}"
25091,4,1,T1078_Valid_Accounts,0,1,0.3245709240436554,0.9654507040977478,xgb_benign_cnn_malicious,MALICIOUS,1,0.92,cnn,ok,"[""Privilege state: uid_is_root and euid_root are both set, indicating a genuine root context."", ""Mechanism: is_suid_exec is not set, but the combination of uid_is_root, euid_root, and ephemeral_privileged suggests a privilege escalation attempt."", ""Behavioural anomaly: the process held privilege for a short time, and there is no sensitive-path access, but the network_count is low, which is consistent with an incomplete escalation attempt."", ""Benign-explanation test: the short lifetime and lack of throughput argue against a routine admin script, cron job, or health-check."", ""Decide: the evidence supports CNN's call, as the privilege escalation attempt is not fully completed, but the indicators are consistent with a malicious activity.""]","[""uid_is_root"", ""euid_root"", ""max_uid_euid_delta"", ""ephemeral_privileged"", ""network_count""]","{
  ""verdict"": ""MALICIOUS"",
  ""confidence"": 0.92,
  ""rationale_steps"": [
    ""Privilege state: uid_is_root and euid_root are both set, indicating a genuine root context."",
    ""Mechanism: is_suid_exec is not set, but the combination of uid_is_root, euid_root, and ephemeral_privileged suggests a privilege escalation attempt."",
    ""Behavioural anomaly: the process held privilege for a short time, and there is no sensitive-path access, but the network_count is low, which is consistent with an incomplete escalation attempt."",
    ""Benign-explanation test: the short lifetime and lack of throughput argue against a routine admin script, cron job, or health-check."",
    ""Decide: the evidence supports CNN's call, as the privilege escalation attempt is not fully completed, but the indicators are consistent with a malicious activity.""
  ],
  ""key_features"": [""uid_is_root"", ""euid_root"", ""max_uid_euid_delta"", ""ephemeral_privileged"", ""network_count""],
  ""agrees_with"": ""cnn""
}"
25281,4,0,benign,0,1,0.4626511931419372,0.7419862747192383,xgb_benign_cnn_malicious,MALICIOUS,1,0.92,cnn,ok,"[""Privilege state: uid_is_root and euid_root are both set, indicating a genuine root context."", ""Mechanism: is_suid_exec is not set, but the combination of uid_is_root, euid_root, and auid_euid_mismatch suggests a privilege escalation attempt."", ""Behavioural anomaly: events_per_second is extremely high, indicating a potential attack, and failed_call_rate is also high, suggesting a failed escalation attempt."", ""Benign-explanation test: the short lifetime and high throughput make it unlikely to be a routine admin script or health-check."", ""Decide: the combination of privilege escalation indicators and behavioural anomalies outweighs XGBoost's benign call; this supports the CNN.""]","[""events_per_second"", ""uid_is_root"", ""euid_root"", ""auid_euid_mismatch"", ""failed_call_rate""]","{
  ""verdict"": ""MALICIOUS"",
  ""confidence"": 0.92,
  ""rationale_steps"": [
    ""Privilege state: uid_is_root and euid_root are both set, indicating a genuine root context."",
    ""Mechanism: is_suid_exec is not set, but the combination of uid_is_root, euid_root, and auid_euid_mismatch suggests a privilege escalation attempt."",
    ""Behavioural anomaly: events_per_second is extremely high, indicating a potential attack, and failed_call_rate is also high, suggesting a failed escalation attempt."",
    ""Benign-explanation test: the short lifetime and high throughput make it unlikely to be a routine admin script or health-check."",
    ""Decide: the combination of privilege escalation indicators and behavioural anomalies outweighs XGBoost's benign call; this supports the CNN.""
  ],
  ""key_features"": [""events_per_second"", ""uid_is_root"", ""euid_root"", ""auid_euid_mismatch"", ""failed_call_rate""],
  ""agrees_with"": ""cnn""
}"
25400,4,0,benign,0,1,0.4626511931419372,0.7419862747192383,xgb_benign_cnn_malicious,MALICIOUS,1,0.92,cnn,ok,"[""Privilege state: uid_is_root and euid_root are both set, indicating a genuine root context."", ""Mechanism: is_suid_exec is not set, but the combination of uid_is_root, euid_root, and auid_euid_mismatch suggests a privilege escalation attempt."", ""Behavioural anomaly: events_per_second is extremely high, indicating a high syscall throughput, and failed_call_rate is also high, suggesting a process that is attempting to escalate privileges."", ""Benign-explanation test: the short lifetime and high syscall throughput make it unlikely that this is a routine admin script, cron job, or health-check."", ""Decide: the combination of privilege escalation indicators and behavioural anomalies outweighs XGBoost's benign call; this supports the CNN.""]","[""events_per_second"", ""uid_is_root"", ""euid_root"", ""auid_euid_mismatch"", ""failed_call_rate""]","{
  ""verdict"": ""MALICIOUS"",
  ""confidence"": 0.92,
  ""rationale_steps"": [
    ""Privilege state: uid_is_root and euid_root are both set, indicating a genuine root context."",
    ""Mechanism: is_suid_exec is not set, but the combination of uid_is_root, euid_root, and auid_euid_mismatch suggests a privilege escalation attempt."",
    ""Behavioural anomaly: events_per_second is extremely high, indicating a high syscall throughput, and failed_call_rate is also high, suggesting a process that is attempting to escalate privileges."",
    ""Benign-explanation test: the short lifetime and high syscall throughput make it unlikely that this is a routine admin script, cron job, or health-check."",
    ""Decide: the combination of privilege escalation indicators and behavioural anomalies outweighs XGBoost's benign call; this supports the CNN.""
  ],
  ""key_features"": [""events_per_second"", ""uid_is_root"", ""euid_root"", ""auid_euid_mismatch"", ""failed_call_rate""],
  ""agrees_with"": ""cnn""
}"
25547,4,0,benign,0,1,0.5382307767868042,0.9489884972572328,xgb_benign_cnn_malicious,MALICIOUS,1,0.95,cnn,ok,"[""Privilege state: uid_is_root and euid_root are both set, indicating a genuine root context."", ""Mechanism: is_suid_exec is not set, but the presence of a root context and a high priv_op_count suggests a privilege escalation attempt."", ""Behavioural anomaly: the process is ephemeral and privileged, and there is no network activity, which is unusual for a benign process."", ""Benign-explanation test: the short lifetime and high throughput of the process make it unlikely to be a routine admin script or health-check."", ""Decide: the evidence supports CNN's call, as the root context and high priv_op_count are strong indicators of a privilege escalation attempt.""]","[""uid_is_root"", ""euid_root"", ""ephemeral_privileged"", ""priv_op_count"", ""max_uid_euid_delta""]","{
  ""verdict"": ""MALICIOUS"",
  ""confidence"": 0.95,
  ""rationale_steps"": [
    ""Privilege state: uid_is_root and euid_root are both set, indicating a genuine root context."",
    ""Mechanism: is_suid_exec is not set, but the presence of a root context and a high priv_op_count suggests a privilege escalation attempt."",
    ""Behavioural anomaly: the process is ephemeral and privileged, and there is no network activity, which is unusual for a benign process."",
    ""Benign-explanation test: the short lifetime and high throughput of the process make it unlikely to be a routine admin script or health-check."",
    ""Decide: the evidence supports CNN's call, as the root context and high priv_op_count are strong indicators of a privilege escalation attempt.""
  ],
  ""key_features"": [""uid_is_root"", ""euid_root"", ""ephemeral_privileged"", ""priv_op_count"", ""max_uid_euid_delta""],
  ""agrees_with"": ""cnn""
}"
25754,4,0,benign,0,1,0.4626511931419372,0.7419862747192383,xgb_benign_cnn_malicious,MALICIOUS,1,0.92,cnn,ok,"[""Privilege state: uid_is_root and euid_root are both set, indicating a genuine root context."", ""Mechanism: is_suid_exec is not set, but the combination of uid_is_root, euid_root, and auid_euid_mismatch suggests a privilege escalation attempt."", ""Behavioural anomaly: events_per_second is extremely high, indicating a potential attack, and failed_call_rate is also high, suggesting a failed escalation attempt."", ""Benign-explanation test: the short lifetime and high throughput make it unlikely to be a routine admin script or health-check."", ""Decide: the combination of privilege escalation indicators and behavioural anomalies outweighs XGBoost's benign call; this supports the CNN.""]","[""events_per_second"", ""uid_is_root"", ""euid_root"", ""auid_euid_mismatch"", ""failed_call_rate""]","{
  ""verdict"": ""MALICIOUS"",
  ""confidence"": 0.92,
  ""rationale_steps"": [
    ""Privilege state: uid_is_root and euid_root are both set, indicating a genuine root context."",
    ""Mechanism: is_suid_exec is not set, but the combination of uid_is_root, euid_root, and auid_euid_mismatch suggests a privilege escalation attempt."",
    ""Behavioural anomaly: events_per_second is extremely high, indicating a potential attack, and failed_call_rate is also high, suggesting a failed escalation attempt."",
    ""Benign-explanation test: the short lifetime and high throughput make it unlikely to be a routine admin script or health-check."",
    ""Decide: the combination of privilege escalation indicators and behavioural anomalies outweighs XGBoost's benign call; this supports the CNN.""
  ],
  ""key_features"": [""events_per_second"", ""uid_is_root"", ""euid_root"", ""auid_euid_mismatch"", ""failed_call_rate""],
  ""agrees_with"": ""cnn""
}"
25887,4,0,benign,0,1,0.4626511931419372,0.7419862747192383,xgb_benign_cnn_malicious,MALICIOUS,1,0.92,cnn,ok,"[""Privilege state: uid_is_root and euid_root are both set, indicating a genuine root context."", ""Mechanism: is_suid_exec is not set, but the combination of uid_is_root, euid_root, and auid_euid_mismatch suggests a privilege escalation attempt."", ""Behavioural anomaly: events_per_second is extremely high, indicating a high syscall throughput, and failed_call_rate is also high, suggesting a process that is attempting to escalate privileges."", ""Benign-explanation test: the short lifetime and high syscall throughput make it unlikely that this is a routine admin script, cron job, or health-check."", ""Decide: the combination of privilege escalation indicators and behavioural anomalies outweighs XGBoost's benign call; this supports the CNN.""]","[""events_per_second"", ""uid_is_root"", ""euid_root"", ""auid_euid_mismatch"", ""failed_call_rate""]","{
  ""verdict"": ""MALICIOUS"",
  ""confidence"": 0.92,
  ""rationale_steps"": [
    ""Privilege state: uid_is_root and euid_root are both set, indicating a genuine root context."",
    ""Mechanism: is_suid_exec is not set, but the combination of uid_is_root, euid_root, and auid_euid_mismatch suggests a privilege escalation attempt."",
    ""Behavioural anomaly: events_per_second is extremely high, indicating a high syscall throughput, and failed_call_rate is also high, suggesting a process that is attempting to escalate privileges."",
    ""Benign-explanation test: the short lifetime and high syscall throughput make it unlikely that this is a routine admin script, cron job, or health-check."",
    ""Decide: the combination of privilege escalation indicators and behavioural anomalies outweighs XGBoost's benign call; this supports the CNN.""
  ],
  ""key_features"": [""events_per_second"", ""uid_is_root"", ""euid_root"", ""auid_euid_mismatch"", ""failed_call_rate""],
  ""agrees_with"": ""cnn""
}"
25894,4,0,benign,0,1,0.5974626541137695,0.8567609786987305,xgb_benign_cnn_malicious,MALICIOUS,1,0.86,cnn,ok,"[""Privilege state: uid_is_root and euid_root are both set, indicating a root context."", ""Mechanism: is_suid_exec is not set, but the high syscall throughput and privileged operations suggest a potential escalation attempt."", ""Behavioural anomaly: failed_call_count is high, indicating a potential privilege escalation attempt."", ""Benign-explanation test: the short-lived process with root privileges and high syscall throughput is unlikely to be a routine admin script or health-check."", ""Decide: the evidence supports CNN's call, with a high confidence in the malicious verdict.""]","[""events_per_second"", ""uid_is_root"", ""euid_root"", ""max_uid_euid_delta"", ""failed_call_count""]","{
  ""verdict"": ""MALICIOUS"",
  ""confidence"": 0.86,
  ""rationale_steps"": [
    ""Privilege state: uid_is_root and euid_root are both set, indicating a root context."",
    ""Mechanism: is_suid_exec is not set, but the high syscall throughput and privileged operations suggest a potential escalation attempt."",
    ""Behavioural anomaly: failed_call_count is high, indicating a potential privilege escalation attempt."",
    ""Benign-explanation test: the short-lived process with root privileges and high syscall throughput is unlikely to be a routine admin script or health-check."",
    ""Decide: the evidence supports CNN's call, with a high confidence in the malicious verdict.""
  ],
  ""key_features"": [""events_per_second"", ""uid_is_root"", ""euid_root"", ""max_uid_euid_delta"", ""failed_call_count""],
  ""agrees_with"": ""cnn""
}"
25916,4,0,benign,0,1,0.5382307767868042,0.9489884972572328,xgb_benign_cnn_malicious,MALICIOUS,1,0.95,cnn,ok,"[""Privilege state: uid_is_root and euid_root are both set, indicating a genuine root context."", ""Mechanism: is_suid_exec is not set, but the presence of a root context and a high priv_op_count suggests a privilege escalation attempt."", ""Behavioural anomaly: the process is ephemeral and privileged, and there is no network activity, which is unusual for a benign process."", ""Benign-explanation test: the short lifetime and high throughput of the process make it unlikely to be a routine admin script or health-check."", ""Decide: the evidence supports CNN's call, as the root context and high priv_op_count are strong indicators of a privilege escalation attempt.""]","[""uid_is_root"", ""euid_root"", ""ephemeral_privileged"", ""priv_op_count"", ""max_uid_euid_delta""]","{
  ""verdict"": ""MALICIOUS"",
  ""confidence"": 0.95,
  ""rationale_steps"": [
    ""Privilege state: uid_is_root and euid_root are both set, indicating a genuine root context."",
    ""Mechanism: is_suid_exec is not set, but the presence of a root context and a high priv_op_count suggests a privilege escalation attempt."",
    ""Behavioural anomaly: the process is ephemeral and privileged, and there is no network activity, which is unusual for a benign process."",
    ""Benign-explanation test: the short lifetime and high throughput of the process make it unlikely to be a routine admin script or health-check."",
    ""Decide: the evidence supports CNN's call, as the root context and high priv_op_count are strong indicators of a privilege escalation attempt.""
  ],
  ""key_features"": [""uid_is_root"", ""euid_root"", ""ephemeral_privileged"", ""priv_op_count"", ""max_uid_euid_delta""],
  ""agrees_with"": ""cnn""
}"
26066,4,1,T1078_Valid_Accounts,0,1,0.612684965133667,0.7579640746116638,xgb_benign_cnn_malicious,MALICIOUS,1,0.92,cnn,ok,"[""Privilege state: uid_is_root and euid_root are both set, indicating a genuine root context."", ""Mechanism: is_suid_exec is not set, but the combination of uid_is_root, euid_root, and max_uid_euid_delta at p99+ suggests a privilege escalation attempt."", ""Behavioural anomaly: events_per_second is extremely high, indicating a high syscall throughput, and ephemeral_privileged is set, indicating a short-lived process that held privilege."", ""Benign-explanation test: the short lifetime and high syscall throughput make it unlikely to be a routine admin script, cron job, or health-check."", ""Decide: the combination of privilege escalation indicators and behavioural anomalies outweighs XGBoost's benign call; this supports the CNN.""]","[""events_per_second"", ""uid_is_root"", ""euid_root"", ""max_uid_euid_delta"", ""ephemeral_privileged""]","{
  ""verdict"": ""MALICIOUS"",
  ""confidence"": 0.92,
  ""rationale_steps"": [
    ""Privilege state: uid_is_root and euid_root are both set, indicating a genuine root context."",
    ""Mechanism: is_suid_exec is not set, but the combination of uid_is_root, euid_root, and max_uid_euid_delta at p99+ suggests a privilege escalation attempt."",
    ""Behavioural anomaly: events_per_second is extremely high, indicating a high syscall throughput, and ephemeral_privileged is set, indicating a short-lived process that held privilege."",
    ""Benign-explanation test: the short lifetime and high syscall throughput make it unlikely to be a routine admin script, cron job, or health-check."",
    ""Decide: the combination of privilege escalation indicators and behavioural anomalies outweighs XGBoost's benign call; this supports the CNN.""
  ],
  ""key_features"": [""events_per_second"", ""uid_is_root"", ""euid_root"", ""max_uid_euid_delta"", ""ephemeral_privileged""],
  ""agrees_with"": ""cnn""
}"
26258,3,0,benign,0,1,0.6923177242279053,0.9917534589767456,xgb_benign_cnn_malicious,MALICIOUS,1,0.99,cnn,ok,"[""Privilege state: uid_is_root and euid_root are both set, indicating a root context."", ""Mechanism: is_suid_exec is not set, but the presence of uid_is_root and euid_root suggests a privilege escalation attempt."", ""Behavioural anomaly: unique_syscalls is high, indicating a novel syscall pattern, and ephemeral_privileged is set, suggesting a short-lived privileged process."", ""Benign-explanation test: the short lifetime and high throughput do not suggest a routine admin script or health-check."", ""Decide: the evidence supports CNN's call, with multiple indicators of privilege escalation and a novel syscall pattern.""]","[""uid_is_root"", ""euid_root"", ""unique_syscalls"", ""ephemeral_privileged"", ""max_uid_euid_delta""]","{
  ""verdict"": ""MALICIOUS"",
  ""confidence"": 0.99,
  ""rationale_steps"": [
    ""Privilege state: uid_is_root and euid_root are both set, indicating a root context."",
    ""Mechanism: is_suid_exec is not set, but the presence of uid_is_root and euid_root suggests a privilege escalation attempt."",
    ""Behavioural anomaly: unique_syscalls is high, indicating a novel syscall pattern, and ephemeral_privileged is set, suggesting a short-lived privileged process."",
    ""Benign-explanation test: the short lifetime and high throughput do not suggest a routine admin script or health-check."",
    ""Decide: the evidence supports CNN's call, with multiple indicators of privilege escalation and a novel syscall pattern.""
  ],
  ""key_features"": [""uid_is_root"", ""euid_root"", ""unique_syscalls"", ""ephemeral_privileged"", ""max_uid_euid_delta""],
  ""agrees_with"": ""cnn""
}"
26279,4,0,benign,0,1,0.4626511931419372,0.7419862747192383,xgb_benign_cnn_malicious,MALICIOUS,1,0.92,cnn,ok,"[""Privilege state: uid_is_root and euid_root are both set, indicating a genuine root context."", ""Mechanism: is_suid_exec is not set, but the combination of uid_is_root, euid_root, and auid_euid_mismatch suggests a privilege escalation attempt."", ""Behavioural anomaly: events_per_second is extremely high, indicating a potential attack, and failed_call_rate is also high, suggesting a failed escalation attempt."", ""Benign-explanation test: the short lifetime and high throughput make it unlikely to be a routine admin script or health-check."", ""Decide: the combination of privilege escalation indicators and behavioural anomalies outweighs XGBoost's benign call; this supports the CNN.""]","[""events_per_second"", ""uid_is_root"", ""euid_root"", ""auid_euid_mismatch"", ""failed_call_rate""]","{
  ""verdict"": ""MALICIOUS"",
  ""confidence"": 0.92,
  ""rationale_steps"": [
    ""Privilege state: uid_is_root and euid_root are both set, indicating a genuine root context."",
    ""Mechanism: is_suid_exec is not set, but the combination of uid_is_root, euid_root, and auid_euid_mismatch suggests a privilege escalation attempt."",
    ""Behavioural anomaly: events_per_second is extremely high, indicating a potential attack, and failed_call_rate is also high, suggesting a failed escalation attempt."",
    ""Benign-explanation test: the short lifetime and high throughput make it unlikely to be a routine admin script or health-check."",
    ""Decide: the combination of privilege escalation indicators and behavioural anomalies outweighs XGBoost's benign call; this supports the CNN.""
  ],
  ""key_features"": [""events_per_second"", ""uid_is_root"", ""euid_root"", ""auid_euid_mismatch"", ""failed_call_rate""],
  ""agrees_with"": ""cnn""
}"
26540,4,1,T1078_Valid_Accounts,0,1,0.3923510313034057,0.7201188802719116,xgb_benign_cnn_malicious,MALICIOUS,1,0.92,cnn,ok,"[""Privilege state: uid_is_root and euid_root are both set, indicating a root context."", ""Mechanism: is_suid_exec is not set, but the presence of auid_euid_mismatch and ephemeral_privileged suggests a potential escalation attempt."", ""Behavioural anomaly: failed_call_count is high, indicating a potential privilege escalation attempt."", ""Benign-explanation test: the short lifetime and high syscall throughput make it unlikely to be a routine admin script or health-check."", ""Decide: the presence of auid_euid_mismatch and ephemeral_privileged, combined with the high failed_call_count, supports the CNN's call over XGBoost's.""]","[""uid_is_root"", ""euid_root"", ""auid_euid_mismatch"", ""ephemeral_privileged"", ""failed_call_count""]","{
  ""verdict"": ""MALICIOUS"",
  ""confidence"": 0.92,
  ""rationale_steps"": [
    ""Privilege state: uid_is_root and euid_root are both set, indicating a root context."",
    ""Mechanism: is_suid_exec is not set, but the presence of auid_euid_mismatch and ephemeral_privileged suggests a potential escalation attempt."",
    ""Behavioural anomaly: failed_call_count is high, indicating a potential privilege escalation attempt."",
    ""Benign-explanation test: the short lifetime and high syscall throughput make it unlikely to be a routine admin script or health-check."",
    ""Decide: the presence of auid_euid_mismatch and ephemeral_privileged, combined with the high failed_call_count, supports the CNN's call over XGBoost's.""
  ],
  ""key_features"": [""uid_is_root"", ""euid_root"", ""auid_euid_mismatch"", ""ephemeral_privileged"", ""failed_call_count""],
  ""agrees_with"": ""cnn""
}"
26724,4,1,T1078_Valid_Accounts,0,1,0.5382307767868042,0.9489884972572328,xgb_benign_cnn_malicious,MALICIOUS,1,0.95,cnn,ok,"[""Privilege state: uid_is_root and euid_root are both set, indicating a genuine root context."", ""Mechanism: is_suid_exec is not set, but the presence of a root context and a high priv_op_count suggests a privilege escalation attempt."", ""Behavioural anomaly: the process is ephemeral and privileged, and there is no network activity, which is unusual for a benign process."", ""Benign-explanation test: the short lifetime and high throughput of the process make it unlikely to be a routine admin script or health-check."", ""Decide: the evidence supports CNN's call, as the root context and high priv_op_count are strong indicators of a privilege escalation attempt.""]","[""uid_is_root"", ""euid_root"", ""ephemeral_privileged"", ""priv_op_count"", ""max_uid_euid_delta""]","{
  ""verdict"": ""MALICIOUS"",
  ""confidence"": 0.95,
  ""rationale_steps"": [
    ""Privilege state: uid_is_root and euid_root are both set, indicating a genuine root context."",
    ""Mechanism: is_suid_exec is not set, but the presence of a root context and a high priv_op_count suggests a privilege escalation attempt."",
    ""Behavioural anomaly: the process is ephemeral and privileged, and there is no network activity, which is unusual for a benign process."",
    ""Benign-explanation test: the short lifetime and high throughput of the process make it unlikely to be a routine admin script or health-check."",
    ""Decide: the evidence supports CNN's call, as the root context and high priv_op_count are strong indicators of a privilege escalation attempt.""
  ],
  ""key_features"": [""uid_is_root"", ""euid_root"", ""ephemeral_privileged"", ""priv_op_count"", ""max_uid_euid_delta""],
  ""agrees_with"": ""cnn""
}"
26871,4,1,T1078_Valid_Accounts,0,1,0.5382307767868042,0.9489884972572328,xgb_benign_cnn_malicious,MALICIOUS,1,0.95,cnn,ok,"[""Privilege state: uid_is_root and euid_root are both set, indicating a genuine root context."", ""Mechanism: is_suid_exec is not set, but the presence of uid_is_root and euid_root alongside ephemeral_privileged suggests a privilege escalation attempt."", ""Behavioural anomaly: the process held privilege for a short time, and there is no sensitive-path access, but the network_count is 0, which is unusual for an attack."", ""Benign-explanation test: the short lifetime and lack of throughput make it unlikely to be a routine admin script, cron job, or health-check."", ""Decide: the evidence supports CNN's call, as the privilege escalation attempt and unusual network activity outweigh XGBoost's benign call.""]","[""uid_is_root"", ""euid_root"", ""max_uid_euid_delta"", ""ephemeral_privileged"", ""network_count""]","{
  ""verdict"": ""MALICIOUS"",
  ""confidence"": 0.95,
  ""rationale_steps"": [
    ""Privilege state: uid_is_root and euid_root are both set, indicating a genuine root context."",
    ""Mechanism: is_suid_exec is not set, but the presence of uid_is_root and euid_root alongside ephemeral_privileged suggests a privilege escalation attempt."",
    ""Behavioural anomaly: the process held privilege for a short time, and there is no sensitive-path access, but the network_count is 0, which is unusual for an attack."",
    ""Benign-explanation test: the short lifetime and lack of throughput make it unlikely to be a routine admin script, cron job, or health-check."",
    ""Decide: the evidence supports CNN's call, as the privilege escalation attempt and unusual network activity outweigh XGBoost's benign call.""
  ],
  ""key_features"": [""uid_is_root"", ""euid_root"", ""max_uid_euid_delta"", ""ephemeral_privileged"", ""network_count""],
  ""agrees_with"": ""cnn""
}"
27007,3,1,T1078_Valid_Accounts,0,1,0.6923177242279053,0.9917534589767456,xgb_benign_cnn_malicious,MALICIOUS,1,0.99,cnn,ok,"[""Privilege state: uid_is_root and euid_root are both set, indicating a root context."", ""Mechanism: is_suid_exec is not set, but the presence of uid_is_root and euid_root suggests a privilege escalation attempt."", ""Behavioural anomaly: unique_syscalls is high, indicating a novel syscall pattern, and ephemeral_privileged is set, suggesting a short-lived privileged process."", ""Benign-explanation test: the short lifetime and high throughput do not suggest a routine admin script or health-check."", ""Decide: the evidence supports CNN's call, with multiple indicators of privilege escalation and a novel syscall pattern.""]","[""uid_is_root"", ""euid_root"", ""unique_syscalls"", ""ephemeral_privileged"", ""max_uid_euid_delta""]","{
  ""verdict"": ""MALICIOUS"",
  ""confidence"": 0.99,
  ""rationale_steps"": [
    ""Privilege state: uid_is_root and euid_root are both set, indicating a root context."",
    ""Mechanism: is_suid_exec is not set, but the presence of uid_is_root and euid_root suggests a privilege escalation attempt."",
    ""Behavioural anomaly: unique_syscalls is high, indicating a novel syscall pattern, and ephemeral_privileged is set, suggesting a short-lived privileged process."",
    ""Benign-explanation test: the short lifetime and high throughput do not suggest a routine admin script or health-check."",
    ""Decide: the evidence supports CNN's call, with multiple indicators of privilege escalation and a novel syscall pattern.""
  ],
  ""key_features"": [""uid_is_root"", ""euid_root"", ""unique_syscalls"", ""ephemeral_privileged"", ""max_uid_euid_delta""],
  ""agrees_with"": ""cnn""
}"
27116,4,0,benign,0,1,0.4626511931419372,0.7419862747192383,xgb_benign_cnn_malicious,MALICIOUS,1,0.92,cnn,ok,"[""Privilege state: uid_is_root and euid_root are both set, indicating a genuine root context."", ""Mechanism: is_suid_exec is not set, but the combination of uid_is_root, euid_root, and auid_euid_mismatch suggests a privilege escalation attempt."", ""Behavioural anomaly: events_per_second is extremely high, indicating a potential attack, and failed_call_rate is also high, suggesting a failed escalation attempt."", ""Benign-explanation test: the short lifetime and high throughput make it unlikely to be a routine admin script or health-check."", ""Decide: the combination of privilege escalation indicators and behavioural anomalies outweighs XGBoost's benign call; this supports the CNN.""]","[""events_per_second"", ""uid_is_root"", ""euid_root"", ""auid_euid_mismatch"", ""failed_call_rate""]","{
  ""verdict"": ""MALICIOUS"",
  ""confidence"": 0.92,
  ""rationale_steps"": [
    ""Privilege state: uid_is_root and euid_root are both set, indicating a genuine root context."",
    ""Mechanism: is_suid_exec is not set, but the combination of uid_is_root, euid_root, and auid_euid_mismatch suggests a privilege escalation attempt."",
    ""Behavioural anomaly: events_per_second is extremely high, indicating a potential attack, and failed_call_rate is also high, suggesting a failed escalation attempt."",
    ""Benign-explanation test: the short lifetime and high throughput make it unlikely to be a routine admin script or health-check."",
    ""Decide: the combination of privilege escalation indicators and behavioural anomalies outweighs XGBoost's benign call; this supports the CNN.""
  ],
  ""key_features"": [""events_per_second"", ""uid_is_root"", ""euid_root"", ""auid_euid_mismatch"", ""failed_call_rate""],
  ""agrees_with"": ""cnn""
}"
27384,4,0,benign,0,1,0.4626511931419372,0.7419862747192383,xgb_benign_cnn_malicious,MALICIOUS,1,0.92,cnn,ok,"[""Privilege state: uid_is_root and euid_root are both set, indicating a genuine root context."", ""Mechanism: is_suid_exec is not set, but the combination of uid_is_root, euid_root, and auid_euid_mismatch suggests a privilege escalation attempt."", ""Behavioural anomaly: events_per_second is extremely high, indicating a high syscall throughput, and failed_call_rate is also high, suggesting a process that is attempting to escalate privileges."", ""Benign-explanation test: the short lifetime and high syscall throughput make it unlikely that this is a routine admin script, cron job, or health-check."", ""Decide: the combination of privilege escalation indicators and behavioural anomalies outweighs XGBoost's benign call; this supports the CNN.""]","[""events_per_second"", ""uid_is_root"", ""euid_root"", ""auid_euid_mismatch"", ""failed_call_rate""]","{
  ""verdict"": ""MALICIOUS"",
  ""confidence"": 0.92,
  ""rationale_steps"": [
    ""Privilege state: uid_is_root and euid_root are both set, indicating a genuine root context."",
    ""Mechanism: is_suid_exec is not set, but the combination of uid_is_root, euid_root, and auid_euid_mismatch suggests a privilege escalation attempt."",
    ""Behavioural anomaly: events_per_second is extremely high, indicating a high syscall throughput, and failed_call_rate is also high, suggesting a process that is attempting to escalate privileges."",
    ""Benign-explanation test: the short lifetime and high syscall throughput make it unlikely that this is a routine admin script, cron job, or health-check."",
    ""Decide: the combination of privilege escalation indicators and behavioural anomalies outweighs XGBoost's benign call; this supports the CNN.""
  ],
  ""key_features"": [""events_per_second"", ""uid_is_root"", ""euid_root"", ""auid_euid_mismatch"", ""failed_call_rate""],
  ""agrees_with"": ""cnn""
}"
27470,4,0,benign,0,1,0.4626511931419372,0.7419862747192383,xgb_benign_cnn_malicious,MALICIOUS,1,0.92,cnn,ok,"[""Privilege state: uid_is_root and euid_root are both set, indicating a genuine root context."", ""Mechanism: is_suid_exec is not set, but the combination of uid_is_root, euid_root, and auid_euid_mismatch suggests a privilege escalation attempt."", ""Behavioural anomaly: events_per_second is extremely high, indicating a high syscall throughput, and failed_call_rate is also high, suggesting a process that is attempting to escalate privileges."", ""Benign-explanation test: the short lifetime and high syscall throughput make it unlikely that this is a routine admin script, cron job, or health-check."", ""Decide: the combination of privilege escalation indicators and behavioural anomalies outweighs XGBoost's benign call; this supports the CNN.""]","[""events_per_second"", ""uid_is_root"", ""euid_root"", ""auid_euid_mismatch"", ""failed_call_rate""]","{
  ""verdict"": ""MALICIOUS"",
  ""confidence"": 0.92,
  ""rationale_steps"": [
    ""Privilege state: uid_is_root and euid_root are both set, indicating a genuine root context."",
    ""Mechanism: is_suid_exec is not set, but the combination of uid_is_root, euid_root, and auid_euid_mismatch suggests a privilege escalation attempt."",
    ""Behavioural anomaly: events_per_second is extremely high, indicating a high syscall throughput, and failed_call_rate is also high, suggesting a process that is attempting to escalate privileges."",
    ""Benign-explanation test: the short lifetime and high syscall throughput make it unlikely that this is a routine admin script, cron job, or health-check."",
    ""Decide: the combination of privilege escalation indicators and behavioural anomalies outweighs XGBoost's benign call; this supports the CNN.""
  ],
  ""key_features"": [""events_per_second"", ""uid_is_root"", ""euid_root"", ""auid_euid_mismatch"", ""failed_call_rate""],
  ""agrees_with"": ""cnn""
}"
27695,4,0,benign,0,1,0.4626511931419372,0.7419862747192383,xgb_benign_cnn_malicious,MALICIOUS,1,0.92,cnn,ok,"[""Privilege state: uid_is_root and euid_root are both set, indicating a genuine root context."", ""Mechanism: is_suid_exec is not set, but the combination of uid_is_root, euid_root, and auid_euid_mismatch suggests a privilege escalation attempt."", ""Behavioural anomaly: events_per_second is extremely high, indicating a high syscall throughput, and failed_call_rate is also high, suggesting a process that is attempting to escalate privileges."", ""Benign-explanation test: the short lifetime and high syscall throughput make it unlikely that this is a routine admin script, cron job, or health-check."", ""Decide: the combination of privilege escalation indicators and behavioural anomalies outweighs XGBoost's benign call; this supports the CNN.""]","[""events_per_second"", ""uid_is_root"", ""euid_root"", ""auid_euid_mismatch"", ""failed_call_rate""]","{
  ""verdict"": ""MALICIOUS"",
  ""confidence"": 0.92,
  ""rationale_steps"": [
    ""Privilege state: uid_is_root and euid_root are both set, indicating a genuine root context."",
    ""Mechanism: is_suid_exec is not set, but the combination of uid_is_root, euid_root, and auid_euid_mismatch suggests a privilege escalation attempt."",
    ""Behavioural anomaly: events_per_second is extremely high, indicating a high syscall throughput, and failed_call_rate is also high, suggesting a process that is attempting to escalate privileges."",
    ""Benign-explanation test: the short lifetime and high syscall throughput make it unlikely that this is a routine admin script, cron job, or health-check."",
    ""Decide: the combination of privilege escalation indicators and behavioural anomalies outweighs XGBoost's benign call; this supports the CNN.""
  ],
  ""key_features"": [""events_per_second"", ""uid_is_root"", ""euid_root"", ""auid_euid_mismatch"", ""failed_call_rate""],
  ""agrees_with"": ""cnn""
}"
27967,4,0,benign,0,1,0.4626511931419372,0.7419862747192383,xgb_benign_cnn_malicious,MALICIOUS,1,0.92,cnn,ok,"[""Privilege state: uid_is_root and euid_root are both set, indicating a genuine root context."", ""Mechanism: is_suid_exec is not set, but the combination of uid_is_root, euid_root, and auid_euid_mismatch suggests a privilege escalation attempt."", ""Behavioural anomaly: events_per_second is extremely high, indicating a high syscall throughput, and failed_call_rate is also high, suggesting a process that is attempting to escalate privileges."", ""Benign-explanation test: the short lifetime and high syscall throughput make it unlikely that this is a routine admin script, cron job, or health-check."", ""Decide: the combination of privilege escalation indicators and behavioural anomalies outweighs XGBoost's benign call; this supports the CNN.""]","[""events_per_second"", ""uid_is_root"", ""euid_root"", ""auid_euid_mismatch"", ""failed_call_rate""]","{
  ""verdict"": ""MALICIOUS"",
  ""confidence"": 0.92,
  ""rationale_steps"": [
    ""Privilege state: uid_is_root and euid_root are both set, indicating a genuine root context."",
    ""Mechanism: is_suid_exec is not set, but the combination of uid_is_root, euid_root, and auid_euid_mismatch suggests a privilege escalation attempt."",
    ""Behavioural anomaly: events_per_second is extremely high, indicating a high syscall throughput, and failed_call_rate is also high, suggesting a process that is attempting to escalate privileges."",
    ""Benign-explanation test: the short lifetime and high syscall throughput make it unlikely that this is a routine admin script, cron job, or health-check."",
    ""Decide: the combination of privilege escalation indicators and behavioural anomalies outweighs XGBoost's benign call; this supports the CNN.""
  ],
  ""key_features"": [""events_per_second"", ""uid_is_root"", ""euid_root"", ""auid_euid_mismatch"", ""failed_call_rate""],
  ""agrees_with"": ""cnn""
}"
28192,4,1,T1078_Valid_Accounts,0,1,0.5500925183296204,0.9490213990211488,xgb_benign_cnn_malicious,MALICIOUS,1,0.95,cnn,ok,"[""Privilege state: uid_is_root and euid_root are both set, indicating a genuine root context."", ""Mechanism: is_suid_exec is not set, but the presence of a root context and a high priv_op_count suggests a privilege escalation attempt."", ""Behavioural anomaly: the process is ephemeral and privileged, and there is no network activity, which is unusual for a benign process."", ""Benign-explanation test: the short lifetime and high throughput of the process make it unlikely to be a routine admin script or health-check."", ""Decide: the evidence supports CNN's call, as the root context and high priv_op_count are strong indicators of a privilege escalation attempt.""]","[""uid_is_root"", ""euid_root"", ""ephemeral_privileged"", ""priv_op_count"", ""max_uid_euid_delta""]","{
  ""verdict"": ""MALICIOUS"",
  ""confidence"": 0.95,
  ""rationale_steps"": [
    ""Privilege state: uid_is_root and euid_root are both set, indicating a genuine root context."",
    ""Mechanism: is_suid_exec is not set, but the presence of a root context and a high priv_op_count suggests a privilege escalation attempt."",
    ""Behavioural anomaly: the process is ephemeral and privileged, and there is no network activity, which is unusual for a benign process."",
    ""Benign-explanation test: the short lifetime and high throughput of the process make it unlikely to be a routine admin script or health-check."",
    ""Decide: the evidence supports CNN's call, as the root context and high priv_op_count are strong indicators of a privilege escalation attempt.""
  ],
  ""key_features"": [""uid_is_root"", ""euid_root"", ""ephemeral_privileged"", ""priv_op_count"", ""max_uid_euid_delta""],
  ""agrees_with"": ""cnn""
}"
28510,4,0,benign,0,1,0.5382307767868042,0.9489884972572328,xgb_benign_cnn_malicious,MALICIOUS,1,0.95,cnn,ok,"[""Privilege state: uid_is_root and euid_root are both set, indicating a genuine root context."", ""Mechanism: is_suid_exec is not set, but the presence of a root context and a high priv_op_count suggests a privilege escalation attempt."", ""Behavioural anomaly: the process is ephemeral and privileged, and there is no network activity, which is unusual for a benign process."", ""Benign-explanation test: the short lifetime and high throughput of the process make it unlikely to be a routine admin script or health-check."", ""Decide: the evidence supports CNN's call, as the root context and high priv_op_count are strong indicators of a privilege escalation attempt.""]","[""uid_is_root"", ""euid_root"", ""ephemeral_privileged"", ""priv_op_count"", ""max_uid_euid_delta""]","{
  ""verdict"": ""MALICIOUS"",
  ""confidence"": 0.95,
  ""rationale_steps"": [
    ""Privilege state: uid_is_root and euid_root are both set, indicating a genuine root context."",
    ""Mechanism: is_suid_exec is not set, but the presence of a root context and a high priv_op_count suggests a privilege escalation attempt."",
    ""Behavioural anomaly: the process is ephemeral and privileged, and there is no network activity, which is unusual for a benign process."",
    ""Benign-explanation test: the short lifetime and high throughput of the process make it unlikely to be a routine admin script or health-check."",
    ""Decide: the evidence supports CNN's call, as the root context and high priv_op_count are strong indicators of a privilege escalation attempt.""
  ],
  ""key_features"": [""uid_is_root"", ""euid_root"", ""ephemeral_privileged"", ""priv_op_count"", ""max_uid_euid_delta""],
  ""agrees_with"": ""cnn""
}"
28634,4,0,benign,0,1,0.5382307767868042,0.9489884972572328,xgb_benign_cnn_malicious,MALICIOUS,1,0.95,cnn,ok,"[""Privilege state: uid_is_root and euid_root are both set, indicating a genuine root context."", ""Mechanism: is_suid_exec is not set, but the presence of uid_is_root and euid_root alongside ephemeral_privileged suggests a privilege escalation attempt."", ""Behavioural anomaly: the process held privilege for a short time, and there is no sensitive-path access, but the network_count is 0, which is unusual for an attack."", ""Benign-explanation test: the short lifetime and lack of throughput make it unlikely to be a routine admin script, cron job, or health-check."", ""Decide: the evidence supports CNN's call, as the privilege escalation attempt and unusual network activity outweigh XGBoost's benign call.""]","[""uid_is_root"", ""euid_root"", ""max_uid_euid_delta"", ""ephemeral_privileged"", ""network_count""]","{
  ""verdict"": ""MALICIOUS"",
  ""confidence"": 0.95,
  ""rationale_steps"": [
    ""Privilege state: uid_is_root and euid_root are both set, indicating a genuine root context."",
    ""Mechanism: is_suid_exec is not set, but the presence of uid_is_root and euid_root alongside ephemeral_privileged suggests a privilege escalation attempt."",
    ""Behavioural anomaly: the process held privilege for a short time, and there is no sensitive-path access, but the network_count is 0, which is unusual for an attack."",
    ""Benign-explanation test: the short lifetime and lack of throughput make it unlikely to be a routine admin script, cron job, or health-check."",
    ""Decide: the evidence supports CNN's call, as the privilege escalation attempt and unusual network activity outweigh XGBoost's benign call.""
  ],
  ""key_features"": [""uid_is_root"", ""euid_root"", ""max_uid_euid_delta"", ""ephemeral_privileged"", ""network_count""],
  ""agrees_with"": ""cnn""
}"
28679,4,0,benign,0,1,0.4626511931419372,0.7419862747192383,xgb_benign_cnn_malicious,MALICIOUS,1,0.92,cnn,ok,"[""Privilege state: uid_is_root and euid_root are both set, indicating a genuine root context."", ""Mechanism: is_suid_exec is not set, but the combination of uid_is_root, euid_root, and auid_euid_mismatch suggests a privilege escalation attempt."", ""Behavioural anomaly: events_per_second is extremely high, indicating a potential attack, and failed_call_rate is also high, suggesting a failed escalation attempt."", ""Benign-explanation test: the short lifetime and high throughput make it unlikely to be a routine admin script or health-check."", ""Decide: the combination of privilege escalation indicators and behavioural anomalies outweighs XGBoost's benign call; this supports the CNN.""]","[""events_per_second"", ""uid_is_root"", ""euid_root"", ""auid_euid_mismatch"", ""failed_call_rate""]","{
  ""verdict"": ""MALICIOUS"",
  ""confidence"": 0.92,
  ""rationale_steps"": [
    ""Privilege state: uid_is_root and euid_root are both set, indicating a genuine root context."",
    ""Mechanism: is_suid_exec is not set, but the combination of uid_is_root, euid_root, and auid_euid_mismatch suggests a privilege escalation attempt."",
    ""Behavioural anomaly: events_per_second is extremely high, indicating a potential attack, and failed_call_rate is also high, suggesting a failed escalation attempt."",
    ""Benign-explanation test: the short lifetime and high throughput make it unlikely to be a routine admin script or health-check."",
    ""Decide: the combination of privilege escalation indicators and behavioural anomalies outweighs XGBoost's benign call; this supports the CNN.""
  ],
  ""key_features"": [""events_per_second"", ""uid_is_root"", ""euid_root"", ""auid_euid_mismatch"", ""failed_call_rate""],
  ""agrees_with"": ""cnn""
}"
28881,4,0,benign,0,1,0.4626511931419372,0.7419862747192383,xgb_benign_cnn_malicious,MALICIOUS,1,0.92,cnn,ok,"[""Privilege state: uid_is_root and euid_root are both set, indicating a genuine root context."", ""Mechanism: is_suid_exec is not set, but the combination of uid_is_root, euid_root, and auid_euid_mismatch suggests a privilege escalation attempt."", ""Behavioural anomaly: events_per_second is extremely high, indicating a high syscall throughput, and failed_call_rate is also high, suggesting a process that is attempting to escalate privileges."", ""Benign-explanation test: the short lifetime and high syscall throughput make it unlikely that this is a routine admin script, cron job, or health-check."", ""Decide: the combination of privilege escalation indicators and behavioural anomalies outweighs XGBoost's benign call; this supports the CNN.""]","[""events_per_second"", ""uid_is_root"", ""euid_root"", ""auid_euid_mismatch"", ""failed_call_rate""]","{
  ""verdict"": ""MALICIOUS"",
  ""confidence"": 0.92,
  ""rationale_steps"": [
    ""Privilege state: uid_is_root and euid_root are both set, indicating a genuine root context."",
    ""Mechanism: is_suid_exec is not set, but the combination of uid_is_root, euid_root, and auid_euid_mismatch suggests a privilege escalation attempt."",
    ""Behavioural anomaly: events_per_second is extremely high, indicating a high syscall throughput, and failed_call_rate is also high, suggesting a process that is attempting to escalate privileges."",
    ""Benign-explanation test: the short lifetime and high syscall throughput make it unlikely that this is a routine admin script, cron job, or health-check."",
    ""Decide: the combination of privilege escalation indicators and behavioural anomalies outweighs XGBoost's benign call; this supports the CNN.""
  ],
  ""key_features"": [""events_per_second"", ""uid_is_root"", ""euid_root"", ""auid_euid_mismatch"", ""failed_call_rate""],
  ""agrees_with"": ""cnn""
}"
29057,1,0,benign,0,1,0.3909652233123779,0.9090099930763244,xgb_benign_cnn_malicious,MALICIOUS,1,0.91,cnn,ok,"[""Privilege state: uid_is_root and euid_root are both set, indicating a genuine root context."", ""Mechanism: is_suid_exec is not set, but the process has made a high number of exec() calls and has a high failed syscall count, suggesting an unusual execution chain."", ""Behavioural anomaly: the process has held privilege for a short time and has made a high number of failed syscalls, indicating a potential escalation attempt."", ""Benign-explanation test: the short lifetime and high syscall throughput make it unlikely to be a routine admin script or health-check."", ""Decide: the evidence supports CNN's call, as the process has a root context and an unusual execution chain, with no clear benign explanation.""]","[""uid_is_root"", ""euid_root"", ""max_uid_euid_delta"", ""is_suid_exec"", ""ephemeral_privileged""]","{
  ""verdict"": ""MALICIOUS"",
  ""confidence"": 0.91,
  ""rationale_steps"": [
    ""Privilege state: uid_is_root and euid_root are both set, indicating a genuine root context."",
    ""Mechanism: is_suid_exec is not set, but the process has made a high number of exec() calls and has a high failed syscall count, suggesting an unusual execution chain."",
    ""Behavioural anomaly: the process has held privilege for a short time and has made a high number of failed syscalls, indicating a potential escalation attempt."",
    ""Benign-explanation test: the short lifetime and high syscall throughput make it unlikely to be a routine admin script or health-check."",
    ""Decide: the evidence supports CNN's call, as the process has a root context and an unusual execution chain, with no clear benign explanation.""
  ],
  ""key_features"": [""uid_is_root"", ""euid_root"", ""max_uid_euid_delta"", ""is_suid_exec"", ""ephemeral_privileged""],
  ""agrees_with"": ""cnn""
}"
29280,4,0,benign,0,1,0.5382307767868042,0.9489884972572328,xgb_benign_cnn_malicious,MALICIOUS,1,0.95,cnn,ok,"[""Privilege state: uid_is_root and euid_root are both set, indicating a genuine root context."", ""Mechanism: is_suid_exec is not set, but the presence of a root context and a high priv_op_count suggests a privilege escalation attempt."", ""Behavioural anomaly: the process is ephemeral and privileged, and there is no network activity, which is unusual for a benign process."", ""Benign-explanation test: the short lifetime and high throughput of the process make it unlikely to be a routine admin script or health-check."", ""Decide: the evidence supports CNN's call, as the root context and high priv_op_count are strong indicators of a privilege escalation attempt.""]","[""uid_is_root"", ""euid_root"", ""ephemeral_privileged"", ""priv_op_count"", ""max_uid_euid_delta""]","{
  ""verdict"": ""MALICIOUS"",
  ""confidence"": 0.95,
  ""rationale_steps"": [
    ""Privilege state: uid_is_root and euid_root are both set, indicating a genuine root context."",
    ""Mechanism: is_suid_exec is not set, but the presence of a root context and a high priv_op_count suggests a privilege escalation attempt."",
    ""Behavioural anomaly: the process is ephemeral and privileged, and there is no network activity, which is unusual for a benign process."",
    ""Benign-explanation test: the short lifetime and high throughput of the process make it unlikely to be a routine admin script or health-check."",
    ""Decide: the evidence supports CNN's call, as the root context and high priv_op_count are strong indicators of a privilege escalation attempt.""
  ],
  ""key_features"": [""uid_is_root"", ""euid_root"", ""ephemeral_privileged"", ""priv_op_count"", ""max_uid_euid_delta""],
  ""agrees_with"": ""cnn""
}"
29461,4,1,T1078_Valid_Accounts,0,1,0.3245709240436554,0.9654507040977478,xgb_benign_cnn_malicious,MALICIOUS,1,0.92,cnn,ok,"[""Privilege state: uid_is_root and euid_root are both set, indicating a genuine root context."", ""Mechanism: is_suid_exec is not set, but the combination of uid_is_root, euid_root, and ephemeral_privileged suggests a privilege escalation attempt."", ""Behavioural anomaly: the process held privilege for a short time, and there is no sensitive-path access, but the network_count is low, which is consistent with an incomplete escalation attempt."", ""Benign-explanation test: the short lifetime and lack of throughput argue against a routine admin script, cron job, or health-check."", ""Decide: the evidence supports CNN's call, as the privilege escalation attempt is not fully completed, but the indicators are consistent with a malicious activity.""]","[""uid_is_root"", ""euid_root"", ""max_uid_euid_delta"", ""ephemeral_privileged"", ""network_count""]","{
  ""verdict"": ""MALICIOUS"",
  ""confidence"": 0.92,
  ""rationale_steps"": [
    ""Privilege state: uid_is_root and euid_root are both set, indicating a genuine root context."",
    ""Mechanism: is_suid_exec is not set, but the combination of uid_is_root, euid_root, and ephemeral_privileged suggests a privilege escalation attempt."",
    ""Behavioural anomaly: the process held privilege for a short time, and there is no sensitive-path access, but the network_count is low, which is consistent with an incomplete escalation attempt."",
    ""Benign-explanation test: the short lifetime and lack of throughput argue against a routine admin script, cron job, or health-check."",
    ""Decide: the evidence supports CNN's call, as the privilege escalation attempt is not fully completed, but the indicators are consistent with a malicious activity.""
  ],
  ""key_features"": [""uid_is_root"", ""euid_root"", ""max_uid_euid_delta"", ""ephemeral_privileged"", ""network_count""],
  ""agrees_with"": ""cnn""
}"
29511,4,0,benign,0,1,0.5974626541137695,0.8567609786987305,xgb_benign_cnn_malicious,MALICIOUS,1,0.86,cnn,ok,"[""Privilege state: uid_is_root and euid_root are both set, indicating a root context."", ""Mechanism: is_suid_exec is not set, but the high syscall throughput and privileged operations suggest a potential escalation attempt."", ""Behavioural anomaly: failed_call_count is high, indicating a potential privilege escalation attempt."", ""Benign-explanation test: the short-lived process with root privileges and high syscall throughput is unlikely to be a routine admin script or health-check."", ""Decide: the evidence supports CNN's call, with a high confidence in the malicious verdict.""]","[""events_per_second"", ""uid_is_root"", ""euid_root"", ""max_uid_euid_delta"", ""failed_call_count""]","{
  ""verdict"": ""MALICIOUS"",
  ""confidence"": 0.86,
  ""rationale_steps"": [
    ""Privilege state: uid_is_root and euid_root are both set, indicating a root context."",
    ""Mechanism: is_suid_exec is not set, but the high syscall throughput and privileged operations suggest a potential escalation attempt."",
    ""Behavioural anomaly: failed_call_count is high, indicating a potential privilege escalation attempt."",
    ""Benign-explanation test: the short-lived process with root privileges and high syscall throughput is unlikely to be a routine admin script or health-check."",
    ""Decide: the evidence supports CNN's call, with a high confidence in the malicious verdict.""
  ],
  ""key_features"": [""events_per_second"", ""uid_is_root"", ""euid_root"", ""max_uid_euid_delta"", ""failed_call_count""],
  ""agrees_with"": ""cnn""
}"
29593,4,0,benign,0,1,0.4626511931419372,0.7419862747192383,xgb_benign_cnn_malicious,MALICIOUS,1,0.92,cnn,ok,"[""Privilege state: uid_is_root and euid_root are both set, indicating a genuine root context."", ""Mechanism: is_suid_exec is not set, but the combination of uid_is_root, euid_root, and auid_euid_mismatch suggests a privilege escalation attempt."", ""Behavioural anomaly: events_per_second is extremely high, indicating a potential attack, and failed_call_rate is also high, suggesting a failed escalation attempt."", ""Benign-explanation test: the short lifetime and high throughput make it unlikely to be a routine admin script or health-check."", ""Decide: the combination of privilege escalation indicators and behavioural anomalies outweighs XGBoost's benign call; this supports the CNN.""]","[""events_per_second"", ""uid_is_root"", ""euid_root"", ""auid_euid_mismatch"", ""failed_call_rate""]","{
  ""verdict"": ""MALICIOUS"",
  ""confidence"": 0.92,
  ""rationale_steps"": [
    ""Privilege state: uid_is_root and euid_root are both set, indicating a genuine root context."",
    ""Mechanism: is_suid_exec is not set, but the combination of uid_is_root, euid_root, and auid_euid_mismatch suggests a privilege escalation attempt."",
    ""Behavioural anomaly: events_per_second is extremely high, indicating a potential attack, and failed_call_rate is also high, suggesting a failed escalation attempt."",
    ""Benign-explanation test: the short lifetime and high throughput make it unlikely to be a routine admin script or health-check."",
    ""Decide: the combination of privilege escalation indicators and behavioural anomalies outweighs XGBoost's benign call; this supports the CNN.""
  ],
  ""key_features"": [""events_per_second"", ""uid_is_root"", ""euid_root"", ""auid_euid_mismatch"", ""failed_call_rate""],
  ""agrees_with"": ""cnn""
}"
29718,4,0,benign,0,1,0.4626511931419372,0.7419862747192383,xgb_benign_cnn_malicious,MALICIOUS,1,0.92,cnn,ok,"[""Privilege state: uid_is_root and euid_root are both set, indicating a genuine root context."", ""Mechanism: is_suid_exec is not set, but the combination of uid_is_root, euid_root, and auid_euid_mismatch suggests a privilege escalation attempt."", ""Behavioural anomaly: events_per_second is extremely high, indicating a high syscall throughput, and failed_call_rate is also high, suggesting a process that is attempting to escalate privileges."", ""Benign-explanation test: the short lifetime and high syscall throughput make it unlikely that this is a routine admin script, cron job, or health-check."", ""Decide: the combination of privilege escalation indicators and behavioural anomalies outweighs XGBoost's benign call; this supports the CNN.""]","[""events_per_second"", ""uid_is_root"", ""euid_root"", ""auid_euid_mismatch"", ""failed_call_rate""]","{
  ""verdict"": ""MALICIOUS"",
  ""confidence"": 0.92,
  ""rationale_steps"": [
    ""Privilege state: uid_is_root and euid_root are both set, indicating a genuine root context."",
    ""Mechanism: is_suid_exec is not set, but the combination of uid_is_root, euid_root, and auid_euid_mismatch suggests a privilege escalation attempt."",
    ""Behavioural anomaly: events_per_second is extremely high, indicating a high syscall throughput, and failed_call_rate is also high, suggesting a process that is attempting to escalate privileges."",
    ""Benign-explanation test: the short lifetime and high syscall throughput make it unlikely that this is a routine admin script, cron job, or health-check."",
    ""Decide: the combination of privilege escalation indicators and behavioural anomalies outweighs XGBoost's benign call; this supports the CNN.""
  ],
  ""key_features"": [""events_per_second"", ""uid_is_root"", ""euid_root"", ""auid_euid_mismatch"", ""failed_call_rate""],
  ""agrees_with"": ""cnn""
}"
29898,4,0,benign,0,1,0.4626511931419372,0.7419862747192383,xgb_benign_cnn_malicious,MALICIOUS,1,0.92,cnn,ok,"[""Privilege state: uid_is_root and euid_root are both set, indicating a genuine root context."", ""Mechanism: is_suid_exec is not set, but the combination of uid_is_root, euid_root, and auid_euid_mismatch suggests a privilege escalation attempt."", ""Behavioural anomaly: events_per_second is extremely high, indicating a high syscall throughput, and failed_call_rate is also high, suggesting a process that is attempting to escalate privileges."", ""Benign-explanation test: the short lifetime and high syscall throughput make it unlikely that this is a routine admin script, cron job, or health-check."", ""Decide: the combination of privilege escalation indicators and behavioural anomalies outweighs XGBoost's benign call; this supports the CNN.""]","[""events_per_second"", ""uid_is_root"", ""euid_root"", ""auid_euid_mismatch"", ""failed_call_rate""]","{
  ""verdict"": ""MALICIOUS"",
  ""confidence"": 0.92,
  ""rationale_steps"": [
    ""Privilege state: uid_is_root and euid_root are both set, indicating a genuine root context."",
    ""Mechanism: is_suid_exec is not set, but the combination of uid_is_root, euid_root, and auid_euid_mismatch suggests a privilege escalation attempt."",
    ""Behavioural anomaly: events_per_second is extremely high, indicating a high syscall throughput, and failed_call_rate is also high, suggesting a process that is attempting to escalate privileges."",
    ""Benign-explanation test: the short lifetime and high syscall throughput make it unlikely that this is a routine admin script, cron job, or health-check."",
    ""Decide: the combination of privilege escalation indicators and behavioural anomalies outweighs XGBoost's benign call; this supports the CNN.""
  ],
  ""key_features"": [""events_per_second"", ""uid_is_root"", ""euid_root"", ""auid_euid_mismatch"", ""failed_call_rate""],
  ""agrees_with"": ""cnn""
}"
30256,4,0,benign,0,1,0.619727611541748,0.9672528505325316,xgb_benign_cnn_malicious,MALICIOUS,1,0.93,cnn,ok,"[""Privilege state: uid_is_root and euid_root are both set, indicating a genuine root context."", ""Mechanism: is_suid_exec is not set, but the presence of uid_is_root and euid_root alongside ephemeral_privileged suggests a privilege escalation attempt."", ""Behavioural anomaly: the process held privilege for a short time, and there is no sensitive-path access, but the network_count is 0, which is unusual for an attack."", ""Benign-explanation test: the short lifetime and lack of throughput make it unlikely to be a routine admin script, cron job, or health-check."", ""Decide: the evidence supports CNN's call, as the privilege escalation attempt and unusual network activity outweigh XGBoost's benign call.""]","[""uid_is_root"", ""euid_root"", ""ephemeral_privileged"", ""max_uid_euid_delta"", ""network_count""]","{
  ""verdict"": ""MALICIOUS"",
  ""confidence"": 0.93,
  ""rationale_steps"": [
    ""Privilege state: uid_is_root and euid_root are both set, indicating a genuine root context."",
    ""Mechanism: is_suid_exec is not set, but the presence of uid_is_root and euid_root alongside ephemeral_privileged suggests a privilege escalation attempt."",
    ""Behavioural anomaly: the process held privilege for a short time, and there is no sensitive-path access, but the network_count is 0, which is unusual for an attack."",
    ""Benign-explanation test: the short lifetime and lack of throughput make it unlikely to be a routine admin script, cron job, or health-check."",
    ""Decide: the evidence supports CNN's call, as the privilege escalation attempt and unusual network activity outweigh XGBoost's benign call.""
  ],
  ""key_features"": [""uid_is_root"", ""euid_root"", ""ephemeral_privileged"", ""max_uid_euid_delta"", ""network_count""],
  ""agrees_with"": ""cnn""
}"
30538,4,0,benign,0,1,0.5382307767868042,0.9489884972572328,xgb_benign_cnn_malicious,MALICIOUS,1,0.95,cnn,ok,"[""Privilege state: uid_is_root and euid_root are both set, indicating a genuine root context."", ""Mechanism: is_suid_exec is not set, but the presence of a root context and a high priv_op_count suggests a privilege escalation attempt."", ""Behavioural anomaly: the process is ephemeral and privileged, and there is no network activity, which is unusual for a benign process."", ""Benign-explanation test: the short lifetime and high throughput of the process make it unlikely to be a routine admin script or health-check."", ""Decide: the evidence supports CNN's call, as the root context and high priv_op_count are strong indicators of a privilege escalation attempt.""]","[""uid_is_root"", ""euid_root"", ""ephemeral_privileged"", ""priv_op_count"", ""max_uid_euid_delta""]","{
  ""verdict"": ""MALICIOUS"",
  ""confidence"": 0.95,
  ""rationale_steps"": [
    ""Privilege state: uid_is_root and euid_root are both set, indicating a genuine root context."",
    ""Mechanism: is_suid_exec is not set, but the presence of a root context and a high priv_op_count suggests a privilege escalation attempt."",
    ""Behavioural anomaly: the process is ephemeral and privileged, and there is no network activity, which is unusual for a benign process."",
    ""Benign-explanation test: the short lifetime and high throughput of the process make it unlikely to be a routine admin script or health-check."",
    ""Decide: the evidence supports CNN's call, as the root context and high priv_op_count are strong indicators of a privilege escalation attempt.""
  ],
  ""key_features"": [""uid_is_root"", ""euid_root"", ""ephemeral_privileged"", ""priv_op_count"", ""max_uid_euid_delta""],
  ""agrees_with"": ""cnn""
}"
31085,4,0,benign,0,1,0.4626511931419372,0.7419862747192383,xgb_benign_cnn_malicious,MALICIOUS,1,0.92,cnn,ok,"[""Privilege state: uid_is_root and euid_root are both set, indicating a genuine root context."", ""Mechanism: is_suid_exec is not set, but the combination of uid_is_root, euid_root, and auid_euid_mismatch suggests a privilege escalation attempt."", ""Behavioural anomaly: events_per_second is extremely high, indicating a potential attack, and failed_call_rate is also high, suggesting a failed escalation attempt."", ""Benign-explanation test: the short lifetime and high throughput make it unlikely to be a routine admin script or health-check."", ""Decide: the combination of privilege escalation indicators and behavioural anomalies outweighs XGBoost's benign call; this supports the CNN.""]","[""events_per_second"", ""uid_is_root"", ""euid_root"", ""auid_euid_mismatch"", ""failed_call_rate""]","{
  ""verdict"": ""MALICIOUS"",
  ""confidence"": 0.92,
  ""rationale_steps"": [
    ""Privilege state: uid_is_root and euid_root are both set, indicating a genuine root context."",
    ""Mechanism: is_suid_exec is not set, but the combination of uid_is_root, euid_root, and auid_euid_mismatch suggests a privilege escalation attempt."",
    ""Behavioural anomaly: events_per_second is extremely high, indicating a potential attack, and failed_call_rate is also high, suggesting a failed escalation attempt."",
    ""Benign-explanation test: the short lifetime and high throughput make it unlikely to be a routine admin script or health-check."",
    ""Decide: the combination of privilege escalation indicators and behavioural anomalies outweighs XGBoost's benign call; this supports the CNN.""
  ],
  ""key_features"": [""events_per_second"", ""uid_is_root"", ""euid_root"", ""auid_euid_mismatch"", ""failed_call_rate""],
  ""agrees_with"": ""cnn""
}"
31387,4,0,benign,0,1,0.5382307767868042,0.9489884972572328,xgb_benign_cnn_malicious,MALICIOUS,1,0.95,cnn,ok,"[""Privilege state: uid_is_root and euid_root are both set, indicating a genuine root context."", ""Mechanism: is_suid_exec is not set, but the presence of a root context and a high priv_op_count suggests a privilege escalation attempt."", ""Behavioural anomaly: the process is ephemeral and privileged, and there is no network activity, which is unusual for a benign process."", ""Benign-explanation test: the short lifetime and high throughput of the process make it unlikely to be a routine admin script or health-check."", ""Decide: the evidence supports CNN's call, as the root context and high priv_op_count are strong indicators of a privilege escalation attempt.""]","[""uid_is_root"", ""euid_root"", ""ephemeral_privileged"", ""priv_op_count"", ""max_uid_euid_delta""]","{
  ""verdict"": ""MALICIOUS"",
  ""confidence"": 0.95,
  ""rationale_steps"": [
    ""Privilege state: uid_is_root and euid_root are both set, indicating a genuine root context."",
    ""Mechanism: is_suid_exec is not set, but the presence of a root context and a high priv_op_count suggests a privilege escalation attempt."",
    ""Behavioural anomaly: the process is ephemeral and privileged, and there is no network activity, which is unusual for a benign process."",
    ""Benign-explanation test: the short lifetime and high throughput of the process make it unlikely to be a routine admin script or health-check."",
    ""Decide: the evidence supports CNN's call, as the root context and high priv_op_count are strong indicators of a privilege escalation attempt.""
  ],
  ""key_features"": [""uid_is_root"", ""euid_root"", ""ephemeral_privileged"", ""priv_op_count"", ""max_uid_euid_delta""],
  ""agrees_with"": ""cnn""
}"
31463,4,0,benign,0,1,0.4626511931419372,0.7419862747192383,xgb_benign_cnn_malicious,MALICIOUS,1,0.92,cnn,ok,"[""Privilege state: uid_is_root and euid_root are both set, indicating a genuine root context."", ""Mechanism: is_suid_exec is not set, but the combination of uid_is_root, euid_root, and auid_euid_mismatch suggests a privilege escalation attempt."", ""Behavioural anomaly: events_per_second is extremely high, indicating a potential attack, and failed_call_rate is also high, suggesting a failed escalation attempt."", ""Benign-explanation test: the short lifetime and high throughput make it unlikely to be a routine admin script or health-check."", ""Decide: the combination of privilege escalation indicators and behavioural anomalies outweighs XGBoost's benign call; this supports the CNN.""]","[""events_per_second"", ""uid_is_root"", ""euid_root"", ""auid_euid_mismatch"", ""failed_call_rate""]","{
  ""verdict"": ""MALICIOUS"",
  ""confidence"": 0.92,
  ""rationale_steps"": [
    ""Privilege state: uid_is_root and euid_root are both set, indicating a genuine root context."",
    ""Mechanism: is_suid_exec is not set, but the combination of uid_is_root, euid_root, and auid_euid_mismatch suggests a privilege escalation attempt."",
    ""Behavioural anomaly: events_per_second is extremely high, indicating a potential attack, and failed_call_rate is also high, suggesting a failed escalation attempt."",
    ""Benign-explanation test: the short lifetime and high throughput make it unlikely to be a routine admin script or health-check."",
    ""Decide: the combination of privilege escalation indicators and behavioural anomalies outweighs XGBoost's benign call; this supports the CNN.""
  ],
  ""key_features"": [""events_per_second"", ""uid_is_root"", ""euid_root"", ""auid_euid_mismatch"", ""failed_call_rate""],
  ""agrees_with"": ""cnn""
}"
31585,4,0,benign,0,1,0.5382307767868042,0.9489884972572328,xgb_benign_cnn_malicious,MALICIOUS,1,0.95,cnn,ok,"[""Privilege state: uid_is_root and euid_root are both set, indicating a genuine root context."", ""Mechanism: is_suid_exec is not set, but the presence of a root context and a high priv_op_count suggests a privilege escalation attempt."", ""Behavioural anomaly: the process is ephemeral and privileged, and there is no network activity, which is unusual for a benign process."", ""Benign-explanation test: the short lifetime and high throughput of the process make it unlikely to be a routine admin script or health-check."", ""Decide: the evidence supports CNN's call, as the root context and high priv_op_count are strong indicators of a privilege escalation attempt.""]","[""uid_is_root"", ""euid_root"", ""ephemeral_privileged"", ""priv_op_count"", ""max_uid_euid_delta""]","{
  ""verdict"": ""MALICIOUS"",
  ""confidence"": 0.95,
  ""rationale_steps"": [
    ""Privilege state: uid_is_root and euid_root are both set, indicating a genuine root context."",
    ""Mechanism: is_suid_exec is not set, but the presence of a root context and a high priv_op_count suggests a privilege escalation attempt."",
    ""Behavioural anomaly: the process is ephemeral and privileged, and there is no network activity, which is unusual for a benign process."",
    ""Benign-explanation test: the short lifetime and high throughput of the process make it unlikely to be a routine admin script or health-check."",
    ""Decide: the evidence supports CNN's call, as the root context and high priv_op_count are strong indicators of a privilege escalation attempt.""
  ],
  ""key_features"": [""uid_is_root"", ""euid_root"", ""ephemeral_privileged"", ""priv_op_count"", ""max_uid_euid_delta""],
  ""agrees_with"": ""cnn""
}"
31609,3,0,benign,0,1,0.6923177242279053,0.9917534589767456,xgb_benign_cnn_malicious,MALICIOUS,1,0.99,cnn,ok,"[""Privilege state: uid_is_root and euid_root are both set, indicating a root context."", ""Mechanism: is_suid_exec is not set, but the presence of uid_is_root and euid_root suggests a privilege escalation attempt."", ""Behavioural anomaly: unique_syscalls is high, indicating a novel syscall pattern, and ephemeral_privileged is set, suggesting a short-lived privileged process."", ""Benign-explanation test: the short lifetime and high throughput do not suggest a routine admin script or health-check."", ""Decide: the evidence supports CNN's call, with multiple indicators of privilege escalation and a novel syscall pattern.""]","[""uid_is_root"", ""euid_root"", ""unique_syscalls"", ""ephemeral_privileged"", ""max_uid_euid_delta""]","{
  ""verdict"": ""MALICIOUS"",
  ""confidence"": 0.99,
  ""rationale_steps"": [
    ""Privilege state: uid_is_root and euid_root are both set, indicating a root context."",
    ""Mechanism: is_suid_exec is not set, but the presence of uid_is_root and euid_root suggests a privilege escalation attempt."",
    ""Behavioural anomaly: unique_syscalls is high, indicating a novel syscall pattern, and ephemeral_privileged is set, suggesting a short-lived privileged process."",
    ""Benign-explanation test: the short lifetime and high throughput do not suggest a routine admin script or health-check."",
    ""Decide: the evidence supports CNN's call, with multiple indicators of privilege escalation and a novel syscall pattern.""
  ],
  ""key_features"": [""uid_is_root"", ""euid_root"", ""unique_syscalls"", ""ephemeral_privileged"", ""max_uid_euid_delta""],
  ""agrees_with"": ""cnn""
}"
31644,4,1,T1078_Valid_Accounts,0,1,0.5382307767868042,0.9489884972572328,xgb_benign_cnn_malicious,MALICIOUS,1,0.95,cnn,ok,"[""Privilege state: uid_is_root and euid_root are both set, indicating a genuine root context."", ""Mechanism: is_suid_exec is not set, but the presence of a root context and a high priv_op_count suggests a privilege escalation attempt."", ""Behavioural anomaly: the process is ephemeral and privileged, and there is no network activity, which is unusual for a benign process."", ""Benign-explanation test: the short lifetime and high throughput of the process make it unlikely to be a routine admin script or health-check."", ""Decide: the evidence supports CNN's call, as the root context and high priv_op_count are strong indicators of a privilege escalation attempt.""]","[""uid_is_root"", ""euid_root"", ""ephemeral_privileged"", ""priv_op_count"", ""max_uid_euid_delta""]","{
  ""verdict"": ""MALICIOUS"",
  ""confidence"": 0.95,
  ""rationale_steps"": [
    ""Privilege state: uid_is_root and euid_root are both set, indicating a genuine root context."",
    ""Mechanism: is_suid_exec is not set, but the presence of a root context and a high priv_op_count suggests a privilege escalation attempt."",
    ""Behavioural anomaly: the process is ephemeral and privileged, and there is no network activity, which is unusual for a benign process."",
    ""Benign-explanation test: the short lifetime and high throughput of the process make it unlikely to be a routine admin script or health-check."",
    ""Decide: the evidence supports CNN's call, as the root context and high priv_op_count are strong indicators of a privilege escalation attempt.""
  ],
  ""key_features"": [""uid_is_root"", ""euid_root"", ""ephemeral_privileged"", ""priv_op_count"", ""max_uid_euid_delta""],
  ""agrees_with"": ""cnn""
}"
31671,4,0,benign,0,1,0.5382307767868042,0.9489884972572328,xgb_benign_cnn_malicious,MALICIOUS,1,0.95,cnn,ok,"[""Privilege state: uid_is_root and euid_root are both set, indicating a genuine root context."", ""Mechanism: is_suid_exec is not set, but the presence of uid_is_root and euid_root alongside ephemeral_privileged suggests a privilege escalation attempt."", ""Behavioural anomaly: the process held privilege for a short time, and there is no sensitive-path access, but the network_count is 0, which is unusual for an attack."", ""Benign-explanation test: the short lifetime and lack of throughput make it unlikely to be a routine admin script, cron job, or health-check."", ""Decide: the evidence supports CNN's call, as the privilege escalation attempt and unusual network activity outweigh XGBoost's benign call.""]","[""uid_is_root"", ""euid_root"", ""max_uid_euid_delta"", ""ephemeral_privileged"", ""network_count""]","{
  ""verdict"": ""MALICIOUS"",
  ""confidence"": 0.95,
  ""rationale_steps"": [
    ""Privilege state: uid_is_root and euid_root are both set, indicating a genuine root context."",
    ""Mechanism: is_suid_exec is not set, but the presence of uid_is_root and euid_root alongside ephemeral_privileged suggests a privilege escalation attempt."",
    ""Behavioural anomaly: the process held privilege for a short time, and there is no sensitive-path access, but the network_count is 0, which is unusual for an attack."",
    ""Benign-explanation test: the short lifetime and lack of throughput make it unlikely to be a routine admin script, cron job, or health-check."",
    ""Decide: the evidence supports CNN's call, as the privilege escalation attempt and unusual network activity outweigh XGBoost's benign call.""
  ],
  ""key_features"": [""uid_is_root"", ""euid_root"", ""max_uid_euid_delta"", ""ephemeral_privileged"", ""network_count""],
  ""agrees_with"": ""cnn""
}"
31707,4,0,benign,0,1,0.5382307767868042,0.9489884972572328,xgb_benign_cnn_malicious,MALICIOUS,1,0.95,cnn,ok,"[""Privilege state: uid_is_root and euid_root are both set, indicating a genuine root context."", ""Mechanism: is_suid_exec is not set, but the presence of uid_is_root and euid_root alongside ephemeral_privileged suggests a privilege escalation attempt."", ""Behavioural anomaly: the process held privilege for a short time, and there is no sensitive-path access, but the network_count is 0, which is unusual for an attack."", ""Benign-explanation test: the short lifetime and lack of throughput make it unlikely to be a routine admin script, cron job, or health-check."", ""Decide: the evidence supports CNN's call, as the privilege escalation attempt and unusual network activity outweigh XGBoost's benign call.""]","[""uid_is_root"", ""euid_root"", ""max_uid_euid_delta"", ""ephemeral_privileged"", ""network_count""]","{
  ""verdict"": ""MALICIOUS"",
  ""confidence"": 0.95,
  ""rationale_steps"": [
    ""Privilege state: uid_is_root and euid_root are both set, indicating a genuine root context."",
    ""Mechanism: is_suid_exec is not set, but the presence of uid_is_root and euid_root alongside ephemeral_privileged suggests a privilege escalation attempt."",
    ""Behavioural anomaly: the process held privilege for a short time, and there is no sensitive-path access, but the network_count is 0, which is unusual for an attack."",
    ""Benign-explanation test: the short lifetime and lack of throughput make it unlikely to be a routine admin script, cron job, or health-check."",
    ""Decide: the evidence supports CNN's call, as the privilege escalation attempt and unusual network activity outweigh XGBoost's benign call.""
  ],
  ""key_features"": [""uid_is_root"", ""euid_root"", ""max_uid_euid_delta"", ""ephemeral_privileged"", ""network_count""],
  ""agrees_with"": ""cnn""
}"
31785,1,0,benign,0,1,0.6132968664169312,0.9286623001098632,xgb_benign_cnn_malicious,MALICIOUS,1,0.93,cnn,ok,"[""Privilege state: uid_is_root, euid_root, and max_uid_euid_delta are all at p99+, indicating a genuine root context and privilege transition."", ""Mechanism: is_suid_exec is not set, but the presence of uid_is_root, uid_changed, and euid_root suggests a setuid-shell escalation."", ""Behavioural anomaly: ephemeral_privileged is set, indicating a short-lived process that held privilege, and priv_op_count is low, which is consistent with a failed escalation attempt."", ""Benign-explanation test: the short lifetime and high-throughput execution from a root context are not consistent with a routine admin script, cron job, or health-check."", ""Decide: the evidence supports CNN's call, as the privilege transition and escalation mechanism are consistent with a malicious attempt.""]","[""uid_is_root"", ""uid_changed"", ""euid_root"", ""max_uid_euid_delta"", ""ephemeral_privileged""]","{
  ""verdict"": ""MALICIOUS"",
  ""confidence"": 0.93,
  ""rationale_steps"": [
    ""Privilege state: uid_is_root, euid_root, and max_uid_euid_delta are all at p99+, indicating a genuine root context and privilege transition."",
    ""Mechanism: is_suid_exec is not set, but the presence of uid_is_root, uid_changed, and euid_root suggests a setuid-shell escalation."",
    ""Behavioural anomaly: ephemeral_privileged is set, indicating a short-lived process that held privilege, and priv_op_count is low, which is consistent with a failed escalation attempt."",
    ""Benign-explanation test: the short lifetime and high-throughput execution from a root context are not consistent with a routine admin script, cron job, or health-check."",
    ""Decide: the evidence supports CNN's call, as the privilege transition and escalation mechanism are consistent with a malicious attempt.""
  ],
  ""key_features"": [""uid_is_root"", ""uid_changed"", ""euid_root"", ""max_uid_euid_delta"", ""ephemeral_privileged""],
  ""agrees_with"": ""cnn""
}"
32166,4,0,benign,0,1,0.4626511931419372,0.7419862747192383,xgb_benign_cnn_malicious,MALICIOUS,1,0.92,cnn,ok,"[""Privilege state: uid_is_root and euid_root are both set, indicating a genuine root context."", ""Mechanism: is_suid_exec is not set, but the combination of uid_is_root, euid_root, and auid_euid_mismatch suggests a privilege escalation attempt."", ""Behavioural anomaly: events_per_second is extremely high, indicating a potential attack, and failed_call_rate is also high, suggesting a failed escalation attempt."", ""Benign-explanation test: the short lifetime and high throughput make it unlikely to be a routine admin script or health-check."", ""Decide: the combination of privilege escalation indicators and behavioural anomalies outweighs XGBoost's benign call; this supports the CNN.""]","[""events_per_second"", ""uid_is_root"", ""euid_root"", ""auid_euid_mismatch"", ""failed_call_rate""]","{
  ""verdict"": ""MALICIOUS"",
  ""confidence"": 0.92,
  ""rationale_steps"": [
    ""Privilege state: uid_is_root and euid_root are both set, indicating a genuine root context."",
    ""Mechanism: is_suid_exec is not set, but the combination of uid_is_root, euid_root, and auid_euid_mismatch suggests a privilege escalation attempt."",
    ""Behavioural anomaly: events_per_second is extremely high, indicating a potential attack, and failed_call_rate is also high, suggesting a failed escalation attempt."",
    ""Benign-explanation test: the short lifetime and high throughput make it unlikely to be a routine admin script or health-check."",
    ""Decide: the combination of privilege escalation indicators and behavioural anomalies outweighs XGBoost's benign call; this supports the CNN.""
  ],
  ""key_features"": [""events_per_second"", ""uid_is_root"", ""euid_root"", ""auid_euid_mismatch"", ""failed_call_rate""],
  ""agrees_with"": ""cnn""
}"
32212,4,0,benign,0,1,0.4626511931419372,0.7419862747192383,xgb_benign_cnn_malicious,MALICIOUS,1,0.92,cnn,ok,"[""Privilege state: uid_is_root and euid_root are both set, indicating a genuine root context."", ""Mechanism: is_suid_exec is not set, but the combination of uid_is_root, euid_root, and auid_euid_mismatch suggests a privilege escalation attempt."", ""Behavioural anomaly: events_per_second is extremely high, indicating a high syscall throughput, and failed_call_rate is also high, suggesting a process that is attempting to escalate privileges."", ""Benign-explanation test: the short lifetime and high syscall throughput make it unlikely that this is a routine admin script, cron job, or health-check."", ""Decide: the combination of privilege escalation indicators and behavioural anomalies outweighs XGBoost's benign call; this supports the CNN.""]","[""events_per_second"", ""uid_is_root"", ""euid_root"", ""auid_euid_mismatch"", ""failed_call_rate""]","{
  ""verdict"": ""MALICIOUS"",
  ""confidence"": 0.92,
  ""rationale_steps"": [
    ""Privilege state: uid_is_root and euid_root are both set, indicating a genuine root context."",
    ""Mechanism: is_suid_exec is not set, but the combination of uid_is_root, euid_root, and auid_euid_mismatch suggests a privilege escalation attempt."",
    ""Behavioural anomaly: events_per_second is extremely high, indicating a high syscall throughput, and failed_call_rate is also high, suggesting a process that is attempting to escalate privileges."",
    ""Benign-explanation test: the short lifetime and high syscall throughput make it unlikely that this is a routine admin script, cron job, or health-check."",
    ""Decide: the combination of privilege escalation indicators and behavioural anomalies outweighs XGBoost's benign call; this supports the CNN.""
  ],
  ""key_features"": [""events_per_second"", ""uid_is_root"", ""euid_root"", ""auid_euid_mismatch"", ""failed_call_rate""],
  ""agrees_with"": ""cnn""
}"
32253,4,0,benign,0,1,0.3245709240436554,0.9654507040977478,xgb_benign_cnn_malicious,MALICIOUS,1,0.92,cnn,ok,"[""Privilege state: uid_is_root and euid_root are both set, indicating a genuine root context."", ""Mechanism: is_suid_exec is not set, but the combination of uid_is_root, euid_root, and ephemeral_privileged suggests a privilege escalation attempt."", ""Behavioural anomaly: the process held privilege for a short time, and there is no sensitive-path access, but the network_count is low, which is consistent with an incomplete escalation attempt."", ""Benign-explanation test: the short lifetime and lack of throughput argue against a routine admin script, cron job, or health-check."", ""Decide: the evidence supports CNN's call, as the privilege escalation attempt is not fully completed, but the indicators are consistent with a malicious activity.""]","[""uid_is_root"", ""euid_root"", ""max_uid_euid_delta"", ""ephemeral_privileged"", ""network_count""]","{
  ""verdict"": ""MALICIOUS"",
  ""confidence"": 0.92,
  ""rationale_steps"": [
    ""Privilege state: uid_is_root and euid_root are both set, indicating a genuine root context."",
    ""Mechanism: is_suid_exec is not set, but the combination of uid_is_root, euid_root, and ephemeral_privileged suggests a privilege escalation attempt."",
    ""Behavioural anomaly: the process held privilege for a short time, and there is no sensitive-path access, but the network_count is low, which is consistent with an incomplete escalation attempt."",
    ""Benign-explanation test: the short lifetime and lack of throughput argue against a routine admin script, cron job, or health-check."",
    ""Decide: the evidence supports CNN's call, as the privilege escalation attempt is not fully completed, but the indicators are consistent with a malicious activity.""
  ],
  ""key_features"": [""uid_is_root"", ""euid_root"", ""max_uid_euid_delta"", ""ephemeral_privileged"", ""network_count""],
  ""agrees_with"": ""cnn""
}"
33722,4,0,benign,0,1,0.4626511931419372,0.7419862747192383,xgb_benign_cnn_malicious,MALICIOUS,1,0.92,cnn,ok,"[""Privilege state: uid_is_root and euid_root are both set, indicating a genuine root context."", ""Mechanism: is_suid_exec is not set, but the combination of uid_is_root, euid_root, and auid_euid_mismatch suggests a privilege escalation attempt."", ""Behavioural anomaly: events_per_second is extremely high, indicating a potential attack, and failed_call_rate is also high, suggesting a failed escalation attempt."", ""Benign-explanation test: the short lifetime and high throughput make it unlikely to be a routine admin script or health-check."", ""Decide: the combination of privilege escalation indicators and behavioural anomalies outweighs XGBoost's benign call; this supports the CNN.""]","[""events_per_second"", ""uid_is_root"", ""euid_root"", ""auid_euid_mismatch"", ""failed_call_rate""]","{
  ""verdict"": ""MALICIOUS"",
  ""confidence"": 0.92,
  ""rationale_steps"": [
    ""Privilege state: uid_is_root and euid_root are both set, indicating a genuine root context."",
    ""Mechanism: is_suid_exec is not set, but the combination of uid_is_root, euid_root, and auid_euid_mismatch suggests a privilege escalation attempt."",
    ""Behavioural anomaly: events_per_second is extremely high, indicating a potential attack, and failed_call_rate is also high, suggesting a failed escalation attempt."",
    ""Benign-explanation test: the short lifetime and high throughput make it unlikely to be a routine admin script or health-check."",
    ""Decide: the combination of privilege escalation indicators and behavioural anomalies outweighs XGBoost's benign call; this supports the CNN.""
  ],
  ""key_features"": [""events_per_second"", ""uid_is_root"", ""euid_root"", ""auid_euid_mismatch"", ""failed_call_rate""],
  ""agrees_with"": ""cnn""
}"
33767,3,1,T1078_Valid_Accounts,0,1,0.6923177242279053,0.9917534589767456,xgb_benign_cnn_malicious,MALICIOUS,1,0.99,cnn,ok,"[""Privilege state: uid_is_root and euid_root are both set, indicating a root context."", ""Mechanism: is_suid_exec is not set, but the presence of uid_is_root and euid_root suggests a privilege escalation attempt."", ""Behavioural anomaly: unique_syscalls is high, indicating a novel syscall pattern, and ephemeral_privileged is set, suggesting a short-lived privileged process."", ""Benign-explanation test: the short lifetime and high throughput do not suggest a routine admin script or health-check."", ""Decide: the evidence supports CNN's call, with multiple indicators of privilege escalation and a novel syscall pattern.""]","[""uid_is_root"", ""euid_root"", ""unique_syscalls"", ""ephemeral_privileged"", ""max_uid_euid_delta""]","{
  ""verdict"": ""MALICIOUS"",
  ""confidence"": 0.99,
  ""rationale_steps"": [
    ""Privilege state: uid_is_root and euid_root are both set, indicating a root context."",
    ""Mechanism: is_suid_exec is not set, but the presence of uid_is_root and euid_root suggests a privilege escalation attempt."",
    ""Behavioural anomaly: unique_syscalls is high, indicating a novel syscall pattern, and ephemeral_privileged is set, suggesting a short-lived privileged process."",
    ""Benign-explanation test: the short lifetime and high throughput do not suggest a routine admin script or health-check."",
    ""Decide: the evidence supports CNN's call, with multiple indicators of privilege escalation and a novel syscall pattern.""
  ],
  ""key_features"": [""uid_is_root"", ""euid_root"", ""unique_syscalls"", ""ephemeral_privileged"", ""max_uid_euid_delta""],
  ""agrees_with"": ""cnn""
}"
33847,4,0,benign,0,1,0.5382307767868042,0.9489884972572328,xgb_benign_cnn_malicious,MALICIOUS,1,0.95,cnn,ok,"[""Privilege state: uid_is_root and euid_root are both set, indicating a genuine root context."", ""Mechanism: is_suid_exec is not set, but the presence of a root context and a high priv_op_count suggests a privilege escalation attempt."", ""Behavioural anomaly: the process is ephemeral and privileged, and there is no network activity, which is unusual for a benign process."", ""Benign-explanation test: the short lifetime and high throughput of the process make it unlikely to be a routine admin script or health-check."", ""Decide: the evidence supports CNN's call, as the root context and high priv_op_count are strong indicators of a privilege escalation attempt.""]","[""uid_is_root"", ""euid_root"", ""ephemeral_privileged"", ""priv_op_count"", ""max_uid_euid_delta""]","{
  ""verdict"": ""MALICIOUS"",
  ""confidence"": 0.95,
  ""rationale_steps"": [
    ""Privilege state: uid_is_root and euid_root are both set, indicating a genuine root context."",
    ""Mechanism: is_suid_exec is not set, but the presence of a root context and a high priv_op_count suggests a privilege escalation attempt."",
    ""Behavioural anomaly: the process is ephemeral and privileged, and there is no network activity, which is unusual for a benign process."",
    ""Benign-explanation test: the short lifetime and high throughput of the process make it unlikely to be a routine admin script or health-check."",
    ""Decide: the evidence supports CNN's call, as the root context and high priv_op_count are strong indicators of a privilege escalation attempt.""
  ],
  ""key_features"": [""uid_is_root"", ""euid_root"", ""ephemeral_privileged"", ""priv_op_count"", ""max_uid_euid_delta""],
  ""agrees_with"": ""cnn""
}"
33881,4,0,benign,0,1,0.4626511931419372,0.7419862747192383,xgb_benign_cnn_malicious,MALICIOUS,1,0.92,cnn,ok,"[""Privilege state: uid_is_root and euid_root are both set, indicating a genuine root context."", ""Mechanism: is_suid_exec is not set, but the combination of uid_is_root, euid_root, and auid_euid_mismatch suggests a privilege escalation attempt."", ""Behavioural anomaly: events_per_second is extremely high, indicating a potential attack, and failed_call_rate is also high, suggesting a failed escalation attempt."", ""Benign-explanation test: the short lifetime and high throughput make it unlikely to be a routine admin script or health-check."", ""Decide: the combination of privilege escalation indicators and behavioural anomalies outweighs XGBoost's benign call; this supports the CNN.""]","[""events_per_second"", ""uid_is_root"", ""euid_root"", ""auid_euid_mismatch"", ""failed_call_rate""]","{
  ""verdict"": ""MALICIOUS"",
  ""confidence"": 0.92,
  ""rationale_steps"": [
    ""Privilege state: uid_is_root and euid_root are both set, indicating a genuine root context."",
    ""Mechanism: is_suid_exec is not set, but the combination of uid_is_root, euid_root, and auid_euid_mismatch suggests a privilege escalation attempt."",
    ""Behavioural anomaly: events_per_second is extremely high, indicating a potential attack, and failed_call_rate is also high, suggesting a failed escalation attempt."",
    ""Benign-explanation test: the short lifetime and high throughput make it unlikely to be a routine admin script or health-check."",
    ""Decide: the combination of privilege escalation indicators and behavioural anomalies outweighs XGBoost's benign call; this supports the CNN.""
  ],
  ""key_features"": [""events_per_second"", ""uid_is_root"", ""euid_root"", ""auid_euid_mismatch"", ""failed_call_rate""],
  ""agrees_with"": ""cnn""
}"
33998,4,0,benign,0,1,0.5382307767868042,0.9489884972572328,xgb_benign_cnn_malicious,MALICIOUS,1,0.95,cnn,ok,"[""Privilege state: uid_is_root and euid_root are both set, indicating a genuine root context."", ""Mechanism: is_suid_exec is not set, but the presence of a root context and a high priv_op_count suggests a privilege escalation attempt."", ""Behavioural anomaly: the process is ephemeral and privileged, and there is no network activity, which is unusual for a benign process."", ""Benign-explanation test: the short lifetime and high throughput of the process make it unlikely to be a routine admin script or health-check."", ""Decide: the evidence supports CNN's call, as the root context and high priv_op_count are strong indicators of a privilege escalation attempt.""]","[""uid_is_root"", ""euid_root"", ""ephemeral_privileged"", ""priv_op_count"", ""max_uid_euid_delta""]","{
  ""verdict"": ""MALICIOUS"",
  ""confidence"": 0.95,
  ""rationale_steps"": [
    ""Privilege state: uid_is_root and euid_root are both set, indicating a genuine root context."",
    ""Mechanism: is_suid_exec is not set, but the presence of a root context and a high priv_op_count suggests a privilege escalation attempt."",
    ""Behavioural anomaly: the process is ephemeral and privileged, and there is no network activity, which is unusual for a benign process."",
    ""Benign-explanation test: the short lifetime and high throughput of the process make it unlikely to be a routine admin script or health-check."",
    ""Decide: the evidence supports CNN's call, as the root context and high priv_op_count are strong indicators of a privilege escalation attempt.""
  ],
  ""key_features"": [""uid_is_root"", ""euid_root"", ""ephemeral_privileged"", ""priv_op_count"", ""max_uid_euid_delta""],
  ""agrees_with"": ""cnn""
}"
34144,3,1,T1078_Valid_Accounts,0,1,0.6923177242279053,0.9917534589767456,xgb_benign_cnn_malicious,MALICIOUS,1,0.99,cnn,ok,"[""Privilege state: uid_is_root and euid_root are both set, indicating a root context."", ""Mechanism: is_suid_exec is not set, but the presence of uid_is_root and euid_root suggests a privilege escalation attempt."", ""Behavioural anomaly: unique_syscalls is high, indicating a novel syscall pattern, and ephemeral_privileged is set, suggesting a short-lived privileged process."", ""Benign-explanation test: the short lifetime and high throughput do not suggest a routine admin script or health-check."", ""Decide: the evidence supports CNN's call, with multiple indicators of privilege escalation and a novel syscall pattern.""]","[""uid_is_root"", ""euid_root"", ""unique_syscalls"", ""ephemeral_privileged"", ""max_uid_euid_delta""]","{
  ""verdict"": ""MALICIOUS"",
  ""confidence"": 0.99,
  ""rationale_steps"": [
    ""Privilege state: uid_is_root and euid_root are both set, indicating a root context."",
    ""Mechanism: is_suid_exec is not set, but the presence of uid_is_root and euid_root suggests a privilege escalation attempt."",
    ""Behavioural anomaly: unique_syscalls is high, indicating a novel syscall pattern, and ephemeral_privileged is set, suggesting a short-lived privileged process."",
    ""Benign-explanation test: the short lifetime and high throughput do not suggest a routine admin script or health-check."",
    ""Decide: the evidence supports CNN's call, with multiple indicators of privilege escalation and a novel syscall pattern.""
  ],
  ""key_features"": [""uid_is_root"", ""euid_root"", ""unique_syscalls"", ""ephemeral_privileged"", ""max_uid_euid_delta""],
  ""agrees_with"": ""cnn""
}"
34171,3,1,T1078_Valid_Accounts,0,1,0.6923177242279053,0.9917534589767456,xgb_benign_cnn_malicious,MALICIOUS,1,0.92,cnn,ok,"[""Privilege state: uid_is_root and euid_root are both set, indicating a root context."", ""Mechanism: is_suid_exec is not set, but the presence of uid_is_root and euid_root suggests a privilege escalation attempt."", ""Behavioural anomaly: unique_syscalls is high, indicating a novel syscall pattern, and ephemeral_privileged is set, suggesting a short-lived privileged process."", ""Benign-explanation test: the short lifetime and high throughput do not suggest a routine admin script or health-check."", ""Decide: the evidence supports CNN's call, as the privilege escalation attempt and novel syscall pattern outweigh XGBoost's benign call.""]","[""uid_is_root"", ""euid_root"", ""unique_syscalls"", ""ephemeral_privileged"", ""max_uid_euid_delta""]","{
  ""verdict"": ""MALICIOUS"",
  ""confidence"": 0.92,
  ""rationale_steps"": [
    ""Privilege state: uid_is_root and euid_root are both set, indicating a root context."",
    ""Mechanism: is_suid_exec is not set, but the presence of uid_is_root and euid_root suggests a privilege escalation attempt."",
    ""Behavioural anomaly: unique_syscalls is high, indicating a novel syscall pattern, and ephemeral_privileged is set, suggesting a short-lived privileged process."",
    ""Benign-explanation test: the short lifetime and high throughput do not suggest a routine admin script or health-check."",
    ""Decide: the evidence supports CNN's call, as the privilege escalation attempt and novel syscall pattern outweigh XGBoost's benign call.""
  ],
  ""key_features"": [""uid_is_root"", ""euid_root"", ""unique_syscalls"", ""ephemeral_privileged"", ""max_uid_euid_delta""],
  ""agrees_with"": ""cnn""
}"
35051,4,0,benign,0,1,0.4626511931419372,0.7419862747192383,xgb_benign_cnn_malicious,MALICIOUS,1,0.92,cnn,ok,"[""Privilege state: uid_is_root and euid_root are both set, indicating a genuine root context."", ""Mechanism: is_suid_exec is not set, but the combination of uid_is_root, euid_root, and auid_euid_mismatch suggests a privilege escalation attempt."", ""Behavioural anomaly: events_per_second is extremely high, indicating a potential attack, and failed_call_rate is also high, suggesting a failed escalation attempt."", ""Benign-explanation test: the short lifetime and high throughput make it unlikely to be a routine admin script or health-check."", ""Decide: the combination of privilege escalation indicators and behavioural anomalies outweighs XGBoost's benign call; this supports the CNN.""]","[""events_per_second"", ""uid_is_root"", ""euid_root"", ""auid_euid_mismatch"", ""failed_call_rate""]","{
  ""verdict"": ""MALICIOUS"",
  ""confidence"": 0.92,
  ""rationale_steps"": [
    ""Privilege state: uid_is_root and euid_root are both set, indicating a genuine root context."",
    ""Mechanism: is_suid_exec is not set, but the combination of uid_is_root, euid_root, and auid_euid_mismatch suggests a privilege escalation attempt."",
    ""Behavioural anomaly: events_per_second is extremely high, indicating a potential attack, and failed_call_rate is also high, suggesting a failed escalation attempt."",
    ""Benign-explanation test: the short lifetime and high throughput make it unlikely to be a routine admin script or health-check."",
    ""Decide: the combination of privilege escalation indicators and behavioural anomalies outweighs XGBoost's benign call; this supports the CNN.""
  ],
  ""key_features"": [""events_per_second"", ""uid_is_root"", ""euid_root"", ""auid_euid_mismatch"", ""failed_call_rate""],
  ""agrees_with"": ""cnn""
}"
35192,4,0,benign,0,1,0.4626511931419372,0.7419862747192383,xgb_benign_cnn_malicious,MALICIOUS,1,0.92,cnn,ok,"[""Privilege state: uid_is_root and euid_root are both set, indicating a genuine root context."", ""Mechanism: is_suid_exec is not set, but the combination of uid_is_root, euid_root, and auid_euid_mismatch suggests a privilege escalation attempt."", ""Behavioural anomaly: events_per_second is extremely high, indicating a high syscall throughput, and failed_call_rate is also high, suggesting a process that is attempting to escalate privileges."", ""Benign-explanation test: the short lifetime and high syscall throughput make it unlikely that this is a routine admin script, cron job, or health-check."", ""Decide: the combination of privilege escalation indicators and behavioural anomalies outweighs XGBoost's benign call; this supports the CNN.""]","[""events_per_second"", ""uid_is_root"", ""euid_root"", ""auid_euid_mismatch"", ""failed_call_rate""]","{
  ""verdict"": ""MALICIOUS"",
  ""confidence"": 0.92,
  ""rationale_steps"": [
    ""Privilege state: uid_is_root and euid_root are both set, indicating a genuine root context."",
    ""Mechanism: is_suid_exec is not set, but the combination of uid_is_root, euid_root, and auid_euid_mismatch suggests a privilege escalation attempt."",
    ""Behavioural anomaly: events_per_second is extremely high, indicating a high syscall throughput, and failed_call_rate is also high, suggesting a process that is attempting to escalate privileges."",
    ""Benign-explanation test: the short lifetime and high syscall throughput make it unlikely that this is a routine admin script, cron job, or health-check."",
    ""Decide: the combination of privilege escalation indicators and behavioural anomalies outweighs XGBoost's benign call; this supports the CNN.""
  ],
  ""key_features"": [""events_per_second"", ""uid_is_root"", ""euid_root"", ""auid_euid_mismatch"", ""failed_call_rate""],
  ""agrees_with"": ""cnn""
}"
35215,3,1,T1078_Valid_Accounts,0,1,0.6923177242279053,0.9917534589767456,xgb_benign_cnn_malicious,MALICIOUS,1,0.99,cnn,ok,"[""Privilege state: uid_is_root and euid_root are both set, indicating a root context."", ""Mechanism: is_suid_exec is not set, but the presence of uid_is_root and euid_root suggests a privilege escalation attempt."", ""Behavioural anomaly: unique_syscalls is high, indicating a novel syscall pattern, and ephemeral_privileged is set, suggesting a short-lived privileged process."", ""Benign-explanation test: the short lifetime and high throughput do not suggest a routine admin script or health-check."", ""Decide: the evidence supports CNN's call, with multiple indicators of privilege escalation and a novel syscall pattern.""]","[""uid_is_root"", ""euid_root"", ""unique_syscalls"", ""ephemeral_privileged"", ""max_uid_euid_delta""]","{
  ""verdict"": ""MALICIOUS"",
  ""confidence"": 0.99,
  ""rationale_steps"": [
    ""Privilege state: uid_is_root and euid_root are both set, indicating a root context."",
    ""Mechanism: is_suid_exec is not set, but the presence of uid_is_root and euid_root suggests a privilege escalation attempt."",
    ""Behavioural anomaly: unique_syscalls is high, indicating a novel syscall pattern, and ephemeral_privileged is set, suggesting a short-lived privileged process."",
    ""Benign-explanation test: the short lifetime and high throughput do not suggest a routine admin script or health-check."",
    ""Decide: the evidence supports CNN's call, with multiple indicators of privilege escalation and a novel syscall pattern.""
  ],
  ""key_features"": [""uid_is_root"", ""euid_root"", ""unique_syscalls"", ""ephemeral_privileged"", ""max_uid_euid_delta""],
  ""agrees_with"": ""cnn""
}"
35270,4,0,benign,0,1,0.3245709240436554,0.9654507040977478,xgb_benign_cnn_malicious,MALICIOUS,1,0.92,cnn,ok,"[""Privilege state: uid_is_root and euid_root are both set, indicating a genuine root context."", ""Mechanism: is_suid_exec is not set, but the combination of uid_is_root, euid_root, and ephemeral_privileged suggests a privilege escalation attempt."", ""Behavioural anomaly: the process held privilege for a short time, and there is no sensitive-path access, but the network_count is low, which is consistent with an incomplete escalation attempt."", ""Benign-explanation test: the short lifetime and lack of throughput argue against a routine admin script, cron job, or health-check."", ""Decide: the evidence supports CNN's call, as the privilege escalation attempt is not fully completed, but the indicators are consistent with a malicious activity.""]","[""uid_is_root"", ""euid_root"", ""max_uid_euid_delta"", ""ephemeral_privileged"", ""network_count""]","{
  ""verdict"": ""MALICIOUS"",
  ""confidence"": 0.92,
  ""rationale_steps"": [
    ""Privilege state: uid_is_root and euid_root are both set, indicating a genuine root context."",
    ""Mechanism: is_suid_exec is not set, but the combination of uid_is_root, euid_root, and ephemeral_privileged suggests a privilege escalation attempt."",
    ""Behavioural anomaly: the process held privilege for a short time, and there is no sensitive-path access, but the network_count is low, which is consistent with an incomplete escalation attempt."",
    ""Benign-explanation test: the short lifetime and lack of throughput argue against a routine admin script, cron job, or health-check."",
    ""Decide: the evidence supports CNN's call, as the privilege escalation attempt is not fully completed, but the indicators are consistent with a malicious activity.""
  ],
  ""key_features"": [""uid_is_root"", ""euid_root"", ""max_uid_euid_delta"", ""ephemeral_privileged"", ""network_count""],
  ""agrees_with"": ""cnn""
}"
35480,3,0,benign,0,1,0.6923177242279053,0.9917534589767456,xgb_benign_cnn_malicious,MALICIOUS,1,0.99,cnn,ok,"[""Privilege state: uid_is_root and euid_root are both set, indicating a root context."", ""Mechanism: is_suid_exec is not set, but the presence of uid_is_root and euid_root suggests a privilege escalation attempt."", ""Behavioural anomaly: unique_syscalls is high, indicating a novel syscall pattern, and ephemeral_privileged is set, suggesting a short-lived privileged process."", ""Benign-explanation test: the short lifetime and high throughput do not suggest a routine admin script or health-check."", ""Decide: the evidence supports CNN's call, with multiple indicators of privilege escalation and a novel syscall pattern.""]","[""uid_is_root"", ""euid_root"", ""unique_syscalls"", ""ephemeral_privileged"", ""max_uid_euid_delta""]","{
  ""verdict"": ""MALICIOUS"",
  ""confidence"": 0.99,
  ""rationale_steps"": [
    ""Privilege state: uid_is_root and euid_root are both set, indicating a root context."",
    ""Mechanism: is_suid_exec is not set, but the presence of uid_is_root and euid_root suggests a privilege escalation attempt."",
    ""Behavioural anomaly: unique_syscalls is high, indicating a novel syscall pattern, and ephemeral_privileged is set, suggesting a short-lived privileged process."",
    ""Benign-explanation test: the short lifetime and high throughput do not suggest a routine admin script or health-check."",
    ""Decide: the evidence supports CNN's call, with multiple indicators of privilege escalation and a novel syscall pattern.""
  ],
  ""key_features"": [""uid_is_root"", ""euid_root"", ""unique_syscalls"", ""ephemeral_privileged"", ""max_uid_euid_delta""],
  ""agrees_with"": ""cnn""
}"
35536,4,0,benign,0,1,0.4626511931419372,0.7419862747192383,xgb_benign_cnn_malicious,MALICIOUS,1,0.92,cnn,ok,"[""Privilege state: uid_is_root and euid_root are both set, indicating a genuine root context."", ""Mechanism: is_suid_exec is not set, but the combination of uid_is_root, euid_root, and auid_euid_mismatch suggests a privilege escalation attempt."", ""Behavioural anomaly: events_per_second is extremely high, indicating a potential attack, and failed_call_rate is also high, suggesting a failed escalation attempt."", ""Benign-explanation test: the short lifetime and high throughput make it unlikely to be a routine admin script or health-check."", ""Decide: the combination of privilege escalation indicators and behavioural anomalies outweighs XGBoost's benign call; this supports the CNN.""]","[""events_per_second"", ""uid_is_root"", ""euid_root"", ""auid_euid_mismatch"", ""failed_call_rate""]","{
  ""verdict"": ""MALICIOUS"",
  ""confidence"": 0.92,
  ""rationale_steps"": [
    ""Privilege state: uid_is_root and euid_root are both set, indicating a genuine root context."",
    ""Mechanism: is_suid_exec is not set, but the combination of uid_is_root, euid_root, and auid_euid_mismatch suggests a privilege escalation attempt."",
    ""Behavioural anomaly: events_per_second is extremely high, indicating a potential attack, and failed_call_rate is also high, suggesting a failed escalation attempt."",
    ""Benign-explanation test: the short lifetime and high throughput make it unlikely to be a routine admin script or health-check."",
    ""Decide: the combination of privilege escalation indicators and behavioural anomalies outweighs XGBoost's benign call; this supports the CNN.""
  ],
  ""key_features"": [""events_per_second"", ""uid_is_root"", ""euid_root"", ""auid_euid_mismatch"", ""failed_call_rate""],
  ""agrees_with"": ""cnn""
}"
35585,4,0,benign,0,1,0.5712800621986389,0.9490267634391784,xgb_benign_cnn_malicious,MALICIOUS,1,0.95,cnn,ok,"[""Privilege state: uid_is_root and euid_root are both set, indicating a genuine root context."", ""Mechanism: is_suid_exec is not set, but the presence of uid_is_root and euid_root alongside ephemeral_privileged suggests a privilege escalation attempt."", ""Behavioural anomaly: the process held privilege for a short time, and there is no sensitive-path access, but the network_count is 0, which is unusual for an attack."", ""Benign-explanation test: the short lifetime and lack of throughput make it unlikely to be a routine admin script, cron job, or health-check."", ""Decide: the evidence supports CNN's call, as the privilege escalation attempt and unusual network activity outweigh XGBoost's benign call.""]","[""uid_is_root"", ""euid_root"", ""max_uid_euid_delta"", ""ephemeral_privileged"", ""network_count""]","{
  ""verdict"": ""MALICIOUS"",
  ""confidence"": 0.95,
  ""rationale_steps"": [
    ""Privilege state: uid_is_root and euid_root are both set, indicating a genuine root context."",
    ""Mechanism: is_suid_exec is not set, but the presence of uid_is_root and euid_root alongside ephemeral_privileged suggests a privilege escalation attempt."",
    ""Behavioural anomaly: the process held privilege for a short time, and there is no sensitive-path access, but the network_count is 0, which is unusual for an attack."",
    ""Benign-explanation test: the short lifetime and lack of throughput make it unlikely to be a routine admin script, cron job, or health-check."",
    ""Decide: the evidence supports CNN's call, as the privilege escalation attempt and unusual network activity outweigh XGBoost's benign call.""
  ],
  ""key_features"": [""uid_is_root"", ""euid_root"", ""max_uid_euid_delta"", ""ephemeral_privileged"", ""network_count""],
  ""agrees_with"": ""cnn""
}"
35808,4,0,benign,0,1,0.4626511931419372,0.7419862747192383,xgb_benign_cnn_malicious,MALICIOUS,1,0.92,cnn,ok,"[""Privilege state: uid_is_root and euid_root are both set, indicating a genuine root context."", ""Mechanism: is_suid_exec is not set, but the combination of uid_is_root, euid_root, and auid_euid_mismatch suggests a privilege escalation attempt."", ""Behavioural anomaly: events_per_second is extremely high, indicating a potential attack, and failed_call_rate is also high, suggesting a failed escalation attempt."", ""Benign-explanation test: the short lifetime and high throughput make it unlikely to be a routine admin script or health-check."", ""Decide: the combination of privilege escalation indicators and behavioural anomalies outweighs XGBoost's benign call; this supports the CNN.""]","[""events_per_second"", ""uid_is_root"", ""euid_root"", ""auid_euid_mismatch"", ""failed_call_rate""]","{
  ""verdict"": ""MALICIOUS"",
  ""confidence"": 0.92,
  ""rationale_steps"": [
    ""Privilege state: uid_is_root and euid_root are both set, indicating a genuine root context."",
    ""Mechanism: is_suid_exec is not set, but the combination of uid_is_root, euid_root, and auid_euid_mismatch suggests a privilege escalation attempt."",
    ""Behavioural anomaly: events_per_second is extremely high, indicating a potential attack, and failed_call_rate is also high, suggesting a failed escalation attempt."",
    ""Benign-explanation test: the short lifetime and high throughput make it unlikely to be a routine admin script or health-check."",
    ""Decide: the combination of privilege escalation indicators and behavioural anomalies outweighs XGBoost's benign call; this supports the CNN.""
  ],
  ""key_features"": [""events_per_second"", ""uid_is_root"", ""euid_root"", ""auid_euid_mismatch"", ""failed_call_rate""],
  ""agrees_with"": ""cnn""
}"
35823,4,1,T1078_Valid_Accounts,0,1,0.5382307767868042,0.9489884972572328,xgb_benign_cnn_malicious,MALICIOUS,1,0.95,cnn,ok,"[""Privilege state: uid_is_root and euid_root are both set, indicating a genuine root context."", ""Mechanism: is_suid_exec is not set, but the presence of a root context and a high priv_op_count suggests a privilege escalation attempt."", ""Behavioural anomaly: the process is ephemeral and privileged, and there is no network activity, which is unusual for a benign process."", ""Benign-explanation test: the short lifetime and high throughput of the process make it unlikely to be a routine admin script or health-check."", ""Decide: the evidence supports CNN's call, as the root context and high priv_op_count are strong indicators of a privilege escalation attempt.""]","[""uid_is_root"", ""euid_root"", ""ephemeral_privileged"", ""priv_op_count"", ""max_uid_euid_delta""]","{
  ""verdict"": ""MALICIOUS"",
  ""confidence"": 0.95,
  ""rationale_steps"": [
    ""Privilege state: uid_is_root and euid_root are both set, indicating a genuine root context."",
    ""Mechanism: is_suid_exec is not set, but the presence of a root context and a high priv_op_count suggests a privilege escalation attempt."",
    ""Behavioural anomaly: the process is ephemeral and privileged, and there is no network activity, which is unusual for a benign process."",
    ""Benign-explanation test: the short lifetime and high throughput of the process make it unlikely to be a routine admin script or health-check."",
    ""Decide: the evidence supports CNN's call, as the root context and high priv_op_count are strong indicators of a privilege escalation attempt.""
  ],
  ""key_features"": [""uid_is_root"", ""euid_root"", ""ephemeral_privileged"", ""priv_op_count"", ""max_uid_euid_delta""],
  ""agrees_with"": ""cnn""
}"
36080,4,0,benign,0,1,0.4626511931419372,0.7419862747192383,xgb_benign_cnn_malicious,MALICIOUS,1,0.92,cnn,ok,"[""Privilege state: uid_is_root and euid_root are both set, indicating a genuine root context."", ""Mechanism: is_suid_exec is not set, but the combination of uid_is_root, euid_root, and auid_euid_mismatch suggests a privilege escalation attempt."", ""Behavioural anomaly: events_per_second is extremely high, indicating a potential attack, and failed_call_rate is also high, suggesting a failed escalation attempt."", ""Benign-explanation test: the short lifetime and high throughput make it unlikely to be a routine admin script or health-check."", ""Decide: the combination of privilege escalation indicators and behavioural anomalies outweighs XGBoost's benign call; this supports the CNN.""]","[""events_per_second"", ""uid_is_root"", ""euid_root"", ""auid_euid_mismatch"", ""failed_call_rate""]","{
  ""verdict"": ""MALICIOUS"",
  ""confidence"": 0.92,
  ""rationale_steps"": [
    ""Privilege state: uid_is_root and euid_root are both set, indicating a genuine root context."",
    ""Mechanism: is_suid_exec is not set, but the combination of uid_is_root, euid_root, and auid_euid_mismatch suggests a privilege escalation attempt."",
    ""Behavioural anomaly: events_per_second is extremely high, indicating a potential attack, and failed_call_rate is also high, suggesting a failed escalation attempt."",
    ""Benign-explanation test: the short lifetime and high throughput make it unlikely to be a routine admin script or health-check."",
    ""Decide: the combination of privilege escalation indicators and behavioural anomalies outweighs XGBoost's benign call; this supports the CNN.""
  ],
  ""key_features"": [""events_per_second"", ""uid_is_root"", ""euid_root"", ""auid_euid_mismatch"", ""failed_call_rate""],
  ""agrees_with"": ""cnn""
}"
36631,4,0,benign,0,1,0.5974626541137695,0.8567609786987305,xgb_benign_cnn_malicious,MALICIOUS,1,0.86,cnn,ok,"[""Privilege state: uid_is_root and euid_root are both set, indicating a root context."", ""Mechanism: is_suid_exec is not set, but the high syscall throughput and privileged operations suggest a potential escalation attempt."", ""Behavioural anomaly: failed_call_count is high, indicating a potential privilege escalation attempt."", ""Benign-explanation test: the short-lived process with root privileges and high syscall throughput is unlikely to be a routine admin script or health-check."", ""Decide: the evidence supports CNN's call, with a high confidence in the malicious verdict.""]","[""events_per_second"", ""uid_is_root"", ""euid_root"", ""max_uid_euid_delta"", ""failed_call_count""]","{
  ""verdict"": ""MALICIOUS"",
  ""confidence"": 0.86,
  ""rationale_steps"": [
    ""Privilege state: uid_is_root and euid_root are both set, indicating a root context."",
    ""Mechanism: is_suid_exec is not set, but the high syscall throughput and privileged operations suggest a potential escalation attempt."",
    ""Behavioural anomaly: failed_call_count is high, indicating a potential privilege escalation attempt."",
    ""Benign-explanation test: the short-lived process with root privileges and high syscall throughput is unlikely to be a routine admin script or health-check."",
    ""Decide: the evidence supports CNN's call, with a high confidence in the malicious verdict.""
  ],
  ""key_features"": [""events_per_second"", ""uid_is_root"", ""euid_root"", ""max_uid_euid_delta"", ""failed_call_count""],
  ""agrees_with"": ""cnn""
}"
36667,4,1,T1078_Valid_Accounts,0,1,0.5382307767868042,0.9489884972572328,xgb_benign_cnn_malicious,MALICIOUS,1,0.95,cnn,ok,"[""Privilege state: uid_is_root and euid_root are both set, indicating a genuine root context."", ""Mechanism: is_suid_exec is not set, but the presence of a root context and a high priv_op_count suggests a privilege escalation attempt."", ""Behavioural anomaly: the process is ephemeral and privileged, and there is no network activity, which is unusual for a benign process."", ""Benign-explanation test: the short lifetime and high throughput of the process make it unlikely to be a routine admin script or health-check."", ""Decide: the evidence supports CNN's call, as the root context and high priv_op_count are strong indicators of a privilege escalation attempt.""]","[""uid_is_root"", ""euid_root"", ""ephemeral_privileged"", ""priv_op_count"", ""max_uid_euid_delta""]","{
  ""verdict"": ""MALICIOUS"",
  ""confidence"": 0.95,
  ""rationale_steps"": [
    ""Privilege state: uid_is_root and euid_root are both set, indicating a genuine root context."",
    ""Mechanism: is_suid_exec is not set, but the presence of a root context and a high priv_op_count suggests a privilege escalation attempt."",
    ""Behavioural anomaly: the process is ephemeral and privileged, and there is no network activity, which is unusual for a benign process."",
    ""Benign-explanation test: the short lifetime and high throughput of the process make it unlikely to be a routine admin script or health-check."",
    ""Decide: the evidence supports CNN's call, as the root context and high priv_op_count are strong indicators of a privilege escalation attempt.""
  ],
  ""key_features"": [""uid_is_root"", ""euid_root"", ""ephemeral_privileged"", ""priv_op_count"", ""max_uid_euid_delta""],
  ""agrees_with"": ""cnn""
}"
36679,3,1,T1078_Valid_Accounts,0,1,0.6923177242279053,0.9917534589767456,xgb_benign_cnn_malicious,MALICIOUS,1,0.99,cnn,ok,"[""Privilege state: uid_is_root and euid_root are both set, indicating a root context."", ""Mechanism: is_suid_exec is not set, but the presence of uid_is_root and euid_root suggests a privilege escalation attempt."", ""Behavioural anomaly: unique_syscalls is high, indicating a novel syscall pattern, and ephemeral_privileged is set, suggesting a short-lived privileged process."", ""Benign-explanation test: the short lifetime and high throughput do not suggest a routine admin script or health-check."", ""Decide: the evidence supports CNN's call, with multiple indicators of privilege escalation and a novel syscall pattern.""]","[""uid_is_root"", ""euid_root"", ""unique_syscalls"", ""ephemeral_privileged"", ""max_uid_euid_delta""]","{
  ""verdict"": ""MALICIOUS"",
  ""confidence"": 0.99,
  ""rationale_steps"": [
    ""Privilege state: uid_is_root and euid_root are both set, indicating a root context."",
    ""Mechanism: is_suid_exec is not set, but the presence of uid_is_root and euid_root suggests a privilege escalation attempt."",
    ""Behavioural anomaly: unique_syscalls is high, indicating a novel syscall pattern, and ephemeral_privileged is set, suggesting a short-lived privileged process."",
    ""Benign-explanation test: the short lifetime and high throughput do not suggest a routine admin script or health-check."",
    ""Decide: the evidence supports CNN's call, with multiple indicators of privilege escalation and a novel syscall pattern.""
  ],
  ""key_features"": [""uid_is_root"", ""euid_root"", ""unique_syscalls"", ""ephemeral_privileged"", ""max_uid_euid_delta""],
  ""agrees_with"": ""cnn""
}"
37030,0,1,T1078_Valid_Accounts,0,1,0.4079813063144684,0.9999998211860656,xgb_benign_cnn_malicious,MALICIOUS,1,0.92,cnn,ok,"[""Privilege state: uid_is_root, euid_root, and max_uid_euid_delta are all at p99+, indicating a genuine root context and privilege transition."", ""Mechanism: is_suid_exec is set, indicating a setuid/setgid binary was executed, and priv_op_count is elevated, suggesting a privileged operation."", ""Behavioural anomaly: failed_call_rate is high, indicating a high rate of failed syscalls, and ephemeral_privileged is set, indicating a short-lived process that held privilege."", ""Benign-explanation test: the combination of uid_is_root, uid_changed, and euid_root makes it unlikely to be a routine admin script, cron job, or health-check."", ""Decide: the strong evidence of a privilege transition, setuid execution, and high failed syscall rate outweighs XGBoost's benign call; this supports the CNN.""]","[""uid_is_root"", ""uid_changed"", ""euid_root"", ""max_uid_euid_delta"", ""is_suid_exec""]","{
  ""verdict"": ""MALICIOUS"",
  ""confidence"": 0.92,
  ""rationale_steps"": [
    ""Privilege state: uid_is_root, euid_root, and max_uid_euid_delta are all at p99+, indicating a genuine root context and privilege transition."",
    ""Mechanism: is_suid_exec is set, indicating a setuid/setgid binary was executed, and priv_op_count is elevated, suggesting a privileged operation."",
    ""Behavioural anomaly: failed_call_rate is high, indicating a high rate of failed syscalls, and ephemeral_privileged is set, indicating a short-lived process that held privilege."",
    ""Benign-explanation test: the combination of uid_is_root, uid_changed, and euid_root makes it unlikely to be a routine admin script, cron job, or health-check."",
    ""Decide: the strong evidence of a privilege transition, setuid execution, and high failed syscall rate outweighs XGBoost's benign call; this supports the CNN.""
  ],
  ""key_features"": [""uid_is_root"", ""uid_changed"", ""euid_root"", ""max_uid_euid_delta"", ""is_suid_exec""],
  ""agrees_with"": ""cnn""
}"
37053,4,0,benign,0,1,0.5382307767868042,0.9489884972572328,xgb_benign_cnn_malicious,MALICIOUS,1,0.95,cnn,ok,"[""Privilege state: uid_is_root and euid_root are both set, indicating a genuine root context."", ""Mechanism: is_suid_exec is not set, but the presence of a root context and a high priv_op_count suggests a privilege escalation attempt."", ""Behavioural anomaly: the process is ephemeral and privileged, and there is no network activity, which is unusual for a benign process."", ""Benign-explanation test: the short lifetime and high throughput of the process make it unlikely to be a routine admin script or health-check."", ""Decide: the evidence supports CNN's call, as the root context and high priv_op_count are strong indicators of a privilege escalation attempt.""]","[""uid_is_root"", ""euid_root"", ""ephemeral_privileged"", ""priv_op_count"", ""max_uid_euid_delta""]","{
  ""verdict"": ""MALICIOUS"",
  ""confidence"": 0.95,
  ""rationale_steps"": [
    ""Privilege state: uid_is_root and euid_root are both set, indicating a genuine root context."",
    ""Mechanism: is_suid_exec is not set, but the presence of a root context and a high priv_op_count suggests a privilege escalation attempt."",
    ""Behavioural anomaly: the process is ephemeral and privileged, and there is no network activity, which is unusual for a benign process."",
    ""Benign-explanation test: the short lifetime and high throughput of the process make it unlikely to be a routine admin script or health-check."",
    ""Decide: the evidence supports CNN's call, as the root context and high priv_op_count are strong indicators of a privilege escalation attempt.""
  ],
  ""key_features"": [""uid_is_root"", ""euid_root"", ""ephemeral_privileged"", ""priv_op_count"", ""max_uid_euid_delta""],
  ""agrees_with"": ""cnn""
}"
37634,1,0,benign,0,1,0.4356295466423034,0.9273319840431212,xgb_benign_cnn_malicious,MALICIOUS,1,0.93,cnn,ok,"[""Privilege state: uid_is_root and euid_root are both set, indicating a root context."", ""Mechanism: is_suid_exec is not set, but the process has executed a setuid/setgid binary (uid_is_root and euid_root)."", ""Behavioural anomaly: failed_call_count is high, indicating a high rate of failed syscalls."", ""Benign-explanation test: the short-lived process with privilege (ephemeral_privileged) and high failed syscall rate is not consistent with a routine admin script or health-check."", ""Decide: the evidence supports CNN's call, as the process has a root context and a high rate of failed syscalls, which is consistent with a privilege-escalation attempt.""]","[""uid_is_root"", ""euid_root"", ""max_uid_euid_delta"", ""is_suid_exec"", ""ephemeral_privileged""]","{
  ""verdict"": ""MALICIOUS"",
  ""confidence"": 0.93,
  ""rationale_steps"": [
    ""Privilege state: uid_is_root and euid_root are both set, indicating a root context."",
    ""Mechanism: is_suid_exec is not set, but the process has executed a setuid/setgid binary (uid_is_root and euid_root)."",
    ""Behavioural anomaly: failed_call_count is high, indicating a high rate of failed syscalls."",
    ""Benign-explanation test: the short-lived process with privilege (ephemeral_privileged) and high failed syscall rate is not consistent with a routine admin script or health-check."",
    ""Decide: the evidence supports CNN's call, as the process has a root context and a high rate of failed syscalls, which is consistent with a privilege-escalation attempt.""
  ],
  ""key_features"": [""uid_is_root"", ""euid_root"", ""max_uid_euid_delta"", ""is_suid_exec"", ""ephemeral_privileged""],
  ""agrees_with"": ""cnn""
}"
37688,4,1,T1078_Valid_Accounts,0,1,0.3245709240436554,0.9654507040977478,xgb_benign_cnn_malicious,MALICIOUS,1,0.92,cnn,ok,"[""Privilege state: uid_is_root and euid_root are both set, indicating a genuine root context."", ""Mechanism: is_suid_exec is not set, but the combination of uid_is_root, euid_root, and ephemeral_privileged suggests a privilege escalation attempt."", ""Behavioural anomaly: the process held privilege for a short time, and there is no sensitive-path access, but the network_count is low, which is consistent with an incomplete escalation attempt."", ""Benign-explanation test: the short lifetime and lack of throughput argue against a routine admin script, cron job, or health-check."", ""Decide: the evidence supports CNN's call, as the privilege escalation attempt is not fully completed, but the indicators are consistent with a malicious activity.""]","[""uid_is_root"", ""euid_root"", ""max_uid_euid_delta"", ""ephemeral_privileged"", ""network_count""]","{
  ""verdict"": ""MALICIOUS"",
  ""confidence"": 0.92,
  ""rationale_steps"": [
    ""Privilege state: uid_is_root and euid_root are both set, indicating a genuine root context."",
    ""Mechanism: is_suid_exec is not set, but the combination of uid_is_root, euid_root, and ephemeral_privileged suggests a privilege escalation attempt."",
    ""Behavioural anomaly: the process held privilege for a short time, and there is no sensitive-path access, but the network_count is low, which is consistent with an incomplete escalation attempt."",
    ""Benign-explanation test: the short lifetime and lack of throughput argue against a routine admin script, cron job, or health-check."",
    ""Decide: the evidence supports CNN's call, as the privilege escalation attempt is not fully completed, but the indicators are consistent with a malicious activity.""
  ],
  ""key_features"": [""uid_is_root"", ""euid_root"", ""max_uid_euid_delta"", ""ephemeral_privileged"", ""network_count""],
  ""agrees_with"": ""cnn""
}"
37865,4,0,benign,0,1,0.3245709240436554,0.9654507040977478,xgb_benign_cnn_malicious,MALICIOUS,1,0.92,cnn,ok,"[""Privilege state: uid_is_root and euid_root are both set, indicating a genuine root context."", ""Mechanism: is_suid_exec is not set, but the combination of uid_is_root, euid_root, and ephemeral_privileged suggests a privilege escalation attempt."", ""Behavioural anomaly: the process held privilege for a short time, and there is no sensitive-path access, but the network_count is low, which is consistent with an incomplete escalation attempt."", ""Benign-explanation test: the short lifetime and lack of throughput argue against a routine admin script, cron job, or health-check."", ""Decide: the privilege escalation attempt and root context outweigh XGBoost's benign call; this supports the CNN.""]","[""uid_is_root"", ""euid_root"", ""max_uid_euid_delta"", ""ephemeral_privileged"", ""priv_op_count""]","{
  ""verdict"": ""MALICIOUS"",
  ""confidence"": 0.92,
  ""rationale_steps"": [
    ""Privilege state: uid_is_root and euid_root are both set, indicating a genuine root context."",
    ""Mechanism: is_suid_exec is not set, but the combination of uid_is_root, euid_root, and ephemeral_privileged suggests a privilege escalation attempt."",
    ""Behavioural anomaly: the process held privilege for a short time, and there is no sensitive-path access, but the network_count is low, which is consistent with an incomplete escalation attempt."",
    ""Benign-explanation test: the short lifetime and lack of throughput argue against a routine admin script, cron job, or health-check."",
    ""Decide: the privilege escalation attempt and root context outweigh XGBoost's benign call; this supports the CNN.""
  ],
  ""key_features"": [""uid_is_root"", ""euid_root"", ""max_uid_euid_delta"", ""ephemeral_privileged"", ""priv_op_count""],
  ""agrees_with"": ""cnn""
}"
37952,3,0,benign,0,1,0.6923177242279053,0.9917534589767456,xgb_benign_cnn_malicious,MALICIOUS,1,0.99,cnn,ok,"[""Privilege state: uid_is_root and euid_root are both set, indicating a root context."", ""Mechanism: is_suid_exec is not set, but the presence of uid_is_root and euid_root suggests a privilege escalation attempt."", ""Behavioural anomaly: unique_syscalls is high, indicating a novel syscall pattern, and ephemeral_privileged is set, suggesting a short-lived privileged process."", ""Benign-explanation test: the short lifetime and high throughput do not suggest a routine admin script or health-check."", ""Decide: the evidence supports CNN's call, with multiple indicators of privilege escalation and a novel syscall pattern.""]","[""uid_is_root"", ""euid_root"", ""unique_syscalls"", ""ephemeral_privileged"", ""max_uid_euid_delta""]","{
  ""verdict"": ""MALICIOUS"",
  ""confidence"": 0.99,
  ""rationale_steps"": [
    ""Privilege state: uid_is_root and euid_root are both set, indicating a root context."",
    ""Mechanism: is_suid_exec is not set, but the presence of uid_is_root and euid_root suggests a privilege escalation attempt."",
    ""Behavioural anomaly: unique_syscalls is high, indicating a novel syscall pattern, and ephemeral_privileged is set, suggesting a short-lived privileged process."",
    ""Benign-explanation test: the short lifetime and high throughput do not suggest a routine admin script or health-check."",
    ""Decide: the evidence supports CNN's call, with multiple indicators of privilege escalation and a novel syscall pattern.""
  ],
  ""key_features"": [""uid_is_root"", ""euid_root"", ""unique_syscalls"", ""ephemeral_privileged"", ""max_uid_euid_delta""],
  ""agrees_with"": ""cnn""
}"
38097,4,0,benign,0,1,0.5974626541137695,0.8567609786987305,xgb_benign_cnn_malicious,MALICIOUS,1,0.86,cnn,ok,"[""Privilege state: uid_is_root and euid_root are both set, indicating a root context."", ""Mechanism: is_suid_exec is not set, but the high syscall throughput and privileged operations suggest a potential escalation attempt."", ""Behavioural anomaly: failed_call_count is high, indicating a potential privilege escalation attempt."", ""Benign-explanation test: the short-lived process with root privileges and high syscall throughput is unlikely to be a routine admin script or health-check."", ""Decide: the evidence supports CNN's call, with a high confidence in the malicious verdict.""]","[""events_per_second"", ""uid_is_root"", ""euid_root"", ""max_uid_euid_delta"", ""failed_call_count""]","{
  ""verdict"": ""MALICIOUS"",
  ""confidence"": 0.86,
  ""rationale_steps"": [
    ""Privilege state: uid_is_root and euid_root are both set, indicating a root context."",
    ""Mechanism: is_suid_exec is not set, but the high syscall throughput and privileged operations suggest a potential escalation attempt."",
    ""Behavioural anomaly: failed_call_count is high, indicating a potential privilege escalation attempt."",
    ""Benign-explanation test: the short-lived process with root privileges and high syscall throughput is unlikely to be a routine admin script or health-check."",
    ""Decide: the evidence supports CNN's call, with a high confidence in the malicious verdict.""
  ],
  ""key_features"": [""events_per_second"", ""uid_is_root"", ""euid_root"", ""max_uid_euid_delta"", ""failed_call_count""],
  ""agrees_with"": ""cnn""
}"
38137,4,1,T1078_Valid_Accounts,0,1,0.5382307767868042,0.9489884972572328,xgb_benign_cnn_malicious,MALICIOUS,1,0.95,cnn,ok,"[""Privilege state: uid_is_root and euid_root are both set, indicating a genuine root context."", ""Mechanism: is_suid_exec is not set, but the presence of a root context and a high priv_op_count suggests a privilege escalation attempt."", ""Behavioural anomaly: the process is ephemeral and privileged, and there is no network activity, which is unusual for a benign process."", ""Benign-explanation test: the short lifetime and high throughput of the process make it unlikely to be a routine admin script or health-check."", ""Decide: the evidence supports CNN's call, as the root context and high priv_op_count are strong indicators of a privilege escalation attempt.""]","[""uid_is_root"", ""euid_root"", ""ephemeral_privileged"", ""priv_op_count"", ""max_uid_euid_delta""]","{
  ""verdict"": ""MALICIOUS"",
  ""confidence"": 0.95,
  ""rationale_steps"": [
    ""Privilege state: uid_is_root and euid_root are both set, indicating a genuine root context."",
    ""Mechanism: is_suid_exec is not set, but the presence of a root context and a high priv_op_count suggests a privilege escalation attempt."",
    ""Behavioural anomaly: the process is ephemeral and privileged, and there is no network activity, which is unusual for a benign process."",
    ""Benign-explanation test: the short lifetime and high throughput of the process make it unlikely to be a routine admin script or health-check."",
    ""Decide: the evidence supports CNN's call, as the root context and high priv_op_count are strong indicators of a privilege escalation attempt.""
  ],
  ""key_features"": [""uid_is_root"", ""euid_root"", ""ephemeral_privileged"", ""priv_op_count"", ""max_uid_euid_delta""],
  ""agrees_with"": ""cnn""
}"
38862,4,0,benign,0,1,0.5382307767868042,0.9489884972572328,xgb_benign_cnn_malicious,MALICIOUS,1,0.95,cnn,ok,"[""Privilege state: uid_is_root and euid_root are both set, indicating a genuine root context."", ""Mechanism: is_suid_exec is not set, but the presence of uid_is_root and euid_root alongside ephemeral_privileged suggests a privilege escalation attempt."", ""Behavioural anomaly: the process held privilege for a short time, and there is no sensitive-path access, but the network_count is 0, which is unusual for an attack."", ""Benign-explanation test: the short lifetime and lack of throughput make it unlikely to be a routine admin script, cron job, or health-check."", ""Decide: the evidence supports CNN's call, as the privilege escalation attempt and unusual network activity outweigh XGBoost's benign call.""]","[""uid_is_root"", ""euid_root"", ""max_uid_euid_delta"", ""ephemeral_privileged"", ""network_count""]","{
  ""verdict"": ""MALICIOUS"",
  ""confidence"": 0.95,
  ""rationale_steps"": [
    ""Privilege state: uid_is_root and euid_root are both set, indicating a genuine root context."",
    ""Mechanism: is_suid_exec is not set, but the presence of uid_is_root and euid_root alongside ephemeral_privileged suggests a privilege escalation attempt."",
    ""Behavioural anomaly: the process held privilege for a short time, and there is no sensitive-path access, but the network_count is 0, which is unusual for an attack."",
    ""Benign-explanation test: the short lifetime and lack of throughput make it unlikely to be a routine admin script, cron job, or health-check."",
    ""Decide: the evidence supports CNN's call, as the privilege escalation attempt and unusual network activity outweigh XGBoost's benign call.""
  ],
  ""key_features"": [""uid_is_root"", ""euid_root"", ""max_uid_euid_delta"", ""ephemeral_privileged"", ""network_count""],
  ""agrees_with"": ""cnn""
}"
38890,4,0,benign,0,1,0.5263786315917969,0.948996901512146,xgb_benign_cnn_malicious,MALICIOUS,1,0.95,cnn,ok,"[""Privilege state: uid_is_root and euid_root are both set, indicating a genuine root context."", ""Mechanism: is_suid_exec is not set, but the presence of uid_is_root and euid_root alongside ephemeral_privileged suggests a privilege escalation attempt."", ""Behavioural anomaly: the process held privilege for a short time, and there is no sensitive-path access, but the network_count is 0, which is unusual for an attack."", ""Benign-explanation test: the short lifetime and lack of throughput make it unlikely to be a routine admin script, cron job, or health-check."", ""Decide: the evidence supports CNN's call, as the privilege escalation attempt and unusual network activity outweigh XGBoost's benign call.""]","[""uid_is_root"", ""euid_root"", ""max_uid_euid_delta"", ""ephemeral_privileged"", ""network_count""]","{
  ""verdict"": ""MALICIOUS"",
  ""confidence"": 0.95,
  ""rationale_steps"": [
    ""Privilege state: uid_is_root and euid_root are both set, indicating a genuine root context."",
    ""Mechanism: is_suid_exec is not set, but the presence of uid_is_root and euid_root alongside ephemeral_privileged suggests a privilege escalation attempt."",
    ""Behavioural anomaly: the process held privilege for a short time, and there is no sensitive-path access, but the network_count is 0, which is unusual for an attack."",
    ""Benign-explanation test: the short lifetime and lack of throughput make it unlikely to be a routine admin script, cron job, or health-check."",
    ""Decide: the evidence supports CNN's call, as the privilege escalation attempt and unusual network activity outweigh XGBoost's benign call.""
  ],
  ""key_features"": [""uid_is_root"", ""euid_root"", ""max_uid_euid_delta"", ""ephemeral_privileged"", ""network_count""],
  ""agrees_with"": ""cnn""
}"
38899,3,0,benign,0,1,0.6923177242279053,0.9917534589767456,xgb_benign_cnn_malicious,MALICIOUS,1,0.99,cnn,ok,"[""Privilege state: uid_is_root and euid_root are both set, indicating a root context."", ""Mechanism: is_suid_exec is not set, but the presence of uid_is_root and euid_root suggests a privilege escalation attempt."", ""Behavioural anomaly: unique_syscalls is high, indicating a novel syscall pattern, and ephemeral_privileged is set, suggesting a short-lived privileged process."", ""Benign-explanation test: the short lifetime and high throughput do not suggest a routine admin script or health-check."", ""Decide: the evidence supports CNN's call, with multiple indicators of privilege escalation and a novel syscall pattern.""]","[""uid_is_root"", ""euid_root"", ""unique_syscalls"", ""ephemeral_privileged"", ""max_uid_euid_delta""]","{
  ""verdict"": ""MALICIOUS"",
  ""confidence"": 0.99,
  ""rationale_steps"": [
    ""Privilege state: uid_is_root and euid_root are both set, indicating a root context."",
    ""Mechanism: is_suid_exec is not set, but the presence of uid_is_root and euid_root suggests a privilege escalation attempt."",
    ""Behavioural anomaly: unique_syscalls is high, indicating a novel syscall pattern, and ephemeral_privileged is set, suggesting a short-lived privileged process."",
    ""Benign-explanation test: the short lifetime and high throughput do not suggest a routine admin script or health-check."",
    ""Decide: the evidence supports CNN's call, with multiple indicators of privilege escalation and a novel syscall pattern.""
  ],
  ""key_features"": [""uid_is_root"", ""euid_root"", ""unique_syscalls"", ""ephemeral_privileged"", ""max_uid_euid_delta""],
  ""agrees_with"": ""cnn""
}"
39125,3,1,T1078_Valid_Accounts,0,1,0.6923177242279053,0.9917534589767456,xgb_benign_cnn_malicious,MALICIOUS,1,0.92,cnn,ok,"[""Privilege state: uid_is_root and euid_root are both set, indicating a root context."", ""Mechanism: is_suid_exec is not set, but the presence of uid_is_root and euid_root suggests a privilege escalation attempt."", ""Behavioural anomaly: unique_syscalls is high, indicating a novel syscall pattern, and ephemeral_privileged is set, suggesting a short-lived privileged process."", ""Benign-explanation test: the short lifetime and high throughput do not suggest a routine admin script or health-check."", ""Decide: the evidence supports CNN's call, as the privilege escalation attempt and novel syscall pattern outweigh XGBoost's benign call.""]","[""uid_is_root"", ""euid_root"", ""unique_syscalls"", ""ephemeral_privileged"", ""max_uid_euid_delta""]","{
  ""verdict"": ""MALICIOUS"",
  ""confidence"": 0.92,
  ""rationale_steps"": [
    ""Privilege state: uid_is_root and euid_root are both set, indicating a root context."",
    ""Mechanism: is_suid_exec is not set, but the presence of uid_is_root and euid_root suggests a privilege escalation attempt."",
    ""Behavioural anomaly: unique_syscalls is high, indicating a novel syscall pattern, and ephemeral_privileged is set, suggesting a short-lived privileged process."",
    ""Benign-explanation test: the short lifetime and high throughput do not suggest a routine admin script or health-check."",
    ""Decide: the evidence supports CNN's call, as the privilege escalation attempt and novel syscall pattern outweigh XGBoost's benign call.""
  ],
  ""key_features"": [""uid_is_root"", ""euid_root"", ""unique_syscalls"", ""ephemeral_privileged"", ""max_uid_euid_delta""],
  ""agrees_with"": ""cnn""
}"
39581,3,1,T1166_Seuid_and_Setgid,0,1,0.6825464963912964,0.9894636869430542,xgb_benign_cnn_malicious,MALICIOUS,1,0.92,cnn,ok,"[""Privilege state: uid_is_root, euid_root, and max_uid_euid_delta are all at p99+, indicating a genuine root context and privilege transition."", ""Mechanism: is_suid_exec is not set, but the combination of uid_is_root, uid_changed, and euid_root suggests a setuid-shell escalation."", ""Behavioural anomaly: failed_call_count is high and priv_op_count is low, indicating a failed escalation attempt."", ""Benign-explanation test: the short lifetime and high failed_call_count make it unlikely to be a routine admin script or health-check."", ""Decide: the combination of privilege state and behavioural anomalies outweighs XGBoost's benign call; this supports the CNN.""]","[""uid_is_root"", ""uid_changed"", ""euid_root"", ""max_uid_euid_delta"", ""failed_call_count""]","{
  ""verdict"": ""MALICIOUS"",
  ""confidence"": 0.92,
  ""rationale_steps"": [
    ""Privilege state: uid_is_root, euid_root, and max_uid_euid_delta are all at p99+, indicating a genuine root context and privilege transition."",
    ""Mechanism: is_suid_exec is not set, but the combination of uid_is_root, uid_changed, and euid_root suggests a setuid-shell escalation."",
    ""Behavioural anomaly: failed_call_count is high and priv_op_count is low, indicating a failed escalation attempt."",
    ""Benign-explanation test: the short lifetime and high failed_call_count make it unlikely to be a routine admin script or health-check."",
    ""Decide: the combination of privilege state and behavioural anomalies outweighs XGBoost's benign call; this supports the CNN.""
  ],
  ""key_features"": [""uid_is_root"", ""uid_changed"", ""euid_root"", ""max_uid_euid_delta"", ""failed_call_count""],
  ""agrees_with"": ""cnn""
}"
39936,4,0,benign,0,1,0.5382307767868042,0.9489884972572328,xgb_benign_cnn_malicious,MALICIOUS,1,0.95,cnn,ok,"[""Privilege state: uid_is_root and euid_root are both set, indicating a genuine root context."", ""Mechanism: is_suid_exec is not set, but the presence of a root context and a high priv_op_count suggests a privilege escalation attempt."", ""Behavioural anomaly: the process is ephemeral and privileged, and there is no network activity, which is unusual for a benign process."", ""Benign-explanation test: the short lifetime and high throughput of the process make it unlikely to be a routine admin script or health-check."", ""Decide: the evidence supports CNN's call, as the root context and high priv_op_count are strong indicators of a privilege escalation attempt.""]","[""uid_is_root"", ""euid_root"", ""ephemeral_privileged"", ""priv_op_count"", ""max_uid_euid_delta""]","{
  ""verdict"": ""MALICIOUS"",
  ""confidence"": 0.95,
  ""rationale_steps"": [
    ""Privilege state: uid_is_root and euid_root are both set, indicating a genuine root context."",
    ""Mechanism: is_suid_exec is not set, but the presence of a root context and a high priv_op_count suggests a privilege escalation attempt."",
    ""Behavioural anomaly: the process is ephemeral and privileged, and there is no network activity, which is unusual for a benign process."",
    ""Benign-explanation test: the short lifetime and high throughput of the process make it unlikely to be a routine admin script or health-check."",
    ""Decide: the evidence supports CNN's call, as the root context and high priv_op_count are strong indicators of a privilege escalation attempt.""
  ],
  ""key_features"": [""uid_is_root"", ""euid_root"", ""ephemeral_privileged"", ""priv_op_count"", ""max_uid_euid_delta""],
  ""agrees_with"": ""cnn""
}"
40250,4,0,benign,0,1,0.4626511931419372,0.7419862747192383,xgb_benign_cnn_malicious,MALICIOUS,1,0.92,cnn,ok,"[""Privilege state: uid_is_root and euid_root are both set, indicating a genuine root context."", ""Mechanism: is_suid_exec is not set, but the combination of uid_is_root, euid_root, and auid_euid_mismatch suggests a privilege escalation attempt."", ""Behavioural anomaly: events_per_second is extremely high, indicating a potential attack, and failed_call_rate is also high, suggesting a failed escalation attempt."", ""Benign-explanation test: the short lifetime and high throughput make it unlikely to be a routine admin script or health-check."", ""Decide: the combination of privilege escalation indicators and behavioural anomalies outweighs XGBoost's benign call; this supports the CNN.""]","[""events_per_second"", ""uid_is_root"", ""euid_root"", ""auid_euid_mismatch"", ""failed_call_rate""]","{
  ""verdict"": ""MALICIOUS"",
  ""confidence"": 0.92,
  ""rationale_steps"": [
    ""Privilege state: uid_is_root and euid_root are both set, indicating a genuine root context."",
    ""Mechanism: is_suid_exec is not set, but the combination of uid_is_root, euid_root, and auid_euid_mismatch suggests a privilege escalation attempt."",
    ""Behavioural anomaly: events_per_second is extremely high, indicating a potential attack, and failed_call_rate is also high, suggesting a failed escalation attempt."",
    ""Benign-explanation test: the short lifetime and high throughput make it unlikely to be a routine admin script or health-check."",
    ""Decide: the combination of privilege escalation indicators and behavioural anomalies outweighs XGBoost's benign call; this supports the CNN.""
  ],
  ""key_features"": [""events_per_second"", ""uid_is_root"", ""euid_root"", ""auid_euid_mismatch"", ""failed_call_rate""],
  ""agrees_with"": ""cnn""
}"
40462,4,1,T1078_Valid_Accounts,0,1,0.3245709240436554,0.9654507040977478,xgb_benign_cnn_malicious,MALICIOUS,1,0.92,cnn,ok,"[""Privilege state: uid_is_root and euid_root are both set, indicating a genuine root context."", ""Mechanism: is_suid_exec is not set, but the combination of uid_is_root, euid_root, and ephemeral_privileged suggests a privilege escalation attempt."", ""Behavioural anomaly: the process held privilege for a short time, and there is no sensitive-path access, but the network_count is low, which is consistent with an incomplete escalation attempt."", ""Benign-explanation test: the short lifetime and lack of throughput argue against a routine admin script, cron job, or health-check."", ""Decide: the evidence supports CNN's call, as the privilege escalation attempt is not fully completed, but the indicators are consistent with a malicious activity.""]","[""uid_is_root"", ""euid_root"", ""max_uid_euid_delta"", ""ephemeral_privileged"", ""network_count""]","{
  ""verdict"": ""MALICIOUS"",
  ""confidence"": 0.92,
  ""rationale_steps"": [
    ""Privilege state: uid_is_root and euid_root are both set, indicating a genuine root context."",
    ""Mechanism: is_suid_exec is not set, but the combination of uid_is_root, euid_root, and ephemeral_privileged suggests a privilege escalation attempt."",
    ""Behavioural anomaly: the process held privilege for a short time, and there is no sensitive-path access, but the network_count is low, which is consistent with an incomplete escalation attempt."",
    ""Benign-explanation test: the short lifetime and lack of throughput argue against a routine admin script, cron job, or health-check."",
    ""Decide: the evidence supports CNN's call, as the privilege escalation attempt is not fully completed, but the indicators are consistent with a malicious activity.""
  ],
  ""key_features"": [""uid_is_root"", ""euid_root"", ""max_uid_euid_delta"", ""ephemeral_privileged"", ""network_count""],
  ""agrees_with"": ""cnn""
}"
40580,4,0,benign,0,1,0.4626511931419372,0.7419862747192383,xgb_benign_cnn_malicious,MALICIOUS,1,0.92,cnn,ok,"[""Privilege state: uid_is_root and euid_root are both set, indicating a genuine root context."", ""Mechanism: is_suid_exec is not set, but the combination of uid_is_root, euid_root, and auid_euid_mismatch suggests a privilege escalation attempt."", ""Behavioural anomaly: events_per_second is extremely high, indicating a potential attack, and failed_call_rate is also high, suggesting a failed escalation attempt."", ""Benign-explanation test: the short lifetime and high throughput make it unlikely to be a routine admin script or health-check."", ""Decide: the combination of privilege escalation indicators and behavioural anomalies outweighs XGBoost's benign call; this supports the CNN.""]","[""events_per_second"", ""uid_is_root"", ""euid_root"", ""auid_euid_mismatch"", ""failed_call_rate""]","{
  ""verdict"": ""MALICIOUS"",
  ""confidence"": 0.92,
  ""rationale_steps"": [
    ""Privilege state: uid_is_root and euid_root are both set, indicating a genuine root context."",
    ""Mechanism: is_suid_exec is not set, but the combination of uid_is_root, euid_root, and auid_euid_mismatch suggests a privilege escalation attempt."",
    ""Behavioural anomaly: events_per_second is extremely high, indicating a potential attack, and failed_call_rate is also high, suggesting a failed escalation attempt."",
    ""Benign-explanation test: the short lifetime and high throughput make it unlikely to be a routine admin script or health-check."",
    ""Decide: the combination of privilege escalation indicators and behavioural anomalies outweighs XGBoost's benign call; this supports the CNN.""
  ],
  ""key_features"": [""events_per_second"", ""uid_is_root"", ""euid_root"", ""auid_euid_mismatch"", ""failed_call_rate""],
  ""agrees_with"": ""cnn""
}"
40737,4,0,benign,0,1,0.4626511931419372,0.7419862747192383,xgb_benign_cnn_malicious,MALICIOUS,1,0.92,cnn,ok,"[""Privilege state: uid_is_root and euid_root are both set, indicating a genuine root context."", ""Mechanism: is_suid_exec is not set, but the combination of uid_is_root, euid_root, and auid_euid_mismatch suggests a privilege escalation attempt."", ""Behavioural anomaly: events_per_second is extremely high, indicating a high syscall throughput, and failed_call_rate is also high, suggesting a process that is attempting to escalate privileges."", ""Benign-explanation test: the short lifetime and high syscall throughput make it unlikely that this is a routine admin script, cron job, or health-check."", ""Decide: the combination of privilege escalation indicators and behavioural anomalies outweighs XGBoost's benign call; this supports the CNN.""]","[""events_per_second"", ""uid_is_root"", ""euid_root"", ""auid_euid_mismatch"", ""failed_call_rate""]","{
  ""verdict"": ""MALICIOUS"",
  ""confidence"": 0.92,
  ""rationale_steps"": [
    ""Privilege state: uid_is_root and euid_root are both set, indicating a genuine root context."",
    ""Mechanism: is_suid_exec is not set, but the combination of uid_is_root, euid_root, and auid_euid_mismatch suggests a privilege escalation attempt."",
    ""Behavioural anomaly: events_per_second is extremely high, indicating a high syscall throughput, and failed_call_rate is also high, suggesting a process that is attempting to escalate privileges."",
    ""Benign-explanation test: the short lifetime and high syscall throughput make it unlikely that this is a routine admin script, cron job, or health-check."",
    ""Decide: the combination of privilege escalation indicators and behavioural anomalies outweighs XGBoost's benign call; this supports the CNN.""
  ],
  ""key_features"": [""events_per_second"", ""uid_is_root"", ""euid_root"", ""auid_euid_mismatch"", ""failed_call_rate""],
  ""agrees_with"": ""cnn""
}"
40980,4,0,benign,0,1,0.3759605586528778,0.8749561309814453,xgb_benign_cnn_malicious,BENIGN,0,0.92,xgb,ok,"[""Privilege state: uid_is_root and euid_root are both set, indicating a root context, but max_uid_euid_delta is 0, suggesting no genuine UID/EUID transition."", ""Mechanism: is_suid_exec is 0, indicating no setuid/setgid binary execution, and priv_op_count is 0, indicating no privileged operations."", ""Behavioural anomaly: ephemeral_privileged is 1, indicating a short-lived process that held privilege, but this is consistent with a benign process."", ""Benign-explanation test: the process has a root context, which is consistent with a routine admin script or health-check."", ""Decide: the evidence supports XGBoost's benign call, as there is no indication of a privilege escalation attempt.""]","[""uid_is_root"", ""euid_root"", ""max_uid_euid_delta"", ""is_suid_exec"", ""ephemeral_privileged""]","{
  ""verdict"": ""BENIGN"",
  ""confidence"": 0.92,
  ""rationale_steps"": [
    ""Privilege state: uid_is_root and euid_root are both set, indicating a root context, but max_uid_euid_delta is 0, suggesting no genuine UID/EUID transition."",
    ""Mechanism: is_suid_exec is 0, indicating no setuid/setgid binary execution, and priv_op_count is 0, indicating no privileged operations."",
    ""Behavioural anomaly: ephemeral_privileged is 1, indicating a short-lived process that held privilege, but this is consistent with a benign process."",
    ""Benign-explanation test: the process has a root context, which is consistent with a routine admin script or health-check."",
    ""Decide: the evidence supports XGBoost's benign call, as there is no indication of a privilege escalation attempt.""
  ],
  ""key_features"": [""uid_is_root"", ""euid_root"", ""max_uid_euid_delta"", ""is_suid_exec"", ""ephemeral_privileged""],
  ""agrees_with"": ""xgb""
}"
41006,4,0,benign,0,1,0.5382307767868042,0.9489884972572328,xgb_benign_cnn_malicious,MALICIOUS,1,0.95,cnn,ok,"[""Privilege state: uid_is_root and euid_root are both set, indicating a genuine root context."", ""Mechanism: is_suid_exec is not set, but the presence of a root context and a high priv_op_count suggests a privilege escalation attempt."", ""Behavioural anomaly: the process is ephemeral and privileged, and there is no network activity, which is unusual for a benign process."", ""Benign-explanation test: the short lifetime and high throughput of the process make it unlikely to be a routine admin script or health-check."", ""Decide: the evidence supports CNN's call, as the root context and high priv_op_count are strong indicators of a privilege escalation attempt.""]","[""uid_is_root"", ""euid_root"", ""ephemeral_privileged"", ""priv_op_count"", ""max_uid_euid_delta""]","{
  ""verdict"": ""MALICIOUS"",
  ""confidence"": 0.95,
  ""rationale_steps"": [
    ""Privilege state: uid_is_root and euid_root are both set, indicating a genuine root context."",
    ""Mechanism: is_suid_exec is not set, but the presence of a root context and a high priv_op_count suggests a privilege escalation attempt."",
    ""Behavioural anomaly: the process is ephemeral and privileged, and there is no network activity, which is unusual for a benign process."",
    ""Benign-explanation test: the short lifetime and high throughput of the process make it unlikely to be a routine admin script or health-check."",
    ""Decide: the evidence supports CNN's call, as the root context and high priv_op_count are strong indicators of a privilege escalation attempt.""
  ],
  ""key_features"": [""uid_is_root"", ""euid_root"", ""ephemeral_privileged"", ""priv_op_count"", ""max_uid_euid_delta""],
  ""agrees_with"": ""cnn""
}"
41033,1,0,benign,0,1,0.3492304682731628,0.992098033428192,xgb_benign_cnn_malicious,MALICIOUS,1,0.92,cnn,ok,"[""Privilege state: uid_is_root and euid_root are both set, indicating a root context."", ""Mechanism: is_suid_exec is not set, but uid_changed and ephemeral_privileged suggest a privilege transition."", ""Behavioural anomaly: failed_call_count is high, indicating a failed syscall rate."", ""Benign-explanation test: the short lifetime and high syscall throughput argue against a routine admin script or health-check."", ""Decide: the privilege transition and failed syscall rate outweigh XGBoost's benign call; this supports the CNN.""]","[""uid_is_root"", ""euid_root"", ""uid_changed"", ""ephemeral_privileged"", ""failed_call_count""]","{
  ""verdict"": ""MALICIOUS"",
  ""confidence"": 0.92,
  ""rationale_steps"": [
    ""Privilege state: uid_is_root and euid_root are both set, indicating a root context."",
    ""Mechanism: is_suid_exec is not set, but uid_changed and ephemeral_privileged suggest a privilege transition."",
    ""Behavioural anomaly: failed_call_count is high, indicating a failed syscall rate."",
    ""Benign-explanation test: the short lifetime and high syscall throughput argue against a routine admin script or health-check."",
    ""Decide: the privilege transition and failed syscall rate outweigh XGBoost's benign call; this supports the CNN.""
  ],
  ""key_features"": [""uid_is_root"", ""euid_root"", ""uid_changed"", ""ephemeral_privileged"", ""failed_call_count""],
  ""agrees_with"": ""cnn""
}"
41389,4,0,benign,0,1,0.4626511931419372,0.7419862747192383,xgb_benign_cnn_malicious,MALICIOUS,1,0.92,cnn,ok,"[""Privilege state: uid_is_root and euid_root are both set, indicating a genuine root context."", ""Mechanism: is_suid_exec is not set, but the combination of uid_is_root, euid_root, and auid_euid_mismatch suggests a privilege escalation attempt."", ""Behavioural anomaly: events_per_second is extremely high, indicating a potential attack, and failed_call_rate is also high, suggesting a failed escalation attempt."", ""Benign-explanation test: the short lifetime and high throughput make it unlikely to be a routine admin script or health-check."", ""Decide: the combination of privilege escalation indicators and behavioural anomalies outweighs XGBoost's benign call; this supports the CNN.""]","[""events_per_second"", ""uid_is_root"", ""euid_root"", ""auid_euid_mismatch"", ""failed_call_rate""]","{
  ""verdict"": ""MALICIOUS"",
  ""confidence"": 0.92,
  ""rationale_steps"": [
    ""Privilege state: uid_is_root and euid_root are both set, indicating a genuine root context."",
    ""Mechanism: is_suid_exec is not set, but the combination of uid_is_root, euid_root, and auid_euid_mismatch suggests a privilege escalation attempt."",
    ""Behavioural anomaly: events_per_second is extremely high, indicating a potential attack, and failed_call_rate is also high, suggesting a failed escalation attempt."",
    ""Benign-explanation test: the short lifetime and high throughput make it unlikely to be a routine admin script or health-check."",
    ""Decide: the combination of privilege escalation indicators and behavioural anomalies outweighs XGBoost's benign call; this supports the CNN.""
  ],
  ""key_features"": [""events_per_second"", ""uid_is_root"", ""euid_root"", ""auid_euid_mismatch"", ""failed_call_rate""],
  ""agrees_with"": ""cnn""
}"
41602,3,0,benign,0,1,0.6923177242279053,0.9917534589767456,xgb_benign_cnn_malicious,MALICIOUS,1,0.99,cnn,ok,"[""Privilege state: uid_is_root and euid_root are both set, indicating a root context."", ""Mechanism: is_suid_exec is not set, but the presence of uid_is_root and euid_root suggests a privilege escalation attempt."", ""Behavioural anomaly: unique_syscalls is high, indicating a novel syscall pattern, and ephemeral_privileged is set, suggesting a short-lived privileged process."", ""Benign-explanation test: the short lifetime and high throughput do not suggest a routine admin script or health-check."", ""Decide: the evidence supports CNN's call, with multiple indicators of privilege escalation and a novel syscall pattern.""]","[""uid_is_root"", ""euid_root"", ""unique_syscalls"", ""ephemeral_privileged"", ""max_uid_euid_delta""]","{
  ""verdict"": ""MALICIOUS"",
  ""confidence"": 0.99,
  ""rationale_steps"": [
    ""Privilege state: uid_is_root and euid_root are both set, indicating a root context."",
    ""Mechanism: is_suid_exec is not set, but the presence of uid_is_root and euid_root suggests a privilege escalation attempt."",
    ""Behavioural anomaly: unique_syscalls is high, indicating a novel syscall pattern, and ephemeral_privileged is set, suggesting a short-lived privileged process."",
    ""Benign-explanation test: the short lifetime and high throughput do not suggest a routine admin script or health-check."",
    ""Decide: the evidence supports CNN's call, with multiple indicators of privilege escalation and a novel syscall pattern.""
  ],
  ""key_features"": [""uid_is_root"", ""euid_root"", ""unique_syscalls"", ""ephemeral_privileged"", ""max_uid_euid_delta""],
  ""agrees_with"": ""cnn""
}"
41995,3,1,T1078_Valid_Accounts,0,1,0.6828815937042236,0.9918093085289,xgb_benign_cnn_malicious,MALICIOUS,1,0.92,cnn,ok,"[""Privilege state: uid_is_root and euid_root are both set, indicating a root context."", ""Mechanism: is_suid_exec is not set, but the combination of uid_is_root, euid_root, and ephemeral_privileged suggests a privilege escalation attempt."", ""Behavioural anomaly: unique_syscalls is high, indicating a novel syscall pattern, and max_uid_euid_delta is low, suggesting a lack of a genuine UID/EUID transition."", ""Benign-explanation test: the short lifetime and high throughput do not suggest a routine admin script, cron job, or health-check."", ""Decide: the combination of privilege escalation indicators and novel syscall pattern outweighs XGBoost's benign call; this supports the CNN.""]","[""uid_is_root"", ""euid_root"", ""unique_syscalls"", ""max_uid_euid_delta"", ""ephemeral_privileged""]","{
  ""verdict"": ""MALICIOUS"",
  ""confidence"": 0.92,
  ""rationale_steps"": [
    ""Privilege state: uid_is_root and euid_root are both set, indicating a root context."",
    ""Mechanism: is_suid_exec is not set, but the combination of uid_is_root, euid_root, and ephemeral_privileged suggests a privilege escalation attempt."",
    ""Behavioural anomaly: unique_syscalls is high, indicating a novel syscall pattern, and max_uid_euid_delta is low, suggesting a lack of a genuine UID/EUID transition."",
    ""Benign-explanation test: the short lifetime and high throughput do not suggest a routine admin script, cron job, or health-check."",
    ""Decide: the combination of privilege escalation indicators and novel syscall pattern outweighs XGBoost's benign call; this supports the CNN.""
  ],
  ""key_features"": [""uid_is_root"", ""euid_root"", ""unique_syscalls"", ""max_uid_euid_delta"", ""ephemeral_privileged""],
  ""agrees_with"": ""cnn""
}"
42331,3,0,benign,0,1,0.6923177242279053,0.9917534589767456,xgb_benign_cnn_malicious,MALICIOUS,1,0.99,cnn,ok,"[""Privilege state: uid_is_root and euid_root are both set, indicating a root context."", ""Mechanism: is_suid_exec is not set, but the presence of uid_is_root and euid_root suggests a privilege escalation attempt."", ""Behavioural anomaly: unique_syscalls is high, indicating a novel syscall pattern, and ephemeral_privileged is set, suggesting a short-lived privileged process."", ""Benign-explanation test: the short lifetime and high throughput do not suggest a routine admin script or health-check."", ""Decide: the evidence supports CNN's call, with multiple indicators of privilege escalation and a novel syscall pattern.""]","[""uid_is_root"", ""euid_root"", ""unique_syscalls"", ""ephemeral_privileged"", ""max_uid_euid_delta""]","{
  ""verdict"": ""MALICIOUS"",
  ""confidence"": 0.99,
  ""rationale_steps"": [
    ""Privilege state: uid_is_root and euid_root are both set, indicating a root context."",
    ""Mechanism: is_suid_exec is not set, but the presence of uid_is_root and euid_root suggests a privilege escalation attempt."",
    ""Behavioural anomaly: unique_syscalls is high, indicating a novel syscall pattern, and ephemeral_privileged is set, suggesting a short-lived privileged process."",
    ""Benign-explanation test: the short lifetime and high throughput do not suggest a routine admin script or health-check."",
    ""Decide: the evidence supports CNN's call, with multiple indicators of privilege escalation and a novel syscall pattern.""
  ],
  ""key_features"": [""uid_is_root"", ""euid_root"", ""unique_syscalls"", ""ephemeral_privileged"", ""max_uid_euid_delta""],
  ""agrees_with"": ""cnn""
}"
42579,4,1,T1078_Valid_Accounts,0,1,0.5382307767868042,0.9489884972572328,xgb_benign_cnn_malicious,MALICIOUS,1,0.95,cnn,ok,"[""Privilege state: uid_is_root and euid_root are both set, indicating a genuine root context."", ""Mechanism: is_suid_exec is not set, but the presence of a root context and a high priv_op_count suggests a privilege escalation attempt."", ""Behavioural anomaly: the process is ephemeral and privileged, and there is no network activity, which is unusual for a benign process."", ""Benign-explanation test: the short lifetime and high throughput of the process make it unlikely to be a routine admin script or health-check."", ""Decide: the evidence supports CNN's call, as the root context and high priv_op_count are strong indicators of a privilege escalation attempt.""]","[""uid_is_root"", ""euid_root"", ""ephemeral_privileged"", ""priv_op_count"", ""max_uid_euid_delta""]","{
  ""verdict"": ""MALICIOUS"",
  ""confidence"": 0.95,
  ""rationale_steps"": [
    ""Privilege state: uid_is_root and euid_root are both set, indicating a genuine root context."",
    ""Mechanism: is_suid_exec is not set, but the presence of a root context and a high priv_op_count suggests a privilege escalation attempt."",
    ""Behavioural anomaly: the process is ephemeral and privileged, and there is no network activity, which is unusual for a benign process."",
    ""Benign-explanation test: the short lifetime and high throughput of the process make it unlikely to be a routine admin script or health-check."",
    ""Decide: the evidence supports CNN's call, as the root context and high priv_op_count are strong indicators of a privilege escalation attempt.""
  ],
  ""key_features"": [""uid_is_root"", ""euid_root"", ""ephemeral_privileged"", ""priv_op_count"", ""max_uid_euid_delta""],
  ""agrees_with"": ""cnn""
}"
42682,4,1,T1078_Valid_Accounts,0,1,0.5382307767868042,0.9489884972572328,xgb_benign_cnn_malicious,MALICIOUS,1,0.95,cnn,ok,"[""Privilege state: uid_is_root and euid_root are both set, indicating a genuine root context."", ""Mechanism: is_suid_exec is not set, but the presence of uid_is_root and euid_root alongside ephemeral_privileged suggests a privilege escalation attempt."", ""Behavioural anomaly: the process held privilege for a short time, and there is no sensitive-path access, but the network_count is 0, which is unusual for an attack."", ""Benign-explanation test: the short lifetime and lack of throughput make it unlikely to be a routine admin script, cron job, or health-check."", ""Decide: the evidence supports CNN's call, as the privilege escalation attempt and unusual network activity outweigh XGBoost's benign call.""]","[""uid_is_root"", ""euid_root"", ""max_uid_euid_delta"", ""ephemeral_privileged"", ""network_count""]","{
  ""verdict"": ""MALICIOUS"",
  ""confidence"": 0.95,
  ""rationale_steps"": [
    ""Privilege state: uid_is_root and euid_root are both set, indicating a genuine root context."",
    ""Mechanism: is_suid_exec is not set, but the presence of uid_is_root and euid_root alongside ephemeral_privileged suggests a privilege escalation attempt."",
    ""Behavioural anomaly: the process held privilege for a short time, and there is no sensitive-path access, but the network_count is 0, which is unusual for an attack."",
    ""Benign-explanation test: the short lifetime and lack of throughput make it unlikely to be a routine admin script, cron job, or health-check."",
    ""Decide: the evidence supports CNN's call, as the privilege escalation attempt and unusual network activity outweigh XGBoost's benign call.""
  ],
  ""key_features"": [""uid_is_root"", ""euid_root"", ""max_uid_euid_delta"", ""ephemeral_privileged"", ""network_count""],
  ""agrees_with"": ""cnn""
}"
42740,4,0,benign,0,1,0.3759605586528778,0.8749561309814453,xgb_benign_cnn_malicious,BENIGN,0,0.92,xgb,ok,"[""Privilege state: uid_is_root and euid_root are both set, indicating a root context, but max_uid_euid_delta is 0, suggesting no genuine UID/EUID transition."", ""Mechanism: is_suid_exec is 0, indicating no setuid/setgid binary execution, and priv_op_count is 0, indicating no privileged operations."", ""Behavioural anomaly: ephemeral_privileged is 1, indicating a short-lived process that held privilege, but this is consistent with a benign process."", ""Benign-explanation test: the process has a root context, which is consistent with a routine admin script or health-check."", ""Decide: the evidence supports XGBoost's benign call, as there is no indication of a privilege escalation attempt.""]","[""uid_is_root"", ""euid_root"", ""max_uid_euid_delta"", ""is_suid_exec"", ""ephemeral_privileged""]","{
  ""verdict"": ""BENIGN"",
  ""confidence"": 0.92,
  ""rationale_steps"": [
    ""Privilege state: uid_is_root and euid_root are both set, indicating a root context, but max_uid_euid_delta is 0, suggesting no genuine UID/EUID transition."",
    ""Mechanism: is_suid_exec is 0, indicating no setuid/setgid binary execution, and priv_op_count is 0, indicating no privileged operations."",
    ""Behavioural anomaly: ephemeral_privileged is 1, indicating a short-lived process that held privilege, but this is consistent with a benign process."",
    ""Benign-explanation test: the process has a root context, which is consistent with a routine admin script or health-check."",
    ""Decide: the evidence supports XGBoost's benign call, as there is no indication of a privilege escalation attempt.""
  ],
  ""key_features"": [""uid_is_root"", ""euid_root"", ""max_uid_euid_delta"", ""is_suid_exec"", ""ephemeral_privileged""],
  ""agrees_with"": ""xgb""
}"
42776,4,0,benign,0,1,0.5382307767868042,0.9489884972572328,xgb_benign_cnn_malicious,MALICIOUS,1,0.95,cnn,ok,"[""Privilege state: uid_is_root and euid_root are both set, indicating a genuine root context."", ""Mechanism: is_suid_exec is not set, but the presence of a root context and a high priv_op_count suggests a privilege escalation attempt."", ""Behavioural anomaly: the process is ephemeral and privileged, and there is no network activity, which is unusual for a benign process."", ""Benign-explanation test: the short lifetime and high throughput of the process make it unlikely to be a routine admin script or health-check."", ""Decide: the evidence supports CNN's call, as the root context and high priv_op_count are strong indicators of a privilege escalation attempt.""]","[""uid_is_root"", ""euid_root"", ""ephemeral_privileged"", ""priv_op_count"", ""max_uid_euid_delta""]","{
  ""verdict"": ""MALICIOUS"",
  ""confidence"": 0.95,
  ""rationale_steps"": [
    ""Privilege state: uid_is_root and euid_root are both set, indicating a genuine root context."",
    ""Mechanism: is_suid_exec is not set, but the presence of a root context and a high priv_op_count suggests a privilege escalation attempt."",
    ""Behavioural anomaly: the process is ephemeral and privileged, and there is no network activity, which is unusual for a benign process."",
    ""Benign-explanation test: the short lifetime and high throughput of the process make it unlikely to be a routine admin script or health-check."",
    ""Decide: the evidence supports CNN's call, as the root context and high priv_op_count are strong indicators of a privilege escalation attempt.""
  ],
  ""key_features"": [""uid_is_root"", ""euid_root"", ""ephemeral_privileged"", ""priv_op_count"", ""max_uid_euid_delta""],
  ""agrees_with"": ""cnn""
}"
43620,4,0,benign,0,1,0.5974626541137695,0.8567609786987305,xgb_benign_cnn_malicious,MALICIOUS,1,0.86,cnn,ok,"[""Privilege state: uid_is_root and euid_root are both set, indicating a root context."", ""Mechanism: is_suid_exec is not set, but the high syscall throughput and privileged operations suggest a potential escalation attempt."", ""Behavioural anomaly: failed_call_count is high, indicating a potential privilege escalation attempt."", ""Benign-explanation test: the short-lived process with root privileges and high syscall throughput is unlikely to be a routine admin script or health-check."", ""Decide: the evidence supports CNN's call, with a high confidence in the malicious verdict.""]","[""events_per_second"", ""uid_is_root"", ""euid_root"", ""max_uid_euid_delta"", ""failed_call_count""]","{
  ""verdict"": ""MALICIOUS"",
  ""confidence"": 0.86,
  ""rationale_steps"": [
    ""Privilege state: uid_is_root and euid_root are both set, indicating a root context."",
    ""Mechanism: is_suid_exec is not set, but the high syscall throughput and privileged operations suggest a potential escalation attempt."",
    ""Behavioural anomaly: failed_call_count is high, indicating a potential privilege escalation attempt."",
    ""Benign-explanation test: the short-lived process with root privileges and high syscall throughput is unlikely to be a routine admin script or health-check."",
    ""Decide: the evidence supports CNN's call, with a high confidence in the malicious verdict.""
  ],
  ""key_features"": [""events_per_second"", ""uid_is_root"", ""euid_root"", ""max_uid_euid_delta"", ""failed_call_count""],
  ""agrees_with"": ""cnn""
}"
43715,4,0,benign,0,1,0.5382307767868042,0.9489884972572328,xgb_benign_cnn_malicious,MALICIOUS,1,0.95,cnn,ok,"[""Privilege state: uid_is_root and euid_root are both set, indicating a genuine root context."", ""Mechanism: is_suid_exec is not set, but the presence of a root context and a high priv_op_count suggests a privilege escalation attempt."", ""Behavioural anomaly: the process is ephemeral and privileged, and there is no network activity, which is unusual for a benign process."", ""Benign-explanation test: the short lifetime and high throughput of the process make it unlikely to be a routine admin script or health-check."", ""Decide: the evidence supports CNN's call, as the root context and high priv_op_count are strong indicators of a privilege escalation attempt.""]","[""uid_is_root"", ""euid_root"", ""ephemeral_privileged"", ""priv_op_count"", ""max_uid_euid_delta""]","{
  ""verdict"": ""MALICIOUS"",
  ""confidence"": 0.95,
  ""rationale_steps"": [
    ""Privilege state: uid_is_root and euid_root are both set, indicating a genuine root context."",
    ""Mechanism: is_suid_exec is not set, but the presence of a root context and a high priv_op_count suggests a privilege escalation attempt."",
    ""Behavioural anomaly: the process is ephemeral and privileged, and there is no network activity, which is unusual for a benign process."",
    ""Benign-explanation test: the short lifetime and high throughput of the process make it unlikely to be a routine admin script or health-check."",
    ""Decide: the evidence supports CNN's call, as the root context and high priv_op_count are strong indicators of a privilege escalation attempt.""
  ],
  ""key_features"": [""uid_is_root"", ""euid_root"", ""ephemeral_privileged"", ""priv_op_count"", ""max_uid_euid_delta""],
  ""agrees_with"": ""cnn""
}"
43928,3,1,T1078_Valid_Accounts,0,1,0.6923177242279053,0.9917534589767456,xgb_benign_cnn_malicious,MALICIOUS,1,0.99,cnn,ok,"[""Privilege state: uid_is_root and euid_root are both set, indicating a root context."", ""Mechanism: is_suid_exec is not set, but the presence of uid_is_root and euid_root suggests a privilege escalation attempt."", ""Behavioural anomaly: unique_syscalls is high, indicating a novel syscall pattern, and ephemeral_privileged is set, suggesting a short-lived privileged process."", ""Benign-explanation test: the short lifetime and high throughput do not suggest a routine admin script or health-check."", ""Decide: the evidence supports CNN's call, with multiple indicators of privilege escalation and a novel syscall pattern.""]","[""uid_is_root"", ""euid_root"", ""unique_syscalls"", ""ephemeral_privileged"", ""max_uid_euid_delta""]","{
  ""verdict"": ""MALICIOUS"",
  ""confidence"": 0.99,
  ""rationale_steps"": [
    ""Privilege state: uid_is_root and euid_root are both set, indicating a root context."",
    ""Mechanism: is_suid_exec is not set, but the presence of uid_is_root and euid_root suggests a privilege escalation attempt."",
    ""Behavioural anomaly: unique_syscalls is high, indicating a novel syscall pattern, and ephemeral_privileged is set, suggesting a short-lived privileged process."",
    ""Benign-explanation test: the short lifetime and high throughput do not suggest a routine admin script or health-check."",
    ""Decide: the evidence supports CNN's call, with multiple indicators of privilege escalation and a novel syscall pattern.""
  ],
  ""key_features"": [""uid_is_root"", ""euid_root"", ""unique_syscalls"", ""ephemeral_privileged"", ""max_uid_euid_delta""],
  ""agrees_with"": ""cnn""
}"
43955,4,1,T1078_Valid_Accounts,0,1,0.5382307767868042,0.9489884972572328,xgb_benign_cnn_malicious,MALICIOUS,1,0.95,cnn,ok,"[""Privilege state: uid_is_root and euid_root are both set, indicating a genuine root context."", ""Mechanism: is_suid_exec is not set, but the presence of a root context and a high priv_op_count suggests a privilege escalation attempt."", ""Behavioural anomaly: the process is ephemeral and privileged, and there is no network activity, which is unusual for a benign process."", ""Benign-explanation test: the short lifetime and high throughput of the process make it unlikely to be a routine admin script or health-check."", ""Decide: the evidence supports CNN's call, as the root context and high priv_op_count are strong indicators of a privilege escalation attempt.""]","[""uid_is_root"", ""euid_root"", ""ephemeral_privileged"", ""priv_op_count"", ""max_uid_euid_delta""]","{
  ""verdict"": ""MALICIOUS"",
  ""confidence"": 0.95,
  ""rationale_steps"": [
    ""Privilege state: uid_is_root and euid_root are both set, indicating a genuine root context."",
    ""Mechanism: is_suid_exec is not set, but the presence of a root context and a high priv_op_count suggests a privilege escalation attempt."",
    ""Behavioural anomaly: the process is ephemeral and privileged, and there is no network activity, which is unusual for a benign process."",
    ""Benign-explanation test: the short lifetime and high throughput of the process make it unlikely to be a routine admin script or health-check."",
    ""Decide: the evidence supports CNN's call, as the root context and high priv_op_count are strong indicators of a privilege escalation attempt.""
  ],
  ""key_features"": [""uid_is_root"", ""euid_root"", ""ephemeral_privileged"", ""priv_op_count"", ""max_uid_euid_delta""],
  ""agrees_with"": ""cnn""
}"
44011,4,0,benign,0,1,0.4626511931419372,0.7419862747192383,xgb_benign_cnn_malicious,MALICIOUS,1,0.92,cnn,ok,"[""Privilege state: uid_is_root and euid_root are both set, indicating a genuine root context."", ""Mechanism: is_suid_exec is not set, but the combination of uid_is_root, euid_root, and auid_euid_mismatch suggests a privilege escalation attempt."", ""Behavioural anomaly: events_per_second is extremely high, indicating a potential attack, and failed_call_rate is also high, suggesting a failed escalation attempt."", ""Benign-explanation test: the short lifetime and high throughput make it unlikely to be a routine admin script or health-check."", ""Decide: the combination of privilege escalation indicators and behavioural anomalies outweighs XGBoost's benign call; this supports the CNN.""]","[""events_per_second"", ""uid_is_root"", ""euid_root"", ""auid_euid_mismatch"", ""failed_call_rate""]","{
  ""verdict"": ""MALICIOUS"",
  ""confidence"": 0.92,
  ""rationale_steps"": [
    ""Privilege state: uid_is_root and euid_root are both set, indicating a genuine root context."",
    ""Mechanism: is_suid_exec is not set, but the combination of uid_is_root, euid_root, and auid_euid_mismatch suggests a privilege escalation attempt."",
    ""Behavioural anomaly: events_per_second is extremely high, indicating a potential attack, and failed_call_rate is also high, suggesting a failed escalation attempt."",
    ""Benign-explanation test: the short lifetime and high throughput make it unlikely to be a routine admin script or health-check."",
    ""Decide: the combination of privilege escalation indicators and behavioural anomalies outweighs XGBoost's benign call; this supports the CNN.""
  ],
  ""key_features"": [""events_per_second"", ""uid_is_root"", ""euid_root"", ""auid_euid_mismatch"", ""failed_call_rate""],
  ""agrees_with"": ""cnn""
}"
44333,4,1,T1078_Valid_Accounts,0,1,0.3245709240436554,0.9654507040977478,xgb_benign_cnn_malicious,MALICIOUS,1,0.92,cnn,ok,"[""Privilege state: uid_is_root and euid_root are both set, indicating a genuine root context."", ""Mechanism: is_suid_exec is not set, but the combination of uid_is_root, euid_root, and ephemeral_privileged suggests a privilege escalation attempt."", ""Behavioural anomaly: the process held privilege for a short time, and there is no sensitive-path access, but the network_count is low, which is consistent with an incomplete escalation attempt."", ""Benign-explanation test: the short lifetime and lack of throughput argue against a routine admin script, cron job, or health-check."", ""Decide: the evidence supports CNN's call, as the privilege escalation attempt is not fully completed, but the indicators are consistent with a malicious activity.""]","[""uid_is_root"", ""euid_root"", ""max_uid_euid_delta"", ""ephemeral_privileged"", ""network_count""]","{
  ""verdict"": ""MALICIOUS"",
  ""confidence"": 0.92,
  ""rationale_steps"": [
    ""Privilege state: uid_is_root and euid_root are both set, indicating a genuine root context."",
    ""Mechanism: is_suid_exec is not set, but the combination of uid_is_root, euid_root, and ephemeral_privileged suggests a privilege escalation attempt."",
    ""Behavioural anomaly: the process held privilege for a short time, and there is no sensitive-path access, but the network_count is low, which is consistent with an incomplete escalation attempt."",
    ""Benign-explanation test: the short lifetime and lack of throughput argue against a routine admin script, cron job, or health-check."",
    ""Decide: the evidence supports CNN's call, as the privilege escalation attempt is not fully completed, but the indicators are consistent with a malicious activity.""
  ],
  ""key_features"": [""uid_is_root"", ""euid_root"", ""max_uid_euid_delta"", ""ephemeral_privileged"", ""network_count""],
  ""agrees_with"": ""cnn""
}"
44349,4,1,T1078_Valid_Accounts,0,1,0.5382307767868042,0.9489884972572328,xgb_benign_cnn_malicious,MALICIOUS,1,0.95,cnn,ok,"[""Privilege state: uid_is_root and euid_root are both set, indicating a genuine root context."", ""Mechanism: is_suid_exec is not set, but the presence of a root context and a high priv_op_count suggests a privilege escalation attempt."", ""Behavioural anomaly: the process is ephemeral and privileged, and there is no network activity, which is unusual for a benign process."", ""Benign-explanation test: the short lifetime and high throughput of the process make it unlikely to be a routine admin script or health-check."", ""Decide: the evidence supports CNN's call, as the root context and high priv_op_count are strong indicators of a privilege escalation attempt.""]","[""uid_is_root"", ""euid_root"", ""ephemeral_privileged"", ""priv_op_count"", ""max_uid_euid_delta""]","{
  ""verdict"": ""MALICIOUS"",
  ""confidence"": 0.95,
  ""rationale_steps"": [
    ""Privilege state: uid_is_root and euid_root are both set, indicating a genuine root context."",
    ""Mechanism: is_suid_exec is not set, but the presence of a root context and a high priv_op_count suggests a privilege escalation attempt."",
    ""Behavioural anomaly: the process is ephemeral and privileged, and there is no network activity, which is unusual for a benign process."",
    ""Benign-explanation test: the short lifetime and high throughput of the process make it unlikely to be a routine admin script or health-check."",
    ""Decide: the evidence supports CNN's call, as the root context and high priv_op_count are strong indicators of a privilege escalation attempt.""
  ],
  ""key_features"": [""uid_is_root"", ""euid_root"", ""ephemeral_privileged"", ""priv_op_count"", ""max_uid_euid_delta""],
  ""agrees_with"": ""cnn""
}"
44656,4,0,benign,0,1,0.5382307767868042,0.9489884972572328,xgb_benign_cnn_malicious,MALICIOUS,1,0.95,cnn,ok,"[""Privilege state: uid_is_root and euid_root are both set, indicating a genuine root context."", ""Mechanism: is_suid_exec is not set, but the presence of uid_is_root and euid_root alongside ephemeral_privileged suggests a privilege escalation attempt."", ""Behavioural anomaly: the process held privilege for a short time, and there is no sensitive-path access, but the network_count is 0, which is unusual for an attack."", ""Benign-explanation test: the short lifetime and lack of throughput make it unlikely to be a routine admin script, cron job, or health-check."", ""Decide: the evidence supports CNN's call, as the privilege escalation attempt and unusual network activity outweigh XGBoost's benign call.""]","[""uid_is_root"", ""euid_root"", ""max_uid_euid_delta"", ""ephemeral_privileged"", ""network_count""]","{
  ""verdict"": ""MALICIOUS"",
  ""confidence"": 0.95,
  ""rationale_steps"": [
    ""Privilege state: uid_is_root and euid_root are both set, indicating a genuine root context."",
    ""Mechanism: is_suid_exec is not set, but the presence of uid_is_root and euid_root alongside ephemeral_privileged suggests a privilege escalation attempt."",
    ""Behavioural anomaly: the process held privilege for a short time, and there is no sensitive-path access, but the network_count is 0, which is unusual for an attack."",
    ""Benign-explanation test: the short lifetime and lack of throughput make it unlikely to be a routine admin script, cron job, or health-check."",
    ""Decide: the evidence supports CNN's call, as the privilege escalation attempt and unusual network activity outweigh XGBoost's benign call.""
  ],
  ""key_features"": [""uid_is_root"", ""euid_root"", ""max_uid_euid_delta"", ""ephemeral_privileged"", ""network_count""],
  ""agrees_with"": ""cnn""
}"
45040,4,0,benign,0,1,0.5382307767868042,0.9489884972572328,xgb_benign_cnn_malicious,MALICIOUS,1,0.95,cnn,ok,"[""Privilege state: uid_is_root and euid_root are both set, indicating a genuine root context."", ""Mechanism: is_suid_exec is not set, but the presence of uid_is_root and euid_root alongside ephemeral_privileged suggests a privilege escalation attempt."", ""Behavioural anomaly: the process held privilege for a short time, and there is no sensitive-path access, but the network_count is 0, which is unusual for an attack."", ""Benign-explanation test: the short lifetime and lack of throughput make it unlikely to be a routine admin script, cron job, or health-check."", ""Decide: the evidence supports CNN's call, as the privilege escalation attempt and unusual network activity outweigh XGBoost's benign call.""]","[""uid_is_root"", ""euid_root"", ""max_uid_euid_delta"", ""ephemeral_privileged"", ""network_count""]","{
  ""verdict"": ""MALICIOUS"",
  ""confidence"": 0.95,
  ""rationale_steps"": [
    ""Privilege state: uid_is_root and euid_root are both set, indicating a genuine root context."",
    ""Mechanism: is_suid_exec is not set, but the presence of uid_is_root and euid_root alongside ephemeral_privileged suggests a privilege escalation attempt."",
    ""Behavioural anomaly: the process held privilege for a short time, and there is no sensitive-path access, but the network_count is 0, which is unusual for an attack."",
    ""Benign-explanation test: the short lifetime and lack of throughput make it unlikely to be a routine admin script, cron job, or health-check."",
    ""Decide: the evidence supports CNN's call, as the privilege escalation attempt and unusual network activity outweigh XGBoost's benign call.""
  ],
  ""key_features"": [""uid_is_root"", ""euid_root"", ""max_uid_euid_delta"", ""ephemeral_privileged"", ""network_count""],
  ""agrees_with"": ""cnn""
}"
45450,4,0,benign,0,1,0.3245709240436554,0.9654507040977478,xgb_benign_cnn_malicious,MALICIOUS,1,0.92,cnn,ok,"[""Privilege state: uid_is_root and euid_root are both set, indicating a genuine root context."", ""Mechanism: is_suid_exec is not set, but the combination of uid_is_root, euid_root, and ephemeral_privileged suggests a privilege escalation attempt."", ""Behavioural anomaly: the process held privilege for a short time, and there is no sensitive-path access, but the network_count is low, which is consistent with an incomplete escalation attempt."", ""Benign-explanation test: the short lifetime and lack of throughput argue against a routine admin script, cron job, or health-check."", ""Decide: the evidence supports CNN's call, as the privilege escalation attempt is not fully completed, but the indicators are consistent with a malicious activity.""]","[""uid_is_root"", ""euid_root"", ""max_uid_euid_delta"", ""ephemeral_privileged"", ""network_count""]","{
  ""verdict"": ""MALICIOUS"",
  ""confidence"": 0.92,
  ""rationale_steps"": [
    ""Privilege state: uid_is_root and euid_root are both set, indicating a genuine root context."",
    ""Mechanism: is_suid_exec is not set, but the combination of uid_is_root, euid_root, and ephemeral_privileged suggests a privilege escalation attempt."",
    ""Behavioural anomaly: the process held privilege for a short time, and there is no sensitive-path access, but the network_count is low, which is consistent with an incomplete escalation attempt."",
    ""Benign-explanation test: the short lifetime and lack of throughput argue against a routine admin script, cron job, or health-check."",
    ""Decide: the evidence supports CNN's call, as the privilege escalation attempt is not fully completed, but the indicators are consistent with a malicious activity.""
  ],
  ""key_features"": [""uid_is_root"", ""euid_root"", ""max_uid_euid_delta"", ""ephemeral_privileged"", ""network_count""],
  ""agrees_with"": ""cnn""
}"
45451,4,0,benign,0,1,0.4626511931419372,0.7419862747192383,xgb_benign_cnn_malicious,MALICIOUS,1,0.92,cnn,ok,"[""Privilege state: uid_is_root and euid_root are both set, indicating a genuine root context."", ""Mechanism: is_suid_exec is not set, but the combination of uid_is_root, euid_root, and auid_euid_mismatch suggests a privilege escalation attempt."", ""Behavioural anomaly: events_per_second is extremely high, indicating a potential attack, and failed_call_rate is also high, suggesting a failed escalation attempt."", ""Benign-explanation test: the short lifetime and high throughput make it unlikely to be a routine admin script or health-check."", ""Decide: the combination of privilege escalation indicators and behavioural anomalies outweighs XGBoost's benign call; this supports the CNN.""]","[""events_per_second"", ""uid_is_root"", ""euid_root"", ""auid_euid_mismatch"", ""failed_call_rate""]","{
  ""verdict"": ""MALICIOUS"",
  ""confidence"": 0.92,
  ""rationale_steps"": [
    ""Privilege state: uid_is_root and euid_root are both set, indicating a genuine root context."",
    ""Mechanism: is_suid_exec is not set, but the combination of uid_is_root, euid_root, and auid_euid_mismatch suggests a privilege escalation attempt."",
    ""Behavioural anomaly: events_per_second is extremely high, indicating a potential attack, and failed_call_rate is also high, suggesting a failed escalation attempt."",
    ""Benign-explanation test: the short lifetime and high throughput make it unlikely to be a routine admin script or health-check."",
    ""Decide: the combination of privilege escalation indicators and behavioural anomalies outweighs XGBoost's benign call; this supports the CNN.""
  ],
  ""key_features"": [""events_per_second"", ""uid_is_root"", ""euid_root"", ""auid_euid_mismatch"", ""failed_call_rate""],
  ""agrees_with"": ""cnn""
}"
45728,1,0,benign,0,1,0.4763945043087005,0.9780054688453674,xgb_benign_cnn_malicious,MALICIOUS,1,0.92,cnn,ok,"[""Privilege state: uid_is_root, euid_root, and max_uid_euid_delta are all at p99+, indicating a genuine root context and privilege transition."", ""Mechanism: is_suid_exec is not set, but the combination of uid_is_root, uid_changed, and euid_root suggests a setuid-shell escalation."", ""Behavioural anomaly: failed_call_rate is high, indicating a high rate of failed syscalls, and ephemeral_privileged is set, indicating a short-lived process that held privilege."", ""Benign-explanation test: the short lifetime and high failed_call_rate make it unlikely to be a routine admin script, cron job, or health-check."", ""Decide: the combination of privilege state and behavioural anomalies outweighs XGBoost's benign call; this supports the CNN.""]","[""uid_is_root"", ""uid_changed"", ""euid_root"", ""max_uid_euid_delta"", ""failed_call_rate""]","{
  ""verdict"": ""MALICIOUS"",
  ""confidence"": 0.92,
  ""rationale_steps"": [
    ""Privilege state: uid_is_root, euid_root, and max_uid_euid_delta are all at p99+, indicating a genuine root context and privilege transition."",
    ""Mechanism: is_suid_exec is not set, but the combination of uid_is_root, uid_changed, and euid_root suggests a setuid-shell escalation."",
    ""Behavioural anomaly: failed_call_rate is high, indicating a high rate of failed syscalls, and ephemeral_privileged is set, indicating a short-lived process that held privilege."",
    ""Benign-explanation test: the short lifetime and high failed_call_rate make it unlikely to be a routine admin script, cron job, or health-check."",
    ""Decide: the combination of privilege state and behavioural anomalies outweighs XGBoost's benign call; this supports the CNN.""
  ],
  ""key_features"": [""uid_is_root"", ""uid_changed"", ""euid_root"", ""max_uid_euid_delta"", ""failed_call_rate""],
  ""agrees_with"": ""cnn""
}"
45753,4,0,benign,0,1,0.4626511931419372,0.7419862747192383,xgb_benign_cnn_malicious,MALICIOUS,1,0.92,cnn,ok,"[""Privilege state: uid_is_root and euid_root are both set, indicating a genuine root context."", ""Mechanism: is_suid_exec is not set, but the combination of uid_is_root, euid_root, and auid_euid_mismatch suggests a privilege escalation attempt."", ""Behavioural anomaly: events_per_second is extremely high, indicating a potential attack, and failed_call_rate is also high, suggesting a failed escalation attempt."", ""Benign-explanation test: the short lifetime and high throughput make it unlikely to be a routine admin script or health-check."", ""Decide: the combination of privilege escalation indicators and behavioural anomalies outweighs XGBoost's benign call; this supports the CNN.""]","[""events_per_second"", ""uid_is_root"", ""euid_root"", ""auid_euid_mismatch"", ""failed_call_rate""]","{
  ""verdict"": ""MALICIOUS"",
  ""confidence"": 0.92,
  ""rationale_steps"": [
    ""Privilege state: uid_is_root and euid_root are both set, indicating a genuine root context."",
    ""Mechanism: is_suid_exec is not set, but the combination of uid_is_root, euid_root, and auid_euid_mismatch suggests a privilege escalation attempt."",
    ""Behavioural anomaly: events_per_second is extremely high, indicating a potential attack, and failed_call_rate is also high, suggesting a failed escalation attempt."",
    ""Benign-explanation test: the short lifetime and high throughput make it unlikely to be a routine admin script or health-check."",
    ""Decide: the combination of privilege escalation indicators and behavioural anomalies outweighs XGBoost's benign call; this supports the CNN.""
  ],
  ""key_features"": [""events_per_second"", ""uid_is_root"", ""euid_root"", ""auid_euid_mismatch"", ""failed_call_rate""],
  ""agrees_with"": ""cnn""
}"
46001,4,0,benign,0,1,0.5382307767868042,0.9489884972572328,xgb_benign_cnn_malicious,MALICIOUS,1,0.95,cnn,ok,"[""Privilege state: uid_is_root and euid_root are both set, indicating a genuine root context."", ""Mechanism: is_suid_exec is not set, but the presence of a root context and a high priv_op_count suggests a privilege escalation attempt."", ""Behavioural anomaly: the process is ephemeral and privileged, and there is no network activity, which is unusual for a benign process."", ""Benign-explanation test: the short lifetime and high throughput of the process make it unlikely to be a routine admin script or health-check."", ""Decide: the evidence supports CNN's call, as the root context and high priv_op_count are strong indicators of a privilege escalation attempt.""]","[""uid_is_root"", ""euid_root"", ""ephemeral_privileged"", ""priv_op_count"", ""max_uid_euid_delta""]","{
  ""verdict"": ""MALICIOUS"",
  ""confidence"": 0.95,
  ""rationale_steps"": [
    ""Privilege state: uid_is_root and euid_root are both set, indicating a genuine root context."",
    ""Mechanism: is_suid_exec is not set, but the presence of a root context and a high priv_op_count suggests a privilege escalation attempt."",
    ""Behavioural anomaly: the process is ephemeral and privileged, and there is no network activity, which is unusual for a benign process."",
    ""Benign-explanation test: the short lifetime and high throughput of the process make it unlikely to be a routine admin script or health-check."",
    ""Decide: the evidence supports CNN's call, as the root context and high priv_op_count are strong indicators of a privilege escalation attempt.""
  ],
  ""key_features"": [""uid_is_root"", ""euid_root"", ""ephemeral_privileged"", ""priv_op_count"", ""max_uid_euid_delta""],
  ""agrees_with"": ""cnn""
}"
46106,4,0,benign,0,1,0.5382307767868042,0.9489884972572328,xgb_benign_cnn_malicious,MALICIOUS,1,0.95,cnn,ok,"[""Privilege state: uid_is_root and euid_root are both set, indicating a genuine root context."", ""Mechanism: is_suid_exec is not set, but the presence of uid_is_root and euid_root alongside ephemeral_privileged suggests a privilege escalation attempt."", ""Behavioural anomaly: the process held privilege for a short time, and there is no sensitive-path access, but the network_count is 0, which is unusual for an attack."", ""Benign-explanation test: the short lifetime and lack of throughput make it unlikely to be a routine admin script, cron job, or health-check."", ""Decide: the evidence supports CNN's call, as the privilege escalation attempt and unusual network activity outweigh XGBoost's benign call.""]","[""uid_is_root"", ""euid_root"", ""max_uid_euid_delta"", ""ephemeral_privileged"", ""network_count""]","{
  ""verdict"": ""MALICIOUS"",
  ""confidence"": 0.95,
  ""rationale_steps"": [
    ""Privilege state: uid_is_root and euid_root are both set, indicating a genuine root context."",
    ""Mechanism: is_suid_exec is not set, but the presence of uid_is_root and euid_root alongside ephemeral_privileged suggests a privilege escalation attempt."",
    ""Behavioural anomaly: the process held privilege for a short time, and there is no sensitive-path access, but the network_count is 0, which is unusual for an attack."",
    ""Benign-explanation test: the short lifetime and lack of throughput make it unlikely to be a routine admin script, cron job, or health-check."",
    ""Decide: the evidence supports CNN's call, as the privilege escalation attempt and unusual network activity outweigh XGBoost's benign call.""
  ],
  ""key_features"": [""uid_is_root"", ""euid_root"", ""max_uid_euid_delta"", ""ephemeral_privileged"", ""network_count""],
  ""agrees_with"": ""cnn""
}"
46392,4,0,benign,0,1,0.5382307767868042,0.9489884972572328,xgb_benign_cnn_malicious,MALICIOUS,1,0.95,cnn,ok,"[""Privilege state: uid_is_root and euid_root are both set, indicating a genuine root context."", ""Mechanism: is_suid_exec is not set, but the presence of uid_is_root and euid_root alongside ephemeral_privileged suggests a privilege escalation attempt."", ""Behavioural anomaly: the process held privilege for a short time, and there is no sensitive-path access, but the network_count is 0, which is unusual for an attack."", ""Benign-explanation test: the short lifetime and lack of throughput make it unlikely to be a routine admin script, cron job, or health-check."", ""Decide: the evidence supports CNN's call, as the privilege escalation attempt and unusual network activity outweigh XGBoost's benign call.""]","[""uid_is_root"", ""euid_root"", ""max_uid_euid_delta"", ""ephemeral_privileged"", ""network_count""]","{
  ""verdict"": ""MALICIOUS"",
  ""confidence"": 0.95,
  ""rationale_steps"": [
    ""Privilege state: uid_is_root and euid_root are both set, indicating a genuine root context."",
    ""Mechanism: is_suid_exec is not set, but the presence of uid_is_root and euid_root alongside ephemeral_privileged suggests a privilege escalation attempt."",
    ""Behavioural anomaly: the process held privilege for a short time, and there is no sensitive-path access, but the network_count is 0, which is unusual for an attack."",
    ""Benign-explanation test: the short lifetime and lack of throughput make it unlikely to be a routine admin script, cron job, or health-check."",
    ""Decide: the evidence supports CNN's call, as the privilege escalation attempt and unusual network activity outweigh XGBoost's benign call.""
  ],
  ""key_features"": [""uid_is_root"", ""euid_root"", ""max_uid_euid_delta"", ""ephemeral_privileged"", ""network_count""],
  ""agrees_with"": ""cnn""
}"
46440,4,0,benign,0,1,0.4626511931419372,0.7419862747192383,xgb_benign_cnn_malicious,MALICIOUS,1,0.92,cnn,ok,"[""Privilege state: uid_is_root and euid_root are both set, indicating a genuine root context."", ""Mechanism: is_suid_exec is not set, but the combination of uid_is_root, euid_root, and auid_euid_mismatch suggests a privilege escalation attempt."", ""Behavioural anomaly: events_per_second is extremely high, indicating a potential attack, and failed_call_rate is also high, suggesting a failed escalation attempt."", ""Benign-explanation test: the short lifetime and high throughput make it unlikely to be a routine admin script or health-check."", ""Decide: the combination of privilege escalation indicators and behavioural anomalies outweighs XGBoost's benign call; this supports the CNN.""]","[""events_per_second"", ""uid_is_root"", ""euid_root"", ""auid_euid_mismatch"", ""failed_call_rate""]","{
  ""verdict"": ""MALICIOUS"",
  ""confidence"": 0.92,
  ""rationale_steps"": [
    ""Privilege state: uid_is_root and euid_root are both set, indicating a genuine root context."",
    ""Mechanism: is_suid_exec is not set, but the combination of uid_is_root, euid_root, and auid_euid_mismatch suggests a privilege escalation attempt."",
    ""Behavioural anomaly: events_per_second is extremely high, indicating a potential attack, and failed_call_rate is also high, suggesting a failed escalation attempt."",
    ""Benign-explanation test: the short lifetime and high throughput make it unlikely to be a routine admin script or health-check."",
    ""Decide: the combination of privilege escalation indicators and behavioural anomalies outweighs XGBoost's benign call; this supports the CNN.""
  ],
  ""key_features"": [""events_per_second"", ""uid_is_root"", ""euid_root"", ""auid_euid_mismatch"", ""failed_call_rate""],
  ""agrees_with"": ""cnn""
}"
46596,4,0,benign,0,1,0.4626511931419372,0.7419862747192383,xgb_benign_cnn_malicious,MALICIOUS,1,0.92,cnn,ok,"[""Privilege state: uid_is_root and euid_root are both set, indicating a genuine root context."", ""Mechanism: is_suid_exec is not set, but the combination of uid_is_root, euid_root, and auid_euid_mismatch suggests a privilege escalation attempt."", ""Behavioural anomaly: events_per_second is extremely high, indicating a high syscall throughput, and failed_call_rate is also high, suggesting a process that is attempting to escalate privileges."", ""Benign-explanation test: the short lifetime and high syscall throughput make it unlikely that this is a routine admin script, cron job, or health-check."", ""Decide: the combination of privilege escalation indicators and behavioural anomalies outweighs XGBoost's benign call; this supports the CNN.""]","[""events_per_second"", ""uid_is_root"", ""euid_root"", ""auid_euid_mismatch"", ""failed_call_rate""]","{
  ""verdict"": ""MALICIOUS"",
  ""confidence"": 0.92,
  ""rationale_steps"": [
    ""Privilege state: uid_is_root and euid_root are both set, indicating a genuine root context."",
    ""Mechanism: is_suid_exec is not set, but the combination of uid_is_root, euid_root, and auid_euid_mismatch suggests a privilege escalation attempt."",
    ""Behavioural anomaly: events_per_second is extremely high, indicating a high syscall throughput, and failed_call_rate is also high, suggesting a process that is attempting to escalate privileges."",
    ""Benign-explanation test: the short lifetime and high syscall throughput make it unlikely that this is a routine admin script, cron job, or health-check."",
    ""Decide: the combination of privilege escalation indicators and behavioural anomalies outweighs XGBoost's benign call; this supports the CNN.""
  ],
  ""key_features"": [""events_per_second"", ""uid_is_root"", ""euid_root"", ""auid_euid_mismatch"", ""failed_call_rate""],
  ""agrees_with"": ""cnn""
}"
46654,4,0,benign,0,1,0.4626511931419372,0.7419862747192383,xgb_benign_cnn_malicious,MALICIOUS,1,0.92,cnn,ok,"[""Privilege state: uid_is_root and euid_root are both set, indicating a genuine root context."", ""Mechanism: is_suid_exec is not set, but the combination of uid_is_root, euid_root, and auid_euid_mismatch suggests a privilege escalation attempt."", ""Behavioural anomaly: events_per_second is extremely high, indicating a high syscall throughput, and failed_call_rate is also high, suggesting a process that is attempting to escalate privileges."", ""Benign-explanation test: the short lifetime and high syscall throughput make it unlikely that this is a routine admin script, cron job, or health-check."", ""Decide: the combination of privilege escalation indicators and behavioural anomalies outweighs XGBoost's benign call; this supports the CNN.""]","[""events_per_second"", ""uid_is_root"", ""euid_root"", ""auid_euid_mismatch"", ""failed_call_rate""]","{
  ""verdict"": ""MALICIOUS"",
  ""confidence"": 0.92,
  ""rationale_steps"": [
    ""Privilege state: uid_is_root and euid_root are both set, indicating a genuine root context."",
    ""Mechanism: is_suid_exec is not set, but the combination of uid_is_root, euid_root, and auid_euid_mismatch suggests a privilege escalation attempt."",
    ""Behavioural anomaly: events_per_second is extremely high, indicating a high syscall throughput, and failed_call_rate is also high, suggesting a process that is attempting to escalate privileges."",
    ""Benign-explanation test: the short lifetime and high syscall throughput make it unlikely that this is a routine admin script, cron job, or health-check."",
    ""Decide: the combination of privilege escalation indicators and behavioural anomalies outweighs XGBoost's benign call; this supports the CNN.""
  ],
  ""key_features"": [""events_per_second"", ""uid_is_root"", ""euid_root"", ""auid_euid_mismatch"", ""failed_call_rate""],
  ""agrees_with"": ""cnn""
}"
46940,3,0,benign,0,1,0.6923177242279053,0.9917534589767456,xgb_benign_cnn_malicious,MALICIOUS,1,0.99,cnn,ok,"[""Privilege state: uid_is_root and euid_root are both set, indicating a root context."", ""Mechanism: is_suid_exec is not set, but the presence of uid_is_root and euid_root suggests a privilege escalation attempt."", ""Behavioural anomaly: unique_syscalls is high, indicating a novel syscall pattern, and ephemeral_privileged is set, suggesting a short-lived privileged process."", ""Benign-explanation test: the short lifetime and high throughput do not suggest a routine admin script or health-check."", ""Decide: the evidence supports CNN's call, with multiple indicators of privilege escalation and a novel syscall pattern.""]","[""uid_is_root"", ""euid_root"", ""unique_syscalls"", ""ephemeral_privileged"", ""max_uid_euid_delta""]","{
  ""verdict"": ""MALICIOUS"",
  ""confidence"": 0.99,
  ""rationale_steps"": [
    ""Privilege state: uid_is_root and euid_root are both set, indicating a root context."",
    ""Mechanism: is_suid_exec is not set, but the presence of uid_is_root and euid_root suggests a privilege escalation attempt."",
    ""Behavioural anomaly: unique_syscalls is high, indicating a novel syscall pattern, and ephemeral_privileged is set, suggesting a short-lived privileged process."",
    ""Benign-explanation test: the short lifetime and high throughput do not suggest a routine admin script or health-check."",
    ""Decide: the evidence supports CNN's call, with multiple indicators of privilege escalation and a novel syscall pattern.""
  ],
  ""key_features"": [""uid_is_root"", ""euid_root"", ""unique_syscalls"", ""ephemeral_privileged"", ""max_uid_euid_delta""],
  ""agrees_with"": ""cnn""
}"
47032,3,1,T1078_Valid_Accounts,0,1,0.6923177242279053,0.9917534589767456,xgb_benign_cnn_malicious,MALICIOUS,1,0.92,cnn,ok,"[""Privilege state: uid_is_root and euid_root are both set, indicating a root context."", ""Mechanism: is_suid_exec is not set, but the presence of uid_is_root and euid_root suggests a privilege escalation attempt."", ""Behavioural anomaly: unique_syscalls is high, indicating a novel syscall pattern, and ephemeral_privileged is set, suggesting a short-lived privileged process."", ""Benign-explanation test: the short lifetime and high throughput do not suggest a routine admin script or health-check."", ""Decide: the evidence supports CNN's call, as the privilege escalation attempt and novel syscall pattern outweigh XGBoost's benign call.""]","[""uid_is_root"", ""euid_root"", ""unique_syscalls"", ""ephemeral_privileged"", ""max_uid_euid_delta""]","{
  ""verdict"": ""MALICIOUS"",
  ""confidence"": 0.92,
  ""rationale_steps"": [
    ""Privilege state: uid_is_root and euid_root are both set, indicating a root context."",
    ""Mechanism: is_suid_exec is not set, but the presence of uid_is_root and euid_root suggests a privilege escalation attempt."",
    ""Behavioural anomaly: unique_syscalls is high, indicating a novel syscall pattern, and ephemeral_privileged is set, suggesting a short-lived privileged process."",
    ""Benign-explanation test: the short lifetime and high throughput do not suggest a routine admin script or health-check."",
    ""Decide: the evidence supports CNN's call, as the privilege escalation attempt and novel syscall pattern outweigh XGBoost's benign call.""
  ],
  ""key_features"": [""uid_is_root"", ""euid_root"", ""unique_syscalls"", ""ephemeral_privileged"", ""max_uid_euid_delta""],
  ""agrees_with"": ""cnn""
}"
47702,4,0,benign,0,1,0.3245709240436554,0.9654507040977478,xgb_benign_cnn_malicious,MALICIOUS,1,0.92,cnn,ok,"[""Privilege state: uid_is_root and euid_root are both set, indicating a genuine root context."", ""Mechanism: is_suid_exec is not set, but the combination of uid_is_root, euid_root, and ephemeral_privileged suggests a privilege escalation attempt."", ""Behavioural anomaly: the process held privilege for a short time, and there is no sensitive-path access, but the network_count is low, which is consistent with an incomplete escalation attempt."", ""Benign-explanation test: the short lifetime and lack of throughput argue against a routine admin script, cron job, or health-check."", ""Decide: the evidence supports CNN's call, as the privilege escalation attempt is not fully completed, but the indicators are consistent with a malicious activity.""]","[""uid_is_root"", ""euid_root"", ""max_uid_euid_delta"", ""ephemeral_privileged"", ""network_count""]","{
  ""verdict"": ""MALICIOUS"",
  ""confidence"": 0.92,
  ""rationale_steps"": [
    ""Privilege state: uid_is_root and euid_root are both set, indicating a genuine root context."",
    ""Mechanism: is_suid_exec is not set, but the combination of uid_is_root, euid_root, and ephemeral_privileged suggests a privilege escalation attempt."",
    ""Behavioural anomaly: the process held privilege for a short time, and there is no sensitive-path access, but the network_count is low, which is consistent with an incomplete escalation attempt."",
    ""Benign-explanation test: the short lifetime and lack of throughput argue against a routine admin script, cron job, or health-check."",
    ""Decide: the evidence supports CNN's call, as the privilege escalation attempt is not fully completed, but the indicators are consistent with a malicious activity.""
  ],
  ""key_features"": [""uid_is_root"", ""euid_root"", ""max_uid_euid_delta"", ""ephemeral_privileged"", ""network_count""],
  ""agrees_with"": ""cnn""
}"
47761,4,0,benign,0,1,0.4626511931419372,0.7419862747192383,xgb_benign_cnn_malicious,MALICIOUS,1,0.92,cnn,ok,"[""Privilege state: uid_is_root and euid_root are both set, indicating a genuine root context."", ""Mechanism: is_suid_exec is not set, but the combination of uid_is_root, euid_root, and auid_euid_mismatch suggests a privilege escalation attempt."", ""Behavioural anomaly: events_per_second is extremely high, indicating a potential attack, and failed_call_rate is also high, suggesting a failed escalation attempt."", ""Benign-explanation test: the short lifetime and high throughput make it unlikely to be a routine admin script or health-check."", ""Decide: the combination of privilege escalation indicators and behavioural anomalies outweighs XGBoost's benign call; this supports the CNN.""]","[""events_per_second"", ""uid_is_root"", ""euid_root"", ""auid_euid_mismatch"", ""failed_call_rate""]","{
  ""verdict"": ""MALICIOUS"",
  ""confidence"": 0.92,
  ""rationale_steps"": [
    ""Privilege state: uid_is_root and euid_root are both set, indicating a genuine root context."",
    ""Mechanism: is_suid_exec is not set, but the combination of uid_is_root, euid_root, and auid_euid_mismatch suggests a privilege escalation attempt."",
    ""Behavioural anomaly: events_per_second is extremely high, indicating a potential attack, and failed_call_rate is also high, suggesting a failed escalation attempt."",
    ""Benign-explanation test: the short lifetime and high throughput make it unlikely to be a routine admin script or health-check."",
    ""Decide: the combination of privilege escalation indicators and behavioural anomalies outweighs XGBoost's benign call; this supports the CNN.""
  ],
  ""key_features"": [""events_per_second"", ""uid_is_root"", ""euid_root"", ""auid_euid_mismatch"", ""failed_call_rate""],
  ""agrees_with"": ""cnn""
}"
47897,4,1,T1078_Valid_Accounts,0,1,0.5382307767868042,0.9489884972572328,xgb_benign_cnn_malicious,MALICIOUS,1,0.95,cnn,ok,"[""Privilege state: uid_is_root and euid_root are both set, indicating a genuine root context."", ""Mechanism: is_suid_exec is not set, but the presence of a root context and a high priv_op_count suggests a privilege escalation attempt."", ""Behavioural anomaly: the process is ephemeral and privileged, and there is no network activity, which is unusual for a benign process."", ""Benign-explanation test: the short lifetime and high throughput of the process make it unlikely to be a routine admin script or health-check."", ""Decide: the evidence supports CNN's call, as the root context and high priv_op_count are strong indicators of a privilege escalation attempt.""]","[""uid_is_root"", ""euid_root"", ""ephemeral_privileged"", ""priv_op_count"", ""max_uid_euid_delta""]","{
  ""verdict"": ""MALICIOUS"",
  ""confidence"": 0.95,
  ""rationale_steps"": [
    ""Privilege state: uid_is_root and euid_root are both set, indicating a genuine root context."",
    ""Mechanism: is_suid_exec is not set, but the presence of a root context and a high priv_op_count suggests a privilege escalation attempt."",
    ""Behavioural anomaly: the process is ephemeral and privileged, and there is no network activity, which is unusual for a benign process."",
    ""Benign-explanation test: the short lifetime and high throughput of the process make it unlikely to be a routine admin script or health-check."",
    ""Decide: the evidence supports CNN's call, as the root context and high priv_op_count are strong indicators of a privilege escalation attempt.""
  ],
  ""key_features"": [""uid_is_root"", ""euid_root"", ""ephemeral_privileged"", ""priv_op_count"", ""max_uid_euid_delta""],
  ""agrees_with"": ""cnn""
}"
48840,1,0,benign,0,1,0.6700179576873779,0.9232909083366394,xgb_benign_cnn_malicious,MALICIOUS,1,0.92,cnn,ok,"[""Privilege state: uid_is_root and euid_root are both set, indicating a genuine root context."", ""Mechanism: is_suid_exec is not set, but the process has executed a setuid/setgid binary, and a shell was spawned from a service context."", ""Behavioural anomaly: failed_call_count is high, and priv_op_count is low, indicating a potential escalation attempt."", ""Benign-explanation test: the short-lived process with root privileges and high failed syscall count is not consistent with a routine admin script or health-check."", ""Decide: the evidence supports CNN's call, as the process has a root context, executed a setuid binary, and has a high failed syscall count, outweighing XGBoost's benign call.""]","[""uid_is_root"", ""euid_root"", ""max_uid_euid_delta"", ""is_suid_exec"", ""ephemeral_privileged""]","{
  ""verdict"": ""MALICIOUS"",
  ""confidence"": 0.92,
  ""rationale_steps"": [
    ""Privilege state: uid_is_root and euid_root are both set, indicating a genuine root context."",
    ""Mechanism: is_suid_exec is not set, but the process has executed a setuid/setgid binary, and a shell was spawned from a service context."",
    ""Behavioural anomaly: failed_call_count is high, and priv_op_count is low, indicating a potential escalation attempt."",
    ""Benign-explanation test: the short-lived process with root privileges and high failed syscall count is not consistent with a routine admin script or health-check."",
    ""Decide: the evidence supports CNN's call, as the process has a root context, executed a setuid binary, and has a high failed syscall count, outweighing XGBoost's benign call.""
  ],
  ""key_features"": [""uid_is_root"", ""euid_root"", ""max_uid_euid_delta"", ""is_suid_exec"", ""ephemeral_privileged""],
  ""agrees_with"": ""cnn""
}"
49239,4,0,benign,0,1,0.5382307767868042,0.9489884972572328,xgb_benign_cnn_malicious,MALICIOUS,1,0.95,cnn,ok,"[""Privilege state: uid_is_root and euid_root are both set, indicating a genuine root context."", ""Mechanism: is_suid_exec is not set, but the presence of a root context and a high priv_op_count suggests a privilege escalation attempt."", ""Behavioural anomaly: the process is ephemeral and privileged, and there is no network activity, which is unusual for a benign process."", ""Benign-explanation test: the short lifetime and high throughput of the process make it unlikely to be a routine admin script or health-check."", ""Decide: the evidence supports CNN's call, as the root context and high priv_op_count are strong indicators of a privilege escalation attempt.""]","[""uid_is_root"", ""euid_root"", ""ephemeral_privileged"", ""priv_op_count"", ""max_uid_euid_delta""]","{
  ""verdict"": ""MALICIOUS"",
  ""confidence"": 0.95,
  ""rationale_steps"": [
    ""Privilege state: uid_is_root and euid_root are both set, indicating a genuine root context."",
    ""Mechanism: is_suid_exec is not set, but the presence of a root context and a high priv_op_count suggests a privilege escalation attempt."",
    ""Behavioural anomaly: the process is ephemeral and privileged, and there is no network activity, which is unusual for a benign process."",
    ""Benign-explanation test: the short lifetime and high throughput of the process make it unlikely to be a routine admin script or health-check."",
    ""Decide: the evidence supports CNN's call, as the root context and high priv_op_count are strong indicators of a privilege escalation attempt.""
  ],
  ""key_features"": [""uid_is_root"", ""euid_root"", ""ephemeral_privileged"", ""priv_op_count"", ""max_uid_euid_delta""],
  ""agrees_with"": ""cnn""
}"
49317,4,0,benign,0,1,0.5382307767868042,0.9489884972572328,xgb_benign_cnn_malicious,MALICIOUS,1,0.95,cnn,ok,"[""Privilege state: uid_is_root and euid_root are both set, indicating a genuine root context."", ""Mechanism: is_suid_exec is not set, but the presence of uid_is_root and euid_root alongside ephemeral_privileged suggests a privilege escalation attempt."", ""Behavioural anomaly: the process held privilege for a short time, and there is no sensitive-path access, but the network_count is 0, which is unusual for an attack."", ""Benign-explanation test: the short lifetime and lack of throughput make it unlikely to be a routine admin script, cron job, or health-check."", ""Decide: the evidence supports CNN's call, as the privilege escalation attempt and unusual network activity outweigh XGBoost's benign call.""]","[""uid_is_root"", ""euid_root"", ""max_uid_euid_delta"", ""ephemeral_privileged"", ""network_count""]","{
  ""verdict"": ""MALICIOUS"",
  ""confidence"": 0.95,
  ""rationale_steps"": [
    ""Privilege state: uid_is_root and euid_root are both set, indicating a genuine root context."",
    ""Mechanism: is_suid_exec is not set, but the presence of uid_is_root and euid_root alongside ephemeral_privileged suggests a privilege escalation attempt."",
    ""Behavioural anomaly: the process held privilege for a short time, and there is no sensitive-path access, but the network_count is 0, which is unusual for an attack."",
    ""Benign-explanation test: the short lifetime and lack of throughput make it unlikely to be a routine admin script, cron job, or health-check."",
    ""Decide: the evidence supports CNN's call, as the privilege escalation attempt and unusual network activity outweigh XGBoost's benign call.""
  ],
  ""key_features"": [""uid_is_root"", ""euid_root"", ""max_uid_euid_delta"", ""ephemeral_privileged"", ""network_count""],
  ""agrees_with"": ""cnn""
}"
49518,4,0,benign,0,1,0.4626511931419372,0.7419862747192383,xgb_benign_cnn_malicious,MALICIOUS,1,0.92,cnn,ok,"[""Privilege state: uid_is_root and euid_root are both set, indicating a genuine root context."", ""Mechanism: is_suid_exec is not set, but the combination of uid_is_root, euid_root, and auid_euid_mismatch suggests a privilege escalation attempt."", ""Behavioural anomaly: events_per_second is extremely high, indicating a potential attack, and failed_call_rate is also high, suggesting a failed escalation attempt."", ""Benign-explanation test: the short lifetime and high throughput make it unlikely to be a routine admin script or health-check."", ""Decide: the combination of privilege escalation indicators and behavioural anomalies outweighs XGBoost's benign call; this supports the CNN.""]","[""events_per_second"", ""uid_is_root"", ""euid_root"", ""auid_euid_mismatch"", ""failed_call_rate""]","{
  ""verdict"": ""MALICIOUS"",
  ""confidence"": 0.92,
  ""rationale_steps"": [
    ""Privilege state: uid_is_root and euid_root are both set, indicating a genuine root context."",
    ""Mechanism: is_suid_exec is not set, but the combination of uid_is_root, euid_root, and auid_euid_mismatch suggests a privilege escalation attempt."",
    ""Behavioural anomaly: events_per_second is extremely high, indicating a potential attack, and failed_call_rate is also high, suggesting a failed escalation attempt."",
    ""Benign-explanation test: the short lifetime and high throughput make it unlikely to be a routine admin script or health-check."",
    ""Decide: the combination of privilege escalation indicators and behavioural anomalies outweighs XGBoost's benign call; this supports the CNN.""
  ],
  ""key_features"": [""events_per_second"", ""uid_is_root"", ""euid_root"", ""auid_euid_mismatch"", ""failed_call_rate""],
  ""agrees_with"": ""cnn""
}"
49915,4,0,benign,0,1,0.5382307767868042,0.9489884972572328,xgb_benign_cnn_malicious,MALICIOUS,1,0.95,cnn,ok,"[""Privilege state: uid_is_root and euid_root are both set, indicating a genuine root context."", ""Mechanism: is_suid_exec is not set, but the presence of a root context and a high priv_op_count suggests a privilege escalation attempt."", ""Behavioural anomaly: the process is ephemeral and privileged, and there is no network activity, which is unusual for a benign process."", ""Benign-explanation test: the short lifetime and high throughput of the process make it unlikely to be a routine admin script or health-check."", ""Decide: the evidence supports CNN's call, as the root context and high priv_op_count are strong indicators of a privilege escalation attempt.""]","[""uid_is_root"", ""euid_root"", ""ephemeral_privileged"", ""priv_op_count"", ""max_uid_euid_delta""]","{
  ""verdict"": ""MALICIOUS"",
  ""confidence"": 0.95,
  ""rationale_steps"": [
    ""Privilege state: uid_is_root and euid_root are both set, indicating a genuine root context."",
    ""Mechanism: is_suid_exec is not set, but the presence of a root context and a high priv_op_count suggests a privilege escalation attempt."",
    ""Behavioural anomaly: the process is ephemeral and privileged, and there is no network activity, which is unusual for a benign process."",
    ""Benign-explanation test: the short lifetime and high throughput of the process make it unlikely to be a routine admin script or health-check."",
    ""Decide: the evidence supports CNN's call, as the root context and high priv_op_count are strong indicators of a privilege escalation attempt.""
  ],
  ""key_features"": [""uid_is_root"", ""euid_root"", ""ephemeral_privileged"", ""priv_op_count"", ""max_uid_euid_delta""],
  ""agrees_with"": ""cnn""
}"
50145,3,1,T1078_Valid_Accounts,0,1,0.6923177242279053,0.9917534589767456,xgb_benign_cnn_malicious,MALICIOUS,1,0.99,cnn,ok,"[""Privilege state: uid_is_root and euid_root are both set, indicating a root context."", ""Mechanism: is_suid_exec is not set, but the presence of uid_is_root and euid_root suggests a privilege escalation attempt."", ""Behavioural anomaly: unique_syscalls is high, indicating a novel syscall pattern, and ephemeral_privileged is set, suggesting a short-lived privileged process."", ""Benign-explanation test: the short lifetime and high throughput do not suggest a routine admin script or health-check."", ""Decide: the evidence supports CNN's call, with multiple indicators of privilege escalation and a novel syscall pattern.""]","[""uid_is_root"", ""euid_root"", ""unique_syscalls"", ""ephemeral_privileged"", ""max_uid_euid_delta""]","{
  ""verdict"": ""MALICIOUS"",
  ""confidence"": 0.99,
  ""rationale_steps"": [
    ""Privilege state: uid_is_root and euid_root are both set, indicating a root context."",
    ""Mechanism: is_suid_exec is not set, but the presence of uid_is_root and euid_root suggests a privilege escalation attempt."",
    ""Behavioural anomaly: unique_syscalls is high, indicating a novel syscall pattern, and ephemeral_privileged is set, suggesting a short-lived privileged process."",
    ""Benign-explanation test: the short lifetime and high throughput do not suggest a routine admin script or health-check."",
    ""Decide: the evidence supports CNN's call, with multiple indicators of privilege escalation and a novel syscall pattern.""
  ],
  ""key_features"": [""uid_is_root"", ""euid_root"", ""unique_syscalls"", ""ephemeral_privileged"", ""max_uid_euid_delta""],
  ""agrees_with"": ""cnn""
}"
50358,3,1,T1078_Valid_Accounts,0,1,0.6923177242279053,0.9917534589767456,xgb_benign_cnn_malicious,MALICIOUS,1,0.92,cnn,ok,"[""Privilege state: uid_is_root and euid_root are both set, indicating a root context."", ""Mechanism: is_suid_exec is not set, but the presence of uid_is_root and euid_root suggests a privilege escalation attempt."", ""Behavioural anomaly: unique_syscalls is high, indicating a novel syscall pattern, and ephemeral_privileged is set, suggesting a short-lived privileged process."", ""Benign-explanation test: the short lifetime and high throughput do not suggest a routine admin script or health-check."", ""Decide: the evidence supports CNN's call, as the privilege escalation attempt and novel syscall pattern outweigh XGBoost's benign call.""]","[""uid_is_root"", ""euid_root"", ""unique_syscalls"", ""ephemeral_privileged"", ""max_uid_euid_delta""]","{
  ""verdict"": ""MALICIOUS"",
  ""confidence"": 0.92,
  ""rationale_steps"": [
    ""Privilege state: uid_is_root and euid_root are both set, indicating a root context."",
    ""Mechanism: is_suid_exec is not set, but the presence of uid_is_root and euid_root suggests a privilege escalation attempt."",
    ""Behavioural anomaly: unique_syscalls is high, indicating a novel syscall pattern, and ephemeral_privileged is set, suggesting a short-lived privileged process."",
    ""Benign-explanation test: the short lifetime and high throughput do not suggest a routine admin script or health-check."",
    ""Decide: the evidence supports CNN's call, as the privilege escalation attempt and novel syscall pattern outweigh XGBoost's benign call.""
  ],
  ""key_features"": [""uid_is_root"", ""euid_root"", ""unique_syscalls"", ""ephemeral_privileged"", ""max_uid_euid_delta""],
  ""agrees_with"": ""cnn""
}"
50705,4,0,benign,0,1,0.5382307767868042,0.9489884972572328,xgb_benign_cnn_malicious,MALICIOUS,1,0.95,cnn,ok,"[""Privilege state: uid_is_root and euid_root are both set, indicating a genuine root context."", ""Mechanism: is_suid_exec is not set, but the presence of a root context and a high priv_op_count suggests a privilege escalation attempt."", ""Behavioural anomaly: the process is ephemeral and privileged, and there is no network activity, which is unusual for a benign process."", ""Benign-explanation test: the short lifetime and high throughput of the process make it unlikely to be a routine admin script or health-check."", ""Decide: the evidence supports CNN's call, as the root context and high priv_op_count are strong indicators of a privilege escalation attempt.""]","[""uid_is_root"", ""euid_root"", ""ephemeral_privileged"", ""priv_op_count"", ""max_uid_euid_delta""]","{
  ""verdict"": ""MALICIOUS"",
  ""confidence"": 0.95,
  ""rationale_steps"": [
    ""Privilege state: uid_is_root and euid_root are both set, indicating a genuine root context."",
    ""Mechanism: is_suid_exec is not set, but the presence of a root context and a high priv_op_count suggests a privilege escalation attempt."",
    ""Behavioural anomaly: the process is ephemeral and privileged, and there is no network activity, which is unusual for a benign process."",
    ""Benign-explanation test: the short lifetime and high throughput of the process make it unlikely to be a routine admin script or health-check."",
    ""Decide: the evidence supports CNN's call, as the root context and high priv_op_count are strong indicators of a privilege escalation attempt.""
  ],
  ""key_features"": [""uid_is_root"", ""euid_root"", ""ephemeral_privileged"", ""priv_op_count"", ""max_uid_euid_delta""],
  ""agrees_with"": ""cnn""
}"
50983,3,0,benign,0,1,0.6923177242279053,0.9917534589767456,xgb_benign_cnn_malicious,MALICIOUS,1,0.99,cnn,ok,"[""Privilege state: uid_is_root and euid_root are both set, indicating a root context."", ""Mechanism: is_suid_exec is not set, but the presence of uid_is_root and euid_root suggests a privilege escalation attempt."", ""Behavioural anomaly: unique_syscalls is high, indicating a novel syscall pattern, and ephemeral_privileged is set, suggesting a short-lived privileged process."", ""Benign-explanation test: the short lifetime and high throughput do not suggest a routine admin script or health-check."", ""Decide: the evidence supports CNN's call, with multiple indicators of privilege escalation and a novel syscall pattern.""]","[""uid_is_root"", ""euid_root"", ""unique_syscalls"", ""ephemeral_privileged"", ""max_uid_euid_delta""]","{
  ""verdict"": ""MALICIOUS"",
  ""confidence"": 0.99,
  ""rationale_steps"": [
    ""Privilege state: uid_is_root and euid_root are both set, indicating a root context."",
    ""Mechanism: is_suid_exec is not set, but the presence of uid_is_root and euid_root suggests a privilege escalation attempt."",
    ""Behavioural anomaly: unique_syscalls is high, indicating a novel syscall pattern, and ephemeral_privileged is set, suggesting a short-lived privileged process."",
    ""Benign-explanation test: the short lifetime and high throughput do not suggest a routine admin script or health-check."",
    ""Decide: the evidence supports CNN's call, with multiple indicators of privilege escalation and a novel syscall pattern.""
  ],
  ""key_features"": [""uid_is_root"", ""euid_root"", ""unique_syscalls"", ""ephemeral_privileged"", ""max_uid_euid_delta""],
  ""agrees_with"": ""cnn""
}"
51043,4,0,benign,0,1,0.3245709240436554,0.9654507040977478,xgb_benign_cnn_malicious,MALICIOUS,1,0.92,cnn,ok,"[""Privilege state: uid_is_root and euid_root are both set, indicating a genuine root context."", ""Mechanism: is_suid_exec is not set, but the combination of uid_is_root, euid_root, and ephemeral_privileged suggests a privilege escalation attempt."", ""Behavioural anomaly: the process held privilege for a short time, and there is no sensitive-path access, but the network_count is low, which is consistent with an incomplete escalation attempt."", ""Benign-explanation test: the short lifetime and lack of throughput argue against a routine admin script, cron job, or health-check."", ""Decide: the evidence supports CNN's call, as the privilege escalation attempt is not fully completed, but the indicators are consistent with a malicious activity.""]","[""uid_is_root"", ""euid_root"", ""max_uid_euid_delta"", ""ephemeral_privileged"", ""network_count""]","{
  ""verdict"": ""MALICIOUS"",
  ""confidence"": 0.92,
  ""rationale_steps"": [
    ""Privilege state: uid_is_root and euid_root are both set, indicating a genuine root context."",
    ""Mechanism: is_suid_exec is not set, but the combination of uid_is_root, euid_root, and ephemeral_privileged suggests a privilege escalation attempt."",
    ""Behavioural anomaly: the process held privilege for a short time, and there is no sensitive-path access, but the network_count is low, which is consistent with an incomplete escalation attempt."",
    ""Benign-explanation test: the short lifetime and lack of throughput argue against a routine admin script, cron job, or health-check."",
    ""Decide: the evidence supports CNN's call, as the privilege escalation attempt is not fully completed, but the indicators are consistent with a malicious activity.""
  ],
  ""key_features"": [""uid_is_root"", ""euid_root"", ""max_uid_euid_delta"", ""ephemeral_privileged"", ""network_count""],
  ""agrees_with"": ""cnn""
}"
51225,4,1,T1078_Valid_Accounts,0,1,0.5382307767868042,0.9489884972572328,xgb_benign_cnn_malicious,MALICIOUS,1,0.95,cnn,ok,"[""Privilege state: uid_is_root and euid_root are both set, indicating a genuine root context."", ""Mechanism: is_suid_exec is not set, but the presence of a root context and a high priv_op_count suggests a privilege escalation attempt."", ""Behavioural anomaly: the process is ephemeral and privileged, and there is no network activity, which is unusual for a benign process."", ""Benign-explanation test: the short lifetime and high throughput of the process make it unlikely to be a routine admin script or health-check."", ""Decide: the evidence supports CNN's call, as the root context and high priv_op_count are strong indicators of a privilege escalation attempt.""]","[""uid_is_root"", ""euid_root"", ""ephemeral_privileged"", ""priv_op_count"", ""max_uid_euid_delta""]","{
  ""verdict"": ""MALICIOUS"",
  ""confidence"": 0.95,
  ""rationale_steps"": [
    ""Privilege state: uid_is_root and euid_root are both set, indicating a genuine root context."",
    ""Mechanism: is_suid_exec is not set, but the presence of a root context and a high priv_op_count suggests a privilege escalation attempt."",
    ""Behavioural anomaly: the process is ephemeral and privileged, and there is no network activity, which is unusual for a benign process."",
    ""Benign-explanation test: the short lifetime and high throughput of the process make it unlikely to be a routine admin script or health-check."",
    ""Decide: the evidence supports CNN's call, as the root context and high priv_op_count are strong indicators of a privilege escalation attempt.""
  ],
  ""key_features"": [""uid_is_root"", ""euid_root"", ""ephemeral_privileged"", ""priv_op_count"", ""max_uid_euid_delta""],
  ""agrees_with"": ""cnn""
}"
51735,3,0,benign,0,1,0.6923177242279053,0.9917534589767456,xgb_benign_cnn_malicious,MALICIOUS,1,0.99,cnn,ok,"[""Privilege state: uid_is_root and euid_root are both set, indicating a root context."", ""Mechanism: is_suid_exec is not set, but the presence of uid_is_root and euid_root suggests a privilege escalation attempt."", ""Behavioural anomaly: unique_syscalls is high, indicating a novel syscall pattern, and ephemeral_privileged is set, suggesting a short-lived privileged process."", ""Benign-explanation test: the short lifetime and high throughput do not suggest a routine admin script or health-check."", ""Decide: the evidence supports CNN's call, with multiple indicators of privilege escalation and a novel syscall pattern.""]","[""uid_is_root"", ""euid_root"", ""unique_syscalls"", ""ephemeral_privileged"", ""max_uid_euid_delta""]","{
  ""verdict"": ""MALICIOUS"",
  ""confidence"": 0.99,
  ""rationale_steps"": [
    ""Privilege state: uid_is_root and euid_root are both set, indicating a root context."",
    ""Mechanism: is_suid_exec is not set, but the presence of uid_is_root and euid_root suggests a privilege escalation attempt."",
    ""Behavioural anomaly: unique_syscalls is high, indicating a novel syscall pattern, and ephemeral_privileged is set, suggesting a short-lived privileged process."",
    ""Benign-explanation test: the short lifetime and high throughput do not suggest a routine admin script or health-check."",
    ""Decide: the evidence supports CNN's call, with multiple indicators of privilege escalation and a novel syscall pattern.""
  ],
  ""key_features"": [""uid_is_root"", ""euid_root"", ""unique_syscalls"", ""ephemeral_privileged"", ""max_uid_euid_delta""],
  ""agrees_with"": ""cnn""
}"
52204,4,0,benign,0,1,0.4626511931419372,0.7419862747192383,xgb_benign_cnn_malicious,MALICIOUS,1,0.92,cnn,ok,"[""Privilege state: uid_is_root and euid_root are both set, indicating a genuine root context."", ""Mechanism: is_suid_exec is not set, but the combination of uid_is_root, euid_root, and auid_euid_mismatch suggests a privilege escalation attempt."", ""Behavioural anomaly: events_per_second is extremely high, indicating a potential attack, and failed_call_rate is also high, suggesting a failed escalation attempt."", ""Benign-explanation test: the short lifetime and high throughput make it unlikely to be a routine admin script or health-check."", ""Decide: the combination of privilege escalation indicators and behavioural anomalies outweighs XGBoost's benign call; this supports the CNN.""]","[""events_per_second"", ""uid_is_root"", ""euid_root"", ""auid_euid_mismatch"", ""failed_call_rate""]","{
  ""verdict"": ""MALICIOUS"",
  ""confidence"": 0.92,
  ""rationale_steps"": [
    ""Privilege state: uid_is_root and euid_root are both set, indicating a genuine root context."",
    ""Mechanism: is_suid_exec is not set, but the combination of uid_is_root, euid_root, and auid_euid_mismatch suggests a privilege escalation attempt."",
    ""Behavioural anomaly: events_per_second is extremely high, indicating a potential attack, and failed_call_rate is also high, suggesting a failed escalation attempt."",
    ""Benign-explanation test: the short lifetime and high throughput make it unlikely to be a routine admin script or health-check."",
    ""Decide: the combination of privilege escalation indicators and behavioural anomalies outweighs XGBoost's benign call; this supports the CNN.""
  ],
  ""key_features"": [""events_per_second"", ""uid_is_root"", ""euid_root"", ""auid_euid_mismatch"", ""failed_call_rate""],
  ""agrees_with"": ""cnn""
}"
52249,3,0,benign,0,1,0.6923177242279053,0.9917534589767456,xgb_benign_cnn_malicious,MALICIOUS,1,0.99,cnn,ok,"[""Privilege state: uid_is_root and euid_root are both set, indicating a root context."", ""Mechanism: is_suid_exec is not set, but the presence of uid_is_root and euid_root suggests a privilege escalation attempt."", ""Behavioural anomaly: unique_syscalls is high, indicating a novel syscall pattern, and ephemeral_privileged is set, suggesting a short-lived privileged process."", ""Benign-explanation test: the short lifetime and high throughput do not suggest a routine admin script or health-check."", ""Decide: the evidence supports CNN's call, with multiple indicators of privilege escalation and a novel syscall pattern.""]","[""uid_is_root"", ""euid_root"", ""unique_syscalls"", ""ephemeral_privileged"", ""max_uid_euid_delta""]","{
  ""verdict"": ""MALICIOUS"",
  ""confidence"": 0.99,
  ""rationale_steps"": [
    ""Privilege state: uid_is_root and euid_root are both set, indicating a root context."",
    ""Mechanism: is_suid_exec is not set, but the presence of uid_is_root and euid_root suggests a privilege escalation attempt."",
    ""Behavioural anomaly: unique_syscalls is high, indicating a novel syscall pattern, and ephemeral_privileged is set, suggesting a short-lived privileged process."",
    ""Benign-explanation test: the short lifetime and high throughput do not suggest a routine admin script or health-check."",
    ""Decide: the evidence supports CNN's call, with multiple indicators of privilege escalation and a novel syscall pattern.""
  ],
  ""key_features"": [""uid_is_root"", ""euid_root"", ""unique_syscalls"", ""ephemeral_privileged"", ""max_uid_euid_delta""],
  ""agrees_with"": ""cnn""
}"
52500,4,0,benign,0,1,0.4626511931419372,0.7419862747192383,xgb_benign_cnn_malicious,MALICIOUS,1,0.92,cnn,ok,"[""Privilege state: uid_is_root and euid_root are both set, indicating a genuine root context."", ""Mechanism: is_suid_exec is not set, but the combination of uid_is_root, euid_root, and auid_euid_mismatch suggests a privilege escalation attempt."", ""Behavioural anomaly: events_per_second is extremely high, indicating a potential attack, and failed_call_rate is also high, suggesting a failed escalation attempt."", ""Benign-explanation test: the short lifetime and high throughput make it unlikely to be a routine admin script or health-check."", ""Decide: the combination of privilege escalation indicators and behavioural anomalies outweighs XGBoost's benign call; this supports the CNN.""]","[""events_per_second"", ""uid_is_root"", ""euid_root"", ""auid_euid_mismatch"", ""failed_call_rate""]","{
  ""verdict"": ""MALICIOUS"",
  ""confidence"": 0.92,
  ""rationale_steps"": [
    ""Privilege state: uid_is_root and euid_root are both set, indicating a genuine root context."",
    ""Mechanism: is_suid_exec is not set, but the combination of uid_is_root, euid_root, and auid_euid_mismatch suggests a privilege escalation attempt."",
    ""Behavioural anomaly: events_per_second is extremely high, indicating a potential attack, and failed_call_rate is also high, suggesting a failed escalation attempt."",
    ""Benign-explanation test: the short lifetime and high throughput make it unlikely to be a routine admin script or health-check."",
    ""Decide: the combination of privilege escalation indicators and behavioural anomalies outweighs XGBoost's benign call; this supports the CNN.""
  ],
  ""key_features"": [""events_per_second"", ""uid_is_root"", ""euid_root"", ""auid_euid_mismatch"", ""failed_call_rate""],
  ""agrees_with"": ""cnn""
}"
52753,4,0,benign,0,1,0.4626511931419372,0.7419862747192383,xgb_benign_cnn_malicious,MALICIOUS,1,0.92,cnn,ok,"[""Privilege state: uid_is_root and euid_root are both set, indicating a genuine root context."", ""Mechanism: is_suid_exec is not set, but the combination of uid_is_root, euid_root, and auid_euid_mismatch suggests a privilege escalation attempt."", ""Behavioural anomaly: events_per_second is extremely high, indicating a high syscall throughput, and failed_call_rate is also high, suggesting a process that is attempting to escalate privileges."", ""Benign-explanation test: the short lifetime and high syscall throughput make it unlikely that this is a routine admin script, cron job, or health-check."", ""Decide: the combination of privilege escalation indicators and behavioural anomalies outweighs XGBoost's benign call; this supports the CNN.""]","[""events_per_second"", ""uid_is_root"", ""euid_root"", ""auid_euid_mismatch"", ""failed_call_rate""]","{
  ""verdict"": ""MALICIOUS"",
  ""confidence"": 0.92,
  ""rationale_steps"": [
    ""Privilege state: uid_is_root and euid_root are both set, indicating a genuine root context."",
    ""Mechanism: is_suid_exec is not set, but the combination of uid_is_root, euid_root, and auid_euid_mismatch suggests a privilege escalation attempt."",
    ""Behavioural anomaly: events_per_second is extremely high, indicating a high syscall throughput, and failed_call_rate is also high, suggesting a process that is attempting to escalate privileges."",
    ""Benign-explanation test: the short lifetime and high syscall throughput make it unlikely that this is a routine admin script, cron job, or health-check."",
    ""Decide: the combination of privilege escalation indicators and behavioural anomalies outweighs XGBoost's benign call; this supports the CNN.""
  ],
  ""key_features"": [""events_per_second"", ""uid_is_root"", ""euid_root"", ""auid_euid_mismatch"", ""failed_call_rate""],
  ""agrees_with"": ""cnn""
}"
53538,4,1,T1078_Valid_Accounts,0,1,0.5382307767868042,0.9489884972572328,xgb_benign_cnn_malicious,MALICIOUS,1,0.95,cnn,ok,"[""Privilege state: uid_is_root and euid_root are both set, indicating a genuine root context."", ""Mechanism: is_suid_exec is not set, but the presence of a root context and a high priv_op_count suggests a privilege escalation attempt."", ""Behavioural anomaly: the process is ephemeral and privileged, and there is no network activity, which is unusual for a benign process."", ""Benign-explanation test: the short lifetime and high throughput of the process make it unlikely to be a routine admin script or health-check."", ""Decide: the evidence supports CNN's call, as the root context and high priv_op_count are strong indicators of a privilege escalation attempt.""]","[""uid_is_root"", ""euid_root"", ""ephemeral_privileged"", ""priv_op_count"", ""max_uid_euid_delta""]","{
  ""verdict"": ""MALICIOUS"",
  ""confidence"": 0.95,
  ""rationale_steps"": [
    ""Privilege state: uid_is_root and euid_root are both set, indicating a genuine root context."",
    ""Mechanism: is_suid_exec is not set, but the presence of a root context and a high priv_op_count suggests a privilege escalation attempt."",
    ""Behavioural anomaly: the process is ephemeral and privileged, and there is no network activity, which is unusual for a benign process."",
    ""Benign-explanation test: the short lifetime and high throughput of the process make it unlikely to be a routine admin script or health-check."",
    ""Decide: the evidence supports CNN's call, as the root context and high priv_op_count are strong indicators of a privilege escalation attempt.""
  ],
  ""key_features"": [""uid_is_root"", ""euid_root"", ""ephemeral_privileged"", ""priv_op_count"", ""max_uid_euid_delta""],
  ""agrees_with"": ""cnn""
}"
53632,4,1,T1078_Valid_Accounts,0,1,0.5382307767868042,0.9489884972572328,xgb_benign_cnn_malicious,MALICIOUS,1,0.95,cnn,ok,"[""Privilege state: uid_is_root and euid_root are both set, indicating a genuine root context."", ""Mechanism: is_suid_exec is not set, but the presence of uid_is_root and euid_root alongside ephemeral_privileged suggests a privilege escalation attempt."", ""Behavioural anomaly: the process held privilege for a short time, and there is no sensitive-path access, but the network_count is 0, which is unusual for an attack."", ""Benign-explanation test: the short lifetime and lack of throughput make it unlikely to be a routine admin script, cron job, or health-check."", ""Decide: the evidence supports CNN's call, as the privilege escalation attempt and unusual network activity outweigh XGBoost's benign call.""]","[""uid_is_root"", ""euid_root"", ""max_uid_euid_delta"", ""ephemeral_privileged"", ""network_count""]","{
  ""verdict"": ""MALICIOUS"",
  ""confidence"": 0.95,
  ""rationale_steps"": [
    ""Privilege state: uid_is_root and euid_root are both set, indicating a genuine root context."",
    ""Mechanism: is_suid_exec is not set, but the presence of uid_is_root and euid_root alongside ephemeral_privileged suggests a privilege escalation attempt."",
    ""Behavioural anomaly: the process held privilege for a short time, and there is no sensitive-path access, but the network_count is 0, which is unusual for an attack."",
    ""Benign-explanation test: the short lifetime and lack of throughput make it unlikely to be a routine admin script, cron job, or health-check."",
    ""Decide: the evidence supports CNN's call, as the privilege escalation attempt and unusual network activity outweigh XGBoost's benign call.""
  ],
  ""key_features"": [""uid_is_root"", ""euid_root"", ""max_uid_euid_delta"", ""ephemeral_privileged"", ""network_count""],
  ""agrees_with"": ""cnn""
}"
53768,4,0,benign,0,1,0.4626511931419372,0.7419862747192383,xgb_benign_cnn_malicious,MALICIOUS,1,0.92,cnn,ok,"[""Privilege state: uid_is_root and euid_root are both set, indicating a genuine root context."", ""Mechanism: is_suid_exec is not set, but the combination of uid_is_root, euid_root, and auid_euid_mismatch suggests a privilege escalation attempt."", ""Behavioural anomaly: events_per_second is extremely high, indicating a potential attack, and failed_call_rate is also high, suggesting a failed escalation attempt."", ""Benign-explanation test: the short lifetime and high throughput make it unlikely to be a routine admin script or health-check."", ""Decide: the combination of privilege escalation indicators and behavioural anomalies outweighs XGBoost's benign call; this supports the CNN.""]","[""events_per_second"", ""uid_is_root"", ""euid_root"", ""auid_euid_mismatch"", ""failed_call_rate""]","{
  ""verdict"": ""MALICIOUS"",
  ""confidence"": 0.92,
  ""rationale_steps"": [
    ""Privilege state: uid_is_root and euid_root are both set, indicating a genuine root context."",
    ""Mechanism: is_suid_exec is not set, but the combination of uid_is_root, euid_root, and auid_euid_mismatch suggests a privilege escalation attempt."",
    ""Behavioural anomaly: events_per_second is extremely high, indicating a potential attack, and failed_call_rate is also high, suggesting a failed escalation attempt."",
    ""Benign-explanation test: the short lifetime and high throughput make it unlikely to be a routine admin script or health-check."",
    ""Decide: the combination of privilege escalation indicators and behavioural anomalies outweighs XGBoost's benign call; this supports the CNN.""
  ],
  ""key_features"": [""events_per_second"", ""uid_is_root"", ""euid_root"", ""auid_euid_mismatch"", ""failed_call_rate""],
  ""agrees_with"": ""cnn""
}"
54130,4,0,benign,0,1,0.4626511931419372,0.7419862747192383,xgb_benign_cnn_malicious,MALICIOUS,1,0.92,cnn,ok,"[""Privilege state: uid_is_root and euid_root are both set, indicating a genuine root context."", ""Mechanism: is_suid_exec is not set, but the combination of uid_is_root, euid_root, and auid_euid_mismatch suggests a privilege escalation attempt."", ""Behavioural anomaly: events_per_second is extremely high, indicating a high syscall throughput, and failed_call_rate is also high, suggesting a process that is attempting to escalate privileges."", ""Benign-explanation test: the short lifetime and high syscall throughput make it unlikely that this is a routine admin script, cron job, or health-check."", ""Decide: the combination of privilege escalation indicators and behavioural anomalies outweighs XGBoost's benign call; this supports the CNN.""]","[""events_per_second"", ""uid_is_root"", ""euid_root"", ""auid_euid_mismatch"", ""failed_call_rate""]","{
  ""verdict"": ""MALICIOUS"",
  ""confidence"": 0.92,
  ""rationale_steps"": [
    ""Privilege state: uid_is_root and euid_root are both set, indicating a genuine root context."",
    ""Mechanism: is_suid_exec is not set, but the combination of uid_is_root, euid_root, and auid_euid_mismatch suggests a privilege escalation attempt."",
    ""Behavioural anomaly: events_per_second is extremely high, indicating a high syscall throughput, and failed_call_rate is also high, suggesting a process that is attempting to escalate privileges."",
    ""Benign-explanation test: the short lifetime and high syscall throughput make it unlikely that this is a routine admin script, cron job, or health-check."",
    ""Decide: the combination of privilege escalation indicators and behavioural anomalies outweighs XGBoost's benign call; this supports the CNN.""
  ],
  ""key_features"": [""events_per_second"", ""uid_is_root"", ""euid_root"", ""auid_euid_mismatch"", ""failed_call_rate""],
  ""agrees_with"": ""cnn""
}"
54255,4,0,benign,0,1,0.4626511931419372,0.7419862747192383,xgb_benign_cnn_malicious,MALICIOUS,1,0.92,cnn,ok,"[""Privilege state: uid_is_root and euid_root are both set, indicating a genuine root context."", ""Mechanism: is_suid_exec is not set, but the combination of uid_is_root, euid_root, and auid_euid_mismatch suggests a privilege escalation attempt."", ""Behavioural anomaly: events_per_second is extremely high, indicating a high syscall throughput, and failed_call_rate is also high, suggesting a process that is attempting to escalate privileges."", ""Benign-explanation test: the short lifetime and high syscall throughput make it unlikely that this is a routine admin script, cron job, or health-check."", ""Decide: the combination of privilege escalation indicators and behavioural anomalies outweighs XGBoost's benign call; this supports the CNN.""]","[""events_per_second"", ""uid_is_root"", ""euid_root"", ""auid_euid_mismatch"", ""failed_call_rate""]","{
  ""verdict"": ""MALICIOUS"",
  ""confidence"": 0.92,
  ""rationale_steps"": [
    ""Privilege state: uid_is_root and euid_root are both set, indicating a genuine root context."",
    ""Mechanism: is_suid_exec is not set, but the combination of uid_is_root, euid_root, and auid_euid_mismatch suggests a privilege escalation attempt."",
    ""Behavioural anomaly: events_per_second is extremely high, indicating a high syscall throughput, and failed_call_rate is also high, suggesting a process that is attempting to escalate privileges."",
    ""Benign-explanation test: the short lifetime and high syscall throughput make it unlikely that this is a routine admin script, cron job, or health-check."",
    ""Decide: the combination of privilege escalation indicators and behavioural anomalies outweighs XGBoost's benign call; this supports the CNN.""
  ],
  ""key_features"": [""events_per_second"", ""uid_is_root"", ""euid_root"", ""auid_euid_mismatch"", ""failed_call_rate""],
  ""agrees_with"": ""cnn""
}"
54437,4,1,T1078_Valid_Accounts,0,1,0.4733957052230835,0.7533184885978699,xgb_benign_cnn_malicious,BENIGN,0,0.92,xgb,ok,"[""Privilege state: uid_is_root and euid_root are both set, indicating a root context, but max_uid_euid_delta is 0, suggesting no genuine UID/EUID transition."", ""Mechanism: is_suid_exec is 0, indicating no setuid/setgid execution, and priv_op_count is 0, indicating no privileged operations."", ""Behavioural anomaly: failed_call_rate is 0.9091, indicating a high rate of failed syscalls, but this is consistent with benign activity."", ""Benign-explanation test: the process has a root context, which is consistent with admin scripting or a cron job, and the short lifetime and high throughput are also consistent with benign activity."", ""Decide: the evidence supports XGBoost's benign call, as there is no clear indication of a privilege escalation attempt, and the CNN's call is outweighed by the lack of any clear malicious signals.""]","[""uid_is_root"", ""euid_root"", ""max_uid_euid_delta"", ""is_suid_exec"", ""failed_call_rate""]","{
  ""verdict"": ""BENIGN"",
  ""confidence"": 0.92,
  ""rationale_steps"": [
    ""Privilege state: uid_is_root and euid_root are both set, indicating a root context, but max_uid_euid_delta is 0, suggesting no genuine UID/EUID transition."",
    ""Mechanism: is_suid_exec is 0, indicating no setuid/setgid execution, and priv_op_count is 0, indicating no privileged operations."",
    ""Behavioural anomaly: failed_call_rate is 0.9091, indicating a high rate of failed syscalls, but this is consistent with benign activity."",
    ""Benign-explanation test: the process has a root context, which is consistent with admin scripting or a cron job, and the short lifetime and high throughput are also consistent with benign activity."",
    ""Decide: the evidence supports XGBoost's benign call, as there is no clear indication of a privilege escalation attempt, and the CNN's call is outweighed by the lack of any clear malicious signals.""
  ],
  ""key_features"": [""uid_is_root"", ""euid_root"", ""max_uid_euid_delta"", ""is_suid_exec"", ""failed_call_rate""],
  ""agrees_with"": ""xgb""
}"
54730,4,0,benign,0,1,0.4626511931419372,0.7419862747192383,xgb_benign_cnn_malicious,MALICIOUS,1,0.92,cnn,ok,"[""Privilege state: uid_is_root and euid_root are both set, indicating a genuine root context."", ""Mechanism: is_suid_exec is not set, but the combination of uid_is_root, euid_root, and auid_euid_mismatch suggests a privilege escalation attempt."", ""Behavioural anomaly: events_per_second is extremely high, indicating a potential attack, and failed_call_rate is also high, suggesting a failed escalation attempt."", ""Benign-explanation test: the short lifetime and high throughput make it unlikely to be a routine admin script or health-check."", ""Decide: the combination of privilege escalation indicators and behavioural anomalies outweighs XGBoost's benign call; this supports the CNN.""]","[""events_per_second"", ""uid_is_root"", ""euid_root"", ""auid_euid_mismatch"", ""failed_call_rate""]","{
  ""verdict"": ""MALICIOUS"",
  ""confidence"": 0.92,
  ""rationale_steps"": [
    ""Privilege state: uid_is_root and euid_root are both set, indicating a genuine root context."",
    ""Mechanism: is_suid_exec is not set, but the combination of uid_is_root, euid_root, and auid_euid_mismatch suggests a privilege escalation attempt."",
    ""Behavioural anomaly: events_per_second is extremely high, indicating a potential attack, and failed_call_rate is also high, suggesting a failed escalation attempt."",
    ""Benign-explanation test: the short lifetime and high throughput make it unlikely to be a routine admin script or health-check."",
    ""Decide: the combination of privilege escalation indicators and behavioural anomalies outweighs XGBoost's benign call; this supports the CNN.""
  ],
  ""key_features"": [""events_per_second"", ""uid_is_root"", ""euid_root"", ""auid_euid_mismatch"", ""failed_call_rate""],
  ""agrees_with"": ""cnn""
}"
55022,3,0,benign,0,1,0.6923177242279053,0.9917534589767456,xgb_benign_cnn_malicious,MALICIOUS,1,0.99,cnn,ok,"[""Privilege state: uid_is_root and euid_root are both set, indicating a root context."", ""Mechanism: is_suid_exec is not set, but the presence of uid_is_root and euid_root suggests a privilege escalation attempt."", ""Behavioural anomaly: unique_syscalls is high, indicating a novel syscall pattern, and ephemeral_privileged is set, suggesting a short-lived privileged process."", ""Benign-explanation test: the short lifetime and high throughput do not suggest a routine admin script or health-check."", ""Decide: the evidence supports CNN's call, with multiple indicators of privilege escalation and a novel syscall pattern.""]","[""uid_is_root"", ""euid_root"", ""unique_syscalls"", ""ephemeral_privileged"", ""max_uid_euid_delta""]","{
  ""verdict"": ""MALICIOUS"",
  ""confidence"": 0.99,
  ""rationale_steps"": [
    ""Privilege state: uid_is_root and euid_root are both set, indicating a root context."",
    ""Mechanism: is_suid_exec is not set, but the presence of uid_is_root and euid_root suggests a privilege escalation attempt."",
    ""Behavioural anomaly: unique_syscalls is high, indicating a novel syscall pattern, and ephemeral_privileged is set, suggesting a short-lived privileged process."",
    ""Benign-explanation test: the short lifetime and high throughput do not suggest a routine admin script or health-check."",
    ""Decide: the evidence supports CNN's call, with multiple indicators of privilege escalation and a novel syscall pattern.""
  ],
  ""key_features"": [""uid_is_root"", ""euid_root"", ""unique_syscalls"", ""ephemeral_privileged"", ""max_uid_euid_delta""],
  ""agrees_with"": ""cnn""
}"
55403,4,0,benign,0,1,0.5382307767868042,0.9489884972572328,xgb_benign_cnn_malicious,MALICIOUS,1,0.95,cnn,ok,"[""Privilege state: uid_is_root and euid_root are both set, indicating a genuine root context."", ""Mechanism: is_suid_exec is not set, but the presence of a root context and a high priv_op_count suggests a privilege escalation attempt."", ""Behavioural anomaly: the process is ephemeral and privileged, and there is no network activity, which is unusual for a benign process."", ""Benign-explanation test: the short lifetime and high throughput of the process make it unlikely to be a routine admin script or health-check."", ""Decide: the evidence supports CNN's call, as the root context and high priv_op_count are strong indicators of a privilege escalation attempt.""]","[""uid_is_root"", ""euid_root"", ""ephemeral_privileged"", ""priv_op_count"", ""max_uid_euid_delta""]","{
  ""verdict"": ""MALICIOUS"",
  ""confidence"": 0.95,
  ""rationale_steps"": [
    ""Privilege state: uid_is_root and euid_root are both set, indicating a genuine root context."",
    ""Mechanism: is_suid_exec is not set, but the presence of a root context and a high priv_op_count suggests a privilege escalation attempt."",
    ""Behavioural anomaly: the process is ephemeral and privileged, and there is no network activity, which is unusual for a benign process."",
    ""Benign-explanation test: the short lifetime and high throughput of the process make it unlikely to be a routine admin script or health-check."",
    ""Decide: the evidence supports CNN's call, as the root context and high priv_op_count are strong indicators of a privilege escalation attempt.""
  ],
  ""key_features"": [""uid_is_root"", ""euid_root"", ""ephemeral_privileged"", ""priv_op_count"", ""max_uid_euid_delta""],
  ""agrees_with"": ""cnn""
}"
55416,3,1,T1078_Valid_Accounts,0,1,0.6923177242279053,0.9917534589767456,xgb_benign_cnn_malicious,MALICIOUS,1,0.99,cnn,ok,"[""Privilege state: uid_is_root and euid_root are both set, indicating a root context."", ""Mechanism: is_suid_exec is not set, but the presence of uid_is_root and euid_root suggests a privilege escalation attempt."", ""Behavioural anomaly: unique_syscalls is high, indicating a novel syscall pattern, and ephemeral_privileged is set, suggesting a short-lived privileged process."", ""Benign-explanation test: the short lifetime and high throughput do not suggest a routine admin script or health-check."", ""Decide: the evidence supports CNN's call, with multiple indicators of privilege escalation and a novel syscall pattern.""]","[""uid_is_root"", ""euid_root"", ""unique_syscalls"", ""ephemeral_privileged"", ""max_uid_euid_delta""]","{
  ""verdict"": ""MALICIOUS"",
  ""confidence"": 0.99,
  ""rationale_steps"": [
    ""Privilege state: uid_is_root and euid_root are both set, indicating a root context."",
    ""Mechanism: is_suid_exec is not set, but the presence of uid_is_root and euid_root suggests a privilege escalation attempt."",
    ""Behavioural anomaly: unique_syscalls is high, indicating a novel syscall pattern, and ephemeral_privileged is set, suggesting a short-lived privileged process."",
    ""Benign-explanation test: the short lifetime and high throughput do not suggest a routine admin script or health-check."",
    ""Decide: the evidence supports CNN's call, with multiple indicators of privilege escalation and a novel syscall pattern.""
  ],
  ""key_features"": [""uid_is_root"", ""euid_root"", ""unique_syscalls"", ""ephemeral_privileged"", ""max_uid_euid_delta""],
  ""agrees_with"": ""cnn""
}"
55465,3,0,benign,0,1,0.6923177242279053,0.9917534589767456,xgb_benign_cnn_malicious,MALICIOUS,1,0.92,cnn,ok,"[""Privilege state: uid_is_root and euid_root are both set, indicating a root context."", ""Mechanism: is_suid_exec is not set, but the presence of uid_is_root and euid_root suggests a privilege escalation attempt."", ""Behavioural anomaly: unique_syscalls is high, indicating a novel syscall pattern, and ephemeral_privileged is set, suggesting a short-lived privileged process."", ""Benign-explanation test: the short lifetime and high throughput do not suggest a routine admin script or health-check."", ""Decide: the evidence supports CNN's call, as the privilege escalation attempt and novel syscall pattern outweigh XGBoost's benign call.""]","[""uid_is_root"", ""euid_root"", ""unique_syscalls"", ""ephemeral_privileged"", ""max_uid_euid_delta""]","{
  ""verdict"": ""MALICIOUS"",
  ""confidence"": 0.92,
  ""rationale_steps"": [
    ""Privilege state: uid_is_root and euid_root are both set, indicating a root context."",
    ""Mechanism: is_suid_exec is not set, but the presence of uid_is_root and euid_root suggests a privilege escalation attempt."",
    ""Behavioural anomaly: unique_syscalls is high, indicating a novel syscall pattern, and ephemeral_privileged is set, suggesting a short-lived privileged process."",
    ""Benign-explanation test: the short lifetime and high throughput do not suggest a routine admin script or health-check."",
    ""Decide: the evidence supports CNN's call, as the privilege escalation attempt and novel syscall pattern outweigh XGBoost's benign call.""
  ],
  ""key_features"": [""uid_is_root"", ""euid_root"", ""unique_syscalls"", ""ephemeral_privileged"", ""max_uid_euid_delta""],
  ""agrees_with"": ""cnn""
}"
55642,3,1,T1078_Valid_Accounts,0,1,0.6923177242279053,0.9917534589767456,xgb_benign_cnn_malicious,MALICIOUS,1,0.92,cnn,ok,"[""Privilege state: uid_is_root and euid_root are both set, indicating a root context."", ""Mechanism: is_suid_exec is not set, but the presence of uid_is_root and euid_root suggests a privilege escalation attempt."", ""Behavioural anomaly: unique_syscalls is high, indicating a novel syscall pattern, and ephemeral_privileged is set, suggesting a short-lived privileged process."", ""Benign-explanation test: the short lifetime and high throughput do not suggest a routine admin script or health-check."", ""Decide: the evidence supports CNN's call, as the privilege escalation attempt and novel syscall pattern outweigh XGBoost's benign call.""]","[""uid_is_root"", ""euid_root"", ""unique_syscalls"", ""ephemeral_privileged"", ""max_uid_euid_delta""]","{
  ""verdict"": ""MALICIOUS"",
  ""confidence"": 0.92,
  ""rationale_steps"": [
    ""Privilege state: uid_is_root and euid_root are both set, indicating a root context."",
    ""Mechanism: is_suid_exec is not set, but the presence of uid_is_root and euid_root suggests a privilege escalation attempt."",
    ""Behavioural anomaly: unique_syscalls is high, indicating a novel syscall pattern, and ephemeral_privileged is set, suggesting a short-lived privileged process."",
    ""Benign-explanation test: the short lifetime and high throughput do not suggest a routine admin script or health-check."",
    ""Decide: the evidence supports CNN's call, as the privilege escalation attempt and novel syscall pattern outweigh XGBoost's benign call.""
  ],
  ""key_features"": [""uid_is_root"", ""euid_root"", ""unique_syscalls"", ""ephemeral_privileged"", ""max_uid_euid_delta""],
  ""agrees_with"": ""cnn""
}"
55685,3,1,T1078_Valid_Accounts,0,1,0.6607770323753357,0.9975231885910034,xgb_benign_cnn_malicious,BENIGN,0,0.92,xgb,ok,"[""Privilege state: uid_is_root and euid_root are both set, indicating a root context, but max_uid_euid_delta is 0, suggesting no genuine UID/EUID transition."", ""Mechanism: is_suid_exec is 0, indicating no setuid/setgid binary execution, and priv_op_count is 0, indicating no privileged operations."", ""Behavioural anomaly: ephemeral_privileged is 1, indicating a short-lived process that held privilege, but network_count is 0, indicating no network activity."", ""Benign-explanation test: the combination of root context, lack of privilege transition, and short-lived process with no network activity is consistent with a routine system or administrative task."", ""Decide: the evidence supports XGBoost's benign call, as there is no clear indication of a privilege escalation attempt or malicious activity.""]","[""uid_is_root"", ""euid_root"", ""max_uid_euid_delta"", ""is_suid_exec"", ""ephemeral_privileged""]","{
  ""verdict"": ""BENIGN"",
  ""confidence"": 0.92,
  ""rationale_steps"": [
    ""Privilege state: uid_is_root and euid_root are both set, indicating a root context, but max_uid_euid_delta is 0, suggesting no genuine UID/EUID transition."",
    ""Mechanism: is_suid_exec is 0, indicating no setuid/setgid binary execution, and priv_op_count is 0, indicating no privileged operations."",
    ""Behavioural anomaly: ephemeral_privileged is 1, indicating a short-lived process that held privilege, but network_count is 0, indicating no network activity."",
    ""Benign-explanation test: the combination of root context, lack of privilege transition, and short-lived process with no network activity is consistent with a routine system or administrative task."",
    ""Decide: the evidence supports XGBoost's benign call, as there is no clear indication of a privilege escalation attempt or malicious activity.""
  ],
  ""key_features"": [""uid_is_root"", ""euid_root"", ""max_uid_euid_delta"", ""is_suid_exec"", ""ephemeral_privileged""],
  ""agrees_with"": ""xgb""
}"
55776,4,0,benign,0,1,0.3245709240436554,0.9654507040977478,xgb_benign_cnn_malicious,MALICIOUS,1,0.92,cnn,ok,"[""Privilege state: uid_is_root and euid_root are both set, indicating a genuine root context."", ""Mechanism: is_suid_exec is not set, but the combination of uid_is_root, euid_root, and ephemeral_privileged suggests a privilege escalation attempt."", ""Behavioural anomaly: the process held privilege for a short time, and there is no sensitive-path access, but the network_count is low, which is consistent with an incomplete escalation attempt."", ""Benign-explanation test: the short lifetime and lack of throughput argue against a routine admin script, cron job, or health-check."", ""Decide: the evidence supports CNN's call, as the privilege escalation attempt is not fully completed, but the indicators are consistent with a malicious activity.""]","[""uid_is_root"", ""euid_root"", ""max_uid_euid_delta"", ""ephemeral_privileged"", ""network_count""]","{
  ""verdict"": ""MALICIOUS"",
  ""confidence"": 0.92,
  ""rationale_steps"": [
    ""Privilege state: uid_is_root and euid_root are both set, indicating a genuine root context."",
    ""Mechanism: is_suid_exec is not set, but the combination of uid_is_root, euid_root, and ephemeral_privileged suggests a privilege escalation attempt."",
    ""Behavioural anomaly: the process held privilege for a short time, and there is no sensitive-path access, but the network_count is low, which is consistent with an incomplete escalation attempt."",
    ""Benign-explanation test: the short lifetime and lack of throughput argue against a routine admin script, cron job, or health-check."",
    ""Decide: the evidence supports CNN's call, as the privilege escalation attempt is not fully completed, but the indicators are consistent with a malicious activity.""
  ],
  ""key_features"": [""uid_is_root"", ""euid_root"", ""max_uid_euid_delta"", ""ephemeral_privileged"", ""network_count""],
  ""agrees_with"": ""cnn""
}"
55828,4,1,T1078_Valid_Accounts,0,1,0.3245709240436554,0.9654507040977478,xgb_benign_cnn_malicious,MALICIOUS,1,0.92,cnn,ok,"[""Privilege state: uid_is_root and euid_root are both set, indicating a genuine root context."", ""Mechanism: is_suid_exec is not set, but the combination of uid_is_root, euid_root, and ephemeral_privileged suggests a privilege escalation attempt."", ""Behavioural anomaly: the process held privilege for a short time, and there is no sensitive-path access, but the network_count is low, which is consistent with an incomplete escalation attempt."", ""Benign-explanation test: the short lifetime and lack of throughput argue against a routine admin script, cron job, or health-check."", ""Decide: the privilege escalation attempt and root context outweigh XGBoost's benign call; this supports the CNN.""]","[""uid_is_root"", ""euid_root"", ""max_uid_euid_delta"", ""ephemeral_privileged"", ""priv_op_count""]","{
  ""verdict"": ""MALICIOUS"",
  ""confidence"": 0.92,
  ""rationale_steps"": [
    ""Privilege state: uid_is_root and euid_root are both set, indicating a genuine root context."",
    ""Mechanism: is_suid_exec is not set, but the combination of uid_is_root, euid_root, and ephemeral_privileged suggests a privilege escalation attempt."",
    ""Behavioural anomaly: the process held privilege for a short time, and there is no sensitive-path access, but the network_count is low, which is consistent with an incomplete escalation attempt."",
    ""Benign-explanation test: the short lifetime and lack of throughput argue against a routine admin script, cron job, or health-check."",
    ""Decide: the privilege escalation attempt and root context outweigh XGBoost's benign call; this supports the CNN.""
  ],
  ""key_features"": [""uid_is_root"", ""euid_root"", ""max_uid_euid_delta"", ""ephemeral_privileged"", ""priv_op_count""],
  ""agrees_with"": ""cnn""
}"
56116,4,1,T1078_Valid_Accounts,0,1,0.5382307767868042,0.9489884972572328,xgb_benign_cnn_malicious,MALICIOUS,1,0.95,cnn,ok,"[""Privilege state: uid_is_root and euid_root are both set, indicating a genuine root context."", ""Mechanism: is_suid_exec is not set, but the presence of a root context and a high priv_op_count suggests a privilege escalation attempt."", ""Behavioural anomaly: the process is ephemeral and privileged, and there is no network activity, which is unusual for a benign process."", ""Benign-explanation test: the short lifetime and high throughput of the process make it unlikely to be a routine admin script or health-check."", ""Decide: the evidence supports CNN's call, as the root context and high priv_op_count are strong indicators of a privilege escalation attempt.""]","[""uid_is_root"", ""euid_root"", ""ephemeral_privileged"", ""priv_op_count"", ""max_uid_euid_delta""]","{
  ""verdict"": ""MALICIOUS"",
  ""confidence"": 0.95,
  ""rationale_steps"": [
    ""Privilege state: uid_is_root and euid_root are both set, indicating a genuine root context."",
    ""Mechanism: is_suid_exec is not set, but the presence of a root context and a high priv_op_count suggests a privilege escalation attempt."",
    ""Behavioural anomaly: the process is ephemeral and privileged, and there is no network activity, which is unusual for a benign process."",
    ""Benign-explanation test: the short lifetime and high throughput of the process make it unlikely to be a routine admin script or health-check."",
    ""Decide: the evidence supports CNN's call, as the root context and high priv_op_count are strong indicators of a privilege escalation attempt.""
  ],
  ""key_features"": [""uid_is_root"", ""euid_root"", ""ephemeral_privileged"", ""priv_op_count"", ""max_uid_euid_delta""],
  ""agrees_with"": ""cnn""
}"
56189,4,0,benign,0,1,0.4626511931419372,0.7419862747192383,xgb_benign_cnn_malicious,MALICIOUS,1,0.92,cnn,ok,"[""Privilege state: uid_is_root and euid_root are both set, indicating a genuine root context."", ""Mechanism: is_suid_exec is not set, but the combination of uid_is_root, euid_root, and auid_euid_mismatch suggests a privilege escalation attempt."", ""Behavioural anomaly: events_per_second is extremely high, indicating a potential attack, and failed_call_rate is also high, suggesting a failed escalation attempt."", ""Benign-explanation test: the short lifetime and high throughput make it unlikely to be a routine admin script or health-check."", ""Decide: the combination of privilege escalation indicators and behavioural anomalies outweighs XGBoost's benign call; this supports the CNN.""]","[""events_per_second"", ""uid_is_root"", ""euid_root"", ""auid_euid_mismatch"", ""failed_call_rate""]","{
  ""verdict"": ""MALICIOUS"",
  ""confidence"": 0.92,
  ""rationale_steps"": [
    ""Privilege state: uid_is_root and euid_root are both set, indicating a genuine root context."",
    ""Mechanism: is_suid_exec is not set, but the combination of uid_is_root, euid_root, and auid_euid_mismatch suggests a privilege escalation attempt."",
    ""Behavioural anomaly: events_per_second is extremely high, indicating a potential attack, and failed_call_rate is also high, suggesting a failed escalation attempt."",
    ""Benign-explanation test: the short lifetime and high throughput make it unlikely to be a routine admin script or health-check."",
    ""Decide: the combination of privilege escalation indicators and behavioural anomalies outweighs XGBoost's benign call; this supports the CNN.""
  ],
  ""key_features"": [""events_per_second"", ""uid_is_root"", ""euid_root"", ""auid_euid_mismatch"", ""failed_call_rate""],
  ""agrees_with"": ""cnn""
}"
56569,3,0,benign,0,1,0.6923177242279053,0.9917534589767456,xgb_benign_cnn_malicious,MALICIOUS,1,0.99,cnn,ok,"[""Privilege state: uid_is_root and euid_root are both set, indicating a root context."", ""Mechanism: is_suid_exec is not set, but the presence of uid_is_root and euid_root suggests a privilege escalation attempt."", ""Behavioural anomaly: unique_syscalls is high, indicating a novel syscall pattern, and ephemeral_privileged is set, suggesting a short-lived privileged process."", ""Benign-explanation test: the short lifetime and high throughput do not suggest a routine admin script or health-check."", ""Decide: the evidence supports CNN's call, with multiple indicators of privilege escalation and a novel syscall pattern.""]","[""uid_is_root"", ""euid_root"", ""unique_syscalls"", ""ephemeral_privileged"", ""max_uid_euid_delta""]","{
  ""verdict"": ""MALICIOUS"",
  ""confidence"": 0.99,
  ""rationale_steps"": [
    ""Privilege state: uid_is_root and euid_root are both set, indicating a root context."",
    ""Mechanism: is_suid_exec is not set, but the presence of uid_is_root and euid_root suggests a privilege escalation attempt."",
    ""Behavioural anomaly: unique_syscalls is high, indicating a novel syscall pattern, and ephemeral_privileged is set, suggesting a short-lived privileged process."",
    ""Benign-explanation test: the short lifetime and high throughput do not suggest a routine admin script or health-check."",
    ""Decide: the evidence supports CNN's call, with multiple indicators of privilege escalation and a novel syscall pattern.""
  ],
  ""key_features"": [""uid_is_root"", ""euid_root"", ""unique_syscalls"", ""ephemeral_privileged"", ""max_uid_euid_delta""],
  ""agrees_with"": ""cnn""
}"
56589,4,0,benign,0,1,0.5382307767868042,0.9489884972572328,xgb_benign_cnn_malicious,MALICIOUS,1,0.95,cnn,ok,"[""Privilege state: uid_is_root and euid_root are both set, indicating a genuine root context."", ""Mechanism: is_suid_exec is not set, but the presence of a root context and a high priv_op_count suggests a privilege escalation attempt."", ""Behavioural anomaly: the process is ephemeral and privileged, and there is no network activity, which is unusual for a benign process."", ""Benign-explanation test: the short lifetime and high throughput of the process make it unlikely to be a routine admin script or health-check."", ""Decide: the evidence supports CNN's call, as the root context and high priv_op_count are strong indicators of a privilege escalation attempt.""]","[""uid_is_root"", ""euid_root"", ""ephemeral_privileged"", ""priv_op_count"", ""max_uid_euid_delta""]","{
  ""verdict"": ""MALICIOUS"",
  ""confidence"": 0.95,
  ""rationale_steps"": [
    ""Privilege state: uid_is_root and euid_root are both set, indicating a genuine root context."",
    ""Mechanism: is_suid_exec is not set, but the presence of a root context and a high priv_op_count suggests a privilege escalation attempt."",
    ""Behavioural anomaly: the process is ephemeral and privileged, and there is no network activity, which is unusual for a benign process."",
    ""Benign-explanation test: the short lifetime and high throughput of the process make it unlikely to be a routine admin script or health-check."",
    ""Decide: the evidence supports CNN's call, as the root context and high priv_op_count are strong indicators of a privilege escalation attempt.""
  ],
  ""key_features"": [""uid_is_root"", ""euid_root"", ""ephemeral_privileged"", ""priv_op_count"", ""max_uid_euid_delta""],
  ""agrees_with"": ""cnn""
}"
56670,4,0,benign,0,1,0.5500925183296204,0.9490213990211488,xgb_benign_cnn_malicious,MALICIOUS,1,0.95,cnn,ok,"[""Privilege state: uid_is_root and euid_root are both set, indicating a genuine root context."", ""Mechanism: is_suid_exec is not set, but the presence of a root context and a high priv_op_count suggests a privilege escalation attempt."", ""Behavioural anomaly: the process is ephemeral and privileged, and there is no network activity, which is unusual for a benign process."", ""Benign-explanation test: the short lifetime and high throughput of the process make it unlikely to be a routine admin script or health-check."", ""Decide: the evidence supports CNN's call, as the root context and high priv_op_count are strong indicators of a privilege escalation attempt.""]","[""uid_is_root"", ""euid_root"", ""ephemeral_privileged"", ""priv_op_count"", ""max_uid_euid_delta""]","{
  ""verdict"": ""MALICIOUS"",
  ""confidence"": 0.95,
  ""rationale_steps"": [
    ""Privilege state: uid_is_root and euid_root are both set, indicating a genuine root context."",
    ""Mechanism: is_suid_exec is not set, but the presence of a root context and a high priv_op_count suggests a privilege escalation attempt."",
    ""Behavioural anomaly: the process is ephemeral and privileged, and there is no network activity, which is unusual for a benign process."",
    ""Benign-explanation test: the short lifetime and high throughput of the process make it unlikely to be a routine admin script or health-check."",
    ""Decide: the evidence supports CNN's call, as the root context and high priv_op_count are strong indicators of a privilege escalation attempt.""
  ],
  ""key_features"": [""uid_is_root"", ""euid_root"", ""ephemeral_privileged"", ""priv_op_count"", ""max_uid_euid_delta""],
  ""agrees_with"": ""cnn""
}"
56838,4,0,benign,0,1,0.619727611541748,0.9672528505325316,xgb_benign_cnn_malicious,MALICIOUS,1,0.93,cnn,ok,"[""Privilege state: uid_is_root and euid_root are both set, indicating a genuine root context."", ""Mechanism: is_suid_exec is not set, but the presence of uid_is_root and euid_root alongside ephemeral_privileged suggests a privilege escalation attempt."", ""Behavioural anomaly: the process held privilege for a short time, and there is no sensitive-path access, but the network_count is 0, which is unusual for an attack."", ""Benign-explanation test: the short lifetime and lack of throughput make it unlikely to be a routine admin script, cron job, or health-check."", ""Decide: the evidence supports CNN's call, as the privilege escalation attempt and unusual network activity outweigh XGBoost's benign call.""]","[""uid_is_root"", ""euid_root"", ""ephemeral_privileged"", ""max_uid_euid_delta"", ""network_count""]","{
  ""verdict"": ""MALICIOUS"",
  ""confidence"": 0.93,
  ""rationale_steps"": [
    ""Privilege state: uid_is_root and euid_root are both set, indicating a genuine root context."",
    ""Mechanism: is_suid_exec is not set, but the presence of uid_is_root and euid_root alongside ephemeral_privileged suggests a privilege escalation attempt."",
    ""Behavioural anomaly: the process held privilege for a short time, and there is no sensitive-path access, but the network_count is 0, which is unusual for an attack."",
    ""Benign-explanation test: the short lifetime and lack of throughput make it unlikely to be a routine admin script, cron job, or health-check."",
    ""Decide: the evidence supports CNN's call, as the privilege escalation attempt and unusual network activity outweigh XGBoost's benign call.""
  ],
  ""key_features"": [""uid_is_root"", ""euid_root"", ""ephemeral_privileged"", ""max_uid_euid_delta"", ""network_count""],
  ""agrees_with"": ""cnn""
}"
56911,4,1,T1078_Valid_Accounts,0,1,0.4626511931419372,0.7419862747192383,xgb_benign_cnn_malicious,MALICIOUS,1,0.92,cnn,ok,"[""Privilege state: uid_is_root and euid_root are both set, indicating a genuine root context."", ""Mechanism: is_suid_exec is not set, but the combination of uid_is_root, euid_root, and auid_euid_mismatch suggests a privilege escalation attempt."", ""Behavioural anomaly: events_per_second is extremely high, indicating a potential attack, and failed_call_rate is also high, suggesting a failed escalation attempt."", ""Benign-explanation test: the short lifetime and high throughput make it unlikely to be a routine admin script or health-check."", ""Decide: the combination of privilege escalation indicators and behavioural anomalies outweighs XGBoost's benign call; this supports the CNN.""]","[""events_per_second"", ""uid_is_root"", ""euid_root"", ""auid_euid_mismatch"", ""failed_call_rate""]","{
  ""verdict"": ""MALICIOUS"",
  ""confidence"": 0.92,
  ""rationale_steps"": [
    ""Privilege state: uid_is_root and euid_root are both set, indicating a genuine root context."",
    ""Mechanism: is_suid_exec is not set, but the combination of uid_is_root, euid_root, and auid_euid_mismatch suggests a privilege escalation attempt."",
    ""Behavioural anomaly: events_per_second is extremely high, indicating a potential attack, and failed_call_rate is also high, suggesting a failed escalation attempt."",
    ""Benign-explanation test: the short lifetime and high throughput make it unlikely to be a routine admin script or health-check."",
    ""Decide: the combination of privilege escalation indicators and behavioural anomalies outweighs XGBoost's benign call; this supports the CNN.""
  ],
  ""key_features"": [""events_per_second"", ""uid_is_root"", ""euid_root"", ""auid_euid_mismatch"", ""failed_call_rate""],
  ""agrees_with"": ""cnn""
}"
57055,4,1,T1078_Valid_Accounts,0,1,0.3759605586528778,0.8749561309814453,xgb_benign_cnn_malicious,BENIGN,0,0.92,xgb,ok,"[""Privilege state: uid_is_root and euid_root are both set, indicating a root context, but max_uid_euid_delta is 0, suggesting no genuine UID/EUID transition."", ""Mechanism: is_suid_exec is 0, indicating no setuid/setgid binary execution, and priv_op_count is 0, indicating no privileged operations."", ""Behavioural anomaly: ephemeral_privileged is 1, indicating a short-lived process that held privilege, but this is consistent with a benign process."", ""Benign-explanation test: the process has a root context, which is consistent with a routine admin script or health-check."", ""Decide: the evidence supports XGBoost's benign call, as there is no indication of a privilege escalation attempt.""]","[""uid_is_root"", ""euid_root"", ""max_uid_euid_delta"", ""is_suid_exec"", ""ephemeral_privileged""]","{
  ""verdict"": ""BENIGN"",
  ""confidence"": 0.92,
  ""rationale_steps"": [
    ""Privilege state: uid_is_root and euid_root are both set, indicating a root context, but max_uid_euid_delta is 0, suggesting no genuine UID/EUID transition."",
    ""Mechanism: is_suid_exec is 0, indicating no setuid/setgid binary execution, and priv_op_count is 0, indicating no privileged operations."",
    ""Behavioural anomaly: ephemeral_privileged is 1, indicating a short-lived process that held privilege, but this is consistent with a benign process."",
    ""Benign-explanation test: the process has a root context, which is consistent with a routine admin script or health-check."",
    ""Decide: the evidence supports XGBoost's benign call, as there is no indication of a privilege escalation attempt.""
  ],
  ""key_features"": [""uid_is_root"", ""euid_root"", ""max_uid_euid_delta"", ""is_suid_exec"", ""ephemeral_privileged""],
  ""agrees_with"": ""xgb""
}"
57150,4,0,benign,0,1,0.5382307767868042,0.9489884972572328,xgb_benign_cnn_malicious,MALICIOUS,1,0.95,cnn,ok,"[""Privilege state: uid_is_root and euid_root are both set, indicating a genuine root context."", ""Mechanism: is_suid_exec is not set, but the presence of a root context and a high priv_op_count suggests a privilege escalation attempt."", ""Behavioural anomaly: the process is ephemeral and privileged, and there is no network activity, which is unusual for a benign process."", ""Benign-explanation test: the short lifetime and high throughput of the process make it unlikely to be a routine admin script or health-check."", ""Decide: the evidence supports CNN's call, as the root context and high priv_op_count are strong indicators of a privilege escalation attempt.""]","[""uid_is_root"", ""euid_root"", ""ephemeral_privileged"", ""priv_op_count"", ""max_uid_euid_delta""]","{
  ""verdict"": ""MALICIOUS"",
  ""confidence"": 0.95,
  ""rationale_steps"": [
    ""Privilege state: uid_is_root and euid_root are both set, indicating a genuine root context."",
    ""Mechanism: is_suid_exec is not set, but the presence of a root context and a high priv_op_count suggests a privilege escalation attempt."",
    ""Behavioural anomaly: the process is ephemeral and privileged, and there is no network activity, which is unusual for a benign process."",
    ""Benign-explanation test: the short lifetime and high throughput of the process make it unlikely to be a routine admin script or health-check."",
    ""Decide: the evidence supports CNN's call, as the root context and high priv_op_count are strong indicators of a privilege escalation attempt.""
  ],
  ""key_features"": [""uid_is_root"", ""euid_root"", ""ephemeral_privileged"", ""priv_op_count"", ""max_uid_euid_delta""],
  ""agrees_with"": ""cnn""
}"
57362,4,0,benign,0,1,0.3245709240436554,0.9654507040977478,xgb_benign_cnn_malicious,MALICIOUS,1,0.92,cnn,ok,"[""Privilege state: uid_is_root and euid_root are both set, indicating a genuine root context."", ""Mechanism: is_suid_exec is not set, but the combination of uid_is_root, euid_root, and ephemeral_privileged suggests a privilege escalation attempt."", ""Behavioural anomaly: the process held privilege for a short time, and there is no sensitive-path access, but the network_count is low, which is consistent with an incomplete escalation attempt."", ""Benign-explanation test: the short lifetime and lack of throughput argue against a routine admin script, cron job, or health-check."", ""Decide: the evidence supports CNN's call, as the privilege escalation attempt is not fully completed, but the indicators are consistent with a malicious activity.""]","[""uid_is_root"", ""euid_root"", ""max_uid_euid_delta"", ""ephemeral_privileged"", ""network_count""]","{
  ""verdict"": ""MALICIOUS"",
  ""confidence"": 0.92,
  ""rationale_steps"": [
    ""Privilege state: uid_is_root and euid_root are both set, indicating a genuine root context."",
    ""Mechanism: is_suid_exec is not set, but the combination of uid_is_root, euid_root, and ephemeral_privileged suggests a privilege escalation attempt."",
    ""Behavioural anomaly: the process held privilege for a short time, and there is no sensitive-path access, but the network_count is low, which is consistent with an incomplete escalation attempt."",
    ""Benign-explanation test: the short lifetime and lack of throughput argue against a routine admin script, cron job, or health-check."",
    ""Decide: the evidence supports CNN's call, as the privilege escalation attempt is not fully completed, but the indicators are consistent with a malicious activity.""
  ],
  ""key_features"": [""uid_is_root"", ""euid_root"", ""max_uid_euid_delta"", ""ephemeral_privileged"", ""network_count""],
  ""agrees_with"": ""cnn""
}"
57470,4,1,T1078_Valid_Accounts,0,1,0.5382307767868042,0.9489884972572328,xgb_benign_cnn_malicious,MALICIOUS,1,0.95,cnn,ok,"[""Privilege state: uid_is_root and euid_root are both set, indicating a genuine root context."", ""Mechanism: is_suid_exec is not set, but the presence of a root context and a high priv_op_count suggests a privilege escalation attempt."", ""Behavioural anomaly: the process is ephemeral and privileged, and there is no network activity, which is unusual for a benign process."", ""Benign-explanation test: the short lifetime and high throughput of the process make it unlikely to be a routine admin script or health-check."", ""Decide: the evidence supports CNN's call, as the root context and high priv_op_count are strong indicators of a privilege escalation attempt.""]","[""uid_is_root"", ""euid_root"", ""ephemeral_privileged"", ""priv_op_count"", ""max_uid_euid_delta""]","{
  ""verdict"": ""MALICIOUS"",
  ""confidence"": 0.95,
  ""rationale_steps"": [
    ""Privilege state: uid_is_root and euid_root are both set, indicating a genuine root context."",
    ""Mechanism: is_suid_exec is not set, but the presence of a root context and a high priv_op_count suggests a privilege escalation attempt."",
    ""Behavioural anomaly: the process is ephemeral and privileged, and there is no network activity, which is unusual for a benign process."",
    ""Benign-explanation test: the short lifetime and high throughput of the process make it unlikely to be a routine admin script or health-check."",
    ""Decide: the evidence supports CNN's call, as the root context and high priv_op_count are strong indicators of a privilege escalation attempt.""
  ],
  ""key_features"": [""uid_is_root"", ""euid_root"", ""ephemeral_privileged"", ""priv_op_count"", ""max_uid_euid_delta""],
  ""agrees_with"": ""cnn""
}"
57629,3,1,T1078_Valid_Accounts,0,1,0.6923177242279053,0.9917534589767456,xgb_benign_cnn_malicious,MALICIOUS,1,0.99,cnn,ok,"[""Privilege state: uid_is_root and euid_root are both set, indicating a root context."", ""Mechanism: is_suid_exec is not set, but the presence of uid_is_root and euid_root suggests a privilege escalation attempt."", ""Behavioural anomaly: unique_syscalls is high, indicating a novel syscall pattern, and ephemeral_privileged is set, suggesting a short-lived privileged process."", ""Benign-explanation test: the short lifetime and high throughput do not suggest a routine admin script or health-check."", ""Decide: the evidence supports CNN's call, with multiple indicators of privilege escalation and a novel syscall pattern.""]","[""uid_is_root"", ""euid_root"", ""unique_syscalls"", ""ephemeral_privileged"", ""max_uid_euid_delta""]","{
  ""verdict"": ""MALICIOUS"",
  ""confidence"": 0.99,
  ""rationale_steps"": [
    ""Privilege state: uid_is_root and euid_root are both set, indicating a root context."",
    ""Mechanism: is_suid_exec is not set, but the presence of uid_is_root and euid_root suggests a privilege escalation attempt."",
    ""Behavioural anomaly: unique_syscalls is high, indicating a novel syscall pattern, and ephemeral_privileged is set, suggesting a short-lived privileged process."",
    ""Benign-explanation test: the short lifetime and high throughput do not suggest a routine admin script or health-check."",
    ""Decide: the evidence supports CNN's call, with multiple indicators of privilege escalation and a novel syscall pattern.""
  ],
  ""key_features"": [""uid_is_root"", ""euid_root"", ""unique_syscalls"", ""ephemeral_privileged"", ""max_uid_euid_delta""],
  ""agrees_with"": ""cnn""
}"
57693,1,0,benign,0,1,0.6632530093193054,0.8552455306053162,xgb_benign_cnn_malicious,MALICIOUS,1,0.92,cnn,ok,"[""Privilege state: uid_is_root and euid_root are both set, indicating a genuine root context."", ""Mechanism: is_suid_exec is not set, but the combination of uid_is_root, euid_root, and auid_euid_mismatch suggests a privilege escalation attempt."", ""Behavioural anomaly: ephemeral_privileged is set, indicating a short-lived process that held privilege, and file_access_count is low, suggesting a focused attack."", ""Benign-explanation test: the short lifetime and lack of throughput argue against a routine admin script, cron job, or health-check."", ""Decide: the combination of privilege escalation indicators and behavioural anomalies outweighs XGBoost's benign call; this supports the CNN.""]","[""uid_is_root"", ""euid_root"", ""auid_euid_mismatch"", ""ephemeral_privileged"", ""priv_op_count""]","{
  ""verdict"": ""MALICIOUS"",
  ""confidence"": 0.92,
  ""rationale_steps"": [
    ""Privilege state: uid_is_root and euid_root are both set, indicating a genuine root context."",
    ""Mechanism: is_suid_exec is not set, but the combination of uid_is_root, euid_root, and auid_euid_mismatch suggests a privilege escalation attempt."",
    ""Behavioural anomaly: ephemeral_privileged is set, indicating a short-lived process that held privilege, and file_access_count is low, suggesting a focused attack."",
    ""Benign-explanation test: the short lifetime and lack of throughput argue against a routine admin script, cron job, or health-check."",
    ""Decide: the combination of privilege escalation indicators and behavioural anomalies outweighs XGBoost's benign call; this supports the CNN.""
  ],
  ""key_features"": [""uid_is_root"", ""euid_root"", ""auid_euid_mismatch"", ""ephemeral_privileged"", ""priv_op_count""],
  ""agrees_with"": ""cnn""
}"
57840,4,0,benign,0,1,0.5382307767868042,0.9489884972572328,xgb_benign_cnn_malicious,MALICIOUS,1,0.95,cnn,ok,"[""Privilege state: uid_is_root and euid_root are both set, indicating a genuine root context."", ""Mechanism: is_suid_exec is not set, but the presence of a root context and a high priv_op_count suggests a privilege escalation attempt."", ""Behavioural anomaly: the process is ephemeral and privileged, and there is no network activity, which is unusual for a benign process."", ""Benign-explanation test: the short lifetime and high throughput of the process make it unlikely to be a routine admin script or health-check."", ""Decide: the evidence supports CNN's call, as the root context and high priv_op_count are strong indicators of a privilege escalation attempt.""]","[""uid_is_root"", ""euid_root"", ""ephemeral_privileged"", ""priv_op_count"", ""max_uid_euid_delta""]","{
  ""verdict"": ""MALICIOUS"",
  ""confidence"": 0.95,
  ""rationale_steps"": [
    ""Privilege state: uid_is_root and euid_root are both set, indicating a genuine root context."",
    ""Mechanism: is_suid_exec is not set, but the presence of a root context and a high priv_op_count suggests a privilege escalation attempt."",
    ""Behavioural anomaly: the process is ephemeral and privileged, and there is no network activity, which is unusual for a benign process."",
    ""Benign-explanation test: the short lifetime and high throughput of the process make it unlikely to be a routine admin script or health-check."",
    ""Decide: the evidence supports CNN's call, as the root context and high priv_op_count are strong indicators of a privilege escalation attempt.""
  ],
  ""key_features"": [""uid_is_root"", ""euid_root"", ""ephemeral_privileged"", ""priv_op_count"", ""max_uid_euid_delta""],
  ""agrees_with"": ""cnn""
}"
58188,4,1,T1078_Valid_Accounts,0,1,0.5382307767868042,0.9489884972572328,xgb_benign_cnn_malicious,MALICIOUS,1,0.95,cnn,ok,"[""Privilege state: uid_is_root and euid_root are both set, indicating a genuine root context."", ""Mechanism: is_suid_exec is not set, but the presence of uid_is_root and euid_root alongside ephemeral_privileged suggests a privilege escalation attempt."", ""Behavioural anomaly: the process held privilege for a short time, and there is no sensitive-path access, but the network_count is 0, which is unusual for an attack."", ""Benign-explanation test: the short lifetime and lack of throughput make it unlikely to be a routine admin script, cron job, or health-check."", ""Decide: the evidence supports CNN's call, as the privilege escalation attempt and unusual network activity outweigh XGBoost's benign call.""]","[""uid_is_root"", ""euid_root"", ""max_uid_euid_delta"", ""ephemeral_privileged"", ""network_count""]","{
  ""verdict"": ""MALICIOUS"",
  ""confidence"": 0.95,
  ""rationale_steps"": [
    ""Privilege state: uid_is_root and euid_root are both set, indicating a genuine root context."",
    ""Mechanism: is_suid_exec is not set, but the presence of uid_is_root and euid_root alongside ephemeral_privileged suggests a privilege escalation attempt."",
    ""Behavioural anomaly: the process held privilege for a short time, and there is no sensitive-path access, but the network_count is 0, which is unusual for an attack."",
    ""Benign-explanation test: the short lifetime and lack of throughput make it unlikely to be a routine admin script, cron job, or health-check."",
    ""Decide: the evidence supports CNN's call, as the privilege escalation attempt and unusual network activity outweigh XGBoost's benign call.""
  ],
  ""key_features"": [""uid_is_root"", ""euid_root"", ""max_uid_euid_delta"", ""ephemeral_privileged"", ""network_count""],
  ""agrees_with"": ""cnn""
}"
58508,4,0,benign,0,1,0.3836501836776733,0.9551754593849182,xgb_benign_cnn_malicious,BENIGN,0,0.92,xgb,ok,"[""Privilege state: uid_is_root and euid_root are both set, indicating a root context, but max_uid_euid_delta is 0, suggesting no genuine UID/EUID transition."", ""Mechanism: is_suid_exec is 0, indicating no setuid/setgid binary execution, and priv_op_count is 0, indicating no privileged operations."", ""Behavioural anomaly: ephemeral_privileged is 1, indicating a short-lived process that held privilege, but network_count is 0, indicating no network activity."", ""Benign-explanation test: the combination of root context, lack of privilege transition, and short-lived process with no network activity is consistent with a routine system or administrative task."", ""Decide: the evidence supports XGBoost's benign call, as there is no clear indication of a privilege escalation attempt or malicious activity.""]","[""uid_is_root"", ""euid_root"", ""max_uid_euid_delta"", ""is_suid_exec"", ""ephemeral_privileged""]","{
  ""verdict"": ""BENIGN"",
  ""confidence"": 0.92,
  ""rationale_steps"": [
    ""Privilege state: uid_is_root and euid_root are both set, indicating a root context, but max_uid_euid_delta is 0, suggesting no genuine UID/EUID transition."",
    ""Mechanism: is_suid_exec is 0, indicating no setuid/setgid binary execution, and priv_op_count is 0, indicating no privileged operations."",
    ""Behavioural anomaly: ephemeral_privileged is 1, indicating a short-lived process that held privilege, but network_count is 0, indicating no network activity."",
    ""Benign-explanation test: the combination of root context, lack of privilege transition, and short-lived process with no network activity is consistent with a routine system or administrative task."",
    ""Decide: the evidence supports XGBoost's benign call, as there is no clear indication of a privilege escalation attempt or malicious activity.""
  ],
  ""key_features"": [""uid_is_root"", ""euid_root"", ""max_uid_euid_delta"", ""is_suid_exec"", ""ephemeral_privileged""],
  ""agrees_with"": ""xgb""
}"
58526,1,0,benign,0,1,0.3849628269672394,0.8491681218147278,xgb_benign_cnn_malicious,MALICIOUS,1,0.92,cnn,ok,"[""Privilege state: uid_is_root, euid_root, and max_uid_euid_delta are all at p99+, indicating a genuine root context and privilege transition."", ""Mechanism: is_suid_exec is not set, but the combination of uid_is_root, uid_changed, and euid_root suggests a setuid-shell escalation."", ""Behavioural anomaly: failed_call_rate is high, and the process held privilege for a short time, indicating a potential escalation attempt."", ""Benign-explanation test: the short lifetime and high-throughput execution from a root context argue against a routine admin script or health-check."", ""Decide: the combination of privilege state and behavioural anomalies outweighs XGBoost's benign call; this supports the CNN.""]","[""uid_is_root"", ""uid_changed"", ""euid_root"", ""max_uid_euid_delta"", ""failed_call_rate""]","{
  ""verdict"": ""MALICIOUS"",
  ""confidence"": 0.92,
  ""rationale_steps"": [
    ""Privilege state: uid_is_root, euid_root, and max_uid_euid_delta are all at p99+, indicating a genuine root context and privilege transition."",
    ""Mechanism: is_suid_exec is not set, but the combination of uid_is_root, uid_changed, and euid_root suggests a setuid-shell escalation."",
    ""Behavioural anomaly: failed_call_rate is high, and the process held privilege for a short time, indicating a potential escalation attempt."",
    ""Benign-explanation test: the short lifetime and high-throughput execution from a root context argue against a routine admin script or health-check."",
    ""Decide: the combination of privilege state and behavioural anomalies outweighs XGBoost's benign call; this supports the CNN.""
  ],
  ""key_features"": [""uid_is_root"", ""uid_changed"", ""euid_root"", ""max_uid_euid_delta"", ""failed_call_rate""],
  ""agrees_with"": ""cnn""
}"
58718,3,1,T1078_Valid_Accounts,0,1,0.6923177242279053,0.9917534589767456,xgb_benign_cnn_malicious,MALICIOUS,1,0.99,cnn,ok,"[""Privilege state: uid_is_root and euid_root are both set, indicating a root context."", ""Mechanism: is_suid_exec is not set, but the presence of uid_is_root and euid_root suggests a privilege escalation attempt."", ""Behavioural anomaly: unique_syscalls is high, indicating a novel syscall pattern, and ephemeral_privileged is set, suggesting a short-lived privileged process."", ""Benign-explanation test: the short lifetime and high throughput do not suggest a routine admin script or health-check."", ""Decide: the evidence supports CNN's call, with multiple indicators of privilege escalation and a novel syscall pattern.""]","[""uid_is_root"", ""euid_root"", ""unique_syscalls"", ""ephemeral_privileged"", ""max_uid_euid_delta""]","{
  ""verdict"": ""MALICIOUS"",
  ""confidence"": 0.99,
  ""rationale_steps"": [
    ""Privilege state: uid_is_root and euid_root are both set, indicating a root context."",
    ""Mechanism: is_suid_exec is not set, but the presence of uid_is_root and euid_root suggests a privilege escalation attempt."",
    ""Behavioural anomaly: unique_syscalls is high, indicating a novel syscall pattern, and ephemeral_privileged is set, suggesting a short-lived privileged process."",
    ""Benign-explanation test: the short lifetime and high throughput do not suggest a routine admin script or health-check."",
    ""Decide: the evidence supports CNN's call, with multiple indicators of privilege escalation and a novel syscall pattern.""
  ],
  ""key_features"": [""uid_is_root"", ""euid_root"", ""unique_syscalls"", ""ephemeral_privileged"", ""max_uid_euid_delta""],
  ""agrees_with"": ""cnn""
}"
60020,4,0,benign,0,1,0.5382307767868042,0.9489884972572328,xgb_benign_cnn_malicious,MALICIOUS,1,0.95,cnn,ok,"[""Privilege state: uid_is_root and euid_root are both set, indicating a genuine root context."", ""Mechanism: is_suid_exec is not set, but the presence of a root context and a high priv_op_count suggests a privilege escalation attempt."", ""Behavioural anomaly: the process is ephemeral and privileged, and there is no network activity, which is unusual for a benign process."", ""Benign-explanation test: the short lifetime and high throughput of the process make it unlikely to be a routine admin script or health-check."", ""Decide: the evidence supports CNN's call, as the root context and high priv_op_count are strong indicators of a privilege escalation attempt.""]","[""uid_is_root"", ""euid_root"", ""ephemeral_privileged"", ""priv_op_count"", ""max_uid_euid_delta""]","{
  ""verdict"": ""MALICIOUS"",
  ""confidence"": 0.95,
  ""rationale_steps"": [
    ""Privilege state: uid_is_root and euid_root are both set, indicating a genuine root context."",
    ""Mechanism: is_suid_exec is not set, but the presence of a root context and a high priv_op_count suggests a privilege escalation attempt."",
    ""Behavioural anomaly: the process is ephemeral and privileged, and there is no network activity, which is unusual for a benign process."",
    ""Benign-explanation test: the short lifetime and high throughput of the process make it unlikely to be a routine admin script or health-check."",
    ""Decide: the evidence supports CNN's call, as the root context and high priv_op_count are strong indicators of a privilege escalation attempt.""
  ],
  ""key_features"": [""uid_is_root"", ""euid_root"", ""ephemeral_privileged"", ""priv_op_count"", ""max_uid_euid_delta""],
  ""agrees_with"": ""cnn""
}"
60429,4,0,benign,0,1,0.4626511931419372,0.7419862747192383,xgb_benign_cnn_malicious,MALICIOUS,1,0.92,cnn,ok,"[""Privilege state: uid_is_root and euid_root are both set, indicating a genuine root context."", ""Mechanism: is_suid_exec is not set, but the combination of uid_is_root, euid_root, and auid_euid_mismatch suggests a privilege escalation attempt."", ""Behavioural anomaly: events_per_second is extremely high, indicating a potential attack, and failed_call_rate is also high, suggesting a failed escalation attempt."", ""Benign-explanation test: the short lifetime and high throughput make it unlikely to be a routine admin script or health-check."", ""Decide: the combination of privilege escalation indicators and behavioural anomalies outweighs XGBoost's benign call; this supports the CNN.""]","[""events_per_second"", ""uid_is_root"", ""euid_root"", ""auid_euid_mismatch"", ""failed_call_rate""]","{
  ""verdict"": ""MALICIOUS"",
  ""confidence"": 0.92,
  ""rationale_steps"": [
    ""Privilege state: uid_is_root and euid_root are both set, indicating a genuine root context."",
    ""Mechanism: is_suid_exec is not set, but the combination of uid_is_root, euid_root, and auid_euid_mismatch suggests a privilege escalation attempt."",
    ""Behavioural anomaly: events_per_second is extremely high, indicating a potential attack, and failed_call_rate is also high, suggesting a failed escalation attempt."",
    ""Benign-explanation test: the short lifetime and high throughput make it unlikely to be a routine admin script or health-check."",
    ""Decide: the combination of privilege escalation indicators and behavioural anomalies outweighs XGBoost's benign call; this supports the CNN.""
  ],
  ""key_features"": [""events_per_second"", ""uid_is_root"", ""euid_root"", ""auid_euid_mismatch"", ""failed_call_rate""],
  ""agrees_with"": ""cnn""
}"
61200,4,0,benign,0,1,0.4626511931419372,0.7419862747192383,xgb_benign_cnn_malicious,MALICIOUS,1,0.92,cnn,ok,"[""Privilege state: uid_is_root and euid_root are both set, indicating a genuine root context."", ""Mechanism: is_suid_exec is not set, but the combination of uid_is_root, euid_root, and auid_euid_mismatch suggests a privilege escalation attempt."", ""Behavioural anomaly: events_per_second is extremely high, indicating a high syscall throughput, and failed_call_rate is also high, suggesting a process that is attempting to escalate privileges."", ""Benign-explanation test: the short lifetime and high syscall throughput make it unlikely that this is a routine admin script, cron job, or health-check."", ""Decide: the combination of privilege escalation indicators and behavioural anomalies outweighs XGBoost's benign call; this supports the CNN.""]","[""events_per_second"", ""uid_is_root"", ""euid_root"", ""auid_euid_mismatch"", ""failed_call_rate""]","{
  ""verdict"": ""MALICIOUS"",
  ""confidence"": 0.92,
  ""rationale_steps"": [
    ""Privilege state: uid_is_root and euid_root are both set, indicating a genuine root context."",
    ""Mechanism: is_suid_exec is not set, but the combination of uid_is_root, euid_root, and auid_euid_mismatch suggests a privilege escalation attempt."",
    ""Behavioural anomaly: events_per_second is extremely high, indicating a high syscall throughput, and failed_call_rate is also high, suggesting a process that is attempting to escalate privileges."",
    ""Benign-explanation test: the short lifetime and high syscall throughput make it unlikely that this is a routine admin script, cron job, or health-check."",
    ""Decide: the combination of privilege escalation indicators and behavioural anomalies outweighs XGBoost's benign call; this supports the CNN.""
  ],
  ""key_features"": [""events_per_second"", ""uid_is_root"", ""euid_root"", ""auid_euid_mismatch"", ""failed_call_rate""],
  ""agrees_with"": ""cnn""
}"
61362,3,1,T1078_Valid_Accounts,0,1,0.6923177242279053,0.9917534589767456,xgb_benign_cnn_malicious,MALICIOUS,1,0.99,cnn,ok,"[""Privilege state: uid_is_root and euid_root are both set, indicating a root context."", ""Mechanism: is_suid_exec is not set, but the presence of uid_is_root and euid_root suggests a privilege escalation attempt."", ""Behavioural anomaly: unique_syscalls is high, indicating a novel syscall pattern, and ephemeral_privileged is set, suggesting a short-lived privileged process."", ""Benign-explanation test: the short lifetime and high throughput do not suggest a routine admin script or health-check."", ""Decide: the evidence supports CNN's call, with multiple indicators of privilege escalation and a novel syscall pattern.""]","[""uid_is_root"", ""euid_root"", ""unique_syscalls"", ""ephemeral_privileged"", ""max_uid_euid_delta""]","{
  ""verdict"": ""MALICIOUS"",
  ""confidence"": 0.99,
  ""rationale_steps"": [
    ""Privilege state: uid_is_root and euid_root are both set, indicating a root context."",
    ""Mechanism: is_suid_exec is not set, but the presence of uid_is_root and euid_root suggests a privilege escalation attempt."",
    ""Behavioural anomaly: unique_syscalls is high, indicating a novel syscall pattern, and ephemeral_privileged is set, suggesting a short-lived privileged process."",
    ""Benign-explanation test: the short lifetime and high throughput do not suggest a routine admin script or health-check."",
    ""Decide: the evidence supports CNN's call, with multiple indicators of privilege escalation and a novel syscall pattern.""
  ],
  ""key_features"": [""uid_is_root"", ""euid_root"", ""unique_syscalls"", ""ephemeral_privileged"", ""max_uid_euid_delta""],
  ""agrees_with"": ""cnn""
}"
61423,4,0,benign,0,1,0.4626511931419372,0.7419862747192383,xgb_benign_cnn_malicious,MALICIOUS,1,0.92,cnn,ok,"[""Privilege state: uid_is_root and euid_root are both set, indicating a genuine root context."", ""Mechanism: is_suid_exec is not set, but the combination of uid_is_root, euid_root, and auid_euid_mismatch suggests a privilege escalation attempt."", ""Behavioural anomaly: events_per_second is extremely high, indicating a potential attack, and failed_call_rate is also high, suggesting a failed escalation attempt."", ""Benign-explanation test: the short lifetime and high throughput make it unlikely to be a routine admin script or health-check."", ""Decide: the combination of privilege escalation indicators and behavioural anomalies outweighs XGBoost's benign call; this supports the CNN.""]","[""events_per_second"", ""uid_is_root"", ""euid_root"", ""auid_euid_mismatch"", ""failed_call_rate""]","{
  ""verdict"": ""MALICIOUS"",
  ""confidence"": 0.92,
  ""rationale_steps"": [
    ""Privilege state: uid_is_root and euid_root are both set, indicating a genuine root context."",
    ""Mechanism: is_suid_exec is not set, but the combination of uid_is_root, euid_root, and auid_euid_mismatch suggests a privilege escalation attempt."",
    ""Behavioural anomaly: events_per_second is extremely high, indicating a potential attack, and failed_call_rate is also high, suggesting a failed escalation attempt."",
    ""Benign-explanation test: the short lifetime and high throughput make it unlikely to be a routine admin script or health-check."",
    ""Decide: the combination of privilege escalation indicators and behavioural anomalies outweighs XGBoost's benign call; this supports the CNN.""
  ],
  ""key_features"": [""events_per_second"", ""uid_is_root"", ""euid_root"", ""auid_euid_mismatch"", ""failed_call_rate""],
  ""agrees_with"": ""cnn""
}"
61486,4,0,benign,0,1,0.4626511931419372,0.7419862747192383,xgb_benign_cnn_malicious,MALICIOUS,1,0.92,cnn,ok,"[""Privilege state: uid_is_root and euid_root are both set, indicating a genuine root context."", ""Mechanism: is_suid_exec is not set, but the combination of uid_is_root, euid_root, and auid_euid_mismatch suggests a privilege escalation attempt."", ""Behavioural anomaly: events_per_second is extremely high, indicating a high syscall throughput, and failed_call_rate is also high, suggesting a process that is attempting to escalate privileges."", ""Benign-explanation test: the short lifetime and high syscall throughput make it unlikely that this is a routine admin script, cron job, or health-check."", ""Decide: the combination of privilege escalation indicators and behavioural anomalies outweighs XGBoost's benign call; this supports the CNN.""]","[""events_per_second"", ""uid_is_root"", ""euid_root"", ""auid_euid_mismatch"", ""failed_call_rate""]","{
  ""verdict"": ""MALICIOUS"",
  ""confidence"": 0.92,
  ""rationale_steps"": [
    ""Privilege state: uid_is_root and euid_root are both set, indicating a genuine root context."",
    ""Mechanism: is_suid_exec is not set, but the combination of uid_is_root, euid_root, and auid_euid_mismatch suggests a privilege escalation attempt."",
    ""Behavioural anomaly: events_per_second is extremely high, indicating a high syscall throughput, and failed_call_rate is also high, suggesting a process that is attempting to escalate privileges."",
    ""Benign-explanation test: the short lifetime and high syscall throughput make it unlikely that this is a routine admin script, cron job, or health-check."",
    ""Decide: the combination of privilege escalation indicators and behavioural anomalies outweighs XGBoost's benign call; this supports the CNN.""
  ],
  ""key_features"": [""events_per_second"", ""uid_is_root"", ""euid_root"", ""auid_euid_mismatch"", ""failed_call_rate""],
  ""agrees_with"": ""cnn""
}"
61578,4,1,T1078_Valid_Accounts,0,1,0.5382307767868042,0.9489884972572328,xgb_benign_cnn_malicious,MALICIOUS,1,0.95,cnn,ok,"[""Privilege state: uid_is_root and euid_root are both set, indicating a genuine root context."", ""Mechanism: is_suid_exec is not set, but the presence of a root context and a high priv_op_count suggests a privilege escalation attempt."", ""Behavioural anomaly: the process is ephemeral and privileged, and there is no network activity, which is unusual for a benign process."", ""Benign-explanation test: the short lifetime and high throughput of the process make it unlikely to be a routine admin script or health-check."", ""Decide: the evidence supports CNN's call, as the root context and high priv_op_count are strong indicators of a privilege escalation attempt.""]","[""uid_is_root"", ""euid_root"", ""ephemeral_privileged"", ""priv_op_count"", ""max_uid_euid_delta""]","{
  ""verdict"": ""MALICIOUS"",
  ""confidence"": 0.95,
  ""rationale_steps"": [
    ""Privilege state: uid_is_root and euid_root are both set, indicating a genuine root context."",
    ""Mechanism: is_suid_exec is not set, but the presence of a root context and a high priv_op_count suggests a privilege escalation attempt."",
    ""Behavioural anomaly: the process is ephemeral and privileged, and there is no network activity, which is unusual for a benign process."",
    ""Benign-explanation test: the short lifetime and high throughput of the process make it unlikely to be a routine admin script or health-check."",
    ""Decide: the evidence supports CNN's call, as the root context and high priv_op_count are strong indicators of a privilege escalation attempt.""
  ],
  ""key_features"": [""uid_is_root"", ""euid_root"", ""ephemeral_privileged"", ""priv_op_count"", ""max_uid_euid_delta""],
  ""agrees_with"": ""cnn""
}"
61719,1,0,benign,0,1,0.694502592086792,0.9362074136734008,xgb_benign_cnn_malicious,MALICIOUS,1,0.94,cnn,ok,"[""Privilege state: uid_is_root and euid_root are both set, indicating a root context."", ""Mechanism: is_suid_exec is not set, but the process is holding privilege as an ephemeral process."", ""Behavioural anomaly: extremely high syscall throughput and a high failed_call_rate and count."", ""Benign-explanation test: the short-lived, high-throughput execution from a root context is not consistent with a routine admin script, cron job, or health-check."", ""Decide: the evidence supports CNN's call, with a high confidence in the malicious classification.""]","[""events_per_second"", ""uid_is_root"", ""euid_root"", ""ephemeral_privileged"", ""failed_call_rate""]","{
  ""verdict"": ""MALICIOUS"",
  ""confidence"": 0.94,
  ""rationale_steps"": [
    ""Privilege state: uid_is_root and euid_root are both set, indicating a root context."",
    ""Mechanism: is_suid_exec is not set, but the process is holding privilege as an ephemeral process."",
    ""Behavioural anomaly: extremely high syscall throughput and a high failed_call_rate and count."",
    ""Benign-explanation test: the short-lived, high-throughput execution from a root context is not consistent with a routine admin script, cron job, or health-check."",
    ""Decide: the evidence supports CNN's call, with a high confidence in the malicious classification.""
  ],
  ""key_features"": [
    ""events_per_second"",
    ""uid_is_root"",
    ""euid_root"",
    ""ephemeral_privileged"",
    ""failed_call_rate""
  ],
  ""agrees_with"": ""cnn""
}"
62242,4,0,benign,0,1,0.4626511931419372,0.7419862747192383,xgb_benign_cnn_malicious,MALICIOUS,1,0.92,cnn,ok,"[""Privilege state: uid_is_root and euid_root are both set, indicating a genuine root context."", ""Mechanism: is_suid_exec is not set, but the combination of uid_is_root, euid_root, and auid_euid_mismatch suggests a privilege escalation attempt."", ""Behavioural anomaly: events_per_second is extremely high, indicating a potential attack, and failed_call_rate is also high, suggesting a failed escalation attempt."", ""Benign-explanation test: the short lifetime and high throughput make it unlikely to be a routine admin script or health-check."", ""Decide: the combination of privilege escalation indicators and behavioural anomalies outweighs XGBoost's benign call; this supports the CNN.""]","[""events_per_second"", ""uid_is_root"", ""euid_root"", ""auid_euid_mismatch"", ""failed_call_rate""]","{
  ""verdict"": ""MALICIOUS"",
  ""confidence"": 0.92,
  ""rationale_steps"": [
    ""Privilege state: uid_is_root and euid_root are both set, indicating a genuine root context."",
    ""Mechanism: is_suid_exec is not set, but the combination of uid_is_root, euid_root, and auid_euid_mismatch suggests a privilege escalation attempt."",
    ""Behavioural anomaly: events_per_second is extremely high, indicating a potential attack, and failed_call_rate is also high, suggesting a failed escalation attempt."",
    ""Benign-explanation test: the short lifetime and high throughput make it unlikely to be a routine admin script or health-check."",
    ""Decide: the combination of privilege escalation indicators and behavioural anomalies outweighs XGBoost's benign call; this supports the CNN.""
  ],
  ""key_features"": [""events_per_second"", ""uid_is_root"", ""euid_root"", ""auid_euid_mismatch"", ""failed_call_rate""],
  ""agrees_with"": ""cnn""
}"
62578,4,1,T1078_Valid_Accounts,0,1,0.5382307767868042,0.9489884972572328,xgb_benign_cnn_malicious,MALICIOUS,1,0.95,cnn,ok,"[""Privilege state: uid_is_root and euid_root are both set, indicating a genuine root context."", ""Mechanism: is_suid_exec is not set, but the presence of a root context and a high priv_op_count suggests a privilege escalation attempt."", ""Behavioural anomaly: the process is ephemeral and privileged, and there is no network activity, which is unusual for a benign process."", ""Benign-explanation test: the short lifetime and high throughput of the process make it unlikely to be a routine admin script or health-check."", ""Decide: the evidence supports CNN's call, as the root context and high priv_op_count are strong indicators of a privilege escalation attempt.""]","[""uid_is_root"", ""euid_root"", ""ephemeral_privileged"", ""priv_op_count"", ""max_uid_euid_delta""]","{
  ""verdict"": ""MALICIOUS"",
  ""confidence"": 0.95,
  ""rationale_steps"": [
    ""Privilege state: uid_is_root and euid_root are both set, indicating a genuine root context."",
    ""Mechanism: is_suid_exec is not set, but the presence of a root context and a high priv_op_count suggests a privilege escalation attempt."",
    ""Behavioural anomaly: the process is ephemeral and privileged, and there is no network activity, which is unusual for a benign process."",
    ""Benign-explanation test: the short lifetime and high throughput of the process make it unlikely to be a routine admin script or health-check."",
    ""Decide: the evidence supports CNN's call, as the root context and high priv_op_count are strong indicators of a privilege escalation attempt.""
  ],
  ""key_features"": [""uid_is_root"", ""euid_root"", ""ephemeral_privileged"", ""priv_op_count"", ""max_uid_euid_delta""],
  ""agrees_with"": ""cnn""
}"
62731,4,0,benign,0,1,0.5382307767868042,0.9489884972572328,xgb_benign_cnn_malicious,MALICIOUS,1,0.95,cnn,ok,"[""Privilege state: uid_is_root and euid_root are both set, indicating a genuine root context."", ""Mechanism: is_suid_exec is not set, but the presence of uid_is_root and euid_root alongside ephemeral_privileged suggests a privilege escalation attempt."", ""Behavioural anomaly: the process held privilege for a short time, and there is no sensitive-path access, but the network_count is 0, which is unusual for an attack."", ""Benign-explanation test: the short lifetime and lack of throughput make it unlikely to be a routine admin script, cron job, or health-check."", ""Decide: the evidence supports CNN's call, as the privilege escalation attempt and unusual network activity outweigh XGBoost's benign call.""]","[""uid_is_root"", ""euid_root"", ""max_uid_euid_delta"", ""ephemeral_privileged"", ""network_count""]","{
  ""verdict"": ""MALICIOUS"",
  ""confidence"": 0.95,
  ""rationale_steps"": [
    ""Privilege state: uid_is_root and euid_root are both set, indicating a genuine root context."",
    ""Mechanism: is_suid_exec is not set, but the presence of uid_is_root and euid_root alongside ephemeral_privileged suggests a privilege escalation attempt."",
    ""Behavioural anomaly: the process held privilege for a short time, and there is no sensitive-path access, but the network_count is 0, which is unusual for an attack."",
    ""Benign-explanation test: the short lifetime and lack of throughput make it unlikely to be a routine admin script, cron job, or health-check."",
    ""Decide: the evidence supports CNN's call, as the privilege escalation attempt and unusual network activity outweigh XGBoost's benign call.""
  ],
  ""key_features"": [""uid_is_root"", ""euid_root"", ""max_uid_euid_delta"", ""ephemeral_privileged"", ""network_count""],
  ""agrees_with"": ""cnn""
}"
62945,3,0,benign,0,1,0.6923177242279053,0.9917534589767456,xgb_benign_cnn_malicious,MALICIOUS,1,0.99,cnn,ok,"[""Privilege state: uid_is_root and euid_root are both set, indicating a root context."", ""Mechanism: is_suid_exec is not set, but the presence of uid_is_root and euid_root suggests a privilege escalation attempt."", ""Behavioural anomaly: unique_syscalls is high, indicating a novel syscall pattern, and ephemeral_privileged is set, suggesting a short-lived privileged process."", ""Benign-explanation test: the short lifetime and high throughput do not suggest a routine admin script or health-check."", ""Decide: the evidence supports CNN's call, with multiple indicators of privilege escalation and a novel syscall pattern.""]","[""uid_is_root"", ""euid_root"", ""unique_syscalls"", ""ephemeral_privileged"", ""max_uid_euid_delta""]","{
  ""verdict"": ""MALICIOUS"",
  ""confidence"": 0.99,
  ""rationale_steps"": [
    ""Privilege state: uid_is_root and euid_root are both set, indicating a root context."",
    ""Mechanism: is_suid_exec is not set, but the presence of uid_is_root and euid_root suggests a privilege escalation attempt."",
    ""Behavioural anomaly: unique_syscalls is high, indicating a novel syscall pattern, and ephemeral_privileged is set, suggesting a short-lived privileged process."",
    ""Benign-explanation test: the short lifetime and high throughput do not suggest a routine admin script or health-check."",
    ""Decide: the evidence supports CNN's call, with multiple indicators of privilege escalation and a novel syscall pattern.""
  ],
  ""key_features"": [""uid_is_root"", ""euid_root"", ""unique_syscalls"", ""ephemeral_privileged"", ""max_uid_euid_delta""],
  ""agrees_with"": ""cnn""
}"
63440,4,0,benign,0,1,0.5382307767868042,0.9489884972572328,xgb_benign_cnn_malicious,MALICIOUS,1,0.95,cnn,ok,"[""Privilege state: uid_is_root and euid_root are both set, indicating a genuine root context."", ""Mechanism: is_suid_exec is not set, but the presence of a root context and a high priv_op_count suggests a privilege escalation attempt."", ""Behavioural anomaly: the process is ephemeral and privileged, and there is no network activity, which is unusual for a benign process."", ""Benign-explanation test: the short lifetime and high throughput of the process make it unlikely to be a routine admin script or health-check."", ""Decide: the evidence supports CNN's call, as the root context and high priv_op_count are strong indicators of a privilege escalation attempt.""]","[""uid_is_root"", ""euid_root"", ""ephemeral_privileged"", ""priv_op_count"", ""max_uid_euid_delta""]","{
  ""verdict"": ""MALICIOUS"",
  ""confidence"": 0.95,
  ""rationale_steps"": [
    ""Privilege state: uid_is_root and euid_root are both set, indicating a genuine root context."",
    ""Mechanism: is_suid_exec is not set, but the presence of a root context and a high priv_op_count suggests a privilege escalation attempt."",
    ""Behavioural anomaly: the process is ephemeral and privileged, and there is no network activity, which is unusual for a benign process."",
    ""Benign-explanation test: the short lifetime and high throughput of the process make it unlikely to be a routine admin script or health-check."",
    ""Decide: the evidence supports CNN's call, as the root context and high priv_op_count are strong indicators of a privilege escalation attempt.""
  ],
  ""key_features"": [""uid_is_root"", ""euid_root"", ""ephemeral_privileged"", ""priv_op_count"", ""max_uid_euid_delta""],
  ""agrees_with"": ""cnn""
}"
63551,3,0,benign,0,1,0.6923177242279053,0.9917534589767456,xgb_benign_cnn_malicious,MALICIOUS,1,0.99,cnn,ok,"[""Privilege state: uid_is_root and euid_root are both set, indicating a root context."", ""Mechanism: is_suid_exec is not set, but the presence of uid_is_root and euid_root suggests a privilege escalation attempt."", ""Behavioural anomaly: unique_syscalls is high, indicating a novel syscall pattern, and ephemeral_privileged is set, suggesting a short-lived privileged process."", ""Benign-explanation test: the short lifetime and high throughput do not suggest a routine admin script or health-check."", ""Decide: the evidence supports CNN's call, with multiple indicators of privilege escalation and a novel syscall pattern.""]","[""uid_is_root"", ""euid_root"", ""unique_syscalls"", ""ephemeral_privileged"", ""max_uid_euid_delta""]","{
  ""verdict"": ""MALICIOUS"",
  ""confidence"": 0.99,
  ""rationale_steps"": [
    ""Privilege state: uid_is_root and euid_root are both set, indicating a root context."",
    ""Mechanism: is_suid_exec is not set, but the presence of uid_is_root and euid_root suggests a privilege escalation attempt."",
    ""Behavioural anomaly: unique_syscalls is high, indicating a novel syscall pattern, and ephemeral_privileged is set, suggesting a short-lived privileged process."",
    ""Benign-explanation test: the short lifetime and high throughput do not suggest a routine admin script or health-check."",
    ""Decide: the evidence supports CNN's call, with multiple indicators of privilege escalation and a novel syscall pattern.""
  ],
  ""key_features"": [""uid_is_root"", ""euid_root"", ""unique_syscalls"", ""ephemeral_privileged"", ""max_uid_euid_delta""],
  ""agrees_with"": ""cnn""
}"
63605,4,1,T1078_Valid_Accounts,0,1,0.5382307767868042,0.9489884972572328,xgb_benign_cnn_malicious,MALICIOUS,1,0.95,cnn,ok,"[""Privilege state: uid_is_root and euid_root are both set, indicating a genuine root context."", ""Mechanism: is_suid_exec is not set, but the presence of a root context and a high priv_op_count suggests a privilege escalation attempt."", ""Behavioural anomaly: the process is ephemeral and privileged, and there is no network activity, which is unusual for a benign process."", ""Benign-explanation test: the short lifetime and high throughput of the process make it unlikely to be a routine admin script or health-check."", ""Decide: the evidence supports CNN's call, as the root context and high priv_op_count are strong indicators of a privilege escalation attempt.""]","[""uid_is_root"", ""euid_root"", ""ephemeral_privileged"", ""priv_op_count"", ""max_uid_euid_delta""]","{
  ""verdict"": ""MALICIOUS"",
  ""confidence"": 0.95,
  ""rationale_steps"": [
    ""Privilege state: uid_is_root and euid_root are both set, indicating a genuine root context."",
    ""Mechanism: is_suid_exec is not set, but the presence of a root context and a high priv_op_count suggests a privilege escalation attempt."",
    ""Behavioural anomaly: the process is ephemeral and privileged, and there is no network activity, which is unusual for a benign process."",
    ""Benign-explanation test: the short lifetime and high throughput of the process make it unlikely to be a routine admin script or health-check."",
    ""Decide: the evidence supports CNN's call, as the root context and high priv_op_count are strong indicators of a privilege escalation attempt.""
  ],
  ""key_features"": [""uid_is_root"", ""euid_root"", ""ephemeral_privileged"", ""priv_op_count"", ""max_uid_euid_delta""],
  ""agrees_with"": ""cnn""
}"
64295,3,0,benign,0,1,0.6923177242279053,0.9917534589767456,xgb_benign_cnn_malicious,MALICIOUS,1,0.99,cnn,ok,"[""Privilege state: uid_is_root and euid_root are both set, indicating a root context."", ""Mechanism: is_suid_exec is not set, but the presence of uid_is_root and euid_root suggests a privilege escalation attempt."", ""Behavioural anomaly: unique_syscalls is high, indicating a novel syscall pattern, and ephemeral_privileged is set, suggesting a short-lived privileged process."", ""Benign-explanation test: the short lifetime and high throughput do not suggest a routine admin script or health-check."", ""Decide: the evidence supports CNN's call, with multiple indicators of privilege escalation and a novel syscall pattern.""]","[""uid_is_root"", ""euid_root"", ""unique_syscalls"", ""ephemeral_privileged"", ""max_uid_euid_delta""]","{
  ""verdict"": ""MALICIOUS"",
  ""confidence"": 0.99,
  ""rationale_steps"": [
    ""Privilege state: uid_is_root and euid_root are both set, indicating a root context."",
    ""Mechanism: is_suid_exec is not set, but the presence of uid_is_root and euid_root suggests a privilege escalation attempt."",
    ""Behavioural anomaly: unique_syscalls is high, indicating a novel syscall pattern, and ephemeral_privileged is set, suggesting a short-lived privileged process."",
    ""Benign-explanation test: the short lifetime and high throughput do not suggest a routine admin script or health-check."",
    ""Decide: the evidence supports CNN's call, with multiple indicators of privilege escalation and a novel syscall pattern.""
  ],
  ""key_features"": [""uid_is_root"", ""euid_root"", ""unique_syscalls"", ""ephemeral_privileged"", ""max_uid_euid_delta""],
  ""agrees_with"": ""cnn""
}"
64546,4,1,T1078_Valid_Accounts,0,1,0.5382307767868042,0.9489884972572328,xgb_benign_cnn_malicious,MALICIOUS,1,0.95,cnn,ok,"[""Privilege state: uid_is_root and euid_root are both set, indicating a genuine root context."", ""Mechanism: is_suid_exec is not set, but the presence of a root context and a high priv_op_count suggests a privilege escalation attempt."", ""Behavioural anomaly: the process is ephemeral and privileged, and there is no network activity, which is unusual for a benign process."", ""Benign-explanation test: the short lifetime and high throughput of the process make it unlikely to be a routine admin script or health-check."", ""Decide: the evidence supports CNN's call, as the root context and high priv_op_count are strong indicators of a privilege escalation attempt.""]","[""uid_is_root"", ""euid_root"", ""ephemeral_privileged"", ""priv_op_count"", ""max_uid_euid_delta""]","{
  ""verdict"": ""MALICIOUS"",
  ""confidence"": 0.95,
  ""rationale_steps"": [
    ""Privilege state: uid_is_root and euid_root are both set, indicating a genuine root context."",
    ""Mechanism: is_suid_exec is not set, but the presence of a root context and a high priv_op_count suggests a privilege escalation attempt."",
    ""Behavioural anomaly: the process is ephemeral and privileged, and there is no network activity, which is unusual for a benign process."",
    ""Benign-explanation test: the short lifetime and high throughput of the process make it unlikely to be a routine admin script or health-check."",
    ""Decide: the evidence supports CNN's call, as the root context and high priv_op_count are strong indicators of a privilege escalation attempt.""
  ],
  ""key_features"": [""uid_is_root"", ""euid_root"", ""ephemeral_privileged"", ""priv_op_count"", ""max_uid_euid_delta""],
  ""agrees_with"": ""cnn""
}"
64766,4,0,benign,0,1,0.5382307767868042,0.9489884972572328,xgb_benign_cnn_malicious,MALICIOUS,1,0.95,cnn,ok,"[""Privilege state: uid_is_root and euid_root are both set, indicating a genuine root context."", ""Mechanism: is_suid_exec is not set, but the presence of uid_is_root and euid_root alongside ephemeral_privileged suggests a privilege escalation attempt."", ""Behavioural anomaly: the process held privilege for a short time, and there is no sensitive-path access, but the network_count is 0, which is unusual for an attack."", ""Benign-explanation test: the short lifetime and lack of throughput make it unlikely to be a routine admin script, cron job, or health-check."", ""Decide: the evidence supports CNN's call, as the privilege escalation attempt and unusual network activity outweigh XGBoost's benign call.""]","[""uid_is_root"", ""euid_root"", ""max_uid_euid_delta"", ""ephemeral_privileged"", ""network_count""]","{
  ""verdict"": ""MALICIOUS"",
  ""confidence"": 0.95,
  ""rationale_steps"": [
    ""Privilege state: uid_is_root and euid_root are both set, indicating a genuine root context."",
    ""Mechanism: is_suid_exec is not set, but the presence of uid_is_root and euid_root alongside ephemeral_privileged suggests a privilege escalation attempt."",
    ""Behavioural anomaly: the process held privilege for a short time, and there is no sensitive-path access, but the network_count is 0, which is unusual for an attack."",
    ""Benign-explanation test: the short lifetime and lack of throughput make it unlikely to be a routine admin script, cron job, or health-check."",
    ""Decide: the evidence supports CNN's call, as the privilege escalation attempt and unusual network activity outweigh XGBoost's benign call.""
  ],
  ""key_features"": [""uid_is_root"", ""euid_root"", ""max_uid_euid_delta"", ""ephemeral_privileged"", ""network_count""],
  ""agrees_with"": ""cnn""
}"
65351,3,0,benign,0,1,0.6923177242279053,0.9917534589767456,xgb_benign_cnn_malicious,MALICIOUS,1,0.99,cnn,ok,"[""Privilege state: uid_is_root and euid_root are both set, indicating a root context."", ""Mechanism: is_suid_exec is not set, but the presence of uid_is_root and euid_root suggests a privilege escalation attempt."", ""Behavioural anomaly: unique_syscalls is high, indicating a novel syscall pattern, and ephemeral_privileged is set, suggesting a short-lived privileged process."", ""Benign-explanation test: the short lifetime and high throughput do not suggest a routine admin script or health-check."", ""Decide: the evidence supports CNN's call, with multiple indicators of privilege escalation and a novel syscall pattern.""]","[""uid_is_root"", ""euid_root"", ""unique_syscalls"", ""ephemeral_privileged"", ""max_uid_euid_delta""]","{
  ""verdict"": ""MALICIOUS"",
  ""confidence"": 0.99,
  ""rationale_steps"": [
    ""Privilege state: uid_is_root and euid_root are both set, indicating a root context."",
    ""Mechanism: is_suid_exec is not set, but the presence of uid_is_root and euid_root suggests a privilege escalation attempt."",
    ""Behavioural anomaly: unique_syscalls is high, indicating a novel syscall pattern, and ephemeral_privileged is set, suggesting a short-lived privileged process."",
    ""Benign-explanation test: the short lifetime and high throughput do not suggest a routine admin script or health-check."",
    ""Decide: the evidence supports CNN's call, with multiple indicators of privilege escalation and a novel syscall pattern.""
  ],
  ""key_features"": [""uid_is_root"", ""euid_root"", ""unique_syscalls"", ""ephemeral_privileged"", ""max_uid_euid_delta""],
  ""agrees_with"": ""cnn""
}"
65408,4,1,T1078_Valid_Accounts,0,1,0.5382307767868042,0.9489884972572328,xgb_benign_cnn_malicious,MALICIOUS,1,0.95,cnn,ok,"[""Privilege state: uid_is_root and euid_root are both set, indicating a genuine root context."", ""Mechanism: is_suid_exec is not set, but the presence of a root context and a high priv_op_count suggests a privilege escalation attempt."", ""Behavioural anomaly: the process is ephemeral and privileged, and there is no network activity, which is unusual for a benign process."", ""Benign-explanation test: the short lifetime and high throughput of the process make it unlikely to be a routine admin script or health-check."", ""Decide: the evidence supports CNN's call, as the root context and high priv_op_count are strong indicators of a privilege escalation attempt.""]","[""uid_is_root"", ""euid_root"", ""ephemeral_privileged"", ""priv_op_count"", ""max_uid_euid_delta""]","{
  ""verdict"": ""MALICIOUS"",
  ""confidence"": 0.95,
  ""rationale_steps"": [
    ""Privilege state: uid_is_root and euid_root are both set, indicating a genuine root context."",
    ""Mechanism: is_suid_exec is not set, but the presence of a root context and a high priv_op_count suggests a privilege escalation attempt."",
    ""Behavioural anomaly: the process is ephemeral and privileged, and there is no network activity, which is unusual for a benign process."",
    ""Benign-explanation test: the short lifetime and high throughput of the process make it unlikely to be a routine admin script or health-check."",
    ""Decide: the evidence supports CNN's call, as the root context and high priv_op_count are strong indicators of a privilege escalation attempt.""
  ],
  ""key_features"": [""uid_is_root"", ""euid_root"", ""ephemeral_privileged"", ""priv_op_count"", ""max_uid_euid_delta""],
  ""agrees_with"": ""cnn""
}"
65497,3,0,benign,0,1,0.6923177242279053,0.9917534589767456,xgb_benign_cnn_malicious,MALICIOUS,1,0.99,cnn,ok,"[""Privilege state: uid_is_root and euid_root are both set, indicating a root context."", ""Mechanism: is_suid_exec is not set, but the presence of uid_is_root and euid_root suggests a privilege escalation attempt."", ""Behavioural anomaly: unique_syscalls is high, indicating a novel syscall pattern, and ephemeral_privileged is set, suggesting a short-lived privileged process."", ""Benign-explanation test: the short lifetime and high throughput do not suggest a routine admin script or health-check."", ""Decide: the evidence supports CNN's call, with multiple indicators of privilege escalation and a novel syscall pattern.""]","[""uid_is_root"", ""euid_root"", ""unique_syscalls"", ""ephemeral_privileged"", ""max_uid_euid_delta""]","{
  ""verdict"": ""MALICIOUS"",
  ""confidence"": 0.99,
  ""rationale_steps"": [
    ""Privilege state: uid_is_root and euid_root are both set, indicating a root context."",
    ""Mechanism: is_suid_exec is not set, but the presence of uid_is_root and euid_root suggests a privilege escalation attempt."",
    ""Behavioural anomaly: unique_syscalls is high, indicating a novel syscall pattern, and ephemeral_privileged is set, suggesting a short-lived privileged process."",
    ""Benign-explanation test: the short lifetime and high throughput do not suggest a routine admin script or health-check."",
    ""Decide: the evidence supports CNN's call, with multiple indicators of privilege escalation and a novel syscall pattern.""
  ],
  ""key_features"": [""uid_is_root"", ""euid_root"", ""unique_syscalls"", ""ephemeral_privileged"", ""max_uid_euid_delta""],
  ""agrees_with"": ""cnn""
}"
65562,4,1,T1078_Valid_Accounts,0,1,0.5382307767868042,0.9489884972572328,xgb_benign_cnn_malicious,MALICIOUS,1,0.95,cnn,ok,"[""Privilege state: uid_is_root and euid_root are both set, indicating a genuine root context."", ""Mechanism: is_suid_exec is not set, but the presence of a root context and a high priv_op_count suggests a privilege escalation attempt."", ""Behavioural anomaly: the process is ephemeral and privileged, and there is no network activity, which is unusual for a benign process."", ""Benign-explanation test: the short lifetime and high throughput of the process make it unlikely to be a routine admin script or health-check."", ""Decide: the evidence supports CNN's call, as the root context and high priv_op_count are strong indicators of a privilege escalation attempt.""]","[""uid_is_root"", ""euid_root"", ""ephemeral_privileged"", ""priv_op_count"", ""max_uid_euid_delta""]","{
  ""verdict"": ""MALICIOUS"",
  ""confidence"": 0.95,
  ""rationale_steps"": [
    ""Privilege state: uid_is_root and euid_root are both set, indicating a genuine root context."",
    ""Mechanism: is_suid_exec is not set, but the presence of a root context and a high priv_op_count suggests a privilege escalation attempt."",
    ""Behavioural anomaly: the process is ephemeral and privileged, and there is no network activity, which is unusual for a benign process."",
    ""Benign-explanation test: the short lifetime and high throughput of the process make it unlikely to be a routine admin script or health-check."",
    ""Decide: the evidence supports CNN's call, as the root context and high priv_op_count are strong indicators of a privilege escalation attempt.""
  ],
  ""key_features"": [""uid_is_root"", ""euid_root"", ""ephemeral_privileged"", ""priv_op_count"", ""max_uid_euid_delta""],
  ""agrees_with"": ""cnn""
}"
65567,3,0,benign,0,1,0.6607770323753357,0.9975231885910034,xgb_benign_cnn_malicious,BENIGN,0,0.92,xgb,ok,"[""Privilege state: uid_is_root and euid_root are both set, indicating a root context, but max_uid_euid_delta is 0, suggesting no genuine UID/EUID transition."", ""Mechanism: is_suid_exec is 0, indicating no setuid/setgid binary execution, and priv_op_count is 0, indicating no privileged operations."", ""Behavioural anomaly: ephemeral_privileged is 1, indicating a short-lived process that held privilege, but network_count is 0, indicating no network activity."", ""Benign-explanation test: the combination of root context, lack of privilege transition, and short-lived process with no network activity is consistent with a routine system or administrative task."", ""Decide: the evidence supports XGBoost's benign call, as there is no clear indication of a privilege escalation attempt or malicious activity.""]","[""uid_is_root"", ""euid_root"", ""max_uid_euid_delta"", ""is_suid_exec"", ""ephemeral_privileged""]","{
  ""verdict"": ""BENIGN"",
  ""confidence"": 0.92,
  ""rationale_steps"": [
    ""Privilege state: uid_is_root and euid_root are both set, indicating a root context, but max_uid_euid_delta is 0, suggesting no genuine UID/EUID transition."",
    ""Mechanism: is_suid_exec is 0, indicating no setuid/setgid binary execution, and priv_op_count is 0, indicating no privileged operations."",
    ""Behavioural anomaly: ephemeral_privileged is 1, indicating a short-lived process that held privilege, but network_count is 0, indicating no network activity."",
    ""Benign-explanation test: the combination of root context, lack of privilege transition, and short-lived process with no network activity is consistent with a routine system or administrative task."",
    ""Decide: the evidence supports XGBoost's benign call, as there is no clear indication of a privilege escalation attempt or malicious activity.""
  ],
  ""key_features"": [""uid_is_root"", ""euid_root"", ""max_uid_euid_delta"", ""is_suid_exec"", ""ephemeral_privileged""],
  ""agrees_with"": ""xgb""
}"
65767,4,0,benign,0,1,0.3759605586528778,0.8749561309814453,xgb_benign_cnn_malicious,BENIGN,0,0.92,xgb,ok,"[""Privilege state: uid_is_root and euid_root are both set, indicating a root context, but max_uid_euid_delta is 0, suggesting no genuine UID/EUID transition."", ""Mechanism: is_suid_exec is 0, indicating no setuid/setgid binary execution, and priv_op_count is 0, indicating no privileged operations."", ""Behavioural anomaly: ephemeral_privileged is 1, indicating a short-lived process that held privilege, but this is consistent with a benign process."", ""Benign-explanation test: the process has a root context, which is consistent with a routine admin script or health-check."", ""Decide: the evidence supports XGBoost's benign call, as there is no indication of a privilege escalation attempt.""]","[""uid_is_root"", ""euid_root"", ""max_uid_euid_delta"", ""is_suid_exec"", ""ephemeral_privileged""]","{
  ""verdict"": ""BENIGN"",
  ""confidence"": 0.92,
  ""rationale_steps"": [
    ""Privilege state: uid_is_root and euid_root are both set, indicating a root context, but max_uid_euid_delta is 0, suggesting no genuine UID/EUID transition."",
    ""Mechanism: is_suid_exec is 0, indicating no setuid/setgid binary execution, and priv_op_count is 0, indicating no privileged operations."",
    ""Behavioural anomaly: ephemeral_privileged is 1, indicating a short-lived process that held privilege, but this is consistent with a benign process."",
    ""Benign-explanation test: the process has a root context, which is consistent with a routine admin script or health-check."",
    ""Decide: the evidence supports XGBoost's benign call, as there is no indication of a privilege escalation attempt.""
  ],
  ""key_features"": [""uid_is_root"", ""euid_root"", ""max_uid_euid_delta"", ""is_suid_exec"", ""ephemeral_privileged""],
  ""agrees_with"": ""xgb""
}"
65900,3,0,benign,0,1,0.6923177242279053,0.9917534589767456,xgb_benign_cnn_malicious,MALICIOUS,1,0.99,cnn,ok,"[""Privilege state: uid_is_root and euid_root are both set, indicating a root context."", ""Mechanism: is_suid_exec is not set, but the presence of uid_is_root and euid_root suggests a privilege escalation attempt."", ""Behavioural anomaly: unique_syscalls is high, indicating a novel syscall pattern, and ephemeral_privileged is set, suggesting a short-lived privileged process."", ""Benign-explanation test: the short lifetime and high throughput do not suggest a routine admin script or health-check."", ""Decide: the evidence supports CNN's call, with multiple indicators of privilege escalation and a novel syscall pattern.""]","[""uid_is_root"", ""euid_root"", ""unique_syscalls"", ""ephemeral_privileged"", ""max_uid_euid_delta""]","{
  ""verdict"": ""MALICIOUS"",
  ""confidence"": 0.99,
  ""rationale_steps"": [
    ""Privilege state: uid_is_root and euid_root are both set, indicating a root context."",
    ""Mechanism: is_suid_exec is not set, but the presence of uid_is_root and euid_root suggests a privilege escalation attempt."",
    ""Behavioural anomaly: unique_syscalls is high, indicating a novel syscall pattern, and ephemeral_privileged is set, suggesting a short-lived privileged process."",
    ""Benign-explanation test: the short lifetime and high throughput do not suggest a routine admin script or health-check."",
    ""Decide: the evidence supports CNN's call, with multiple indicators of privilege escalation and a novel syscall pattern.""
  ],
  ""key_features"": [""uid_is_root"", ""euid_root"", ""unique_syscalls"", ""ephemeral_privileged"", ""max_uid_euid_delta""],
  ""agrees_with"": ""cnn""
}"
65915,4,0,benign,0,1,0.5382307767868042,0.9489884972572328,xgb_benign_cnn_malicious,MALICIOUS,1,0.95,cnn,ok,"[""Privilege state: uid_is_root and euid_root are both set, indicating a genuine root context."", ""Mechanism: is_suid_exec is not set, but the presence of a root context and a high priv_op_count suggests a privilege escalation attempt."", ""Behavioural anomaly: the process is ephemeral and privileged, and there is no network activity, which is unusual for a benign process."", ""Benign-explanation test: the short lifetime and high throughput of the process make it unlikely to be a routine admin script or health-check."", ""Decide: the evidence supports CNN's call, as the root context and high priv_op_count are strong indicators of a privilege escalation attempt.""]","[""uid_is_root"", ""euid_root"", ""ephemeral_privileged"", ""priv_op_count"", ""max_uid_euid_delta""]","{
  ""verdict"": ""MALICIOUS"",
  ""confidence"": 0.95,
  ""rationale_steps"": [
    ""Privilege state: uid_is_root and euid_root are both set, indicating a genuine root context."",
    ""Mechanism: is_suid_exec is not set, but the presence of a root context and a high priv_op_count suggests a privilege escalation attempt."",
    ""Behavioural anomaly: the process is ephemeral and privileged, and there is no network activity, which is unusual for a benign process."",
    ""Benign-explanation test: the short lifetime and high throughput of the process make it unlikely to be a routine admin script or health-check."",
    ""Decide: the evidence supports CNN's call, as the root context and high priv_op_count are strong indicators of a privilege escalation attempt.""
  ],
  ""key_features"": [""uid_is_root"", ""euid_root"", ""ephemeral_privileged"", ""priv_op_count"", ""max_uid_euid_delta""],
  ""agrees_with"": ""cnn""
}"
65944,4,1,T1078_Valid_Accounts,0,1,0.612684965133667,0.7579640746116638,xgb_benign_cnn_malicious,MALICIOUS,1,0.92,cnn,ok,"[""Privilege state: uid_is_root and euid_root are both set, indicating a genuine root context."", ""Mechanism: is_suid_exec is not set, but the combination of uid_is_root, euid_root, and max_uid_euid_delta at p99+ suggests a privilege escalation attempt."", ""Behavioural anomaly: events_per_second is extremely high, indicating a high syscall throughput, and ephemeral_privileged is set, indicating a short-lived process that held privilege."", ""Benign-explanation test: the short lifetime and high syscall throughput make it unlikely to be a routine admin script, cron job, or health-check."", ""Decide: the combination of privilege escalation indicators and behavioural anomalies outweighs XGBoost's benign call; this supports the CNN.""]","[""events_per_second"", ""uid_is_root"", ""euid_root"", ""max_uid_euid_delta"", ""ephemeral_privileged""]","{
  ""verdict"": ""MALICIOUS"",
  ""confidence"": 0.92,
  ""rationale_steps"": [
    ""Privilege state: uid_is_root and euid_root are both set, indicating a genuine root context."",
    ""Mechanism: is_suid_exec is not set, but the combination of uid_is_root, euid_root, and max_uid_euid_delta at p99+ suggests a privilege escalation attempt."",
    ""Behavioural anomaly: events_per_second is extremely high, indicating a high syscall throughput, and ephemeral_privileged is set, indicating a short-lived process that held privilege."",
    ""Benign-explanation test: the short lifetime and high syscall throughput make it unlikely to be a routine admin script, cron job, or health-check."",
    ""Decide: the combination of privilege escalation indicators and behavioural anomalies outweighs XGBoost's benign call; this supports the CNN.""
  ],
  ""key_features"": [""events_per_second"", ""uid_is_root"", ""euid_root"", ""max_uid_euid_delta"", ""ephemeral_privileged""],
  ""agrees_with"": ""cnn""
}"
65956,4,0,benign,0,1,0.5974626541137695,0.8567609786987305,xgb_benign_cnn_malicious,MALICIOUS,1,0.86,cnn,ok,"[""Privilege state: uid_is_root and euid_root are both set, indicating a root context."", ""Mechanism: is_suid_exec is not set, but the high syscall throughput and privileged operations suggest a potential escalation attempt."", ""Behavioural anomaly: failed_call_count is high, indicating a potential privilege escalation attempt."", ""Benign-explanation test: the short-lived process with root privileges and high syscall throughput is unlikely to be a routine admin script or health-check."", ""Decide: the evidence supports CNN's call, with a high confidence in the malicious verdict.""]","[""events_per_second"", ""uid_is_root"", ""euid_root"", ""max_uid_euid_delta"", ""failed_call_count""]","{
  ""verdict"": ""MALICIOUS"",
  ""confidence"": 0.86,
  ""rationale_steps"": [
    ""Privilege state: uid_is_root and euid_root are both set, indicating a root context."",
    ""Mechanism: is_suid_exec is not set, but the high syscall throughput and privileged operations suggest a potential escalation attempt."",
    ""Behavioural anomaly: failed_call_count is high, indicating a potential privilege escalation attempt."",
    ""Benign-explanation test: the short-lived process with root privileges and high syscall throughput is unlikely to be a routine admin script or health-check."",
    ""Decide: the evidence supports CNN's call, with a high confidence in the malicious verdict.""
  ],
  ""key_features"": [""events_per_second"", ""uid_is_root"", ""euid_root"", ""max_uid_euid_delta"", ""failed_call_count""],
  ""agrees_with"": ""cnn""
}"
66139,4,1,T1078_Valid_Accounts,0,1,0.5382307767868042,0.9489884972572328,xgb_benign_cnn_malicious,MALICIOUS,1,0.95,cnn,ok,"[""Privilege state: uid_is_root and euid_root are both set, indicating a genuine root context."", ""Mechanism: is_suid_exec is not set, but the presence of a root context and a high priv_op_count suggests a privilege escalation attempt."", ""Behavioural anomaly: the process is ephemeral and privileged, and there is no network activity, which is unusual for a benign process."", ""Benign-explanation test: the short lifetime and high throughput of the process make it unlikely to be a routine admin script or health-check."", ""Decide: the evidence supports CNN's call, as the root context and high priv_op_count are strong indicators of a privilege escalation attempt.""]","[""uid_is_root"", ""euid_root"", ""ephemeral_privileged"", ""priv_op_count"", ""max_uid_euid_delta""]","{
  ""verdict"": ""MALICIOUS"",
  ""confidence"": 0.95,
  ""rationale_steps"": [
    ""Privilege state: uid_is_root and euid_root are both set, indicating a genuine root context."",
    ""Mechanism: is_suid_exec is not set, but the presence of a root context and a high priv_op_count suggests a privilege escalation attempt."",
    ""Behavioural anomaly: the process is ephemeral and privileged, and there is no network activity, which is unusual for a benign process."",
    ""Benign-explanation test: the short lifetime and high throughput of the process make it unlikely to be a routine admin script or health-check."",
    ""Decide: the evidence supports CNN's call, as the root context and high priv_op_count are strong indicators of a privilege escalation attempt.""
  ],
  ""key_features"": [""uid_is_root"", ""euid_root"", ""ephemeral_privileged"", ""priv_op_count"", ""max_uid_euid_delta""],
  ""agrees_with"": ""cnn""
}"
66363,4,1,T1078_Valid_Accounts,0,1,0.5382307767868042,0.9489884972572328,xgb_benign_cnn_malicious,MALICIOUS,1,0.95,cnn,ok,"[""Privilege state: uid_is_root and euid_root are both set, indicating a genuine root context."", ""Mechanism: is_suid_exec is not set, but the presence of uid_is_root and euid_root alongside ephemeral_privileged suggests a privilege escalation attempt."", ""Behavioural anomaly: the process held privilege for a short time, and there is no sensitive-path access, but the network_count is 0, which is unusual for an attack."", ""Benign-explanation test: the short lifetime and lack of throughput make it unlikely to be a routine admin script, cron job, or health-check."", ""Decide: the evidence supports CNN's call, as the privilege escalation attempt and unusual network activity outweigh XGBoost's benign call.""]","[""uid_is_root"", ""euid_root"", ""max_uid_euid_delta"", ""ephemeral_privileged"", ""network_count""]","{
  ""verdict"": ""MALICIOUS"",
  ""confidence"": 0.95,
  ""rationale_steps"": [
    ""Privilege state: uid_is_root and euid_root are both set, indicating a genuine root context."",
    ""Mechanism: is_suid_exec is not set, but the presence of uid_is_root and euid_root alongside ephemeral_privileged suggests a privilege escalation attempt."",
    ""Behavioural anomaly: the process held privilege for a short time, and there is no sensitive-path access, but the network_count is 0, which is unusual for an attack."",
    ""Benign-explanation test: the short lifetime and lack of throughput make it unlikely to be a routine admin script, cron job, or health-check."",
    ""Decide: the evidence supports CNN's call, as the privilege escalation attempt and unusual network activity outweigh XGBoost's benign call.""
  ],
  ""key_features"": [""uid_is_root"", ""euid_root"", ""max_uid_euid_delta"", ""ephemeral_privileged"", ""network_count""],
  ""agrees_with"": ""cnn""
}"
66781,4,0,benign,0,1,0.4626511931419372,0.7419862747192383,xgb_benign_cnn_malicious,MALICIOUS,1,0.92,cnn,ok,"[""Privilege state: uid_is_root and euid_root are both set, indicating a genuine root context."", ""Mechanism: is_suid_exec is not set, but the combination of uid_is_root, euid_root, and auid_euid_mismatch suggests a privilege escalation attempt."", ""Behavioural anomaly: events_per_second is extremely high, indicating a potential attack, and failed_call_rate is also high, suggesting a failed escalation attempt."", ""Benign-explanation test: the short lifetime and high throughput make it unlikely to be a routine admin script or health-check."", ""Decide: the combination of privilege escalation indicators and behavioural anomalies outweighs XGBoost's benign call; this supports the CNN.""]","[""events_per_second"", ""uid_is_root"", ""euid_root"", ""auid_euid_mismatch"", ""failed_call_rate""]","{
  ""verdict"": ""MALICIOUS"",
  ""confidence"": 0.92,
  ""rationale_steps"": [
    ""Privilege state: uid_is_root and euid_root are both set, indicating a genuine root context."",
    ""Mechanism: is_suid_exec is not set, but the combination of uid_is_root, euid_root, and auid_euid_mismatch suggests a privilege escalation attempt."",
    ""Behavioural anomaly: events_per_second is extremely high, indicating a potential attack, and failed_call_rate is also high, suggesting a failed escalation attempt."",
    ""Benign-explanation test: the short lifetime and high throughput make it unlikely to be a routine admin script or health-check."",
    ""Decide: the combination of privilege escalation indicators and behavioural anomalies outweighs XGBoost's benign call; this supports the CNN.""
  ],
  ""key_features"": [""events_per_second"", ""uid_is_root"", ""euid_root"", ""auid_euid_mismatch"", ""failed_call_rate""],
  ""agrees_with"": ""cnn""
}"
66802,4,0,benign,0,1,0.4626511931419372,0.7419862747192383,xgb_benign_cnn_malicious,MALICIOUS,1,0.92,cnn,ok,"[""Privilege state: uid_is_root and euid_root are both set, indicating a genuine root context."", ""Mechanism: is_suid_exec is not set, but the combination of uid_is_root, euid_root, and auid_euid_mismatch suggests a privilege escalation attempt."", ""Behavioural anomaly: events_per_second is extremely high, indicating a high syscall throughput, and failed_call_rate is also high, suggesting a process that is attempting to escalate privileges."", ""Benign-explanation test: the short lifetime and high syscall throughput make it unlikely that this is a routine admin script, cron job, or health-check."", ""Decide: the combination of privilege escalation indicators and behavioural anomalies outweighs XGBoost's benign call; this supports the CNN.""]","[""events_per_second"", ""uid_is_root"", ""euid_root"", ""auid_euid_mismatch"", ""failed_call_rate""]","{
  ""verdict"": ""MALICIOUS"",
  ""confidence"": 0.92,
  ""rationale_steps"": [
    ""Privilege state: uid_is_root and euid_root are both set, indicating a genuine root context."",
    ""Mechanism: is_suid_exec is not set, but the combination of uid_is_root, euid_root, and auid_euid_mismatch suggests a privilege escalation attempt."",
    ""Behavioural anomaly: events_per_second is extremely high, indicating a high syscall throughput, and failed_call_rate is also high, suggesting a process that is attempting to escalate privileges."",
    ""Benign-explanation test: the short lifetime and high syscall throughput make it unlikely that this is a routine admin script, cron job, or health-check."",
    ""Decide: the combination of privilege escalation indicators and behavioural anomalies outweighs XGBoost's benign call; this supports the CNN.""
  ],
  ""key_features"": [""events_per_second"", ""uid_is_root"", ""euid_root"", ""auid_euid_mismatch"", ""failed_call_rate""],
  ""agrees_with"": ""cnn""
}"
66809,3,1,T1078_Valid_Accounts,0,1,0.6923177242279053,0.9917534589767456,xgb_benign_cnn_malicious,MALICIOUS,1,0.99,cnn,ok,"[""Privilege state: uid_is_root and euid_root are both set, indicating a root context."", ""Mechanism: is_suid_exec is not set, but the presence of uid_is_root and euid_root suggests a privilege escalation attempt."", ""Behavioural anomaly: unique_syscalls is high, indicating a novel syscall pattern, and ephemeral_privileged is set, suggesting a short-lived privileged process."", ""Benign-explanation test: the short lifetime and high throughput do not suggest a routine admin script or health-check."", ""Decide: the evidence supports CNN's call, with multiple indicators of privilege escalation and a novel syscall pattern.""]","[""uid_is_root"", ""euid_root"", ""unique_syscalls"", ""ephemeral_privileged"", ""max_uid_euid_delta""]","{
  ""verdict"": ""MALICIOUS"",
  ""confidence"": 0.99,
  ""rationale_steps"": [
    ""Privilege state: uid_is_root and euid_root are both set, indicating a root context."",
    ""Mechanism: is_suid_exec is not set, but the presence of uid_is_root and euid_root suggests a privilege escalation attempt."",
    ""Behavioural anomaly: unique_syscalls is high, indicating a novel syscall pattern, and ephemeral_privileged is set, suggesting a short-lived privileged process."",
    ""Benign-explanation test: the short lifetime and high throughput do not suggest a routine admin script or health-check."",
    ""Decide: the evidence supports CNN's call, with multiple indicators of privilege escalation and a novel syscall pattern.""
  ],
  ""key_features"": [""uid_is_root"", ""euid_root"", ""unique_syscalls"", ""ephemeral_privileged"", ""max_uid_euid_delta""],
  ""agrees_with"": ""cnn""
}"
66826,3,1,T1078_Valid_Accounts,0,1,0.5248250365257263,0.9974316954612732,xgb_benign_cnn_malicious,BENIGN,0,0.92,xgb,ok,"[""Privilege state: uid_is_root and euid_root are both set, indicating a root context, but max_uid_euid_delta is 0, suggesting no genuine UID/EUID transition."", ""Mechanism: is_suid_exec is 0, indicating no setuid/setgid binary execution, and priv_op_count is 0, indicating no privileged operations."", ""Behavioural anomaly: ephemeral_privileged is 1, indicating a short-lived process that held privilege, but this is consistent with a benign process."", ""Benign-explanation test: the process has a root context, which is consistent with a routine admin script or health-check."", ""Decide: the evidence supports XGBoost's benign call, as there is no indication of a privilege escalation attempt.""]","[""uid_is_root"", ""euid_root"", ""max_uid_euid_delta"", ""is_suid_exec"", ""ephemeral_privileged""]","{
  ""verdict"": ""BENIGN"",
  ""confidence"": 0.92,
  ""rationale_steps"": [
    ""Privilege state: uid_is_root and euid_root are both set, indicating a root context, but max_uid_euid_delta is 0, suggesting no genuine UID/EUID transition."",
    ""Mechanism: is_suid_exec is 0, indicating no setuid/setgid binary execution, and priv_op_count is 0, indicating no privileged operations."",
    ""Behavioural anomaly: ephemeral_privileged is 1, indicating a short-lived process that held privilege, but this is consistent with a benign process."",
    ""Benign-explanation test: the process has a root context, which is consistent with a routine admin script or health-check."",
    ""Decide: the evidence supports XGBoost's benign call, as there is no indication of a privilege escalation attempt.""
  ],
  ""key_features"": [""uid_is_root"", ""euid_root"", ""max_uid_euid_delta"", ""is_suid_exec"", ""ephemeral_privileged""],
  ""agrees_with"": ""xgb""
}"
67123,4,0,benign,0,1,0.5382307767868042,0.9489884972572328,xgb_benign_cnn_malicious,MALICIOUS,1,0.95,cnn,ok,"[""Privilege state: uid_is_root and euid_root are both set, indicating a genuine root context."", ""Mechanism: is_suid_exec is not set, but the presence of a root context and a high priv_op_count suggests a privilege escalation attempt."", ""Behavioural anomaly: the process is ephemeral and privileged, and there is no network activity, which is unusual for a benign process."", ""Benign-explanation test: the short lifetime and high throughput of the process make it unlikely to be a routine admin script or health-check."", ""Decide: the evidence supports CNN's call, as the root context and high priv_op_count are strong indicators of a privilege escalation attempt.""]","[""uid_is_root"", ""euid_root"", ""ephemeral_privileged"", ""priv_op_count"", ""max_uid_euid_delta""]","{
  ""verdict"": ""MALICIOUS"",
  ""confidence"": 0.95,
  ""rationale_steps"": [
    ""Privilege state: uid_is_root and euid_root are both set, indicating a genuine root context."",
    ""Mechanism: is_suid_exec is not set, but the presence of a root context and a high priv_op_count suggests a privilege escalation attempt."",
    ""Behavioural anomaly: the process is ephemeral and privileged, and there is no network activity, which is unusual for a benign process."",
    ""Benign-explanation test: the short lifetime and high throughput of the process make it unlikely to be a routine admin script or health-check."",
    ""Decide: the evidence supports CNN's call, as the root context and high priv_op_count are strong indicators of a privilege escalation attempt.""
  ],
  ""key_features"": [""uid_is_root"", ""euid_root"", ""ephemeral_privileged"", ""priv_op_count"", ""max_uid_euid_delta""],
  ""agrees_with"": ""cnn""
}"
67225,3,1,T1078_Valid_Accounts,0,1,0.5248250365257263,0.9974316954612732,xgb_benign_cnn_malicious,BENIGN,0,0.92,xgb,ok,"[""Privilege state: uid_is_root and euid_root are both set, indicating a root context, but max_uid_euid_delta is 0, suggesting no genuine UID/EUID transition."", ""Mechanism: is_suid_exec is 0, indicating no setuid/setgid binary execution, and priv_op_count is 0, indicating no privileged operations."", ""Behavioural anomaly: ephemeral_privileged is 1, indicating a short-lived process that held privilege, but this is consistent with a benign process."", ""Benign-explanation test: the process has a root context, which is consistent with a routine admin script or health-check."", ""Decide: the evidence supports XGBoost's benign call, as there is no indication of a privilege escalation attempt.""]","[""uid_is_root"", ""euid_root"", ""max_uid_euid_delta"", ""is_suid_exec"", ""ephemeral_privileged""]","{
  ""verdict"": ""BENIGN"",
  ""confidence"": 0.92,
  ""rationale_steps"": [
    ""Privilege state: uid_is_root and euid_root are both set, indicating a root context, but max_uid_euid_delta is 0, suggesting no genuine UID/EUID transition."",
    ""Mechanism: is_suid_exec is 0, indicating no setuid/setgid binary execution, and priv_op_count is 0, indicating no privileged operations."",
    ""Behavioural anomaly: ephemeral_privileged is 1, indicating a short-lived process that held privilege, but this is consistent with a benign process."",
    ""Benign-explanation test: the process has a root context, which is consistent with a routine admin script or health-check."",
    ""Decide: the evidence supports XGBoost's benign call, as there is no indication of a privilege escalation attempt.""
  ],
  ""key_features"": [""uid_is_root"", ""euid_root"", ""max_uid_euid_delta"", ""is_suid_exec"", ""ephemeral_privileged""],
  ""agrees_with"": ""xgb""
}"
67315,3,1,T1078_Valid_Accounts,0,1,0.6923177242279053,0.9917534589767456,xgb_benign_cnn_malicious,MALICIOUS,1,0.99,cnn,ok,"[""Privilege state: uid_is_root and euid_root are both set, indicating a root context."", ""Mechanism: is_suid_exec is not set, but the presence of uid_is_root and euid_root suggests a privilege escalation attempt."", ""Behavioural anomaly: unique_syscalls is high, indicating a novel syscall pattern, and ephemeral_privileged is set, suggesting a short-lived privileged process."", ""Benign-explanation test: the short lifetime and high throughput do not suggest a routine admin script or health-check."", ""Decide: the evidence supports CNN's call, with multiple indicators of privilege escalation and a novel syscall pattern.""]","[""uid_is_root"", ""euid_root"", ""unique_syscalls"", ""ephemeral_privileged"", ""max_uid_euid_delta""]","{
  ""verdict"": ""MALICIOUS"",
  ""confidence"": 0.99,
  ""rationale_steps"": [
    ""Privilege state: uid_is_root and euid_root are both set, indicating a root context."",
    ""Mechanism: is_suid_exec is not set, but the presence of uid_is_root and euid_root suggests a privilege escalation attempt."",
    ""Behavioural anomaly: unique_syscalls is high, indicating a novel syscall pattern, and ephemeral_privileged is set, suggesting a short-lived privileged process."",
    ""Benign-explanation test: the short lifetime and high throughput do not suggest a routine admin script or health-check."",
    ""Decide: the evidence supports CNN's call, with multiple indicators of privilege escalation and a novel syscall pattern.""
  ],
  ""key_features"": [""uid_is_root"", ""euid_root"", ""unique_syscalls"", ""ephemeral_privileged"", ""max_uid_euid_delta""],
  ""agrees_with"": ""cnn""
}"
67450,4,0,benign,0,1,0.4733957052230835,0.7533184885978699,xgb_benign_cnn_malicious,BENIGN,0,0.92,xgb,ok,"[""Privilege state: uid_is_root and euid_root are both set, indicating a root context, but max_uid_euid_delta is 0, suggesting no genuine UID/EUID transition."", ""Mechanism: is_suid_exec is 0, indicating no setuid/setgid execution, and priv_op_count is 0, indicating no privileged operations."", ""Behavioural anomaly: failed_call_rate is 0.9091, indicating a high rate of failed syscalls, but this is consistent with benign activity."", ""Benign-explanation test: the process has a root context, which is consistent with admin scripting or a cron job, and the short lifetime and high throughput are also consistent with benign activity."", ""Decide: the evidence supports XGBoost's benign call, as there is no clear indication of a privilege escalation attempt, and the CNN's call is outweighed by the lack of any clear malicious signals.""]","[""uid_is_root"", ""euid_root"", ""max_uid_euid_delta"", ""is_suid_exec"", ""failed_call_rate""]","{
  ""verdict"": ""BENIGN"",
  ""confidence"": 0.92,
  ""rationale_steps"": [
    ""Privilege state: uid_is_root and euid_root are both set, indicating a root context, but max_uid_euid_delta is 0, suggesting no genuine UID/EUID transition."",
    ""Mechanism: is_suid_exec is 0, indicating no setuid/setgid execution, and priv_op_count is 0, indicating no privileged operations."",
    ""Behavioural anomaly: failed_call_rate is 0.9091, indicating a high rate of failed syscalls, but this is consistent with benign activity."",
    ""Benign-explanation test: the process has a root context, which is consistent with admin scripting or a cron job, and the short lifetime and high throughput are also consistent with benign activity."",
    ""Decide: the evidence supports XGBoost's benign call, as there is no clear indication of a privilege escalation attempt, and the CNN's call is outweighed by the lack of any clear malicious signals.""
  ],
  ""key_features"": [""uid_is_root"", ""euid_root"", ""max_uid_euid_delta"", ""is_suid_exec"", ""failed_call_rate""],
  ""agrees_with"": ""xgb""
}"
67729,4,0,benign,0,1,0.4626511931419372,0.7419862747192383,xgb_benign_cnn_malicious,MALICIOUS,1,0.92,cnn,ok,"[""Privilege state: uid_is_root and euid_root are both set, indicating a genuine root context."", ""Mechanism: is_suid_exec is not set, but the combination of uid_is_root, euid_root, and auid_euid_mismatch suggests a privilege escalation attempt."", ""Behavioural anomaly: events_per_second is extremely high, indicating a potential attack, and failed_call_rate is also high, suggesting a failed escalation attempt."", ""Benign-explanation test: the short lifetime and high throughput make it unlikely to be a routine admin script or health-check."", ""Decide: the combination of privilege escalation indicators and behavioural anomalies outweighs XGBoost's benign call; this supports the CNN.""]","[""events_per_second"", ""uid_is_root"", ""euid_root"", ""auid_euid_mismatch"", ""failed_call_rate""]","{
  ""verdict"": ""MALICIOUS"",
  ""confidence"": 0.92,
  ""rationale_steps"": [
    ""Privilege state: uid_is_root and euid_root are both set, indicating a genuine root context."",
    ""Mechanism: is_suid_exec is not set, but the combination of uid_is_root, euid_root, and auid_euid_mismatch suggests a privilege escalation attempt."",
    ""Behavioural anomaly: events_per_second is extremely high, indicating a potential attack, and failed_call_rate is also high, suggesting a failed escalation attempt."",
    ""Benign-explanation test: the short lifetime and high throughput make it unlikely to be a routine admin script or health-check."",
    ""Decide: the combination of privilege escalation indicators and behavioural anomalies outweighs XGBoost's benign call; this supports the CNN.""
  ],
  ""key_features"": [""events_per_second"", ""uid_is_root"", ""euid_root"", ""auid_euid_mismatch"", ""failed_call_rate""],
  ""agrees_with"": ""cnn""
}"
67911,4,1,T1078_Valid_Accounts,0,1,0.619727611541748,0.9672528505325316,xgb_benign_cnn_malicious,MALICIOUS,1,0.93,cnn,ok,"[""Privilege state: uid_is_root and euid_root are both set, indicating a genuine root context."", ""Mechanism: is_suid_exec is not set, but the presence of uid_is_root and euid_root alongside ephemeral_privileged suggests a privilege escalation attempt."", ""Behavioural anomaly: the process held privilege for a short time, and there is no sensitive-path access, but the network_count is 0, which is unusual for an attack."", ""Benign-explanation test: the short lifetime and lack of throughput make it unlikely to be a routine admin script, cron job, or health-check."", ""Decide: the evidence supports CNN's call, as the privilege escalation attempt and unusual network activity outweigh XGBoost's benign call.""]","[""uid_is_root"", ""euid_root"", ""ephemeral_privileged"", ""max_uid_euid_delta"", ""network_count""]","{
  ""verdict"": ""MALICIOUS"",
  ""confidence"": 0.93,
  ""rationale_steps"": [
    ""Privilege state: uid_is_root and euid_root are both set, indicating a genuine root context."",
    ""Mechanism: is_suid_exec is not set, but the presence of uid_is_root and euid_root alongside ephemeral_privileged suggests a privilege escalation attempt."",
    ""Behavioural anomaly: the process held privilege for a short time, and there is no sensitive-path access, but the network_count is 0, which is unusual for an attack."",
    ""Benign-explanation test: the short lifetime and lack of throughput make it unlikely to be a routine admin script, cron job, or health-check."",
    ""Decide: the evidence supports CNN's call, as the privilege escalation attempt and unusual network activity outweigh XGBoost's benign call.""
  ],
  ""key_features"": [""uid_is_root"", ""euid_root"", ""ephemeral_privileged"", ""max_uid_euid_delta"", ""network_count""],
  ""agrees_with"": ""cnn""
}"
68348,4,0,benign,0,1,0.4626511931419372,0.7419862747192383,xgb_benign_cnn_malicious,MALICIOUS,1,0.92,cnn,ok,"[""Privilege state: uid_is_root and euid_root are both set, indicating a genuine root context."", ""Mechanism: is_suid_exec is not set, but the combination of uid_is_root, euid_root, and auid_euid_mismatch suggests a privilege escalation attempt."", ""Behavioural anomaly: events_per_second is extremely high, indicating a potential attack, and failed_call_rate is also high, suggesting a failed escalation attempt."", ""Benign-explanation test: the short lifetime and high throughput make it unlikely to be a routine admin script or health-check."", ""Decide: the combination of privilege escalation indicators and behavioural anomalies outweighs XGBoost's benign call; this supports the CNN.""]","[""events_per_second"", ""uid_is_root"", ""euid_root"", ""auid_euid_mismatch"", ""failed_call_rate""]","{
  ""verdict"": ""MALICIOUS"",
  ""confidence"": 0.92,
  ""rationale_steps"": [
    ""Privilege state: uid_is_root and euid_root are both set, indicating a genuine root context."",
    ""Mechanism: is_suid_exec is not set, but the combination of uid_is_root, euid_root, and auid_euid_mismatch suggests a privilege escalation attempt."",
    ""Behavioural anomaly: events_per_second is extremely high, indicating a potential attack, and failed_call_rate is also high, suggesting a failed escalation attempt."",
    ""Benign-explanation test: the short lifetime and high throughput make it unlikely to be a routine admin script or health-check."",
    ""Decide: the combination of privilege escalation indicators and behavioural anomalies outweighs XGBoost's benign call; this supports the CNN.""
  ],
  ""key_features"": [""events_per_second"", ""uid_is_root"", ""euid_root"", ""auid_euid_mismatch"", ""failed_call_rate""],
  ""agrees_with"": ""cnn""
}"
69037,4,1,T1078_Valid_Accounts,0,1,0.5382307767868042,0.9489884972572328,xgb_benign_cnn_malicious,MALICIOUS,1,0.95,cnn,ok,"[""Privilege state: uid_is_root and euid_root are both set, indicating a genuine root context."", ""Mechanism: is_suid_exec is not set, but the presence of a root context and a high priv_op_count suggests a privilege escalation attempt."", ""Behavioural anomaly: the process is ephemeral and privileged, and there is no network activity, which is unusual for a benign process."", ""Benign-explanation test: the short lifetime and high throughput of the process make it unlikely to be a routine admin script or health-check."", ""Decide: the evidence supports CNN's call, as the root context and high priv_op_count are strong indicators of a privilege escalation attempt.""]","[""uid_is_root"", ""euid_root"", ""ephemeral_privileged"", ""priv_op_count"", ""max_uid_euid_delta""]","{
  ""verdict"": ""MALICIOUS"",
  ""confidence"": 0.95,
  ""rationale_steps"": [
    ""Privilege state: uid_is_root and euid_root are both set, indicating a genuine root context."",
    ""Mechanism: is_suid_exec is not set, but the presence of a root context and a high priv_op_count suggests a privilege escalation attempt."",
    ""Behavioural anomaly: the process is ephemeral and privileged, and there is no network activity, which is unusual for a benign process."",
    ""Benign-explanation test: the short lifetime and high throughput of the process make it unlikely to be a routine admin script or health-check."",
    ""Decide: the evidence supports CNN's call, as the root context and high priv_op_count are strong indicators of a privilege escalation attempt.""
  ],
  ""key_features"": [""uid_is_root"", ""euid_root"", ""ephemeral_privileged"", ""priv_op_count"", ""max_uid_euid_delta""],
  ""agrees_with"": ""cnn""
}"
69299,4,0,benign,0,1,0.4626511931419372,0.7419862747192383,xgb_benign_cnn_malicious,MALICIOUS,1,0.92,cnn,ok,"[""Privilege state: uid_is_root and euid_root are both set, indicating a genuine root context."", ""Mechanism: is_suid_exec is not set, but the combination of uid_is_root, euid_root, and auid_euid_mismatch suggests a privilege escalation attempt."", ""Behavioural anomaly: events_per_second is extremely high, indicating a potential attack, and failed_call_rate is also high, suggesting a failed escalation attempt."", ""Benign-explanation test: the short lifetime and high throughput make it unlikely to be a routine admin script or health-check."", ""Decide: the combination of privilege escalation indicators and behavioural anomalies outweighs XGBoost's benign call; this supports the CNN.""]","[""events_per_second"", ""uid_is_root"", ""euid_root"", ""auid_euid_mismatch"", ""failed_call_rate""]","{
  ""verdict"": ""MALICIOUS"",
  ""confidence"": 0.92,
  ""rationale_steps"": [
    ""Privilege state: uid_is_root and euid_root are both set, indicating a genuine root context."",
    ""Mechanism: is_suid_exec is not set, but the combination of uid_is_root, euid_root, and auid_euid_mismatch suggests a privilege escalation attempt."",
    ""Behavioural anomaly: events_per_second is extremely high, indicating a potential attack, and failed_call_rate is also high, suggesting a failed escalation attempt."",
    ""Benign-explanation test: the short lifetime and high throughput make it unlikely to be a routine admin script or health-check."",
    ""Decide: the combination of privilege escalation indicators and behavioural anomalies outweighs XGBoost's benign call; this supports the CNN.""
  ],
  ""key_features"": [""events_per_second"", ""uid_is_root"", ""euid_root"", ""auid_euid_mismatch"", ""failed_call_rate""],
  ""agrees_with"": ""cnn""
}"
69322,4,0,benign,0,1,0.4626511931419372,0.7419862747192383,xgb_benign_cnn_malicious,MALICIOUS,1,0.92,cnn,ok,"[""Privilege state: uid_is_root and euid_root are both set, indicating a genuine root context."", ""Mechanism: is_suid_exec is not set, but the combination of uid_is_root, euid_root, and auid_euid_mismatch suggests a privilege escalation attempt."", ""Behavioural anomaly: events_per_second is extremely high, indicating a high syscall throughput, and failed_call_rate is also high, suggesting a process that is attempting to escalate privileges."", ""Benign-explanation test: the short lifetime and high syscall throughput make it unlikely that this is a routine admin script, cron job, or health-check."", ""Decide: the combination of privilege escalation indicators and behavioural anomalies outweighs XGBoost's benign call; this supports the CNN.""]","[""events_per_second"", ""uid_is_root"", ""euid_root"", ""auid_euid_mismatch"", ""failed_call_rate""]","{
  ""verdict"": ""MALICIOUS"",
  ""confidence"": 0.92,
  ""rationale_steps"": [
    ""Privilege state: uid_is_root and euid_root are both set, indicating a genuine root context."",
    ""Mechanism: is_suid_exec is not set, but the combination of uid_is_root, euid_root, and auid_euid_mismatch suggests a privilege escalation attempt."",
    ""Behavioural anomaly: events_per_second is extremely high, indicating a high syscall throughput, and failed_call_rate is also high, suggesting a process that is attempting to escalate privileges."",
    ""Benign-explanation test: the short lifetime and high syscall throughput make it unlikely that this is a routine admin script, cron job, or health-check."",
    ""Decide: the combination of privilege escalation indicators and behavioural anomalies outweighs XGBoost's benign call; this supports the CNN.""
  ],
  ""key_features"": [""events_per_second"", ""uid_is_root"", ""euid_root"", ""auid_euid_mismatch"", ""failed_call_rate""],
  ""agrees_with"": ""cnn""
}"
69488,4,0,benign,0,1,0.5382307767868042,0.9489884972572328,xgb_benign_cnn_malicious,MALICIOUS,1,0.95,cnn,ok,"[""Privilege state: uid_is_root and euid_root are both set, indicating a genuine root context."", ""Mechanism: is_suid_exec is not set, but the presence of a root context and a high priv_op_count suggests a privilege escalation attempt."", ""Behavioural anomaly: the process is ephemeral and privileged, and there is no network activity, which is unusual for a benign process."", ""Benign-explanation test: the short lifetime and high throughput of the process make it unlikely to be a routine admin script or health-check."", ""Decide: the evidence supports CNN's call, as the root context and high priv_op_count are strong indicators of a privilege escalation attempt.""]","[""uid_is_root"", ""euid_root"", ""ephemeral_privileged"", ""priv_op_count"", ""max_uid_euid_delta""]","{
  ""verdict"": ""MALICIOUS"",
  ""confidence"": 0.95,
  ""rationale_steps"": [
    ""Privilege state: uid_is_root and euid_root are both set, indicating a genuine root context."",
    ""Mechanism: is_suid_exec is not set, but the presence of a root context and a high priv_op_count suggests a privilege escalation attempt."",
    ""Behavioural anomaly: the process is ephemeral and privileged, and there is no network activity, which is unusual for a benign process."",
    ""Benign-explanation test: the short lifetime and high throughput of the process make it unlikely to be a routine admin script or health-check."",
    ""Decide: the evidence supports CNN's call, as the root context and high priv_op_count are strong indicators of a privilege escalation attempt.""
  ],
  ""key_features"": [""uid_is_root"", ""euid_root"", ""ephemeral_privileged"", ""priv_op_count"", ""max_uid_euid_delta""],
  ""agrees_with"": ""cnn""
}"
69529,4,0,benign,0,1,0.4626511931419372,0.7419862747192383,xgb_benign_cnn_malicious,MALICIOUS,1,0.92,cnn,ok,"[""Privilege state: uid_is_root and euid_root are both set, indicating a genuine root context."", ""Mechanism: is_suid_exec is not set, but the combination of uid_is_root, euid_root, and auid_euid_mismatch suggests a privilege escalation attempt."", ""Behavioural anomaly: events_per_second is extremely high, indicating a potential attack, and failed_call_rate is also high, suggesting a failed escalation attempt."", ""Benign-explanation test: the short lifetime and high throughput make it unlikely to be a routine admin script or health-check."", ""Decide: the combination of privilege escalation indicators and behavioural anomalies outweighs XGBoost's benign call; this supports the CNN.""]","[""events_per_second"", ""uid_is_root"", ""euid_root"", ""auid_euid_mismatch"", ""failed_call_rate""]","{
  ""verdict"": ""MALICIOUS"",
  ""confidence"": 0.92,
  ""rationale_steps"": [
    ""Privilege state: uid_is_root and euid_root are both set, indicating a genuine root context."",
    ""Mechanism: is_suid_exec is not set, but the combination of uid_is_root, euid_root, and auid_euid_mismatch suggests a privilege escalation attempt."",
    ""Behavioural anomaly: events_per_second is extremely high, indicating a potential attack, and failed_call_rate is also high, suggesting a failed escalation attempt."",
    ""Benign-explanation test: the short lifetime and high throughput make it unlikely to be a routine admin script or health-check."",
    ""Decide: the combination of privilege escalation indicators and behavioural anomalies outweighs XGBoost's benign call; this supports the CNN.""
  ],
  ""key_features"": [""events_per_second"", ""uid_is_root"", ""euid_root"", ""auid_euid_mismatch"", ""failed_call_rate""],
  ""agrees_with"": ""cnn""
}"
69988,4,0,benign,0,1,0.5382307767868042,0.9489884972572328,xgb_benign_cnn_malicious,MALICIOUS,1,0.95,cnn,ok,"[""Privilege state: uid_is_root and euid_root are both set, indicating a genuine root context."", ""Mechanism: is_suid_exec is not set, but the presence of a root context and a high priv_op_count suggests a privilege escalation attempt."", ""Behavioural anomaly: the process is ephemeral and privileged, and there is no network activity, which is unusual for a benign process."", ""Benign-explanation test: the short lifetime and high throughput of the process make it unlikely to be a routine admin script or health-check."", ""Decide: the evidence supports CNN's call, as the root context and high priv_op_count are strong indicators of a privilege escalation attempt.""]","[""uid_is_root"", ""euid_root"", ""ephemeral_privileged"", ""priv_op_count"", ""max_uid_euid_delta""]","{
  ""verdict"": ""MALICIOUS"",
  ""confidence"": 0.95,
  ""rationale_steps"": [
    ""Privilege state: uid_is_root and euid_root are both set, indicating a genuine root context."",
    ""Mechanism: is_suid_exec is not set, but the presence of a root context and a high priv_op_count suggests a privilege escalation attempt."",
    ""Behavioural anomaly: the process is ephemeral and privileged, and there is no network activity, which is unusual for a benign process."",
    ""Benign-explanation test: the short lifetime and high throughput of the process make it unlikely to be a routine admin script or health-check."",
    ""Decide: the evidence supports CNN's call, as the root context and high priv_op_count are strong indicators of a privilege escalation attempt.""
  ],
  ""key_features"": [""uid_is_root"", ""euid_root"", ""ephemeral_privileged"", ""priv_op_count"", ""max_uid_euid_delta""],
  ""agrees_with"": ""cnn""
}"
70084,4,0,benign,0,1,0.4626511931419372,0.7419862747192383,xgb_benign_cnn_malicious,MALICIOUS,1,0.92,cnn,ok,"[""Privilege state: uid_is_root and euid_root are both set, indicating a genuine root context."", ""Mechanism: is_suid_exec is not set, but the combination of uid_is_root, euid_root, and auid_euid_mismatch suggests a privilege escalation attempt."", ""Behavioural anomaly: events_per_second is extremely high, indicating a potential attack, and failed_call_rate is also high, suggesting a failed escalation attempt."", ""Benign-explanation test: the short lifetime and high throughput make it unlikely to be a routine admin script or health-check."", ""Decide: the combination of privilege escalation indicators and behavioural anomalies outweighs XGBoost's benign call; this supports the CNN.""]","[""events_per_second"", ""uid_is_root"", ""euid_root"", ""auid_euid_mismatch"", ""failed_call_rate""]","{
  ""verdict"": ""MALICIOUS"",
  ""confidence"": 0.92,
  ""rationale_steps"": [
    ""Privilege state: uid_is_root and euid_root are both set, indicating a genuine root context."",
    ""Mechanism: is_suid_exec is not set, but the combination of uid_is_root, euid_root, and auid_euid_mismatch suggests a privilege escalation attempt."",
    ""Behavioural anomaly: events_per_second is extremely high, indicating a potential attack, and failed_call_rate is also high, suggesting a failed escalation attempt."",
    ""Benign-explanation test: the short lifetime and high throughput make it unlikely to be a routine admin script or health-check."",
    ""Decide: the combination of privilege escalation indicators and behavioural anomalies outweighs XGBoost's benign call; this supports the CNN.""
  ],
  ""key_features"": [""events_per_second"", ""uid_is_root"", ""euid_root"", ""auid_euid_mismatch"", ""failed_call_rate""],
  ""agrees_with"": ""cnn""
}"
70111,4,0,benign,0,1,0.4626511931419372,0.7419862747192383,xgb_benign_cnn_malicious,MALICIOUS,1,0.92,cnn,ok,"[""Privilege state: uid_is_root and euid_root are both set, indicating a genuine root context."", ""Mechanism: is_suid_exec is not set, but the combination of uid_is_root, euid_root, and auid_euid_mismatch suggests a privilege escalation attempt."", ""Behavioural anomaly: events_per_second is extremely high, indicating a high syscall throughput, and failed_call_rate is also high, suggesting a process that is attempting to escalate privileges."", ""Benign-explanation test: the short lifetime and high syscall throughput make it unlikely that this is a routine admin script, cron job, or health-check."", ""Decide: the combination of privilege escalation indicators and behavioural anomalies outweighs XGBoost's benign call; this supports the CNN.""]","[""events_per_second"", ""uid_is_root"", ""euid_root"", ""auid_euid_mismatch"", ""failed_call_rate""]","{
  ""verdict"": ""MALICIOUS"",
  ""confidence"": 0.92,
  ""rationale_steps"": [
    ""Privilege state: uid_is_root and euid_root are both set, indicating a genuine root context."",
    ""Mechanism: is_suid_exec is not set, but the combination of uid_is_root, euid_root, and auid_euid_mismatch suggests a privilege escalation attempt."",
    ""Behavioural anomaly: events_per_second is extremely high, indicating a high syscall throughput, and failed_call_rate is also high, suggesting a process that is attempting to escalate privileges."",
    ""Benign-explanation test: the short lifetime and high syscall throughput make it unlikely that this is a routine admin script, cron job, or health-check."",
    ""Decide: the combination of privilege escalation indicators and behavioural anomalies outweighs XGBoost's benign call; this supports the CNN.""
  ],
  ""key_features"": [""events_per_second"", ""uid_is_root"", ""euid_root"", ""auid_euid_mismatch"", ""failed_call_rate""],
  ""agrees_with"": ""cnn""
}"
70202,3,1,T1078_Valid_Accounts,0,1,0.6923177242279053,0.9917534589767456,xgb_benign_cnn_malicious,MALICIOUS,1,0.99,cnn,ok,"[""Privilege state: uid_is_root and euid_root are both set, indicating a root context."", ""Mechanism: is_suid_exec is not set, but the presence of uid_is_root and euid_root suggests a privilege escalation attempt."", ""Behavioural anomaly: unique_syscalls is high, indicating a novel syscall pattern, and ephemeral_privileged is set, suggesting a short-lived privileged process."", ""Benign-explanation test: the short lifetime and high throughput do not suggest a routine admin script or health-check."", ""Decide: the evidence supports CNN's call, with multiple indicators of privilege escalation and a novel syscall pattern.""]","[""uid_is_root"", ""euid_root"", ""unique_syscalls"", ""ephemeral_privileged"", ""max_uid_euid_delta""]","{
  ""verdict"": ""MALICIOUS"",
  ""confidence"": 0.99,
  ""rationale_steps"": [
    ""Privilege state: uid_is_root and euid_root are both set, indicating a root context."",
    ""Mechanism: is_suid_exec is not set, but the presence of uid_is_root and euid_root suggests a privilege escalation attempt."",
    ""Behavioural anomaly: unique_syscalls is high, indicating a novel syscall pattern, and ephemeral_privileged is set, suggesting a short-lived privileged process."",
    ""Benign-explanation test: the short lifetime and high throughput do not suggest a routine admin script or health-check."",
    ""Decide: the evidence supports CNN's call, with multiple indicators of privilege escalation and a novel syscall pattern.""
  ],
  ""key_features"": [""uid_is_root"", ""euid_root"", ""unique_syscalls"", ""ephemeral_privileged"", ""max_uid_euid_delta""],
  ""agrees_with"": ""cnn""
}"
70364,4,0,benign,0,1,0.5382307767868042,0.9489884972572328,xgb_benign_cnn_malicious,MALICIOUS,1,0.95,cnn,ok,"[""Privilege state: uid_is_root and euid_root are both set, indicating a genuine root context."", ""Mechanism: is_suid_exec is not set, but the presence of a root context and a high priv_op_count suggests a privilege escalation attempt."", ""Behavioural anomaly: the process is ephemeral and privileged, and there is no network activity, which is unusual for a benign process."", ""Benign-explanation test: the short lifetime and high throughput of the process make it unlikely to be a routine admin script or health-check."", ""Decide: the evidence supports CNN's call, as the root context and high priv_op_count are strong indicators of a privilege escalation attempt.""]","[""uid_is_root"", ""euid_root"", ""ephemeral_privileged"", ""priv_op_count"", ""max_uid_euid_delta""]","{
  ""verdict"": ""MALICIOUS"",
  ""confidence"": 0.95,
  ""rationale_steps"": [
    ""Privilege state: uid_is_root and euid_root are both set, indicating a genuine root context."",
    ""Mechanism: is_suid_exec is not set, but the presence of a root context and a high priv_op_count suggests a privilege escalation attempt."",
    ""Behavioural anomaly: the process is ephemeral and privileged, and there is no network activity, which is unusual for a benign process."",
    ""Benign-explanation test: the short lifetime and high throughput of the process make it unlikely to be a routine admin script or health-check."",
    ""Decide: the evidence supports CNN's call, as the root context and high priv_op_count are strong indicators of a privilege escalation attempt.""
  ],
  ""key_features"": [""uid_is_root"", ""euid_root"", ""ephemeral_privileged"", ""priv_op_count"", ""max_uid_euid_delta""],
  ""agrees_with"": ""cnn""
}"
70727,3,0,benign,0,1,0.6923177242279053,0.9917534589767456,xgb_benign_cnn_malicious,MALICIOUS,1,0.99,cnn,ok,"[""Privilege state: uid_is_root and euid_root are both set, indicating a root context."", ""Mechanism: is_suid_exec is not set, but the presence of uid_is_root and euid_root suggests a privilege escalation attempt."", ""Behavioural anomaly: unique_syscalls is high, indicating a novel syscall pattern, and ephemeral_privileged is set, suggesting a short-lived privileged process."", ""Benign-explanation test: the short lifetime and high throughput do not suggest a routine admin script or health-check."", ""Decide: the evidence supports CNN's call, with multiple indicators of privilege escalation and a novel syscall pattern.""]","[""uid_is_root"", ""euid_root"", ""unique_syscalls"", ""ephemeral_privileged"", ""max_uid_euid_delta""]","{
  ""verdict"": ""MALICIOUS"",
  ""confidence"": 0.99,
  ""rationale_steps"": [
    ""Privilege state: uid_is_root and euid_root are both set, indicating a root context."",
    ""Mechanism: is_suid_exec is not set, but the presence of uid_is_root and euid_root suggests a privilege escalation attempt."",
    ""Behavioural anomaly: unique_syscalls is high, indicating a novel syscall pattern, and ephemeral_privileged is set, suggesting a short-lived privileged process."",
    ""Benign-explanation test: the short lifetime and high throughput do not suggest a routine admin script or health-check."",
    ""Decide: the evidence supports CNN's call, with multiple indicators of privilege escalation and a novel syscall pattern.""
  ],
  ""key_features"": [""uid_is_root"", ""euid_root"", ""unique_syscalls"", ""ephemeral_privileged"", ""max_uid_euid_delta""],
  ""agrees_with"": ""cnn""
}"
71346,4,0,benign,0,1,0.619727611541748,0.9672528505325316,xgb_benign_cnn_malicious,MALICIOUS,1,0.93,cnn,ok,"[""Privilege state: uid_is_root and euid_root are both set, indicating a genuine root context."", ""Mechanism: is_suid_exec is not set, but the presence of uid_is_root and euid_root alongside ephemeral_privileged suggests a privilege escalation attempt."", ""Behavioural anomaly: the process held privilege for a short time, and there is no sensitive-path access, but the network_count is 0, which is unusual for an attack."", ""Benign-explanation test: the short lifetime and lack of throughput make it unlikely to be a routine admin script, cron job, or health-check."", ""Decide: the evidence supports CNN's call, as the privilege escalation attempt and unusual network activity outweigh XGBoost's benign call.""]","[""uid_is_root"", ""euid_root"", ""ephemeral_privileged"", ""max_uid_euid_delta"", ""network_count""]","{
  ""verdict"": ""MALICIOUS"",
  ""confidence"": 0.93,
  ""rationale_steps"": [
    ""Privilege state: uid_is_root and euid_root are both set, indicating a genuine root context."",
    ""Mechanism: is_suid_exec is not set, but the presence of uid_is_root and euid_root alongside ephemeral_privileged suggests a privilege escalation attempt."",
    ""Behavioural anomaly: the process held privilege for a short time, and there is no sensitive-path access, but the network_count is 0, which is unusual for an attack."",
    ""Benign-explanation test: the short lifetime and lack of throughput make it unlikely to be a routine admin script, cron job, or health-check."",
    ""Decide: the evidence supports CNN's call, as the privilege escalation attempt and unusual network activity outweigh XGBoost's benign call.""
  ],
  ""key_features"": [""uid_is_root"", ""euid_root"", ""ephemeral_privileged"", ""max_uid_euid_delta"", ""network_count""],
  ""agrees_with"": ""cnn""
}"
72057,4,0,benign,0,1,0.5382307767868042,0.9489884972572328,xgb_benign_cnn_malicious,MALICIOUS,1,0.95,cnn,ok,"[""Privilege state: uid_is_root and euid_root are both set, indicating a genuine root context."", ""Mechanism: is_suid_exec is not set, but the presence of a root context and a high priv_op_count suggests a privilege escalation attempt."", ""Behavioural anomaly: the process is ephemeral and privileged, and there is no network activity, which is unusual for a benign process."", ""Benign-explanation test: the short lifetime and high throughput of the process make it unlikely to be a routine admin script or health-check."", ""Decide: the evidence supports CNN's call, as the root context and high priv_op_count are strong indicators of a privilege escalation attempt.""]","[""uid_is_root"", ""euid_root"", ""ephemeral_privileged"", ""priv_op_count"", ""max_uid_euid_delta""]","{
  ""verdict"": ""MALICIOUS"",
  ""confidence"": 0.95,
  ""rationale_steps"": [
    ""Privilege state: uid_is_root and euid_root are both set, indicating a genuine root context."",
    ""Mechanism: is_suid_exec is not set, but the presence of a root context and a high priv_op_count suggests a privilege escalation attempt."",
    ""Behavioural anomaly: the process is ephemeral and privileged, and there is no network activity, which is unusual for a benign process."",
    ""Benign-explanation test: the short lifetime and high throughput of the process make it unlikely to be a routine admin script or health-check."",
    ""Decide: the evidence supports CNN's call, as the root context and high priv_op_count are strong indicators of a privilege escalation attempt.""
  ],
  ""key_features"": [""uid_is_root"", ""euid_root"", ""ephemeral_privileged"", ""priv_op_count"", ""max_uid_euid_delta""],
  ""agrees_with"": ""cnn""
}"
72342,4,0,benign,0,1,0.4626511931419372,0.7419862747192383,xgb_benign_cnn_malicious,MALICIOUS,1,0.92,cnn,ok,"[""Privilege state: uid_is_root and euid_root are both set, indicating a genuine root context."", ""Mechanism: is_suid_exec is not set, but the combination of uid_is_root, euid_root, and auid_euid_mismatch suggests a privilege escalation attempt."", ""Behavioural anomaly: events_per_second is extremely high, indicating a potential attack, and failed_call_rate is also high, suggesting a failed escalation attempt."", ""Benign-explanation test: the short lifetime and high throughput make it unlikely to be a routine admin script or health-check."", ""Decide: the combination of privilege escalation indicators and behavioural anomalies outweighs XGBoost's benign call; this supports the CNN.""]","[""events_per_second"", ""uid_is_root"", ""euid_root"", ""auid_euid_mismatch"", ""failed_call_rate""]","{
  ""verdict"": ""MALICIOUS"",
  ""confidence"": 0.92,
  ""rationale_steps"": [
    ""Privilege state: uid_is_root and euid_root are both set, indicating a genuine root context."",
    ""Mechanism: is_suid_exec is not set, but the combination of uid_is_root, euid_root, and auid_euid_mismatch suggests a privilege escalation attempt."",
    ""Behavioural anomaly: events_per_second is extremely high, indicating a potential attack, and failed_call_rate is also high, suggesting a failed escalation attempt."",
    ""Benign-explanation test: the short lifetime and high throughput make it unlikely to be a routine admin script or health-check."",
    ""Decide: the combination of privilege escalation indicators and behavioural anomalies outweighs XGBoost's benign call; this supports the CNN.""
  ],
  ""key_features"": [""events_per_second"", ""uid_is_root"", ""euid_root"", ""auid_euid_mismatch"", ""failed_call_rate""],
  ""agrees_with"": ""cnn""
}"
72715,4,0,benign,0,1,0.5382307767868042,0.9489884972572328,xgb_benign_cnn_malicious,MALICIOUS,1,0.95,cnn,ok,"[""Privilege state: uid_is_root and euid_root are both set, indicating a genuine root context."", ""Mechanism: is_suid_exec is not set, but the presence of a root context and a high priv_op_count suggests a privilege escalation attempt."", ""Behavioural anomaly: the process is ephemeral and privileged, and there is no network activity, which is unusual for a benign process."", ""Benign-explanation test: the short lifetime and high throughput of the process make it unlikely to be a routine admin script or health-check."", ""Decide: the evidence supports CNN's call, as the root context and high priv_op_count are strong indicators of a privilege escalation attempt.""]","[""uid_is_root"", ""euid_root"", ""ephemeral_privileged"", ""priv_op_count"", ""max_uid_euid_delta""]","{
  ""verdict"": ""MALICIOUS"",
  ""confidence"": 0.95,
  ""rationale_steps"": [
    ""Privilege state: uid_is_root and euid_root are both set, indicating a genuine root context."",
    ""Mechanism: is_suid_exec is not set, but the presence of a root context and a high priv_op_count suggests a privilege escalation attempt."",
    ""Behavioural anomaly: the process is ephemeral and privileged, and there is no network activity, which is unusual for a benign process."",
    ""Benign-explanation test: the short lifetime and high throughput of the process make it unlikely to be a routine admin script or health-check."",
    ""Decide: the evidence supports CNN's call, as the root context and high priv_op_count are strong indicators of a privilege escalation attempt.""
  ],
  ""key_features"": [""uid_is_root"", ""euid_root"", ""ephemeral_privileged"", ""priv_op_count"", ""max_uid_euid_delta""],
  ""agrees_with"": ""cnn""
}"
72818,3,1,T1078_Valid_Accounts,0,1,0.6923177242279053,0.9917534589767456,xgb_benign_cnn_malicious,MALICIOUS,1,0.99,cnn,ok,"[""Privilege state: uid_is_root and euid_root are both set, indicating a root context."", ""Mechanism: is_suid_exec is not set, but the presence of uid_is_root and euid_root suggests a privilege escalation attempt."", ""Behavioural anomaly: unique_syscalls is high, indicating a novel syscall pattern, and ephemeral_privileged is set, suggesting a short-lived privileged process."", ""Benign-explanation test: the short lifetime and high throughput do not suggest a routine admin script or health-check."", ""Decide: the evidence supports CNN's call, with multiple indicators of privilege escalation and a novel syscall pattern.""]","[""uid_is_root"", ""euid_root"", ""unique_syscalls"", ""ephemeral_privileged"", ""max_uid_euid_delta""]","{
  ""verdict"": ""MALICIOUS"",
  ""confidence"": 0.99,
  ""rationale_steps"": [
    ""Privilege state: uid_is_root and euid_root are both set, indicating a root context."",
    ""Mechanism: is_suid_exec is not set, but the presence of uid_is_root and euid_root suggests a privilege escalation attempt."",
    ""Behavioural anomaly: unique_syscalls is high, indicating a novel syscall pattern, and ephemeral_privileged is set, suggesting a short-lived privileged process."",
    ""Benign-explanation test: the short lifetime and high throughput do not suggest a routine admin script or health-check."",
    ""Decide: the evidence supports CNN's call, with multiple indicators of privilege escalation and a novel syscall pattern.""
  ],
  ""key_features"": [""uid_is_root"", ""euid_root"", ""unique_syscalls"", ""ephemeral_privileged"", ""max_uid_euid_delta""],
  ""agrees_with"": ""cnn""
}"
73142,4,1,T1078_Valid_Accounts,0,1,0.5382307767868042,0.9489884972572328,xgb_benign_cnn_malicious,MALICIOUS,1,0.95,cnn,ok,"[""Privilege state: uid_is_root and euid_root are both set, indicating a genuine root context."", ""Mechanism: is_suid_exec is not set, but the presence of a root context and a high priv_op_count suggests a privilege escalation attempt."", ""Behavioural anomaly: the process is ephemeral and privileged, and there is no network activity, which is unusual for a benign process."", ""Benign-explanation test: the short lifetime and high throughput of the process make it unlikely to be a routine admin script or health-check."", ""Decide: the evidence supports CNN's call, as the root context and high priv_op_count are strong indicators of a privilege escalation attempt.""]","[""uid_is_root"", ""euid_root"", ""ephemeral_privileged"", ""priv_op_count"", ""max_uid_euid_delta""]","{
  ""verdict"": ""MALICIOUS"",
  ""confidence"": 0.95,
  ""rationale_steps"": [
    ""Privilege state: uid_is_root and euid_root are both set, indicating a genuine root context."",
    ""Mechanism: is_suid_exec is not set, but the presence of a root context and a high priv_op_count suggests a privilege escalation attempt."",
    ""Behavioural anomaly: the process is ephemeral and privileged, and there is no network activity, which is unusual for a benign process."",
    ""Benign-explanation test: the short lifetime and high throughput of the process make it unlikely to be a routine admin script or health-check."",
    ""Decide: the evidence supports CNN's call, as the root context and high priv_op_count are strong indicators of a privilege escalation attempt.""
  ],
  ""key_features"": [""uid_is_root"", ""euid_root"", ""ephemeral_privileged"", ""priv_op_count"", ""max_uid_euid_delta""],
  ""agrees_with"": ""cnn""
}"
73425,4,0,benign,0,1,0.5382307767868042,0.9489884972572328,xgb_benign_cnn_malicious,MALICIOUS,1,0.95,cnn,ok,"[""Privilege state: uid_is_root and euid_root are both set, indicating a genuine root context."", ""Mechanism: is_suid_exec is not set, but the presence of uid_is_root and euid_root alongside ephemeral_privileged suggests a privilege escalation attempt."", ""Behavioural anomaly: the process held privilege for a short time, and there is no sensitive-path access, but the network_count is 0, which is unusual for an attack."", ""Benign-explanation test: the short lifetime and lack of throughput make it unlikely to be a routine admin script, cron job, or health-check."", ""Decide: the evidence supports CNN's call, as the privilege escalation attempt and unusual network activity outweigh XGBoost's benign call.""]","[""uid_is_root"", ""euid_root"", ""max_uid_euid_delta"", ""ephemeral_privileged"", ""network_count""]","{
  ""verdict"": ""MALICIOUS"",
  ""confidence"": 0.95,
  ""rationale_steps"": [
    ""Privilege state: uid_is_root and euid_root are both set, indicating a genuine root context."",
    ""Mechanism: is_suid_exec is not set, but the presence of uid_is_root and euid_root alongside ephemeral_privileged suggests a privilege escalation attempt."",
    ""Behavioural anomaly: the process held privilege for a short time, and there is no sensitive-path access, but the network_count is 0, which is unusual for an attack."",
    ""Benign-explanation test: the short lifetime and lack of throughput make it unlikely to be a routine admin script, cron job, or health-check."",
    ""Decide: the evidence supports CNN's call, as the privilege escalation attempt and unusual network activity outweigh XGBoost's benign call.""
  ],
  ""key_features"": [""uid_is_root"", ""euid_root"", ""max_uid_euid_delta"", ""ephemeral_privileged"", ""network_count""],
  ""agrees_with"": ""cnn""
}"
73946,4,0,benign,0,1,0.4626511931419372,0.7419862747192383,xgb_benign_cnn_malicious,MALICIOUS,1,0.92,cnn,ok,"[""Privilege state: uid_is_root and euid_root are both set, indicating a genuine root context."", ""Mechanism: is_suid_exec is not set, but the combination of uid_is_root, euid_root, and auid_euid_mismatch suggests a privilege escalation attempt."", ""Behavioural anomaly: events_per_second is extremely high, indicating a potential attack, and failed_call_rate is also high, suggesting a failed escalation attempt."", ""Benign-explanation test: the short lifetime and high throughput make it unlikely to be a routine admin script or health-check."", ""Decide: the combination of privilege escalation indicators and behavioural anomalies outweighs XGBoost's benign call; this supports the CNN.""]","[""events_per_second"", ""uid_is_root"", ""euid_root"", ""auid_euid_mismatch"", ""failed_call_rate""]","{
  ""verdict"": ""MALICIOUS"",
  ""confidence"": 0.92,
  ""rationale_steps"": [
    ""Privilege state: uid_is_root and euid_root are both set, indicating a genuine root context."",
    ""Mechanism: is_suid_exec is not set, but the combination of uid_is_root, euid_root, and auid_euid_mismatch suggests a privilege escalation attempt."",
    ""Behavioural anomaly: events_per_second is extremely high, indicating a potential attack, and failed_call_rate is also high, suggesting a failed escalation attempt."",
    ""Benign-explanation test: the short lifetime and high throughput make it unlikely to be a routine admin script or health-check."",
    ""Decide: the combination of privilege escalation indicators and behavioural anomalies outweighs XGBoost's benign call; this supports the CNN.""
  ],
  ""key_features"": [""events_per_second"", ""uid_is_root"", ""euid_root"", ""auid_euid_mismatch"", ""failed_call_rate""],
  ""agrees_with"": ""cnn""
}"
74345,4,0,benign,0,1,0.5382307767868042,0.9489884972572328,xgb_benign_cnn_malicious,MALICIOUS,1,0.95,cnn,ok,"[""Privilege state: uid_is_root and euid_root are both set, indicating a genuine root context."", ""Mechanism: is_suid_exec is not set, but the presence of a root context and a high priv_op_count suggests a privilege escalation attempt."", ""Behavioural anomaly: the process is ephemeral and privileged, and there is no network activity, which is unusual for a benign process."", ""Benign-explanation test: the short lifetime and high throughput of the process make it unlikely to be a routine admin script or health-check."", ""Decide: the evidence supports CNN's call, as the root context and high priv_op_count are strong indicators of a privilege escalation attempt.""]","[""uid_is_root"", ""euid_root"", ""ephemeral_privileged"", ""priv_op_count"", ""max_uid_euid_delta""]","{
  ""verdict"": ""MALICIOUS"",
  ""confidence"": 0.95,
  ""rationale_steps"": [
    ""Privilege state: uid_is_root and euid_root are both set, indicating a genuine root context."",
    ""Mechanism: is_suid_exec is not set, but the presence of a root context and a high priv_op_count suggests a privilege escalation attempt."",
    ""Behavioural anomaly: the process is ephemeral and privileged, and there is no network activity, which is unusual for a benign process."",
    ""Benign-explanation test: the short lifetime and high throughput of the process make it unlikely to be a routine admin script or health-check."",
    ""Decide: the evidence supports CNN's call, as the root context and high priv_op_count are strong indicators of a privilege escalation attempt.""
  ],
  ""key_features"": [""uid_is_root"", ""euid_root"", ""ephemeral_privileged"", ""priv_op_count"", ""max_uid_euid_delta""],
  ""agrees_with"": ""cnn""
}"
74518,3,1,T1078_Valid_Accounts,0,1,0.6923177242279053,0.9917534589767456,xgb_benign_cnn_malicious,MALICIOUS,1,0.99,cnn,ok,"[""Privilege state: uid_is_root and euid_root are both set, indicating a root context."", ""Mechanism: is_suid_exec is not set, but the presence of uid_is_root and euid_root suggests a privilege escalation attempt."", ""Behavioural anomaly: unique_syscalls is high, indicating a novel syscall pattern, and ephemeral_privileged is set, suggesting a short-lived privileged process."", ""Benign-explanation test: the short lifetime and high throughput do not suggest a routine admin script or health-check."", ""Decide: the evidence supports CNN's call, with multiple indicators of privilege escalation and a novel syscall pattern.""]","[""uid_is_root"", ""euid_root"", ""unique_syscalls"", ""ephemeral_privileged"", ""max_uid_euid_delta""]","{
  ""verdict"": ""MALICIOUS"",
  ""confidence"": 0.99,
  ""rationale_steps"": [
    ""Privilege state: uid_is_root and euid_root are both set, indicating a root context."",
    ""Mechanism: is_suid_exec is not set, but the presence of uid_is_root and euid_root suggests a privilege escalation attempt."",
    ""Behavioural anomaly: unique_syscalls is high, indicating a novel syscall pattern, and ephemeral_privileged is set, suggesting a short-lived privileged process."",
    ""Benign-explanation test: the short lifetime and high throughput do not suggest a routine admin script or health-check."",
    ""Decide: the evidence supports CNN's call, with multiple indicators of privilege escalation and a novel syscall pattern.""
  ],
  ""key_features"": [""uid_is_root"", ""euid_root"", ""unique_syscalls"", ""ephemeral_privileged"", ""max_uid_euid_delta""],
  ""agrees_with"": ""cnn""
}"
74751,4,0,benign,0,1,0.4733957052230835,0.7533184885978699,xgb_benign_cnn_malicious,BENIGN,0,0.92,xgb,ok,"[""Privilege state: uid_is_root and euid_root are both set, indicating a root context, but max_uid_euid_delta is 0, suggesting no genuine UID/EUID transition."", ""Mechanism: is_suid_exec is 0, indicating no setuid/setgid execution, and priv_op_count is 0, indicating no privileged operations."", ""Behavioural anomaly: failed_call_rate is 0.9091, indicating a high rate of failed syscalls, but this is consistent with benign activity."", ""Benign-explanation test: the process has a root context, which is consistent with admin scripting or a cron job, and the short lifetime and high throughput are also consistent with benign activity."", ""Decide: the evidence supports XGBoost's benign call, as there is no clear indication of a privilege escalation attempt, and the CNN's call is outweighed by the lack of any clear malicious signals.""]","[""uid_is_root"", ""euid_root"", ""max_uid_euid_delta"", ""is_suid_exec"", ""failed_call_rate""]","{
  ""verdict"": ""BENIGN"",
  ""confidence"": 0.92,
  ""rationale_steps"": [
    ""Privilege state: uid_is_root and euid_root are both set, indicating a root context, but max_uid_euid_delta is 0, suggesting no genuine UID/EUID transition."",
    ""Mechanism: is_suid_exec is 0, indicating no setuid/setgid execution, and priv_op_count is 0, indicating no privileged operations."",
    ""Behavioural anomaly: failed_call_rate is 0.9091, indicating a high rate of failed syscalls, but this is consistent with benign activity."",
    ""Benign-explanation test: the process has a root context, which is consistent with admin scripting or a cron job, and the short lifetime and high throughput are also consistent with benign activity."",
    ""Decide: the evidence supports XGBoost's benign call, as there is no clear indication of a privilege escalation attempt, and the CNN's call is outweighed by the lack of any clear malicious signals.""
  ],
  ""key_features"": [""uid_is_root"", ""euid_root"", ""max_uid_euid_delta"", ""is_suid_exec"", ""failed_call_rate""],
  ""agrees_with"": ""xgb""
}"
74845,3,0,benign,0,1,0.6923177242279053,0.9917534589767456,xgb_benign_cnn_malicious,MALICIOUS,1,0.99,cnn,ok,"[""Privilege state: uid_is_root and euid_root are both set, indicating a root context."", ""Mechanism: is_suid_exec is not set, but the presence of uid_is_root and euid_root suggests a privilege escalation attempt."", ""Behavioural anomaly: unique_syscalls is high, indicating a novel syscall pattern, and ephemeral_privileged is set, suggesting a short-lived privileged process."", ""Benign-explanation test: the short lifetime and high throughput do not suggest a routine admin script or health-check."", ""Decide: the evidence supports CNN's call, with multiple indicators of privilege escalation and a novel syscall pattern.""]","[""uid_is_root"", ""euid_root"", ""unique_syscalls"", ""ephemeral_privileged"", ""max_uid_euid_delta""]","{
  ""verdict"": ""MALICIOUS"",
  ""confidence"": 0.99,
  ""rationale_steps"": [
    ""Privilege state: uid_is_root and euid_root are both set, indicating a root context."",
    ""Mechanism: is_suid_exec is not set, but the presence of uid_is_root and euid_root suggests a privilege escalation attempt."",
    ""Behavioural anomaly: unique_syscalls is high, indicating a novel syscall pattern, and ephemeral_privileged is set, suggesting a short-lived privileged process."",
    ""Benign-explanation test: the short lifetime and high throughput do not suggest a routine admin script or health-check."",
    ""Decide: the evidence supports CNN's call, with multiple indicators of privilege escalation and a novel syscall pattern.""
  ],
  ""key_features"": [""uid_is_root"", ""euid_root"", ""unique_syscalls"", ""ephemeral_privileged"", ""max_uid_euid_delta""],
  ""agrees_with"": ""cnn""
}"
75028,4,0,benign,0,1,0.4626511931419372,0.7419862747192383,xgb_benign_cnn_malicious,MALICIOUS,1,0.92,cnn,ok,"[""Privilege state: uid_is_root and euid_root are both set, indicating a genuine root context."", ""Mechanism: is_suid_exec is not set, but the combination of uid_is_root, euid_root, and auid_euid_mismatch suggests a privilege escalation attempt."", ""Behavioural anomaly: events_per_second is extremely high, indicating a potential attack, and failed_call_rate is also high, suggesting a failed escalation attempt."", ""Benign-explanation test: the short lifetime and high throughput make it unlikely to be a routine admin script or health-check."", ""Decide: the combination of privilege escalation indicators and behavioural anomalies outweighs XGBoost's benign call; this supports the CNN.""]","[""events_per_second"", ""uid_is_root"", ""euid_root"", ""auid_euid_mismatch"", ""failed_call_rate""]","{
  ""verdict"": ""MALICIOUS"",
  ""confidence"": 0.92,
  ""rationale_steps"": [
    ""Privilege state: uid_is_root and euid_root are both set, indicating a genuine root context."",
    ""Mechanism: is_suid_exec is not set, but the combination of uid_is_root, euid_root, and auid_euid_mismatch suggests a privilege escalation attempt."",
    ""Behavioural anomaly: events_per_second is extremely high, indicating a potential attack, and failed_call_rate is also high, suggesting a failed escalation attempt."",
    ""Benign-explanation test: the short lifetime and high throughput make it unlikely to be a routine admin script or health-check."",
    ""Decide: the combination of privilege escalation indicators and behavioural anomalies outweighs XGBoost's benign call; this supports the CNN.""
  ],
  ""key_features"": [""events_per_second"", ""uid_is_root"", ""euid_root"", ""auid_euid_mismatch"", ""failed_call_rate""],
  ""agrees_with"": ""cnn""
}"
75296,3,1,T1078_Valid_Accounts,0,1,0.6923177242279053,0.9917534589767456,xgb_benign_cnn_malicious,MALICIOUS,1,0.99,cnn,ok,"[""Privilege state: uid_is_root and euid_root are both set, indicating a root context."", ""Mechanism: is_suid_exec is not set, but the presence of uid_is_root and euid_root suggests a privilege escalation attempt."", ""Behavioural anomaly: unique_syscalls is high, indicating a novel syscall pattern, and ephemeral_privileged is set, suggesting a short-lived privileged process."", ""Benign-explanation test: the short lifetime and high throughput do not suggest a routine admin script or health-check."", ""Decide: the evidence supports CNN's call, with multiple indicators of privilege escalation and a novel syscall pattern.""]","[""uid_is_root"", ""euid_root"", ""unique_syscalls"", ""ephemeral_privileged"", ""max_uid_euid_delta""]","{
  ""verdict"": ""MALICIOUS"",
  ""confidence"": 0.99,
  ""rationale_steps"": [
    ""Privilege state: uid_is_root and euid_root are both set, indicating a root context."",
    ""Mechanism: is_suid_exec is not set, but the presence of uid_is_root and euid_root suggests a privilege escalation attempt."",
    ""Behavioural anomaly: unique_syscalls is high, indicating a novel syscall pattern, and ephemeral_privileged is set, suggesting a short-lived privileged process."",
    ""Benign-explanation test: the short lifetime and high throughput do not suggest a routine admin script or health-check."",
    ""Decide: the evidence supports CNN's call, with multiple indicators of privilege escalation and a novel syscall pattern.""
  ],
  ""key_features"": [""uid_is_root"", ""euid_root"", ""unique_syscalls"", ""ephemeral_privileged"", ""max_uid_euid_delta""],
  ""agrees_with"": ""cnn""
}"
76261,4,0,benign,0,1,0.5382307767868042,0.9489884972572328,xgb_benign_cnn_malicious,MALICIOUS,1,0.95,cnn,ok,"[""Privilege state: uid_is_root and euid_root are both set, indicating a genuine root context."", ""Mechanism: is_suid_exec is not set, but the presence of a root context and a high priv_op_count suggests a privilege escalation attempt."", ""Behavioural anomaly: the process is ephemeral and privileged, and there is no network activity, which is unusual for a benign process."", ""Benign-explanation test: the short lifetime and high throughput of the process make it unlikely to be a routine admin script or health-check."", ""Decide: the evidence supports CNN's call, as the root context and high priv_op_count are strong indicators of a privilege escalation attempt.""]","[""uid_is_root"", ""euid_root"", ""ephemeral_privileged"", ""priv_op_count"", ""max_uid_euid_delta""]","{
  ""verdict"": ""MALICIOUS"",
  ""confidence"": 0.95,
  ""rationale_steps"": [
    ""Privilege state: uid_is_root and euid_root are both set, indicating a genuine root context."",
    ""Mechanism: is_suid_exec is not set, but the presence of a root context and a high priv_op_count suggests a privilege escalation attempt."",
    ""Behavioural anomaly: the process is ephemeral and privileged, and there is no network activity, which is unusual for a benign process."",
    ""Benign-explanation test: the short lifetime and high throughput of the process make it unlikely to be a routine admin script or health-check."",
    ""Decide: the evidence supports CNN's call, as the root context and high priv_op_count are strong indicators of a privilege escalation attempt.""
  ],
  ""key_features"": [""uid_is_root"", ""euid_root"", ""ephemeral_privileged"", ""priv_op_count"", ""max_uid_euid_delta""],
  ""agrees_with"": ""cnn""
}"
76356,3,0,benign,0,1,0.6923177242279053,0.9917534589767456,xgb_benign_cnn_malicious,MALICIOUS,1,0.99,cnn,ok,"[""Privilege state: uid_is_root and euid_root are both set, indicating a root context."", ""Mechanism: is_suid_exec is not set, but the presence of uid_is_root and euid_root suggests a privilege escalation attempt."", ""Behavioural anomaly: unique_syscalls is high, indicating a novel syscall pattern, and ephemeral_privileged is set, suggesting a short-lived privileged process."", ""Benign-explanation test: the short lifetime and high throughput do not suggest a routine admin script or health-check."", ""Decide: the evidence supports CNN's call, with multiple indicators of privilege escalation and a novel syscall pattern.""]","[""uid_is_root"", ""euid_root"", ""unique_syscalls"", ""ephemeral_privileged"", ""max_uid_euid_delta""]","{
  ""verdict"": ""MALICIOUS"",
  ""confidence"": 0.99,
  ""rationale_steps"": [
    ""Privilege state: uid_is_root and euid_root are both set, indicating a root context."",
    ""Mechanism: is_suid_exec is not set, but the presence of uid_is_root and euid_root suggests a privilege escalation attempt."",
    ""Behavioural anomaly: unique_syscalls is high, indicating a novel syscall pattern, and ephemeral_privileged is set, suggesting a short-lived privileged process."",
    ""Benign-explanation test: the short lifetime and high throughput do not suggest a routine admin script or health-check."",
    ""Decide: the evidence supports CNN's call, with multiple indicators of privilege escalation and a novel syscall pattern.""
  ],
  ""key_features"": [""uid_is_root"", ""euid_root"", ""unique_syscalls"", ""ephemeral_privileged"", ""max_uid_euid_delta""],
  ""agrees_with"": ""cnn""
}"
77270,4,0,benign,0,1,0.4626511931419372,0.7419862747192383,xgb_benign_cnn_malicious,MALICIOUS,1,0.92,cnn,ok,"[""Privilege state: uid_is_root and euid_root are both set, indicating a genuine root context."", ""Mechanism: is_suid_exec is not set, but the combination of uid_is_root, euid_root, and auid_euid_mismatch suggests a privilege escalation attempt."", ""Behavioural anomaly: events_per_second is extremely high, indicating a potential attack, and failed_call_rate is also high, suggesting a failed escalation attempt."", ""Benign-explanation test: the short lifetime and high throughput make it unlikely to be a routine admin script or health-check."", ""Decide: the combination of privilege escalation indicators and behavioural anomalies outweighs XGBoost's benign call; this supports the CNN.""]","[""events_per_second"", ""uid_is_root"", ""euid_root"", ""auid_euid_mismatch"", ""failed_call_rate""]","{
  ""verdict"": ""MALICIOUS"",
  ""confidence"": 0.92,
  ""rationale_steps"": [
    ""Privilege state: uid_is_root and euid_root are both set, indicating a genuine root context."",
    ""Mechanism: is_suid_exec is not set, but the combination of uid_is_root, euid_root, and auid_euid_mismatch suggests a privilege escalation attempt."",
    ""Behavioural anomaly: events_per_second is extremely high, indicating a potential attack, and failed_call_rate is also high, suggesting a failed escalation attempt."",
    ""Benign-explanation test: the short lifetime and high throughput make it unlikely to be a routine admin script or health-check."",
    ""Decide: the combination of privilege escalation indicators and behavioural anomalies outweighs XGBoost's benign call; this supports the CNN.""
  ],
  ""key_features"": [""events_per_second"", ""uid_is_root"", ""euid_root"", ""auid_euid_mismatch"", ""failed_call_rate""],
  ""agrees_with"": ""cnn""
}"
77462,3,1,T1078_Valid_Accounts,0,1,0.6923177242279053,0.9917534589767456,xgb_benign_cnn_malicious,MALICIOUS,1,0.99,cnn,ok,"[""Privilege state: uid_is_root and euid_root are both set, indicating a root context."", ""Mechanism: is_suid_exec is not set, but the presence of uid_is_root and euid_root suggests a privilege escalation attempt."", ""Behavioural anomaly: unique_syscalls is high, indicating a novel syscall pattern, and ephemeral_privileged is set, suggesting a short-lived privileged process."", ""Benign-explanation test: the short lifetime and high throughput do not suggest a routine admin script or health-check."", ""Decide: the evidence supports CNN's call, with multiple indicators of privilege escalation and a novel syscall pattern.""]","[""uid_is_root"", ""euid_root"", ""unique_syscalls"", ""ephemeral_privileged"", ""max_uid_euid_delta""]","{
  ""verdict"": ""MALICIOUS"",
  ""confidence"": 0.99,
  ""rationale_steps"": [
    ""Privilege state: uid_is_root and euid_root are both set, indicating a root context."",
    ""Mechanism: is_suid_exec is not set, but the presence of uid_is_root and euid_root suggests a privilege escalation attempt."",
    ""Behavioural anomaly: unique_syscalls is high, indicating a novel syscall pattern, and ephemeral_privileged is set, suggesting a short-lived privileged process."",
    ""Benign-explanation test: the short lifetime and high throughput do not suggest a routine admin script or health-check."",
    ""Decide: the evidence supports CNN's call, with multiple indicators of privilege escalation and a novel syscall pattern.""
  ],
  ""key_features"": [""uid_is_root"", ""euid_root"", ""unique_syscalls"", ""ephemeral_privileged"", ""max_uid_euid_delta""],
  ""agrees_with"": ""cnn""
}"
77639,3,0,benign,0,1,0.6923177242279053,0.9917534589767456,xgb_benign_cnn_malicious,MALICIOUS,1,0.92,cnn,ok,"[""Privilege state: uid_is_root and euid_root are both set, indicating a root context."", ""Mechanism: is_suid_exec is not set, but the presence of uid_is_root and euid_root suggests a privilege escalation attempt."", ""Behavioural anomaly: unique_syscalls is high, indicating a novel syscall pattern, and ephemeral_privileged is set, suggesting a short-lived privileged process."", ""Benign-explanation test: the short lifetime and high throughput do not suggest a routine admin script or health-check."", ""Decide: the evidence supports CNN's call, as the privilege escalation attempt and novel syscall pattern outweigh XGBoost's benign call.""]","[""uid_is_root"", ""euid_root"", ""unique_syscalls"", ""ephemeral_privileged"", ""max_uid_euid_delta""]","{
  ""verdict"": ""MALICIOUS"",
  ""confidence"": 0.92,
  ""rationale_steps"": [
    ""Privilege state: uid_is_root and euid_root are both set, indicating a root context."",
    ""Mechanism: is_suid_exec is not set, but the presence of uid_is_root and euid_root suggests a privilege escalation attempt."",
    ""Behavioural anomaly: unique_syscalls is high, indicating a novel syscall pattern, and ephemeral_privileged is set, suggesting a short-lived privileged process."",
    ""Benign-explanation test: the short lifetime and high throughput do not suggest a routine admin script or health-check."",
    ""Decide: the evidence supports CNN's call, as the privilege escalation attempt and novel syscall pattern outweigh XGBoost's benign call.""
  ],
  ""key_features"": [""uid_is_root"", ""euid_root"", ""unique_syscalls"", ""ephemeral_privileged"", ""max_uid_euid_delta""],
  ""agrees_with"": ""cnn""
}"
77791,4,0,benign,0,1,0.4626511931419372,0.7419862747192383,xgb_benign_cnn_malicious,MALICIOUS,1,0.92,cnn,ok,"[""Privilege state: uid_is_root and euid_root are both set, indicating a genuine root context."", ""Mechanism: is_suid_exec is not set, but the combination of uid_is_root, euid_root, and auid_euid_mismatch suggests a privilege escalation attempt."", ""Behavioural anomaly: events_per_second is extremely high, indicating a potential attack, and failed_call_rate is also high, suggesting a failed escalation attempt."", ""Benign-explanation test: the short lifetime and high throughput make it unlikely to be a routine admin script or health-check."", ""Decide: the combination of privilege escalation indicators and behavioural anomalies outweighs XGBoost's benign call; this supports the CNN.""]","[""events_per_second"", ""uid_is_root"", ""euid_root"", ""auid_euid_mismatch"", ""failed_call_rate""]","{
  ""verdict"": ""MALICIOUS"",
  ""confidence"": 0.92,
  ""rationale_steps"": [
    ""Privilege state: uid_is_root and euid_root are both set, indicating a genuine root context."",
    ""Mechanism: is_suid_exec is not set, but the combination of uid_is_root, euid_root, and auid_euid_mismatch suggests a privilege escalation attempt."",
    ""Behavioural anomaly: events_per_second is extremely high, indicating a potential attack, and failed_call_rate is also high, suggesting a failed escalation attempt."",
    ""Benign-explanation test: the short lifetime and high throughput make it unlikely to be a routine admin script or health-check."",
    ""Decide: the combination of privilege escalation indicators and behavioural anomalies outweighs XGBoost's benign call; this supports the CNN.""
  ],
  ""key_features"": [""events_per_second"", ""uid_is_root"", ""euid_root"", ""auid_euid_mismatch"", ""failed_call_rate""],
  ""agrees_with"": ""cnn""
}"
78207,3,0,benign,0,1,0.5248250365257263,0.9974316954612732,xgb_benign_cnn_malicious,BENIGN,0,0.92,xgb,ok,"[""Privilege state: uid_is_root and euid_root are both set, indicating a root context, but max_uid_euid_delta is 0, suggesting no genuine UID/EUID transition."", ""Mechanism: is_suid_exec is 0, indicating no setuid/setgid binary execution, and priv_op_count is 0, indicating no privileged operations."", ""Behavioural anomaly: ephemeral_privileged is 1, indicating a short-lived process that held privilege, but this is consistent with a benign process."", ""Benign-explanation test: the process has a root context, which is consistent with a routine admin script or health-check."", ""Decide: the evidence supports XGBoost's benign call, as there is no indication of a privilege escalation attempt.""]","[""uid_is_root"", ""euid_root"", ""max_uid_euid_delta"", ""is_suid_exec"", ""ephemeral_privileged""]","{
  ""verdict"": ""BENIGN"",
  ""confidence"": 0.92,
  ""rationale_steps"": [
    ""Privilege state: uid_is_root and euid_root are both set, indicating a root context, but max_uid_euid_delta is 0, suggesting no genuine UID/EUID transition."",
    ""Mechanism: is_suid_exec is 0, indicating no setuid/setgid binary execution, and priv_op_count is 0, indicating no privileged operations."",
    ""Behavioural anomaly: ephemeral_privileged is 1, indicating a short-lived process that held privilege, but this is consistent with a benign process."",
    ""Benign-explanation test: the process has a root context, which is consistent with a routine admin script or health-check."",
    ""Decide: the evidence supports XGBoost's benign call, as there is no indication of a privilege escalation attempt.""
  ],
  ""key_features"": [""uid_is_root"", ""euid_root"", ""max_uid_euid_delta"", ""is_suid_exec"", ""ephemeral_privileged""],
  ""agrees_with"": ""xgb""
}"
78376,3,0,benign,0,1,0.6923177242279053,0.9917534589767456,xgb_benign_cnn_malicious,MALICIOUS,1,0.99,cnn,ok,"[""Privilege state: uid_is_root and euid_root are both set, indicating a root context."", ""Mechanism: is_suid_exec is not set, but the presence of uid_is_root and euid_root suggests a privilege escalation attempt."", ""Behavioural anomaly: unique_syscalls is high, indicating a novel syscall pattern, and ephemeral_privileged is set, suggesting a short-lived privileged process."", ""Benign-explanation test: the short lifetime and high throughput do not suggest a routine admin script or health-check."", ""Decide: the evidence supports CNN's call, with multiple indicators of privilege escalation and a novel syscall pattern.""]","[""uid_is_root"", ""euid_root"", ""unique_syscalls"", ""ephemeral_privileged"", ""max_uid_euid_delta""]","{
  ""verdict"": ""MALICIOUS"",
  ""confidence"": 0.99,
  ""rationale_steps"": [
    ""Privilege state: uid_is_root and euid_root are both set, indicating a root context."",
    ""Mechanism: is_suid_exec is not set, but the presence of uid_is_root and euid_root suggests a privilege escalation attempt."",
    ""Behavioural anomaly: unique_syscalls is high, indicating a novel syscall pattern, and ephemeral_privileged is set, suggesting a short-lived privileged process."",
    ""Benign-explanation test: the short lifetime and high throughput do not suggest a routine admin script or health-check."",
    ""Decide: the evidence supports CNN's call, with multiple indicators of privilege escalation and a novel syscall pattern.""
  ],
  ""key_features"": [""uid_is_root"", ""euid_root"", ""unique_syscalls"", ""ephemeral_privileged"", ""max_uid_euid_delta""],
  ""agrees_with"": ""cnn""
}"
78521,4,0,benign,0,1,0.3759605586528778,0.8749561309814453,xgb_benign_cnn_malicious,BENIGN,0,0.92,xgb,ok,"[""Privilege state: uid_is_root and euid_root are both set, indicating a root context, but max_uid_euid_delta is 0, suggesting no genuine UID/EUID transition."", ""Mechanism: is_suid_exec is 0, indicating no setuid/setgid binary execution, and priv_op_count is 0, indicating no privileged operations."", ""Behavioural anomaly: ephemeral_privileged is 1, indicating a short-lived process that held privilege, but this is consistent with a benign process."", ""Benign-explanation test: the process has a root context, which is consistent with a routine admin script or health-check."", ""Decide: the evidence supports XGBoost's benign call, as there is no indication of a privilege escalation attempt.""]","[""uid_is_root"", ""euid_root"", ""max_uid_euid_delta"", ""is_suid_exec"", ""ephemeral_privileged""]","{
  ""verdict"": ""BENIGN"",
  ""confidence"": 0.92,
  ""rationale_steps"": [
    ""Privilege state: uid_is_root and euid_root are both set, indicating a root context, but max_uid_euid_delta is 0, suggesting no genuine UID/EUID transition."",
    ""Mechanism: is_suid_exec is 0, indicating no setuid/setgid binary execution, and priv_op_count is 0, indicating no privileged operations."",
    ""Behavioural anomaly: ephemeral_privileged is 1, indicating a short-lived process that held privilege, but this is consistent with a benign process."",
    ""Benign-explanation test: the process has a root context, which is consistent with a routine admin script or health-check."",
    ""Decide: the evidence supports XGBoost's benign call, as there is no indication of a privilege escalation attempt.""
  ],
  ""key_features"": [""uid_is_root"", ""euid_root"", ""max_uid_euid_delta"", ""is_suid_exec"", ""ephemeral_privileged""],
  ""agrees_with"": ""xgb""
}"
78691,3,1,T1078_Valid_Accounts,0,1,0.6923177242279053,0.9917534589767456,xgb_benign_cnn_malicious,MALICIOUS,1,0.99,cnn,ok,"[""Privilege state: uid_is_root and euid_root are both set, indicating a root context."", ""Mechanism: is_suid_exec is not set, but the presence of uid_is_root and euid_root suggests a privilege escalation attempt."", ""Behavioural anomaly: unique_syscalls is high, indicating a novel syscall pattern, and ephemeral_privileged is set, suggesting a short-lived privileged process."", ""Benign-explanation test: the short lifetime and high throughput do not suggest a routine admin script or health-check."", ""Decide: the evidence supports CNN's call, with multiple indicators of privilege escalation and a novel syscall pattern.""]","[""uid_is_root"", ""euid_root"", ""unique_syscalls"", ""ephemeral_privileged"", ""max_uid_euid_delta""]","{
  ""verdict"": ""MALICIOUS"",
  ""confidence"": 0.99,
  ""rationale_steps"": [
    ""Privilege state: uid_is_root and euid_root are both set, indicating a root context."",
    ""Mechanism: is_suid_exec is not set, but the presence of uid_is_root and euid_root suggests a privilege escalation attempt."",
    ""Behavioural anomaly: unique_syscalls is high, indicating a novel syscall pattern, and ephemeral_privileged is set, suggesting a short-lived privileged process."",
    ""Benign-explanation test: the short lifetime and high throughput do not suggest a routine admin script or health-check."",
    ""Decide: the evidence supports CNN's call, with multiple indicators of privilege escalation and a novel syscall pattern.""
  ],
  ""key_features"": [""uid_is_root"", ""euid_root"", ""unique_syscalls"", ""ephemeral_privileged"", ""max_uid_euid_delta""],
  ""agrees_with"": ""cnn""
}"
78838,4,0,benign,0,1,0.3245709240436554,0.9654507040977478,xgb_benign_cnn_malicious,MALICIOUS,1,0.92,cnn,ok,"[""Privilege state: uid_is_root and euid_root are both set, indicating a genuine root context."", ""Mechanism: is_suid_exec is not set, but the combination of uid_is_root, euid_root, and ephemeral_privileged suggests a privilege escalation attempt."", ""Behavioural anomaly: the process held privilege for a short time, and there is no sensitive-path access, but the network_count is low, which is consistent with an incomplete escalation attempt."", ""Benign-explanation test: the short lifetime and lack of throughput argue against a routine admin script, cron job, or health-check."", ""Decide: the evidence supports CNN's call, as the privilege escalation attempt is not fully completed, but the indicators are consistent with a malicious activity.""]","[""uid_is_root"", ""euid_root"", ""max_uid_euid_delta"", ""ephemeral_privileged"", ""network_count""]","{
  ""verdict"": ""MALICIOUS"",
  ""confidence"": 0.92,
  ""rationale_steps"": [
    ""Privilege state: uid_is_root and euid_root are both set, indicating a genuine root context."",
    ""Mechanism: is_suid_exec is not set, but the combination of uid_is_root, euid_root, and ephemeral_privileged suggests a privilege escalation attempt."",
    ""Behavioural anomaly: the process held privilege for a short time, and there is no sensitive-path access, but the network_count is low, which is consistent with an incomplete escalation attempt."",
    ""Benign-explanation test: the short lifetime and lack of throughput argue against a routine admin script, cron job, or health-check."",
    ""Decide: the evidence supports CNN's call, as the privilege escalation attempt is not fully completed, but the indicators are consistent with a malicious activity.""
  ],
  ""key_features"": [""uid_is_root"", ""euid_root"", ""max_uid_euid_delta"", ""ephemeral_privileged"", ""network_count""],
  ""agrees_with"": ""cnn""
}"
79352,4,1,T1078_Valid_Accounts,0,1,0.5382307767868042,0.9489884972572328,xgb_benign_cnn_malicious,MALICIOUS,1,0.95,cnn,ok,"[""Privilege state: uid_is_root and euid_root are both set, indicating a genuine root context."", ""Mechanism: is_suid_exec is not set, but the presence of a root context and a high priv_op_count suggests a privilege escalation attempt."", ""Behavioural anomaly: the process is ephemeral and privileged, and there is no network activity, which is unusual for a benign process."", ""Benign-explanation test: the short lifetime and high throughput of the process make it unlikely to be a routine admin script or health-check."", ""Decide: the evidence supports CNN's call, as the root context and high priv_op_count are strong indicators of a privilege escalation attempt.""]","[""uid_is_root"", ""euid_root"", ""ephemeral_privileged"", ""priv_op_count"", ""max_uid_euid_delta""]","{
  ""verdict"": ""MALICIOUS"",
  ""confidence"": 0.95,
  ""rationale_steps"": [
    ""Privilege state: uid_is_root and euid_root are both set, indicating a genuine root context."",
    ""Mechanism: is_suid_exec is not set, but the presence of a root context and a high priv_op_count suggests a privilege escalation attempt."",
    ""Behavioural anomaly: the process is ephemeral and privileged, and there is no network activity, which is unusual for a benign process."",
    ""Benign-explanation test: the short lifetime and high throughput of the process make it unlikely to be a routine admin script or health-check."",
    ""Decide: the evidence supports CNN's call, as the root context and high priv_op_count are strong indicators of a privilege escalation attempt.""
  ],
  ""key_features"": [""uid_is_root"", ""euid_root"", ""ephemeral_privileged"", ""priv_op_count"", ""max_uid_euid_delta""],
  ""agrees_with"": ""cnn""
}"
79482,3,0,benign,0,1,0.6923177242279053,0.9917534589767456,xgb_benign_cnn_malicious,MALICIOUS,1,0.99,cnn,ok,"[""Privilege state: uid_is_root and euid_root are both set, indicating a root context."", ""Mechanism: is_suid_exec is not set, but the presence of uid_is_root and euid_root suggests a privilege escalation attempt."", ""Behavioural anomaly: unique_syscalls is high, indicating a novel syscall pattern, and ephemeral_privileged is set, suggesting a short-lived privileged process."", ""Benign-explanation test: the short lifetime and high throughput do not suggest a routine admin script or health-check."", ""Decide: the evidence supports CNN's call, with multiple indicators of privilege escalation and a novel syscall pattern.""]","[""uid_is_root"", ""euid_root"", ""unique_syscalls"", ""ephemeral_privileged"", ""max_uid_euid_delta""]","{
  ""verdict"": ""MALICIOUS"",
  ""confidence"": 0.99,
  ""rationale_steps"": [
    ""Privilege state: uid_is_root and euid_root are both set, indicating a root context."",
    ""Mechanism: is_suid_exec is not set, but the presence of uid_is_root and euid_root suggests a privilege escalation attempt."",
    ""Behavioural anomaly: unique_syscalls is high, indicating a novel syscall pattern, and ephemeral_privileged is set, suggesting a short-lived privileged process."",
    ""Benign-explanation test: the short lifetime and high throughput do not suggest a routine admin script or health-check."",
    ""Decide: the evidence supports CNN's call, with multiple indicators of privilege escalation and a novel syscall pattern.""
  ],
  ""key_features"": [""uid_is_root"", ""euid_root"", ""unique_syscalls"", ""ephemeral_privileged"", ""max_uid_euid_delta""],
  ""agrees_with"": ""cnn""
}"
79549,4,1,T1078_Valid_Accounts,0,1,0.5382307767868042,0.9489884972572328,xgb_benign_cnn_malicious,MALICIOUS,1,0.95,cnn,ok,"[""Privilege state: uid_is_root and euid_root are both set, indicating a genuine root context."", ""Mechanism: is_suid_exec is not set, but the presence of a root context and a high priv_op_count suggests a privilege escalation attempt."", ""Behavioural anomaly: the process is ephemeral and privileged, and there is no network activity, which is unusual for a benign process."", ""Benign-explanation test: the short lifetime and high throughput of the process make it unlikely to be a routine admin script or health-check."", ""Decide: the evidence supports CNN's call, as the root context and high priv_op_count are strong indicators of a privilege escalation attempt.""]","[""uid_is_root"", ""euid_root"", ""ephemeral_privileged"", ""priv_op_count"", ""max_uid_euid_delta""]","{
  ""verdict"": ""MALICIOUS"",
  ""confidence"": 0.95,
  ""rationale_steps"": [
    ""Privilege state: uid_is_root and euid_root are both set, indicating a genuine root context."",
    ""Mechanism: is_suid_exec is not set, but the presence of a root context and a high priv_op_count suggests a privilege escalation attempt."",
    ""Behavioural anomaly: the process is ephemeral and privileged, and there is no network activity, which is unusual for a benign process."",
    ""Benign-explanation test: the short lifetime and high throughput of the process make it unlikely to be a routine admin script or health-check."",
    ""Decide: the evidence supports CNN's call, as the root context and high priv_op_count are strong indicators of a privilege escalation attempt.""
  ],
  ""key_features"": [""uid_is_root"", ""euid_root"", ""ephemeral_privileged"", ""priv_op_count"", ""max_uid_euid_delta""],
  ""agrees_with"": ""cnn""
}"
80225,3,1,T1078_Valid_Accounts,0,1,0.6923177242279053,0.9917534589767456,xgb_benign_cnn_malicious,MALICIOUS,1,0.99,cnn,ok,"[""Privilege state: uid_is_root and euid_root are both set, indicating a root context."", ""Mechanism: is_suid_exec is not set, but the presence of uid_is_root and euid_root suggests a privilege escalation attempt."", ""Behavioural anomaly: unique_syscalls is high, indicating a novel syscall pattern, and ephemeral_privileged is set, suggesting a short-lived privileged process."", ""Benign-explanation test: the short lifetime and high throughput do not suggest a routine admin script or health-check."", ""Decide: the evidence supports CNN's call, with multiple indicators of privilege escalation and a novel syscall pattern.""]","[""uid_is_root"", ""euid_root"", ""unique_syscalls"", ""ephemeral_privileged"", ""max_uid_euid_delta""]","{
  ""verdict"": ""MALICIOUS"",
  ""confidence"": 0.99,
  ""rationale_steps"": [
    ""Privilege state: uid_is_root and euid_root are both set, indicating a root context."",
    ""Mechanism: is_suid_exec is not set, but the presence of uid_is_root and euid_root suggests a privilege escalation attempt."",
    ""Behavioural anomaly: unique_syscalls is high, indicating a novel syscall pattern, and ephemeral_privileged is set, suggesting a short-lived privileged process."",
    ""Benign-explanation test: the short lifetime and high throughput do not suggest a routine admin script or health-check."",
    ""Decide: the evidence supports CNN's call, with multiple indicators of privilege escalation and a novel syscall pattern.""
  ],
  ""key_features"": [""uid_is_root"", ""euid_root"", ""unique_syscalls"", ""ephemeral_privileged"", ""max_uid_euid_delta""],
  ""agrees_with"": ""cnn""
}"
80548,3,0,benign,0,1,0.6923177242279053,0.9917534589767456,xgb_benign_cnn_malicious,MALICIOUS,1,0.92,cnn,ok,"[""Privilege state: uid_is_root and euid_root are both set, indicating a root context."", ""Mechanism: is_suid_exec is not set, but the presence of uid_is_root and euid_root suggests a privilege escalation attempt."", ""Behavioural anomaly: unique_syscalls is high, indicating a novel syscall pattern, and ephemeral_privileged is set, suggesting a short-lived privileged process."", ""Benign-explanation test: the short lifetime and high throughput do not suggest a routine admin script or health-check."", ""Decide: the evidence supports CNN's call, as the privilege escalation attempt and novel syscall pattern outweigh XGBoost's benign call.""]","[""uid_is_root"", ""euid_root"", ""unique_syscalls"", ""ephemeral_privileged"", ""max_uid_euid_delta""]","{
  ""verdict"": ""MALICIOUS"",
  ""confidence"": 0.92,
  ""rationale_steps"": [
    ""Privilege state: uid_is_root and euid_root are both set, indicating a root context."",
    ""Mechanism: is_suid_exec is not set, but the presence of uid_is_root and euid_root suggests a privilege escalation attempt."",
    ""Behavioural anomaly: unique_syscalls is high, indicating a novel syscall pattern, and ephemeral_privileged is set, suggesting a short-lived privileged process."",
    ""Benign-explanation test: the short lifetime and high throughput do not suggest a routine admin script or health-check."",
    ""Decide: the evidence supports CNN's call, as the privilege escalation attempt and novel syscall pattern outweigh XGBoost's benign call.""
  ],
  ""key_features"": [""uid_is_root"", ""euid_root"", ""unique_syscalls"", ""ephemeral_privileged"", ""max_uid_euid_delta""],
  ""agrees_with"": ""cnn""
}"
82062,3,1,T1078_Valid_Accounts,0,1,0.6923177242279053,0.9917534589767456,xgb_benign_cnn_malicious,MALICIOUS,1,0.92,cnn,ok,"[""Privilege state: uid_is_root and euid_root are both set, indicating a root context."", ""Mechanism: is_suid_exec is not set, but the presence of uid_is_root and euid_root suggests a privilege escalation attempt."", ""Behavioural anomaly: unique_syscalls is high, indicating a novel syscall pattern, and ephemeral_privileged is set, suggesting a short-lived privileged process."", ""Benign-explanation test: the short lifetime and high throughput do not suggest a routine admin script or health-check."", ""Decide: the evidence supports CNN's call, as the privilege escalation attempt and novel syscall pattern outweigh XGBoost's benign call.""]","[""uid_is_root"", ""euid_root"", ""unique_syscalls"", ""ephemeral_privileged"", ""max_uid_euid_delta""]","{
  ""verdict"": ""MALICIOUS"",
  ""confidence"": 0.92,
  ""rationale_steps"": [
    ""Privilege state: uid_is_root and euid_root are both set, indicating a root context."",
    ""Mechanism: is_suid_exec is not set, but the presence of uid_is_root and euid_root suggests a privilege escalation attempt."",
    ""Behavioural anomaly: unique_syscalls is high, indicating a novel syscall pattern, and ephemeral_privileged is set, suggesting a short-lived privileged process."",
    ""Benign-explanation test: the short lifetime and high throughput do not suggest a routine admin script or health-check."",
    ""Decide: the evidence supports CNN's call, as the privilege escalation attempt and novel syscall pattern outweigh XGBoost's benign call.""
  ],
  ""key_features"": [""uid_is_root"", ""euid_root"", ""unique_syscalls"", ""ephemeral_privileged"", ""max_uid_euid_delta""],
  ""agrees_with"": ""cnn""
}"
82235,4,0,benign,0,1,0.4626511931419372,0.7419862747192383,xgb_benign_cnn_malicious,MALICIOUS,1,0.92,cnn,ok,"[""Privilege state: uid_is_root and euid_root are both set, indicating a genuine root context."", ""Mechanism: is_suid_exec is not set, but the combination of uid_is_root, euid_root, and auid_euid_mismatch suggests a privilege escalation attempt."", ""Behavioural anomaly: events_per_second is extremely high, indicating a potential attack, and failed_call_rate is also high, suggesting a failed escalation attempt."", ""Benign-explanation test: the short lifetime and high throughput make it unlikely to be a routine admin script or health-check."", ""Decide: the combination of privilege escalation indicators and behavioural anomalies outweighs XGBoost's benign call; this supports the CNN.""]","[""events_per_second"", ""uid_is_root"", ""euid_root"", ""auid_euid_mismatch"", ""failed_call_rate""]","{
  ""verdict"": ""MALICIOUS"",
  ""confidence"": 0.92,
  ""rationale_steps"": [
    ""Privilege state: uid_is_root and euid_root are both set, indicating a genuine root context."",
    ""Mechanism: is_suid_exec is not set, but the combination of uid_is_root, euid_root, and auid_euid_mismatch suggests a privilege escalation attempt."",
    ""Behavioural anomaly: events_per_second is extremely high, indicating a potential attack, and failed_call_rate is also high, suggesting a failed escalation attempt."",
    ""Benign-explanation test: the short lifetime and high throughput make it unlikely to be a routine admin script or health-check."",
    ""Decide: the combination of privilege escalation indicators and behavioural anomalies outweighs XGBoost's benign call; this supports the CNN.""
  ],
  ""key_features"": [""events_per_second"", ""uid_is_root"", ""euid_root"", ""auid_euid_mismatch"", ""failed_call_rate""],
  ""agrees_with"": ""cnn""
}"
82362,3,0,benign,0,1,0.6923177242279053,0.9917534589767456,xgb_benign_cnn_malicious,MALICIOUS,1,0.99,cnn,ok,"[""Privilege state: uid_is_root and euid_root are both set, indicating a root context."", ""Mechanism: is_suid_exec is not set, but the presence of uid_is_root and euid_root suggests a privilege escalation attempt."", ""Behavioural anomaly: unique_syscalls is high, indicating a novel syscall pattern, and ephemeral_privileged is set, suggesting a short-lived privileged process."", ""Benign-explanation test: the short lifetime and high throughput do not suggest a routine admin script or health-check."", ""Decide: the evidence supports CNN's call, with multiple indicators of privilege escalation and a novel syscall pattern.""]","[""uid_is_root"", ""euid_root"", ""unique_syscalls"", ""ephemeral_privileged"", ""max_uid_euid_delta""]","{
  ""verdict"": ""MALICIOUS"",
  ""confidence"": 0.99,
  ""rationale_steps"": [
    ""Privilege state: uid_is_root and euid_root are both set, indicating a root context."",
    ""Mechanism: is_suid_exec is not set, but the presence of uid_is_root and euid_root suggests a privilege escalation attempt."",
    ""Behavioural anomaly: unique_syscalls is high, indicating a novel syscall pattern, and ephemeral_privileged is set, suggesting a short-lived privileged process."",
    ""Benign-explanation test: the short lifetime and high throughput do not suggest a routine admin script or health-check."",
    ""Decide: the evidence supports CNN's call, with multiple indicators of privilege escalation and a novel syscall pattern.""
  ],
  ""key_features"": [""uid_is_root"", ""euid_root"", ""unique_syscalls"", ""ephemeral_privileged"", ""max_uid_euid_delta""],
  ""agrees_with"": ""cnn""
}"
82562,3,1,T1078_Valid_Accounts,0,1,0.6923177242279053,0.9917534589767456,xgb_benign_cnn_malicious,MALICIOUS,1,0.92,cnn,ok,"[""Privilege state: uid_is_root and euid_root are both set, indicating a root context."", ""Mechanism: is_suid_exec is not set, but the presence of uid_is_root and euid_root suggests a privilege escalation attempt."", ""Behavioural anomaly: unique_syscalls is high, indicating a novel syscall pattern, and ephemeral_privileged is set, suggesting a short-lived privileged process."", ""Benign-explanation test: the short lifetime and high throughput do not suggest a routine admin script or health-check."", ""Decide: the evidence supports CNN's call, as the privilege escalation attempt and novel syscall pattern outweigh XGBoost's benign call.""]","[""uid_is_root"", ""euid_root"", ""unique_syscalls"", ""ephemeral_privileged"", ""max_uid_euid_delta""]","{
  ""verdict"": ""MALICIOUS"",
  ""confidence"": 0.92,
  ""rationale_steps"": [
    ""Privilege state: uid_is_root and euid_root are both set, indicating a root context."",
    ""Mechanism: is_suid_exec is not set, but the presence of uid_is_root and euid_root suggests a privilege escalation attempt."",
    ""Behavioural anomaly: unique_syscalls is high, indicating a novel syscall pattern, and ephemeral_privileged is set, suggesting a short-lived privileged process."",
    ""Benign-explanation test: the short lifetime and high throughput do not suggest a routine admin script or health-check."",
    ""Decide: the evidence supports CNN's call, as the privilege escalation attempt and novel syscall pattern outweigh XGBoost's benign call.""
  ],
  ""key_features"": [""uid_is_root"", ""euid_root"", ""unique_syscalls"", ""ephemeral_privileged"", ""max_uid_euid_delta""],
  ""agrees_with"": ""cnn""
}"
82666,3,0,benign,0,1,0.6923177242279053,0.9917534589767456,xgb_benign_cnn_malicious,MALICIOUS,1,0.92,cnn,ok,"[""Privilege state: uid_is_root and euid_root are both set, indicating a root context."", ""Mechanism: is_suid_exec is not set, but the presence of uid_is_root and euid_root suggests a privilege escalation attempt."", ""Behavioural anomaly: unique_syscalls is high, indicating a novel syscall pattern, and ephemeral_privileged is set, suggesting a short-lived privileged process."", ""Benign-explanation test: the short lifetime and high throughput do not suggest a routine admin script or health-check."", ""Decide: the evidence supports CNN's call, as the privilege escalation attempt and novel syscall pattern outweigh XGBoost's benign call.""]","[""uid_is_root"", ""euid_root"", ""unique_syscalls"", ""ephemeral_privileged"", ""max_uid_euid_delta""]","{
  ""verdict"": ""MALICIOUS"",
  ""confidence"": 0.92,
  ""rationale_steps"": [
    ""Privilege state: uid_is_root and euid_root are both set, indicating a root context."",
    ""Mechanism: is_suid_exec is not set, but the presence of uid_is_root and euid_root suggests a privilege escalation attempt."",
    ""Behavioural anomaly: unique_syscalls is high, indicating a novel syscall pattern, and ephemeral_privileged is set, suggesting a short-lived privileged process."",
    ""Benign-explanation test: the short lifetime and high throughput do not suggest a routine admin script or health-check."",
    ""Decide: the evidence supports CNN's call, as the privilege escalation attempt and novel syscall pattern outweigh XGBoost's benign call.""
  ],
  ""key_features"": [""uid_is_root"", ""euid_root"", ""unique_syscalls"", ""ephemeral_privileged"", ""max_uid_euid_delta""],
  ""agrees_with"": ""cnn""
}"
83183,3,0,benign,0,1,0.6923177242279053,0.9917534589767456,xgb_benign_cnn_malicious,MALICIOUS,1,0.92,cnn,ok,"[""Privilege state: uid_is_root and euid_root are both set, indicating a root context."", ""Mechanism: is_suid_exec is not set, but the presence of uid_is_root and euid_root suggests a privilege escalation attempt."", ""Behavioural anomaly: unique_syscalls is high, indicating a novel syscall pattern, and ephemeral_privileged is set, suggesting a short-lived privileged process."", ""Benign-explanation test: the short lifetime and high throughput do not suggest a routine admin script or health-check."", ""Decide: the evidence supports CNN's call, as the privilege escalation attempt and novel syscall pattern outweigh XGBoost's benign call.""]","[""uid_is_root"", ""euid_root"", ""unique_syscalls"", ""ephemeral_privileged"", ""max_uid_euid_delta""]","{
  ""verdict"": ""MALICIOUS"",
  ""confidence"": 0.92,
  ""rationale_steps"": [
    ""Privilege state: uid_is_root and euid_root are both set, indicating a root context."",
    ""Mechanism: is_suid_exec is not set, but the presence of uid_is_root and euid_root suggests a privilege escalation attempt."",
    ""Behavioural anomaly: unique_syscalls is high, indicating a novel syscall pattern, and ephemeral_privileged is set, suggesting a short-lived privileged process."",
    ""Benign-explanation test: the short lifetime and high throughput do not suggest a routine admin script or health-check."",
    ""Decide: the evidence supports CNN's call, as the privilege escalation attempt and novel syscall pattern outweigh XGBoost's benign call.""
  ],
  ""key_features"": [""uid_is_root"", ""euid_root"", ""unique_syscalls"", ""ephemeral_privileged"", ""max_uid_euid_delta""],
  ""agrees_with"": ""cnn""
}"
84798,4,0,benign,0,1,0.4626511931419372,0.7419862747192383,xgb_benign_cnn_malicious,MALICIOUS,1,0.92,cnn,ok,"[""Privilege state: uid_is_root and euid_root are both set, indicating a genuine root context."", ""Mechanism: is_suid_exec is not set, but the combination of uid_is_root, euid_root, and auid_euid_mismatch suggests a privilege escalation attempt."", ""Behavioural anomaly: events_per_second is extremely high, indicating a potential attack, and failed_call_rate is also high, suggesting a failed escalation attempt."", ""Benign-explanation test: the short lifetime and high throughput make it unlikely to be a routine admin script or health-check."", ""Decide: the combination of privilege escalation indicators and behavioural anomalies outweighs XGBoost's benign call; this supports the CNN.""]","[""events_per_second"", ""uid_is_root"", ""euid_root"", ""auid_euid_mismatch"", ""failed_call_rate""]","{
  ""verdict"": ""MALICIOUS"",
  ""confidence"": 0.92,
  ""rationale_steps"": [
    ""Privilege state: uid_is_root and euid_root are both set, indicating a genuine root context."",
    ""Mechanism: is_suid_exec is not set, but the combination of uid_is_root, euid_root, and auid_euid_mismatch suggests a privilege escalation attempt."",
    ""Behavioural anomaly: events_per_second is extremely high, indicating a potential attack, and failed_call_rate is also high, suggesting a failed escalation attempt."",
    ""Benign-explanation test: the short lifetime and high throughput make it unlikely to be a routine admin script or health-check."",
    ""Decide: the combination of privilege escalation indicators and behavioural anomalies outweighs XGBoost's benign call; this supports the CNN.""
  ],
  ""key_features"": [""events_per_second"", ""uid_is_root"", ""euid_root"", ""auid_euid_mismatch"", ""failed_call_rate""],
  ""agrees_with"": ""cnn""
}"
85022,3,0,benign,0,1,0.6923177242279053,0.9917534589767456,xgb_benign_cnn_malicious,MALICIOUS,1,0.99,cnn,ok,"[""Privilege state: uid_is_root and euid_root are both set, indicating a root context."", ""Mechanism: is_suid_exec is not set, but the presence of uid_is_root and euid_root suggests a privilege escalation attempt."", ""Behavioural anomaly: unique_syscalls is high, indicating a novel syscall pattern, and ephemeral_privileged is set, suggesting a short-lived privileged process."", ""Benign-explanation test: the short lifetime and high throughput do not suggest a routine admin script or health-check."", ""Decide: the evidence supports CNN's call, with multiple indicators of privilege escalation and a novel syscall pattern.""]","[""uid_is_root"", ""euid_root"", ""unique_syscalls"", ""ephemeral_privileged"", ""max_uid_euid_delta""]","{
  ""verdict"": ""MALICIOUS"",
  ""confidence"": 0.99,
  ""rationale_steps"": [
    ""Privilege state: uid_is_root and euid_root are both set, indicating a root context."",
    ""Mechanism: is_suid_exec is not set, but the presence of uid_is_root and euid_root suggests a privilege escalation attempt."",
    ""Behavioural anomaly: unique_syscalls is high, indicating a novel syscall pattern, and ephemeral_privileged is set, suggesting a short-lived privileged process."",
    ""Benign-explanation test: the short lifetime and high throughput do not suggest a routine admin script or health-check."",
    ""Decide: the evidence supports CNN's call, with multiple indicators of privilege escalation and a novel syscall pattern.""
  ],
  ""key_features"": [""uid_is_root"", ""euid_root"", ""unique_syscalls"", ""ephemeral_privileged"", ""max_uid_euid_delta""],
  ""agrees_with"": ""cnn""
}"
85041,4,0,benign,0,1,0.4322089254856109,0.9850627779960632,xgb_benign_cnn_malicious,MALICIOUS,1,0.92,cnn,ok,"[""Privilege state: uid_is_root and euid_root are both set, indicating a root context."", ""Mechanism: is_suid_exec is not set, but the combination of uid_is_root, euid_root, and max_uid_euid_delta at p99+ suggests a privilege escalation attempt."", ""Behavioural anomaly: unique_syscalls is high, indicating a novel syscall pattern, and failed_call_rate is low, suggesting a successful execution of malicious code."", ""Benign-explanation test: the short lifetime and high throughput of the process make it unlikely to be a routine admin script or health-check."", ""Decide: the combination of privilege escalation indicators and novel syscall pattern outweighs XGBoost's benign call; this supports the CNN.""]","[""unique_syscalls"", ""uid_is_root"", ""euid_root"", ""max_uid_euid_delta"", ""failed_call_rate""]","{
  ""verdict"": ""MALICIOUS"",
  ""confidence"": 0.92,
  ""rationale_steps"": [
    ""Privilege state: uid_is_root and euid_root are both set, indicating a root context."",
    ""Mechanism: is_suid_exec is not set, but the combination of uid_is_root, euid_root, and max_uid_euid_delta at p99+ suggests a privilege escalation attempt."",
    ""Behavioural anomaly: unique_syscalls is high, indicating a novel syscall pattern, and failed_call_rate is low, suggesting a successful execution of malicious code."",
    ""Benign-explanation test: the short lifetime and high throughput of the process make it unlikely to be a routine admin script or health-check."",
    ""Decide: the combination of privilege escalation indicators and novel syscall pattern outweighs XGBoost's benign call; this supports the CNN.""
  ],
  ""key_features"": [""unique_syscalls"", ""uid_is_root"", ""euid_root"", ""max_uid_euid_delta"", ""failed_call_rate""],
  ""agrees_with"": ""cnn""
}"
85388,4,1,T1078_Valid_Accounts,0,1,0.5382307767868042,0.9489884972572328,xgb_benign_cnn_malicious,MALICIOUS,1,0.95,cnn,ok,"[""Privilege state: uid_is_root and euid_root are both set, indicating a genuine root context."", ""Mechanism: is_suid_exec is not set, but the presence of a root context and a high priv_op_count suggests a privilege escalation attempt."", ""Behavioural anomaly: the process is ephemeral and privileged, and there is no network activity, which is unusual for a benign process."", ""Benign-explanation test: the short lifetime and high throughput of the process make it unlikely to be a routine admin script or health-check."", ""Decide: the evidence supports CNN's call, as the root context and high priv_op_count are strong indicators of a privilege escalation attempt.""]","[""uid_is_root"", ""euid_root"", ""ephemeral_privileged"", ""priv_op_count"", ""max_uid_euid_delta""]","{
  ""verdict"": ""MALICIOUS"",
  ""confidence"": 0.95,
  ""rationale_steps"": [
    ""Privilege state: uid_is_root and euid_root are both set, indicating a genuine root context."",
    ""Mechanism: is_suid_exec is not set, but the presence of a root context and a high priv_op_count suggests a privilege escalation attempt."",
    ""Behavioural anomaly: the process is ephemeral and privileged, and there is no network activity, which is unusual for a benign process."",
    ""Benign-explanation test: the short lifetime and high throughput of the process make it unlikely to be a routine admin script or health-check."",
    ""Decide: the evidence supports CNN's call, as the root context and high priv_op_count are strong indicators of a privilege escalation attempt.""
  ],
  ""key_features"": [""uid_is_root"", ""euid_root"", ""ephemeral_privileged"", ""priv_op_count"", ""max_uid_euid_delta""],
  ""agrees_with"": ""cnn""
}"
85442,3,0,benign,0,1,0.6923177242279053,0.9917534589767456,xgb_benign_cnn_malicious,MALICIOUS,1,0.99,cnn,ok,"[""Privilege state: uid_is_root and euid_root are both set, indicating a root context."", ""Mechanism: is_suid_exec is not set, but the presence of uid_is_root and euid_root suggests a privilege escalation attempt."", ""Behavioural anomaly: unique_syscalls is high, indicating a novel syscall pattern, and ephemeral_privileged is set, suggesting a short-lived privileged process."", ""Benign-explanation test: the short lifetime and high throughput do not suggest a routine admin script or health-check."", ""Decide: the evidence supports CNN's call, with multiple indicators of privilege escalation and a novel syscall pattern.""]","[""uid_is_root"", ""euid_root"", ""unique_syscalls"", ""ephemeral_privileged"", ""max_uid_euid_delta""]","{
  ""verdict"": ""MALICIOUS"",
  ""confidence"": 0.99,
  ""rationale_steps"": [
    ""Privilege state: uid_is_root and euid_root are both set, indicating a root context."",
    ""Mechanism: is_suid_exec is not set, but the presence of uid_is_root and euid_root suggests a privilege escalation attempt."",
    ""Behavioural anomaly: unique_syscalls is high, indicating a novel syscall pattern, and ephemeral_privileged is set, suggesting a short-lived privileged process."",
    ""Benign-explanation test: the short lifetime and high throughput do not suggest a routine admin script or health-check."",
    ""Decide: the evidence supports CNN's call, with multiple indicators of privilege escalation and a novel syscall pattern.""
  ],
  ""key_features"": [""uid_is_root"", ""euid_root"", ""unique_syscalls"", ""ephemeral_privileged"", ""max_uid_euid_delta""],
  ""agrees_with"": ""cnn""
}"
86448,3,0,benign,0,1,0.6923177242279053,0.9917534589767456,xgb_benign_cnn_malicious,MALICIOUS,1,0.92,cnn,ok,"[""Privilege state: uid_is_root and euid_root are both set, indicating a root context."", ""Mechanism: is_suid_exec is not set, but the presence of uid_is_root and euid_root suggests a privilege escalation attempt."", ""Behavioural anomaly: unique_syscalls is high, indicating a novel syscall pattern, and ephemeral_privileged is set, suggesting a short-lived privileged process."", ""Benign-explanation test: the short lifetime and high throughput do not suggest a routine admin script or health-check."", ""Decide: the evidence supports CNN's call, as the privilege escalation attempt and novel syscall pattern outweigh XGBoost's benign call.""]","[""uid_is_root"", ""euid_root"", ""unique_syscalls"", ""ephemeral_privileged"", ""max_uid_euid_delta""]","{
  ""verdict"": ""MALICIOUS"",
  ""confidence"": 0.92,
  ""rationale_steps"": [
    ""Privilege state: uid_is_root and euid_root are both set, indicating a root context."",
    ""Mechanism: is_suid_exec is not set, but the presence of uid_is_root and euid_root suggests a privilege escalation attempt."",
    ""Behavioural anomaly: unique_syscalls is high, indicating a novel syscall pattern, and ephemeral_privileged is set, suggesting a short-lived privileged process."",
    ""Benign-explanation test: the short lifetime and high throughput do not suggest a routine admin script or health-check."",
    ""Decide: the evidence supports CNN's call, as the privilege escalation attempt and novel syscall pattern outweigh XGBoost's benign call.""
  ],
  ""key_features"": [""uid_is_root"", ""euid_root"", ""unique_syscalls"", ""ephemeral_privileged"", ""max_uid_euid_delta""],
  ""agrees_with"": ""cnn""
}"
87414,4,0,benign,0,1,0.5382307767868042,0.9489884972572328,xgb_benign_cnn_malicious,MALICIOUS,1,0.95,cnn,ok,"[""Privilege state: uid_is_root and euid_root are both set, indicating a genuine root context."", ""Mechanism: is_suid_exec is not set, but the presence of a root context and a high priv_op_count suggests a privilege escalation attempt."", ""Behavioural anomaly: the process is ephemeral and privileged, and there is no network activity, which is unusual for a benign process."", ""Benign-explanation test: the short lifetime and high throughput of the process make it unlikely to be a routine admin script or health-check."", ""Decide: the evidence supports CNN's call, as the root context and high priv_op_count are strong indicators of a privilege escalation attempt.""]","[""uid_is_root"", ""euid_root"", ""ephemeral_privileged"", ""priv_op_count"", ""max_uid_euid_delta""]","{
  ""verdict"": ""MALICIOUS"",
  ""confidence"": 0.95,
  ""rationale_steps"": [
    ""Privilege state: uid_is_root and euid_root are both set, indicating a genuine root context."",
    ""Mechanism: is_suid_exec is not set, but the presence of a root context and a high priv_op_count suggests a privilege escalation attempt."",
    ""Behavioural anomaly: the process is ephemeral and privileged, and there is no network activity, which is unusual for a benign process."",
    ""Benign-explanation test: the short lifetime and high throughput of the process make it unlikely to be a routine admin script or health-check."",
    ""Decide: the evidence supports CNN's call, as the root context and high priv_op_count are strong indicators of a privilege escalation attempt.""
  ],
  ""key_features"": [""uid_is_root"", ""euid_root"", ""ephemeral_privileged"", ""priv_op_count"", ""max_uid_euid_delta""],
  ""agrees_with"": ""cnn""
}"
87614,4,0,benign,0,1,0.6861697435379028,0.9240633249282836,xgb_benign_cnn_malicious,MALICIOUS,1,0.92,cnn,ok,"[""Privilege state: uid_is_root and euid_root are both set, indicating a root context."", ""Mechanism: is_suid_exec is not set, but the presence of uid_is_root and euid_root suggests a privilege escalation attempt."", ""Behavioural anomaly: unique_syscalls is high, indicating a novel syscall pattern, and ephemeral_privileged is set, suggesting a short-lived privileged process."", ""Benign-explanation test: the short lifetime and high throughput do not suggest a routine admin script or health-check."", ""Decide: the evidence supports CNN's call, as the privilege escalation attempt and novel syscall pattern outweigh XGBoost's benign call.""]","[""unique_syscalls"", ""uid_is_root"", ""euid_root"", ""max_uid_euid_delta"", ""ephemeral_privileged""]","{
  ""verdict"": ""MALICIOUS"",
  ""confidence"": 0.92,
  ""rationale_steps"": [
    ""Privilege state: uid_is_root and euid_root are both set, indicating a root context."",
    ""Mechanism: is_suid_exec is not set, but the presence of uid_is_root and euid_root suggests a privilege escalation attempt."",
    ""Behavioural anomaly: unique_syscalls is high, indicating a novel syscall pattern, and ephemeral_privileged is set, suggesting a short-lived privileged process."",
    ""Benign-explanation test: the short lifetime and high throughput do not suggest a routine admin script or health-check."",
    ""Decide: the evidence supports CNN's call, as the privilege escalation attempt and novel syscall pattern outweigh XGBoost's benign call.""
  ],
  ""key_features"": [""unique_syscalls"", ""uid_is_root"", ""euid_root"", ""max_uid_euid_delta"", ""ephemeral_privileged""],
  ""agrees_with"": ""cnn""
}"
87850,3,0,benign,0,1,0.6923177242279053,0.9917534589767456,xgb_benign_cnn_malicious,MALICIOUS,1,0.92,cnn,ok,"[""Privilege state: uid_is_root and euid_root are both set, indicating a root context."", ""Mechanism: is_suid_exec is not set, but the combination of uid_is_root, euid_root, and ephemeral_privileged suggests a privilege escalation attempt."", ""Behavioural anomaly: unique_syscalls is high, indicating a novel syscall pattern, and max_uid_euid_delta is low, suggesting a lack of a genuine UID/EUID transition."", ""Benign-explanation test: the short lifetime and high throughput do not suggest a routine admin script, cron job, or health-check."", ""Decide: the combination of privilege escalation indicators and novel syscall pattern outweighs XGBoost's benign call; this supports the CNN.""]","[""uid_is_root"", ""euid_root"", ""unique_syscalls"", ""max_uid_euid_delta"", ""ephemeral_privileged""]","{
  ""verdict"": ""MALICIOUS"",
  ""confidence"": 0.92,
  ""rationale_steps"": [
    ""Privilege state: uid_is_root and euid_root are both set, indicating a root context."",
    ""Mechanism: is_suid_exec is not set, but the combination of uid_is_root, euid_root, and ephemeral_privileged suggests a privilege escalation attempt."",
    ""Behavioural anomaly: unique_syscalls is high, indicating a novel syscall pattern, and max_uid_euid_delta is low, suggesting a lack of a genuine UID/EUID transition."",
    ""Benign-explanation test: the short lifetime and high throughput do not suggest a routine admin script, cron job, or health-check."",
    ""Decide: the combination of privilege escalation indicators and novel syscall pattern outweighs XGBoost's benign call; this supports the CNN.""
  ],
  ""key_features"": [""uid_is_root"", ""euid_root"", ""unique_syscalls"", ""max_uid_euid_delta"", ""ephemeral_privileged""],
  ""agrees_with"": ""cnn""
}"
