row_id,fold,true_label,technique,pred_xgb,pred_cnn,proba_xgb,proba_cnn,disagreement_direction,llm_verdict,llm_pred,llm_confidence,llm_agrees_with,parse_status,rationale_steps,key_features,raw
69,3,1,T1222,1,0,0.9765482544898988,0.8522466421127319,xgb_malicious_cnn_benign,,-1,,,call_error,[],[],"ReadTimeout(ReadTimeoutError(""HTTPConnectionPool(host='127.0.0.1', port=13434): Read timed out. (read timeout=180)""))"
843,2,1,T1595,0,1,0.001278604613617,0.999983251094818,xgb_benign_cnn_malicious,,-1,,,call_error,[],[],"ReadTimeout(ReadTimeoutError(""HTTPConnectionPool(host='127.0.0.1', port=13434): Read timed out. (read timeout=180)""))"
1427,2,1,T1548,0,1,0.964673638343811,0.9870211482048036,xgb_benign_cnn_malicious,,-1,,,call_error,[],[],"ReadTimeout(ReadTimeoutError(""HTTPConnectionPool(host='127.0.0.1', port=13434): Read timed out. (read timeout=180)""))"
1508,3,1,T1548,1,0,0.999918818473816,0.8624439835548401,xgb_malicious_cnn_benign,MALICIOUS,1,0.92,xgb,ok,"[""Privilege state: uid_is_root and euid_root are set, max_uid_euid_delta is extremely high, indicating a significant privilege escalation."", ""Mechanism: uid_changed and auid_euid_mismatch suggest an attempt to manipulate identity, which aligns with T1548 and T1222 tactics."", ""Behavioural anomaly: failed_call_rate is low, and unique_syscalls is high, suggesting a crafted process with a specific purpose, not typical benign activity."", ""Benign-explanation test: lifetime_seconds at p99+ and no exec_count suggest a one-off, short-lived process, inconsistent with benign admin scripting."", ""Decide: the strong evidence of privilege escalation and anomalous behaviour supports XGBoost's MALICIOUS call over CNN's BENIGN call.""]","[""lifetime_seconds"", ""unique_syscalls"", ""uid_is_root"", ""euid_root"", ""max_uid_euid_delta""]","{""verdict"": ""MALICIOUS"", ""confidence"": 0.92, ""rationale_steps"": [""Privilege state: uid_is_root and euid_root are set, max_uid_euid_delta is extremely high, indicating a significant privilege escalation."", ""Mechanism: uid_changed and auid_euid_mismatch suggest an attempt to manipulate identity, which aligns with T1548 and T1222 tactics."", ""Behavioural anomaly: failed_call_rate is low, and unique_syscalls is high, suggesting a crafted process with a specific purpose, not typical benign activity."", ""Benign-explanation test: lifetime_seconds at p99+ and no exec_count suggest a one-off, short-lived process, inconsistent with benign admin scripting."", ""Decide: the strong evidence of privilege escalation and anomalous behaviour supports XGBoost's MALICIOUS call over CNN's BENIGN call.""], ""key_features"": [""lifetime_seconds"", ""unique_syscalls"", ""uid_is_root"", ""euid_root"", ""max_uid_euid_delta""], ""agrees_with"": ""xgb""}"
2281,3,1,T1548,1,0,0.999918818473816,0.8624513745307922,xgb_malicious_cnn_benign,MALICIOUS,1,0.92,xgb,ok,"[""Privilege state: uid_is_root and euid_root are set, max_uid_euid_delta is extremely high, and auid_euid_mismatch is present, indicating a clear privilege escalation attempt."", ""Mechanism: The process has a lifetime of 1 second, which is unusual and could suggest a rapid privilege escalation attempt, combined with unique_syscalls indicating non-standard behavior."", ""Behavioural anomaly: The failed_call_rate is low, suggesting successful execution of syscalls, and uid_changed indicates a transition in user identity, which is uncommon in benign processes."", ""Benign-explanation test: The short lifetime and unique_syscalls argue against this being a routine admin script or health-check, as such activities typically have longer lifetimes and more predictable syscall patterns."", ""Decide: The strong evidence of privilege escalation (uid_is_root, euid_root, max_uid_euid_delta, auid_euid_mismatch) and the unusual behavior (short lifetime, unique_syscalls) support the MALICIOUS classification, despite XGBoost's high confidence in BENIGN.""]","[""lifetime_seconds"", ""unique_syscalls"", ""uid_is_root"", ""euid_root"", ""max_uid_euid_delta""]","{
  ""verdict"": ""MALICIOUS"",
  ""confidence"": 0.92,
  ""rationale_steps"": [
    ""Privilege state: uid_is_root and euid_root are set, max_uid_euid_delta is extremely high, and auid_euid_mismatch is present, indicating a clear privilege escalation attempt."",
    ""Mechanism: The process has a lifetime of 1 second, which is unusual and could suggest a rapid privilege escalation attempt, combined with unique_syscalls indicating non-standard behavior."",
    ""Behavioural anomaly: The failed_call_rate is low, suggesting successful execution of syscalls, and uid_changed indicates a transition in user identity, which is uncommon in benign processes."",
    ""Benign-explanation test: The short lifetime and unique_syscalls argue against this being a routine admin script or health-check, as such activities typically have longer lifetimes and more predictable syscall patterns."",
    ""Decide: The strong evidence of privilege escalation (uid_is_root, euid_root, max_uid_euid_delta, auid_euid_mismatch) and the unusual behavior (short lifetime, unique_syscalls) support the MALICIOUS classification, despite XGBoost's high confidence in BENIGN.""
  ],
  ""key_features"": [""lifetime_seconds"", ""unique_syscalls"", ""uid_is_root"", ""euid_root"", ""max_uid_euid_delta""],
  ""agrees_with"": ""xgb""
}"
2855,2,1,T1548,0,1,0.964673638343811,0.9870211482048036,xgb_benign_cnn_malicious,MALICIOUS,1,0.92,cnn,ok,"[""Privilege state: uid_is_root and euid_root are both set, with max_uid_euid_delta being 0, indicating a direct root transition."", ""Mechanism: unique_syscalls at p99+ suggests an unusual or potentially malicious script execution, and uid_changed indicates a change in user identity which is often associated with privilege escalation."", ""Behavioural anomaly: failed_call_rate at p99+ indicates a high rate of failed syscalls, which can be a sign of a process struggling or attempting to perform unauthorized operations."", ""Benign-explanation test: lifetime_seconds at p99+ and no clear benign explanation like admin scripting or health-check, given the high failed_call_rate and unique_syscalls."", ""Decide: the strong privilege escalation signals (uid_is_root, euid_root, uid_changed) and unusual behaviour (failed_call_rate, unique_syscalls) support the CNN's classification over XGBoost's benign call.""]","[""lifetime_seconds"", ""unique_syscalls"", ""uid_is_root"", ""uid_changed"", ""euid_root""]","{""verdict"": ""MALICIOUS"", ""confidence"": 0.92, ""rationale_steps"": [""Privilege state: uid_is_root and euid_root are both set, with max_uid_euid_delta being 0, indicating a direct root transition."", ""Mechanism: unique_syscalls at p99+ suggests an unusual or potentially malicious script execution, and uid_changed indicates a change in user identity which is often associated with privilege escalation."", ""Behavioural anomaly: failed_call_rate at p99+ indicates a high rate of failed syscalls, which can be a sign of a process struggling or attempting to perform unauthorized operations."", ""Benign-explanation test: lifetime_seconds at p99+ and no clear benign explanation like admin scripting or health-check, given the high failed_call_rate and unique_syscalls."", ""Decide: the strong privilege escalation signals (uid_is_root, euid_root, uid_changed) and unusual behaviour (failed_call_rate, unique_syscalls) support the CNN's classification over XGBoost's benign call.""], ""key_features"": [""lifetime_seconds"", ""unique_syscalls"", ""uid_is_root"", ""uid_changed"", ""euid_root""], ""agrees_with"": ""cnn""}"
3653,2,1,T1548,0,1,0.964673638343811,0.9870211482048036,xgb_benign_cnn_malicious,MALICIOUS,1,0.92,cnn,ok,"[""Privilege state: uid_is_root and euid_root are both set, with max_uid_euid_delta being 0, indicating a direct root transition."", ""Mechanism: unique_syscalls at p99+ suggests an unusual or potentially malicious script execution, and uid_changed indicates a change in user identity which is often associated with privilege escalation."", ""Behavioural anomaly: failed_call_rate at p99+ indicates a high rate of failed syscalls, which can be a sign of a process struggling or attempting to perform unauthorized operations."", ""Benign-explanation test: lifetime_seconds at p99+ and no clear benign explanation like admin scripting or health-check, given the high failed_call_rate and unique_syscalls."", ""Decide: the strong privilege escalation signals (uid_is_root, euid_root, uid_changed) and unusual behaviour (failed_call_rate, unique_syscalls) support the CNN's classification over XGBoost's benign call.""]","[""lifetime_seconds"", ""unique_syscalls"", ""uid_is_root"", ""uid_changed"", ""euid_root""]","{""verdict"": ""MALICIOUS"", ""confidence"": 0.92, ""rationale_steps"": [""Privilege state: uid_is_root and euid_root are both set, with max_uid_euid_delta being 0, indicating a direct root transition."", ""Mechanism: unique_syscalls at p99+ suggests an unusual or potentially malicious script execution, and uid_changed indicates a change in user identity which is often associated with privilege escalation."", ""Behavioural anomaly: failed_call_rate at p99+ indicates a high rate of failed syscalls, which can be a sign of a process struggling or attempting to perform unauthorized operations."", ""Benign-explanation test: lifetime_seconds at p99+ and no clear benign explanation like admin scripting or health-check, given the high failed_call_rate and unique_syscalls."", ""Decide: the strong privilege escalation signals (uid_is_root, euid_root, uid_changed) and unusual behaviour (failed_call_rate, unique_syscalls) support the CNN's classification over XGBoost's benign call.""], ""key_features"": [""lifetime_seconds"", ""unique_syscalls"", ""uid_is_root"", ""uid_changed"", ""euid_root""], ""agrees_with"": ""cnn""}"
6594,4,1,T1222,0,1,0.8476836681365967,0.991692304611206,xgb_benign_cnn_malicious,MALICIOUS,1,0.92,cnn,ok,"[""Privilege state: uid_is_root and euid_root are set, with max_uid_euid_delta low, suggesting a direct root context."", ""Mechanism: high syscall throughput (events_per_second) and unique_syscalls indicate complex, potentially malicious activity."", ""Behavioural anomaly: short lifetime_seconds and absence of shell_from_service suggest a scripted, possibly malicious attempt rather than benign admin activity."", ""Benign-explanation test: the short process lifetime and high syscall activity are inconsistent with typical benign admin scripts or health-checks."", ""Decide: the evidence of a direct root context and high syscall activity supports the CNN's classification over XGBoost's benign call; high confidence due to strong privilege escalation indicators.""]","[""uid_is_root"", ""euid_root"", ""events_per_second"", ""unique_syscalls"", ""max_uid_euid_delta""]","{""verdict"": ""MALICIOUS"", ""confidence"": 0.92, ""rationale_steps"": [""Privilege state: uid_is_root and euid_root are set, with max_uid_euid_delta low, suggesting a direct root context."", ""Mechanism: high syscall throughput (events_per_second) and unique_syscalls indicate complex, potentially malicious activity."", ""Behavioural anomaly: short lifetime_seconds and absence of shell_from_service suggest a scripted, possibly malicious attempt rather than benign admin activity."", ""Benign-explanation test: the short process lifetime and high syscall activity are inconsistent with typical benign admin scripts or health-checks."", ""Decide: the evidence of a direct root context and high syscall activity supports the CNN's classification over XGBoost's benign call; high confidence due to strong privilege escalation indicators.""], ""key_features"": [""uid_is_root"", ""euid_root"", ""events_per_second"", ""unique_syscalls"", ""max_uid_euid_delta""], ""agrees_with"": ""cnn""}"
6596,2,1,T1548,0,1,0.964673638343811,0.9870211482048036,xgb_benign_cnn_malicious,MALICIOUS,1,0.92,cnn,ok,"[""Privilege state: uid_is_root and euid_root are both set, with max_uid_euid_delta being 0, indicating a direct root transition."", ""Mechanism: unique_syscalls at p99+ suggests an unusual or potentially malicious script execution, and uid_changed indicates a change in privileges."", ""Behavioural anomaly: failed_call_rate at p99+ and lifetime_seconds at p99+ suggest a short-lived, high-failure process, which is uncommon for benign activity."", ""Benign-explanation test: The process's short lifetime and high failure rate do not align with typical admin scripting or health-check behavior."", ""Decide: The strong privilege escalation signals (uid_is_root, euid_root, uid_changed) and unusual behavior (failed_call_rate, unique_syscalls) support the CNN's classification over XGBoost's.""]","[""lifetime_seconds"", ""unique_syscalls"", ""uid_is_root"", ""uid_changed"", ""euid_root""]","{""verdict"": ""MALICIOUS"", ""confidence"": 0.92, ""rationale_steps"": [""Privilege state: uid_is_root and euid_root are both set, with max_uid_euid_delta being 0, indicating a direct root transition."", ""Mechanism: unique_syscalls at p99+ suggests an unusual or potentially malicious script execution, and uid_changed indicates a change in privileges."", ""Behavioural anomaly: failed_call_rate at p99+ and lifetime_seconds at p99+ suggest a short-lived, high-failure process, which is uncommon for benign activity."", ""Benign-explanation test: The process's short lifetime and high failure rate do not align with typical admin scripting or health-check behavior."", ""Decide: The strong privilege escalation signals (uid_is_root, euid_root, uid_changed) and unusual behavior (failed_call_rate, unique_syscalls) support the CNN's classification over XGBoost's.""], ""key_features"": [""lifetime_seconds"", ""unique_syscalls"", ""uid_is_root"", ""uid_changed"", ""euid_root""], ""agrees_with"": ""cnn""}"
7993,4,1,T1222,0,1,0.8476836681365967,0.9919057488441468,xgb_benign_cnn_malicious,MALICIOUS,1,0.92,cnn,ok,"[""Privilege state: uid_is_root and euid_root are set, with a max_uid_euid_delta of 0 indicating a direct root transition, which is a strong indicator of malicious activity."", ""Mechanism: The process has a high syscall throughput (events_per_second) and a long syscall sequence (seq_length) with a high number of unique_syscalls, suggesting complex and potentially malicious behavior."", ""Behavioural anomaly: The process has a very short lifetime (lifetime_seconds at p99+), which is unusual for benign activity and could indicate a quick privilege escalation attempt."", ""Benign-explanation test: The absence of auid_euid_mismatch and the high unique_syscalls make it unlikely that this is a routine admin script or health-check."", ""Decide: The strong privilege escalation indicators and unusual behavior outweigh XGBoost's benign call; this supports the CNN's high confidence in malicious activity.""]","[""uid_is_root"", ""euid_root"", ""max_uid_euid_delta"", ""events_per_second"", ""lifetime_seconds""]","{""verdict"": ""MALICIOUS"", ""confidence"": 0.92, ""rationale_steps"": [""Privilege state: uid_is_root and euid_root are set, with a max_uid_euid_delta of 0 indicating a direct root transition, which is a strong indicator of malicious activity."", ""Mechanism: The process has a high syscall throughput (events_per_second) and a long syscall sequence (seq_length) with a high number of unique_syscalls, suggesting complex and potentially malicious behavior."", ""Behavioural anomaly: The process has a very short lifetime (lifetime_seconds at p99+), which is unusual for benign activity and could indicate a quick privilege escalation attempt."", ""Benign-explanation test: The absence of auid_euid_mismatch and the high unique_syscalls make it unlikely that this is a routine admin script or health-check."", ""Decide: The strong privilege escalation indicators and unusual behavior outweigh XGBoost's benign call; this supports the CNN's high confidence in malicious activity.""], ""key_features"": [""uid_is_root"", ""euid_root"", ""max_uid_euid_delta"", ""events_per_second"", ""lifetime_seconds""], ""agrees_with"": ""cnn""}"
8047,3,1,T1548,1,0,0.999918818473816,0.8624439835548401,xgb_malicious_cnn_benign,MALICIOUS,1,0.92,xgb,ok,"[""Privilege state: uid_is_root and euid_root are set, max_uid_euid_delta is extremely high, indicating a significant privilege escalation."", ""Mechanism: uid_changed and auid_euid_mismatch suggest an attempt to manipulate identity, which aligns with T1548 and T1222 techniques."", ""Behavioural anomaly: failed_call_rate is low, suggesting successful syscalls, and unique_syscalls is high, indicating unusual behavior not typical of benign processes."", ""Benign-explanation test: lifetime_seconds at p99+ and no exec_count suggest a short-lived, singular operation inconsistent with benign admin scripting or health-checks."", ""Decide: the strong evidence of privilege escalation and unusual behavior supports XGBoost's MALICIOUS call over CNN's BENIGN call.""]","[""lifetime_seconds"", ""unique_syscalls"", ""uid_is_root"", ""euid_root"", ""max_uid_euid_delta""]","{""verdict"": ""MALICIOUS"", ""confidence"": 0.92, ""rationale_steps"": [""Privilege state: uid_is_root and euid_root are set, max_uid_euid_delta is extremely high, indicating a significant privilege escalation."", ""Mechanism: uid_changed and auid_euid_mismatch suggest an attempt to manipulate identity, which aligns with T1548 and T1222 techniques."", ""Behavioural anomaly: failed_call_rate is low, suggesting successful syscalls, and unique_syscalls is high, indicating unusual behavior not typical of benign processes."", ""Benign-explanation test: lifetime_seconds at p99+ and no exec_count suggest a short-lived, singular operation inconsistent with benign admin scripting or health-checks."", ""Decide: the strong evidence of privilege escalation and unusual behavior supports XGBoost's MALICIOUS call over CNN's BENIGN call.""], ""key_features"": [""lifetime_seconds"", ""unique_syscalls"", ""uid_is_root"", ""euid_root"", ""max_uid_euid_delta""], ""agrees_with"": ""xgb""}"
8064,2,1,T1548,0,1,0.964673638343811,0.9870211482048036,xgb_benign_cnn_malicious,MALICIOUS,1,0.92,cnn,ok,"[""Privilege state: uid_is_root and euid_root are both set, with max_uid_euid_delta being 0, indicating a direct root transition."", ""Mechanism: unique_syscalls at p99+ suggests an unusual or potentially malicious script execution, and uid_changed indicates a change in user identity which is often associated with privilege escalation."", ""Behavioural anomaly: failed_call_rate at p99+ indicates a high rate of failed syscalls, which can be a sign of a process struggling or attempting to perform unauthorized operations."", ""Benign-explanation test: lifetime_seconds at p99+ and no clear benign explanation like admin scripting or health-check, given the high failed_call_rate and unique_syscalls."", ""Decide: the strong privilege escalation signals (uid_is_root, euid_root, uid_changed) and unusual behaviour (failed_call_rate, unique_syscalls) support the CNN's classification over XGBoost's benign call.""]","[""lifetime_seconds"", ""unique_syscalls"", ""uid_is_root"", ""uid_changed"", ""euid_root""]","{""verdict"": ""MALICIOUS"", ""confidence"": 0.92, ""rationale_steps"": [""Privilege state: uid_is_root and euid_root are both set, with max_uid_euid_delta being 0, indicating a direct root transition."", ""Mechanism: unique_syscalls at p99+ suggests an unusual or potentially malicious script execution, and uid_changed indicates a change in user identity which is often associated with privilege escalation."", ""Behavioural anomaly: failed_call_rate at p99+ indicates a high rate of failed syscalls, which can be a sign of a process struggling or attempting to perform unauthorized operations."", ""Benign-explanation test: lifetime_seconds at p99+ and no clear benign explanation like admin scripting or health-check, given the high failed_call_rate and unique_syscalls."", ""Decide: the strong privilege escalation signals (uid_is_root, euid_root, uid_changed) and unusual behaviour (failed_call_rate, unique_syscalls) support the CNN's classification over XGBoost's benign call.""], ""key_features"": [""lifetime_seconds"", ""unique_syscalls"", ""uid_is_root"", ""uid_changed"", ""euid_root""], ""agrees_with"": ""cnn""}"
8065,2,1,T1548,0,1,0.964673638343811,0.9870211482048036,xgb_benign_cnn_malicious,MALICIOUS,1,0.92,cnn,ok,"[""Privilege state: uid_is_root and euid_root are both set, with max_uid_euid_delta being 0, indicating a direct root transition."", ""Mechanism: unique_syscalls at p99+ suggests an unusual or potentially malicious script execution, and uid_changed indicates a change in user identity which is often associated with privilege escalation."", ""Behavioural anomaly: failed_call_rate at p99+ indicates a high rate of failed syscalls, which can be a sign of a process struggling or attempting to perform unauthorized operations."", ""Benign-explanation test: lifetime_seconds at p99+ and no clear benign explanation like admin scripting or health-check, given the high failed_call_rate and unique_syscalls."", ""Decide: the strong privilege escalation signals (uid_is_root, euid_root, uid_changed) and unusual behaviour (failed_call_rate, unique_syscalls) support the CNN's classification over XGBoost's benign call.""]","[""lifetime_seconds"", ""unique_syscalls"", ""uid_is_root"", ""uid_changed"", ""euid_root""]","{""verdict"": ""MALICIOUS"", ""confidence"": 0.92, ""rationale_steps"": [""Privilege state: uid_is_root and euid_root are both set, with max_uid_euid_delta being 0, indicating a direct root transition."", ""Mechanism: unique_syscalls at p99+ suggests an unusual or potentially malicious script execution, and uid_changed indicates a change in user identity which is often associated with privilege escalation."", ""Behavioural anomaly: failed_call_rate at p99+ indicates a high rate of failed syscalls, which can be a sign of a process struggling or attempting to perform unauthorized operations."", ""Benign-explanation test: lifetime_seconds at p99+ and no clear benign explanation like admin scripting or health-check, given the high failed_call_rate and unique_syscalls."", ""Decide: the strong privilege escalation signals (uid_is_root, euid_root, uid_changed) and unusual behaviour (failed_call_rate, unique_syscalls) support the CNN's classification over XGBoost's benign call.""], ""key_features"": [""lifetime_seconds"", ""unique_syscalls"", ""uid_is_root"", ""uid_changed"", ""euid_root""], ""agrees_with"": ""cnn""}"
9507,3,1,T1548,1,0,0.999918818473816,0.8624439835548401,xgb_malicious_cnn_benign,MALICIOUS,1,0.92,xgb,ok,"[""Privilege state: uid_is_root and euid_root are set, max_uid_euid_delta is extremely high, indicating a significant privilege escalation."", ""Mechanism: uid_changed and auid_euid_mismatch suggest an attempt to manipulate identity, which aligns with T1548 and T1222 techniques."", ""Behavioural anomaly: failed_call_rate is low, suggesting successful syscalls, and unique_syscalls is high, indicating unusual behavior not typical of benign processes."", ""Benign-explanation test: lifetime_seconds at p99+ and no exec_count suggest a short-lived, singular operation inconsistent with benign admin scripting or health-checks."", ""Decide: the strong evidence of privilege escalation and unusual behavior supports XGBoost's MALICIOUS call over CNN's BENIGN call.""]","[""lifetime_seconds"", ""unique_syscalls"", ""uid_is_root"", ""euid_root"", ""max_uid_euid_delta""]","{""verdict"": ""MALICIOUS"", ""confidence"": 0.92, ""rationale_steps"": [""Privilege state: uid_is_root and euid_root are set, max_uid_euid_delta is extremely high, indicating a significant privilege escalation."", ""Mechanism: uid_changed and auid_euid_mismatch suggest an attempt to manipulate identity, which aligns with T1548 and T1222 techniques."", ""Behavioural anomaly: failed_call_rate is low, suggesting successful syscalls, and unique_syscalls is high, indicating unusual behavior not typical of benign processes."", ""Benign-explanation test: lifetime_seconds at p99+ and no exec_count suggest a short-lived, singular operation inconsistent with benign admin scripting or health-checks."", ""Decide: the strong evidence of privilege escalation and unusual behavior supports XGBoost's MALICIOUS call over CNN's BENIGN call.""], ""key_features"": [""lifetime_seconds"", ""unique_syscalls"", ""uid_is_root"", ""euid_root"", ""max_uid_euid_delta""], ""agrees_with"": ""xgb""}"
9514,3,1,T1548,1,0,0.999918818473816,0.8624439835548401,xgb_malicious_cnn_benign,MALICIOUS,1,0.92,xgb,ok,"[""Privilege state: uid_is_root and euid_root are set, max_uid_euid_delta is extremely high, indicating a significant privilege escalation."", ""Mechanism: uid_changed and auid_euid_mismatch suggest an attempt to manipulate identity, which aligns with T1548 and T1222 techniques."", ""Behavioural anomaly: failed_call_rate is low, and unique_syscalls is high, suggesting a crafted process with a specific purpose, which is uncommon in benign activity."", ""Benign-explanation test: lifetime_seconds is minimal, and there's no exec_count or shell_from_service, which contradicts typical benign admin activity."", ""Decide: the strong evidence of privilege escalation and anomalous behaviour supports XGBoost's MALICIOUS call over CNN's BENIGN call.""]","[""lifetime_seconds"", ""unique_syscalls"", ""uid_is_root"", ""euid_root"", ""max_uid_euid_delta""]","{""verdict"": ""MALICIOUS"", ""confidence"": 0.92, ""rationale_steps"": [""Privilege state: uid_is_root and euid_root are set, max_uid_euid_delta is extremely high, indicating a significant privilege escalation."", ""Mechanism: uid_changed and auid_euid_mismatch suggest an attempt to manipulate identity, which aligns with T1548 and T1222 techniques."", ""Behavioural anomaly: failed_call_rate is low, and unique_syscalls is high, suggesting a crafted process with a specific purpose, which is uncommon in benign activity."", ""Benign-explanation test: lifetime_seconds is minimal, and there's no exec_count or shell_from_service, which contradicts typical benign admin activity."", ""Decide: the strong evidence of privilege escalation and anomalous behaviour supports XGBoost's MALICIOUS call over CNN's BENIGN call.""], ""key_features"": [""lifetime_seconds"", ""unique_syscalls"", ""uid_is_root"", ""euid_root"", ""max_uid_euid_delta""], ""agrees_with"": ""xgb""}"
10218,3,1,T1548,1,0,0.999918818473816,0.8624439835548401,xgb_malicious_cnn_benign,MALICIOUS,1,0.92,xgb,ok,"[""Privilege state: uid_is_root and euid_root are set, max_uid_euid_delta is extremely high, indicating a significant privilege escalation."", ""Mechanism: uid_changed and auid_euid_mismatch suggest an attempt to manipulate identity, which aligns with T1548 and T1222 techniques."", ""Behavioural anomaly: failed_call_rate is low, and unique_syscalls is high, suggesting a crafted process with a specific purpose, which is uncommon in benign activity."", ""Benign-explanation test: lifetime_seconds is minimal, and there's no exec_count or shell_from_service, which contradicts typical benign admin activity."", ""Decide: the strong evidence of privilege escalation and anomalous behaviour supports XGBoost's MALICIOUS call over CNN's BENIGN call.""]","[""lifetime_seconds"", ""unique_syscalls"", ""uid_is_root"", ""euid_root"", ""max_uid_euid_delta""]","{""verdict"": ""MALICIOUS"", ""confidence"": 0.92, ""rationale_steps"": [""Privilege state: uid_is_root and euid_root are set, max_uid_euid_delta is extremely high, indicating a significant privilege escalation."", ""Mechanism: uid_changed and auid_euid_mismatch suggest an attempt to manipulate identity, which aligns with T1548 and T1222 techniques."", ""Behavioural anomaly: failed_call_rate is low, and unique_syscalls is high, suggesting a crafted process with a specific purpose, which is uncommon in benign activity."", ""Benign-explanation test: lifetime_seconds is minimal, and there's no exec_count or shell_from_service, which contradicts typical benign admin activity."", ""Decide: the strong evidence of privilege escalation and anomalous behaviour supports XGBoost's MALICIOUS call over CNN's BENIGN call.""], ""key_features"": [""lifetime_seconds"", ""unique_syscalls"", ""uid_is_root"", ""euid_root"", ""max_uid_euid_delta""], ""agrees_with"": ""xgb""}"
10949,2,1,T1548,0,1,0.964673638343811,0.9870211482048036,xgb_benign_cnn_malicious,MALICIOUS,1,0.92,cnn,ok,"[""Privilege state: uid_is_root and euid_root are both set, with max_uid_euid_delta being 0, indicating a direct root transition."", ""Mechanism: unique_syscalls at p99+ suggests an unusual or potentially malicious script execution, and uid_changed indicates a change in user identity which is often associated with privilege escalation."", ""Behavioural anomaly: failed_call_rate at p99+ indicates a high rate of failed syscalls, which can be a sign of a process struggling or attempting to perform unauthorized operations."", ""Benign-explanation test: lifetime_seconds at p99+ and no clear benign explanation like admin scripting or health-check, given the high failed_call_rate and unique_syscalls."", ""Decide: the strong privilege escalation signals (uid_is_root, euid_root, uid_changed) and unusual behaviour (failed_call_rate, unique_syscalls) support the CNN's classification over XGBoost's benign call.""]","[""lifetime_seconds"", ""unique_syscalls"", ""uid_is_root"", ""uid_changed"", ""euid_root""]","{""verdict"": ""MALICIOUS"", ""confidence"": 0.92, ""rationale_steps"": [""Privilege state: uid_is_root and euid_root are both set, with max_uid_euid_delta being 0, indicating a direct root transition."", ""Mechanism: unique_syscalls at p99+ suggests an unusual or potentially malicious script execution, and uid_changed indicates a change in user identity which is often associated with privilege escalation."", ""Behavioural anomaly: failed_call_rate at p99+ indicates a high rate of failed syscalls, which can be a sign of a process struggling or attempting to perform unauthorized operations."", ""Benign-explanation test: lifetime_seconds at p99+ and no clear benign explanation like admin scripting or health-check, given the high failed_call_rate and unique_syscalls."", ""Decide: the strong privilege escalation signals (uid_is_root, euid_root, uid_changed) and unusual behaviour (failed_call_rate, unique_syscalls) support the CNN's classification over XGBoost's benign call.""], ""key_features"": [""lifetime_seconds"", ""unique_syscalls"", ""uid_is_root"", ""uid_changed"", ""euid_root""], ""agrees_with"": ""cnn""}"
11683,3,1,T1548,1,0,0.999918818473816,0.8624439835548401,xgb_malicious_cnn_benign,MALICIOUS,1,0.92,xgb,ok,"[""Privilege state: uid_is_root and euid_root are set, max_uid_euid_delta is extremely high, indicating a significant privilege escalation."", ""Mechanism: uid_changed and auid_euid_mismatch suggest an attempt to manipulate identity, which aligns with T1548 and T1222 techniques."", ""Behavioural anomaly: failed_call_rate is low, suggesting successful syscalls, and unique_syscalls is high, indicating unusual behavior not typical of benign processes."", ""Benign-explanation test: lifetime_seconds at p99+ and no exec_count suggest a short-lived, singular operation inconsistent with benign admin scripting or health-checks."", ""Decide: the strong evidence of privilege escalation and unusual behavior supports XGBoost's MALICIOUS call over CNN's BENIGN call.""]","[""lifetime_seconds"", ""unique_syscalls"", ""uid_is_root"", ""euid_root"", ""max_uid_euid_delta""]","{""verdict"": ""MALICIOUS"", ""confidence"": 0.92, ""rationale_steps"": [""Privilege state: uid_is_root and euid_root are set, max_uid_euid_delta is extremely high, indicating a significant privilege escalation."", ""Mechanism: uid_changed and auid_euid_mismatch suggest an attempt to manipulate identity, which aligns with T1548 and T1222 techniques."", ""Behavioural anomaly: failed_call_rate is low, suggesting successful syscalls, and unique_syscalls is high, indicating unusual behavior not typical of benign processes."", ""Benign-explanation test: lifetime_seconds at p99+ and no exec_count suggest a short-lived, singular operation inconsistent with benign admin scripting or health-checks."", ""Decide: the strong evidence of privilege escalation and unusual behavior supports XGBoost's MALICIOUS call over CNN's BENIGN call.""], ""key_features"": [""lifetime_seconds"", ""unique_syscalls"", ""uid_is_root"", ""euid_root"", ""max_uid_euid_delta""], ""agrees_with"": ""xgb""}"
11747,2,1,T1548,0,1,0.964673638343811,0.9870211482048036,xgb_benign_cnn_malicious,MALICIOUS,1,0.92,cnn,ok,"[""Privilege state: uid_is_root and euid_root are both set, with max_uid_euid_delta being 0, indicating a direct root transition."", ""Mechanism: unique_syscalls at p99+ suggests an unusual or potentially malicious script execution, and uid_changed indicates a change in user identity which is often associated with privilege escalation."", ""Behavioural anomaly: failed_call_rate at p99+ indicates a high rate of failed syscalls, which can be a sign of a process struggling or attempting to perform unauthorized operations."", ""Benign-explanation test: lifetime_seconds at p99+ and no clear benign explanation like admin scripting or health-check, given the high failed_call_rate and unique_syscalls."", ""Decide: the strong privilege escalation signals (uid_is_root, euid_root, uid_changed) and unusual behaviour (failed_call_rate, unique_syscalls) support the CNN's classification over XGBoost's benign call.""]","[""lifetime_seconds"", ""unique_syscalls"", ""uid_is_root"", ""uid_changed"", ""euid_root""]","{""verdict"": ""MALICIOUS"", ""confidence"": 0.92, ""rationale_steps"": [""Privilege state: uid_is_root and euid_root are both set, with max_uid_euid_delta being 0, indicating a direct root transition."", ""Mechanism: unique_syscalls at p99+ suggests an unusual or potentially malicious script execution, and uid_changed indicates a change in user identity which is often associated with privilege escalation."", ""Behavioural anomaly: failed_call_rate at p99+ indicates a high rate of failed syscalls, which can be a sign of a process struggling or attempting to perform unauthorized operations."", ""Benign-explanation test: lifetime_seconds at p99+ and no clear benign explanation like admin scripting or health-check, given the high failed_call_rate and unique_syscalls."", ""Decide: the strong privilege escalation signals (uid_is_root, euid_root, uid_changed) and unusual behaviour (failed_call_rate, unique_syscalls) support the CNN's classification over XGBoost's benign call.""], ""key_features"": [""lifetime_seconds"", ""unique_syscalls"", ""uid_is_root"", ""uid_changed"", ""euid_root""], ""agrees_with"": ""cnn""}"
11757,4,1,T1222,1,0,0.9651243686676024,0.983751654624939,xgb_malicious_cnn_benign,MALICIOUS,1,0.92,xgb,ok,"[""Privilege state: uid_is_root and euid_root are both set, with max_uid_euid_delta indicating a significant privilege transition."", ""Mechanism: unique_syscalls at p99+ suggests unusual behavior, and uid_changed indicates a change in privilege level during execution."", ""Behavioural anomaly: failed_call_rate is high, indicating potential syscall failures that could be indicative of malicious activity."", ""Benign-explanation test: lifetime_seconds at p99+ and no clear benign explanation like admin scripting or cron jobs, given the short and singular execution."", ""Decide: the strong privilege escalation signals (uid_is_root, euid_root, max_uid_euid_delta) and unusual syscall behavior (unique_syscalls, failed_call_rate) support XGBoost's MALICIOUS call over CNN's BENIGN call.""]","[""lifetime_seconds"", ""unique_syscalls"", ""uid_is_root"", ""uid_changed"", ""euid_root""]","{""verdict"": ""MALICIOUS"", ""confidence"": 0.92, ""rationale_steps"": [""Privilege state: uid_is_root and euid_root are both set, with max_uid_euid_delta indicating a significant privilege transition."", ""Mechanism: unique_syscalls at p99+ suggests unusual behavior, and uid_changed indicates a change in privilege level during execution."", ""Behavioural anomaly: failed_call_rate is high, indicating potential syscall failures that could be indicative of malicious activity."", ""Benign-explanation test: lifetime_seconds at p99+ and no clear benign explanation like admin scripting or cron jobs, given the short and singular execution."", ""Decide: the strong privilege escalation signals (uid_is_root, euid_root, max_uid_euid_delta) and unusual syscall behavior (unique_syscalls, failed_call_rate) support XGBoost's MALICIOUS call over CNN's BENIGN call.""], ""key_features"": [""lifetime_seconds"", ""unique_syscalls"", ""uid_is_root"", ""uid_changed"", ""euid_root""], ""agrees_with"": ""xgb""}"
12357,2,1,T1548,0,1,0.964673638343811,0.9870211482048036,xgb_benign_cnn_malicious,MALICIOUS,1,0.92,cnn,ok,"[""Privilege state: uid_is_root and euid_root are both set, with max_uid_euid_delta being 0, indicating a direct root transition."", ""Mechanism: unique_syscalls at p99+ suggests an unusual or potentially malicious script execution, and uid_changed indicates a change in user identity which is often associated with privilege escalation."", ""Behavioural anomaly: failed_call_rate at p99+ indicates a high rate of failed syscalls, which can be a sign of a process struggling or attempting to perform unauthorized operations."", ""Benign-explanation test: lifetime_seconds at p99+ and no clear benign explanation like admin scripting or health-check, given the high failed_call_rate and unique_syscalls."", ""Decide: the strong privilege escalation signals (uid_is_root, euid_root, uid_changed) and unusual behaviour (failed_call_rate, unique_syscalls) support the CNN's classification over XGBoost's benign call.""]","[""lifetime_seconds"", ""unique_syscalls"", ""uid_is_root"", ""uid_changed"", ""euid_root""]","{""verdict"": ""MALICIOUS"", ""confidence"": 0.92, ""rationale_steps"": [""Privilege state: uid_is_root and euid_root are both set, with max_uid_euid_delta being 0, indicating a direct root transition."", ""Mechanism: unique_syscalls at p99+ suggests an unusual or potentially malicious script execution, and uid_changed indicates a change in user identity which is often associated with privilege escalation."", ""Behavioural anomaly: failed_call_rate at p99+ indicates a high rate of failed syscalls, which can be a sign of a process struggling or attempting to perform unauthorized operations."", ""Benign-explanation test: lifetime_seconds at p99+ and no clear benign explanation like admin scripting or health-check, given the high failed_call_rate and unique_syscalls."", ""Decide: the strong privilege escalation signals (uid_is_root, euid_root, uid_changed) and unusual behaviour (failed_call_rate, unique_syscalls) support the CNN's classification over XGBoost's benign call.""], ""key_features"": [""lifetime_seconds"", ""unique_syscalls"", ""uid_is_root"", ""uid_changed"", ""euid_root""], ""agrees_with"": ""cnn""}"
12372,3,1,T1595,1,0,0.999918818473816,0.8624513745307922,xgb_malicious_cnn_benign,MALICIOUS,1,0.92,xgb,ok,"[""Privilege state: uid_is_root and euid_root are set, max_uid_euid_delta is extremely high, indicating a significant privilege escalation."", ""Mechanism: uid_changed and auid_euid_mismatch suggest an attempt to manipulate identity, which aligns with T1548 and T1222 techniques."", ""Behavioural anomaly: failed_call_rate is low, and unique_syscalls is high, suggesting a crafted process with a specific purpose, not typical benign activity."", ""Benign-explanation test: lifetime_seconds is minimal, and there's no exec_count or shell_from_service, which contradicts typical benign admin scripting."", ""Decide: the strong evidence of privilege escalation and anomalous behaviour supports XGBoost's MALICIOUS call over CNN's BENIGN call.""]","[""lifetime_seconds"", ""unique_syscalls"", ""uid_is_root"", ""euid_root"", ""max_uid_euid_delta""]","{""verdict"": ""MALICIOUS"", ""confidence"": 0.92, ""rationale_steps"": [""Privilege state: uid_is_root and euid_root are set, max_uid_euid_delta is extremely high, indicating a significant privilege escalation."", ""Mechanism: uid_changed and auid_euid_mismatch suggest an attempt to manipulate identity, which aligns with T1548 and T1222 techniques."", ""Behavioural anomaly: failed_call_rate is low, and unique_syscalls is high, suggesting a crafted process with a specific purpose, not typical benign activity."", ""Benign-explanation test: lifetime_seconds is minimal, and there's no exec_count or shell_from_service, which contradicts typical benign admin scripting."", ""Decide: the strong evidence of privilege escalation and anomalous behaviour supports XGBoost's MALICIOUS call over CNN's BENIGN call.""], ""key_features"": [""lifetime_seconds"", ""unique_syscalls"", ""uid_is_root"", ""euid_root"", ""max_uid_euid_delta""], ""agrees_with"": ""xgb""}"
12374,3,1,T1548,1,0,0.999918818473816,0.8624513745307922,xgb_malicious_cnn_benign,MALICIOUS,1,0.92,xgb,ok,"[""Privilege state: uid_is_root and euid_root are set, max_uid_euid_delta is extremely high, indicating a significant privilege escalation."", ""Mechanism: uid_changed and auid_euid_mismatch suggest an attempt to manipulate identity, which aligns with T1548 and T1222 techniques."", ""Behavioural anomaly: failed_call_rate is low, and unique_syscalls is high, suggesting a crafted process with a specific purpose, which is uncommon in benign activity."", ""Benign-explanation test: lifetime_seconds is minimal, and there's no exec_count or shell_from_service, which contradicts typical benign admin activity."", ""Decide: the strong evidence of privilege escalation and anomalous behaviour supports XGBoost's MALICIOUS call over CNN's BENIGN call.""]","[""lifetime_seconds"", ""unique_syscalls"", ""uid_is_root"", ""euid_root"", ""max_uid_euid_delta""]","{""verdict"": ""MALICIOUS"", ""confidence"": 0.92, ""rationale_steps"": [""Privilege state: uid_is_root and euid_root are set, max_uid_euid_delta is extremely high, indicating a significant privilege escalation."", ""Mechanism: uid_changed and auid_euid_mismatch suggest an attempt to manipulate identity, which aligns with T1548 and T1222 techniques."", ""Behavioural anomaly: failed_call_rate is low, and unique_syscalls is high, suggesting a crafted process with a specific purpose, which is uncommon in benign activity."", ""Benign-explanation test: lifetime_seconds is minimal, and there's no exec_count or shell_from_service, which contradicts typical benign admin activity."", ""Decide: the strong evidence of privilege escalation and anomalous behaviour supports XGBoost's MALICIOUS call over CNN's BENIGN call.""], ""key_features"": [""lifetime_seconds"", ""unique_syscalls"", ""uid_is_root"", ""euid_root"", ""max_uid_euid_delta""], ""agrees_with"": ""xgb""}"
13162,2,1,T1548,0,1,0.964673638343811,0.9870211482048036,xgb_benign_cnn_malicious,MALICIOUS,1,0.92,cnn,ok,"[""Privilege state: uid_is_root and euid_root are both set, with max_uid_euid_delta being 0, indicating a direct root transition."", ""Mechanism: unique_syscalls at p99+ suggests an unusual or potentially malicious script execution, and uid_changed indicates a change in user identity which is often associated with privilege escalation."", ""Behavioural anomaly: failed_call_rate at p99+ indicates a high rate of failed syscalls, which can be a sign of a process struggling or attempting to perform unauthorized operations."", ""Benign-explanation test: lifetime_seconds at p99+ and no clear benign explanation like admin scripting or health-check, given the high failed_call_rate and unique_syscalls."", ""Decide: the strong privilege escalation signals (uid_is_root, euid_root, uid_changed) and unusual behaviour (failed_call_rate, unique_syscalls) support the CNN's classification over XGBoost's benign call.""]","[""lifetime_seconds"", ""unique_syscalls"", ""uid_is_root"", ""uid_changed"", ""euid_root""]","{""verdict"": ""MALICIOUS"", ""confidence"": 0.92, ""rationale_steps"": [""Privilege state: uid_is_root and euid_root are both set, with max_uid_euid_delta being 0, indicating a direct root transition."", ""Mechanism: unique_syscalls at p99+ suggests an unusual or potentially malicious script execution, and uid_changed indicates a change in user identity which is often associated with privilege escalation."", ""Behavioural anomaly: failed_call_rate at p99+ indicates a high rate of failed syscalls, which can be a sign of a process struggling or attempting to perform unauthorized operations."", ""Benign-explanation test: lifetime_seconds at p99+ and no clear benign explanation like admin scripting or health-check, given the high failed_call_rate and unique_syscalls."", ""Decide: the strong privilege escalation signals (uid_is_root, euid_root, uid_changed) and unusual behaviour (failed_call_rate, unique_syscalls) support the CNN's classification over XGBoost's benign call.""], ""key_features"": [""lifetime_seconds"", ""unique_syscalls"", ""uid_is_root"", ""uid_changed"", ""euid_root""], ""agrees_with"": ""cnn""}"
13164,3,1,T1548,1,0,0.999918818473816,0.8624439835548401,xgb_malicious_cnn_benign,MALICIOUS,1,0.92,xgb,ok,"[""Privilege state: uid_is_root and euid_root are set, max_uid_euid_delta is extremely high, indicating a significant privilege escalation."", ""Mechanism: uid_changed and auid_euid_mismatch suggest an attempt to manipulate identity, which aligns with T1548 and T1222 techniques."", ""Behavioural anomaly: failed_call_rate is low, suggesting successful syscalls, and unique_syscalls is high, indicating unusual behavior not typical of benign processes."", ""Benign-explanation test: lifetime_seconds at p99+ and no exec_count suggest a short-lived, singular operation inconsistent with benign admin scripting or health-checks."", ""Decide: the strong evidence of privilege escalation and unusual behavior supports XGBoost's MALICIOUS call over CNN's BENIGN call.""]","[""lifetime_seconds"", ""unique_syscalls"", ""uid_is_root"", ""euid_root"", ""max_uid_euid_delta""]","{""verdict"": ""MALICIOUS"", ""confidence"": 0.92, ""rationale_steps"": [""Privilege state: uid_is_root and euid_root are set, max_uid_euid_delta is extremely high, indicating a significant privilege escalation."", ""Mechanism: uid_changed and auid_euid_mismatch suggest an attempt to manipulate identity, which aligns with T1548 and T1222 techniques."", ""Behavioural anomaly: failed_call_rate is low, suggesting successful syscalls, and unique_syscalls is high, indicating unusual behavior not typical of benign processes."", ""Benign-explanation test: lifetime_seconds at p99+ and no exec_count suggest a short-lived, singular operation inconsistent with benign admin scripting or health-checks."", ""Decide: the strong evidence of privilege escalation and unusual behavior supports XGBoost's MALICIOUS call over CNN's BENIGN call.""], ""key_features"": [""lifetime_seconds"", ""unique_syscalls"", ""uid_is_root"", ""euid_root"", ""max_uid_euid_delta""], ""agrees_with"": ""xgb""}"
13181,2,1,T1548,0,1,0.964673638343811,0.9870211482048036,xgb_benign_cnn_malicious,MALICIOUS,1,0.92,cnn,ok,"[""Privilege state: uid_is_root and euid_root are both set, with max_uid_euid_delta being 0, indicating a direct root transition."", ""Mechanism: unique_syscalls at p99+ suggests an unusual or potentially malicious script execution, and uid_changed indicates a change in user identity which is often associated with privilege escalation."", ""Behavioural anomaly: failed_call_rate at p99+ indicates a high rate of failed syscalls, which can be a sign of a process struggling or attempting to perform unauthorized operations."", ""Benign-explanation test: lifetime_seconds at p99+ and no clear benign explanation like admin scripting or health-check, given the high failed_call_rate and unique_syscalls."", ""Decide: the strong privilege escalation signals (uid_is_root, euid_root, uid_changed) and unusual behaviour (failed_call_rate, unique_syscalls) support the CNN's classification over XGBoost's benign call.""]","[""lifetime_seconds"", ""unique_syscalls"", ""uid_is_root"", ""uid_changed"", ""euid_root""]","{""verdict"": ""MALICIOUS"", ""confidence"": 0.92, ""rationale_steps"": [""Privilege state: uid_is_root and euid_root are both set, with max_uid_euid_delta being 0, indicating a direct root transition."", ""Mechanism: unique_syscalls at p99+ suggests an unusual or potentially malicious script execution, and uid_changed indicates a change in user identity which is often associated with privilege escalation."", ""Behavioural anomaly: failed_call_rate at p99+ indicates a high rate of failed syscalls, which can be a sign of a process struggling or attempting to perform unauthorized operations."", ""Benign-explanation test: lifetime_seconds at p99+ and no clear benign explanation like admin scripting or health-check, given the high failed_call_rate and unique_syscalls."", ""Decide: the strong privilege escalation signals (uid_is_root, euid_root, uid_changed) and unusual behaviour (failed_call_rate, unique_syscalls) support the CNN's classification over XGBoost's benign call.""], ""key_features"": [""lifetime_seconds"", ""unique_syscalls"", ""uid_is_root"", ""uid_changed"", ""euid_root""], ""agrees_with"": ""cnn""}"
13877,2,1,T1548,0,1,0.964673638343811,0.9870211482048036,xgb_benign_cnn_malicious,MALICIOUS,1,0.92,cnn,ok,"[""Privilege state: uid_is_root and euid_root are both set, with max_uid_euid_delta being 0, indicating a direct root transition."", ""Mechanism: unique_syscalls at p99+ suggests an unusual or potentially malicious script execution, and uid_changed indicates a change in user identity which is often associated with privilege escalation."", ""Behavioural anomaly: failed_call_rate at p99+ indicates a high rate of failed syscalls, which can be a sign of a process struggling or attempting to perform unauthorized operations."", ""Benign-explanation test: lifetime_seconds at p99+ and no clear benign explanation like admin scripting or health-check, given the high failed_call_rate and unique_syscalls."", ""Decide: the strong privilege escalation signals (uid_is_root, euid_root, uid_changed) and unusual behaviour (failed_call_rate, unique_syscalls) support the CNN's classification over XGBoost's benign call.""]","[""lifetime_seconds"", ""unique_syscalls"", ""uid_is_root"", ""uid_changed"", ""euid_root""]","{""verdict"": ""MALICIOUS"", ""confidence"": 0.92, ""rationale_steps"": [""Privilege state: uid_is_root and euid_root are both set, with max_uid_euid_delta being 0, indicating a direct root transition."", ""Mechanism: unique_syscalls at p99+ suggests an unusual or potentially malicious script execution, and uid_changed indicates a change in user identity which is often associated with privilege escalation."", ""Behavioural anomaly: failed_call_rate at p99+ indicates a high rate of failed syscalls, which can be a sign of a process struggling or attempting to perform unauthorized operations."", ""Benign-explanation test: lifetime_seconds at p99+ and no clear benign explanation like admin scripting or health-check, given the high failed_call_rate and unique_syscalls."", ""Decide: the strong privilege escalation signals (uid_is_root, euid_root, uid_changed) and unusual behaviour (failed_call_rate, unique_syscalls) support the CNN's classification over XGBoost's benign call.""], ""key_features"": [""lifetime_seconds"", ""unique_syscalls"", ""uid_is_root"", ""uid_changed"", ""euid_root""], ""agrees_with"": ""cnn""}"
13922,3,1,T1548,1,0,0.999918818473816,0.8624439835548401,xgb_malicious_cnn_benign,MALICIOUS,1,0.92,xgb,ok,"[""Privilege state: uid_is_root and euid_root are set, max_uid_euid_delta is extremely high, indicating a significant privilege escalation."", ""Mechanism: uid_changed and auid_euid_mismatch suggest an attempt to manipulate identity, which aligns with T1548 and T1222 techniques."", ""Behavioural anomaly: failed_call_rate is low, suggesting successful syscalls, and unique_syscalls is high, indicating unusual behavior not typical of benign processes."", ""Benign-explanation test: lifetime_seconds at p99+ and no exec_count suggest a short-lived, singular operation inconsistent with benign admin scripting or health-checks."", ""Decide: the strong evidence of privilege escalation and unusual behavior supports XGBoost's MALICIOUS call over CNN's BENIGN call.""]","[""lifetime_seconds"", ""unique_syscalls"", ""uid_is_root"", ""euid_root"", ""max_uid_euid_delta""]","{""verdict"": ""MALICIOUS"", ""confidence"": 0.92, ""rationale_steps"": [""Privilege state: uid_is_root and euid_root are set, max_uid_euid_delta is extremely high, indicating a significant privilege escalation."", ""Mechanism: uid_changed and auid_euid_mismatch suggest an attempt to manipulate identity, which aligns with T1548 and T1222 techniques."", ""Behavioural anomaly: failed_call_rate is low, suggesting successful syscalls, and unique_syscalls is high, indicating unusual behavior not typical of benign processes."", ""Benign-explanation test: lifetime_seconds at p99+ and no exec_count suggest a short-lived, singular operation inconsistent with benign admin scripting or health-checks."", ""Decide: the strong evidence of privilege escalation and unusual behavior supports XGBoost's MALICIOUS call over CNN's BENIGN call.""], ""key_features"": [""lifetime_seconds"", ""unique_syscalls"", ""uid_is_root"", ""euid_root"", ""max_uid_euid_delta""], ""agrees_with"": ""xgb""}"
13929,2,1,T1548,0,1,0.964673638343811,0.9870211482048036,xgb_benign_cnn_malicious,MALICIOUS,1,0.92,cnn,ok,"[""Privilege state: uid_is_root and euid_root are both set, with max_uid_euid_delta being 0, indicating a direct root transition."", ""Mechanism: unique_syscalls at p99+ suggests an unusual or potentially malicious script execution, and uid_changed indicates a change in user identity which is often associated with privilege escalation."", ""Behavioural anomaly: failed_call_rate at p99+ indicates a high rate of failed syscalls, which can be a sign of a process struggling or attempting to perform unauthorized operations."", ""Benign-explanation test: lifetime_seconds at p99+ and no clear benign explanation like admin scripting or health-check, given the high failed_call_rate and unique_syscalls."", ""Decide: the strong privilege escalation signals (uid_is_root, euid_root, uid_changed) and unusual behaviour (failed_call_rate, unique_syscalls) support the CNN's classification over XGBoost's benign call.""]","[""lifetime_seconds"", ""unique_syscalls"", ""uid_is_root"", ""uid_changed"", ""euid_root""]","{""verdict"": ""MALICIOUS"", ""confidence"": 0.92, ""rationale_steps"": [""Privilege state: uid_is_root and euid_root are both set, with max_uid_euid_delta being 0, indicating a direct root transition."", ""Mechanism: unique_syscalls at p99+ suggests an unusual or potentially malicious script execution, and uid_changed indicates a change in user identity which is often associated with privilege escalation."", ""Behavioural anomaly: failed_call_rate at p99+ indicates a high rate of failed syscalls, which can be a sign of a process struggling or attempting to perform unauthorized operations."", ""Benign-explanation test: lifetime_seconds at p99+ and no clear benign explanation like admin scripting or health-check, given the high failed_call_rate and unique_syscalls."", ""Decide: the strong privilege escalation signals (uid_is_root, euid_root, uid_changed) and unusual behaviour (failed_call_rate, unique_syscalls) support the CNN's classification over XGBoost's benign call.""], ""key_features"": [""lifetime_seconds"", ""unique_syscalls"", ""uid_is_root"", ""uid_changed"", ""euid_root""], ""agrees_with"": ""cnn""}"
13989,2,1,T1548,0,1,0.964673638343811,0.9870211482048036,xgb_benign_cnn_malicious,MALICIOUS,1,0.92,cnn,ok,"[""Privilege state: uid_is_root and euid_root are both set, with max_uid_euid_delta being 0, indicating a direct root transition."", ""Mechanism: unique_syscalls at p99+ suggests an unusual or potentially malicious script execution, and uid_changed indicates a change in user identity which is often associated with privilege escalation."", ""Behavioural anomaly: failed_call_rate at p99+ indicates a high rate of failed syscalls, which can be a sign of a process struggling or attempting to perform unauthorized operations."", ""Benign-explanation test: lifetime_seconds at p99+ and no clear benign explanation like admin scripting or health-check, given the high failed_call_rate and unique_syscalls."", ""Decide: the strong privilege escalation signals (uid_is_root, euid_root, uid_changed) and unusual behaviour (failed_call_rate, unique_syscalls) support the CNN's classification over XGBoost's benign call.""]","[""lifetime_seconds"", ""unique_syscalls"", ""uid_is_root"", ""uid_changed"", ""euid_root""]","{""verdict"": ""MALICIOUS"", ""confidence"": 0.92, ""rationale_steps"": [""Privilege state: uid_is_root and euid_root are both set, with max_uid_euid_delta being 0, indicating a direct root transition."", ""Mechanism: unique_syscalls at p99+ suggests an unusual or potentially malicious script execution, and uid_changed indicates a change in user identity which is often associated with privilege escalation."", ""Behavioural anomaly: failed_call_rate at p99+ indicates a high rate of failed syscalls, which can be a sign of a process struggling or attempting to perform unauthorized operations."", ""Benign-explanation test: lifetime_seconds at p99+ and no clear benign explanation like admin scripting or health-check, given the high failed_call_rate and unique_syscalls."", ""Decide: the strong privilege escalation signals (uid_is_root, euid_root, uid_changed) and unusual behaviour (failed_call_rate, unique_syscalls) support the CNN's classification over XGBoost's benign call.""], ""key_features"": [""lifetime_seconds"", ""unique_syscalls"", ""uid_is_root"", ""uid_changed"", ""euid_root""], ""agrees_with"": ""cnn""}"
15367,2,1,T1548,0,1,0.964673638343811,0.9870211482048036,xgb_benign_cnn_malicious,MALICIOUS,1,0.92,cnn,ok,"[""Privilege state: uid_is_root and euid_root are both set, with max_uid_euid_delta being 0, indicating a direct root transition."", ""Mechanism: unique_syscalls at p99+ suggests an unusual or potentially malicious script execution, and uid_changed indicates a change in user identity which is often associated with privilege escalation."", ""Behavioural anomaly: failed_call_rate at p99+ indicates a high rate of failed syscalls, which can be a sign of a process struggling or attempting to perform unauthorized operations."", ""Benign-explanation test: lifetime_seconds at p99+ and no clear benign explanation like admin scripting or health-check, given the high failed_call_rate and unique_syscalls."", ""Decide: the strong privilege escalation signals (uid_is_root, euid_root, uid_changed) and unusual behaviour (failed_call_rate, unique_syscalls) support the CNN's classification over XGBoost's benign call.""]","[""lifetime_seconds"", ""unique_syscalls"", ""uid_is_root"", ""uid_changed"", ""euid_root""]","{""verdict"": ""MALICIOUS"", ""confidence"": 0.92, ""rationale_steps"": [""Privilege state: uid_is_root and euid_root are both set, with max_uid_euid_delta being 0, indicating a direct root transition."", ""Mechanism: unique_syscalls at p99+ suggests an unusual or potentially malicious script execution, and uid_changed indicates a change in user identity which is often associated with privilege escalation."", ""Behavioural anomaly: failed_call_rate at p99+ indicates a high rate of failed syscalls, which can be a sign of a process struggling or attempting to perform unauthorized operations."", ""Benign-explanation test: lifetime_seconds at p99+ and no clear benign explanation like admin scripting or health-check, given the high failed_call_rate and unique_syscalls."", ""Decide: the strong privilege escalation signals (uid_is_root, euid_root, uid_changed) and unusual behaviour (failed_call_rate, unique_syscalls) support the CNN's classification over XGBoost's benign call.""], ""key_features"": [""lifetime_seconds"", ""unique_syscalls"", ""uid_is_root"", ""uid_changed"", ""euid_root""], ""agrees_with"": ""cnn""}"
15370,3,1,T1548,1,0,0.999918818473816,0.8624439835548401,xgb_malicious_cnn_benign,MALICIOUS,1,0.92,xgb,ok,"[""Privilege state: uid_is_root and euid_root are set, max_uid_euid_delta is extremely high, indicating a significant privilege escalation."", ""Mechanism: uid_changed and auid_euid_mismatch suggest an attempt to manipulate identity, which aligns with T1548 and T1222 techniques."", ""Behavioural anomaly: failed_call_rate is low, suggesting successful syscalls, and unique_syscalls is high, indicating unusual behavior not typical of benign processes."", ""Benign-explanation test: lifetime_seconds at p99+ and no exec_count suggest a short-lived, singular operation inconsistent with benign admin scripting or health-checks."", ""Decide: the strong evidence of privilege escalation and unusual behavior supports XGBoost's MALICIOUS call over CNN's BENIGN call.""]","[""lifetime_seconds"", ""unique_syscalls"", ""uid_is_root"", ""euid_root"", ""max_uid_euid_delta""]","{""verdict"": ""MALICIOUS"", ""confidence"": 0.92, ""rationale_steps"": [""Privilege state: uid_is_root and euid_root are set, max_uid_euid_delta is extremely high, indicating a significant privilege escalation."", ""Mechanism: uid_changed and auid_euid_mismatch suggest an attempt to manipulate identity, which aligns with T1548 and T1222 techniques."", ""Behavioural anomaly: failed_call_rate is low, suggesting successful syscalls, and unique_syscalls is high, indicating unusual behavior not typical of benign processes."", ""Benign-explanation test: lifetime_seconds at p99+ and no exec_count suggest a short-lived, singular operation inconsistent with benign admin scripting or health-checks."", ""Decide: the strong evidence of privilege escalation and unusual behavior supports XGBoost's MALICIOUS call over CNN's BENIGN call.""], ""key_features"": [""lifetime_seconds"", ""unique_syscalls"", ""uid_is_root"", ""euid_root"", ""max_uid_euid_delta""], ""agrees_with"": ""xgb""}"
15434,2,1,T1595,0,1,0.001278604613617,0.999983251094818,xgb_benign_cnn_malicious,MALICIOUS,1,0.92,cnn,ok,"[""Privilege state: uid_is_root and euid_root are both set, with max_uid_euid_delta indicating a significant privilege transition."", ""Mechanism: unique_syscalls at p99+ suggests unusual behavior, and uid_changed indicates a change in privilege level during execution."", ""Behavioural anomaly: failed_call_rate is high, indicating potential syscall failures that could be indicative of malicious activity."", ""Benign-explanation test: lifetime_seconds at p99+ and no clear benign explanation like admin scripting or cron jobs, given the short and singular execution."", ""Decide: the strong privilege escalation signals (uid_is_root, euid_root, max_uid_euid_delta) and unusual syscall behavior (unique_syscalls, failed_call_rate) support the CNN's MALICIOUS classification over XGBoost's BENIGN call.""]","[""lifetime_seconds"", ""unique_syscalls"", ""uid_is_root"", ""uid_changed"", ""euid_root""]","{""verdict"": ""MALICIOUS"", ""confidence"": 0.92, ""rationale_steps"": [""Privilege state: uid_is_root and euid_root are both set, with max_uid_euid_delta indicating a significant privilege transition."", ""Mechanism: unique_syscalls at p99+ suggests unusual behavior, and uid_changed indicates a change in privilege level during execution."", ""Behavioural anomaly: failed_call_rate is high, indicating potential syscall failures that could be indicative of malicious activity."", ""Benign-explanation test: lifetime_seconds at p99+ and no clear benign explanation like admin scripting or cron jobs, given the short and singular execution."", ""Decide: the strong privilege escalation signals (uid_is_root, euid_root, max_uid_euid_delta) and unusual syscall behavior (unique_syscalls, failed_call_rate) support the CNN's MALICIOUS classification over XGBoost's BENIGN call.""], ""key_features"": [""lifetime_seconds"", ""unique_syscalls"", ""uid_is_root"", ""uid_changed"", ""euid_root""], ""agrees_with"": ""cnn""}"
16070,2,1,T1548,0,1,0.97784423828125,0.9784812331199646,xgb_benign_cnn_malicious,MALICIOUS,1,0.92,cnn,ok,"[""Privilege state: uid_is_root and euid_root are set, with max_uid_euid_delta low, suggesting a direct root context."", ""Mechanism: unique_syscalls=1 and events_per_second high indicate a potentially scripted or automated activity, which could be malicious."", ""Behavioural anomaly: lifetime_seconds at p99+ and high syscall throughput suggest a short-lived, intense activity, which is unusual for benign processes."", ""Benign-explanation test: the absence of auid_euid_mismatch and shell_from_service makes it less likely this is a benign admin script or service."", ""Decide: the strong privilege indicators and unusual behavioural features support the CNN's classification over XGBoost's high malicious probability.""]","[""uid_is_root"", ""euid_root"", ""unique_syscalls"", ""events_per_second"", ""lifetime_seconds""]","{""verdict"": ""MALICIOUS"", ""confidence"": 0.92, ""rationale_steps"": [""Privilege state: uid_is_root and euid_root are set, with max_uid_euid_delta low, suggesting a direct root context."", ""Mechanism: unique_syscalls=1 and events_per_second high indicate a potentially scripted or automated activity, which could be malicious."", ""Behavioural anomaly: lifetime_seconds at p99+ and high syscall throughput suggest a short-lived, intense activity, which is unusual for benign processes."", ""Benign-explanation test: the absence of auid_euid_mismatch and shell_from_service makes it less likely this is a benign admin script or service."", ""Decide: the strong privilege indicators and unusual behavioural features support the CNN's classification over XGBoost's high malicious probability.""], ""key_features"": [""uid_is_root"", ""euid_root"", ""unique_syscalls"", ""events_per_second"", ""lifetime_seconds""], ""agrees_with"": ""cnn""}"
16133,3,1,T1548,1,0,0.999918818473816,0.8624439835548401,xgb_malicious_cnn_benign,MALICIOUS,1,0.92,xgb,ok,"[""Privilege state: uid_is_root and euid_root are set, max_uid_euid_delta is extremely high, indicating a significant privilege escalation."", ""Mechanism: uid_changed and auid_euid_mismatch suggest an attempt to manipulate identity, which aligns with T1548 and T1222 techniques."", ""Behavioural anomaly: failed_call_rate is low, suggesting successful syscalls, and unique_syscalls is high, indicating unusual behavior not typical of benign processes."", ""Benign-explanation test: lifetime_seconds at p99+ and no exec_count suggest a short-lived, singular operation inconsistent with benign admin scripting or health-checks."", ""Decide: the strong evidence of privilege escalation and unusual behavior supports XGBoost's MALICIOUS call over CNN's BENIGN call.""]","[""lifetime_seconds"", ""unique_syscalls"", ""uid_is_root"", ""euid_root"", ""max_uid_euid_delta""]","{""verdict"": ""MALICIOUS"", ""confidence"": 0.92, ""rationale_steps"": [""Privilege state: uid_is_root and euid_root are set, max_uid_euid_delta is extremely high, indicating a significant privilege escalation."", ""Mechanism: uid_changed and auid_euid_mismatch suggest an attempt to manipulate identity, which aligns with T1548 and T1222 techniques."", ""Behavioural anomaly: failed_call_rate is low, suggesting successful syscalls, and unique_syscalls is high, indicating unusual behavior not typical of benign processes."", ""Benign-explanation test: lifetime_seconds at p99+ and no exec_count suggest a short-lived, singular operation inconsistent with benign admin scripting or health-checks."", ""Decide: the strong evidence of privilege escalation and unusual behavior supports XGBoost's MALICIOUS call over CNN's BENIGN call.""], ""key_features"": [""lifetime_seconds"", ""unique_syscalls"", ""uid_is_root"", ""euid_root"", ""max_uid_euid_delta""], ""agrees_with"": ""xgb""}"
16152,2,1,T1548,0,1,0.964673638343811,0.9870211482048036,xgb_benign_cnn_malicious,MALICIOUS,1,0.92,cnn,ok,"[""Privilege state: uid_is_root and euid_root are both set, with max_uid_euid_delta being 0, indicating a direct root transition."", ""Mechanism: unique_syscalls at p99+ suggests an unusual or potentially malicious script execution, and uid_changed indicates a change in user identity which is often associated with privilege escalation."", ""Behavioural anomaly: failed_call_rate at p99+ indicates a high rate of failed syscalls, which can be a sign of a process struggling or attempting to perform unauthorized operations."", ""Benign-explanation test: lifetime_seconds at p99+ and no clear benign explanation like admin scripting or health-check, given the high failed_call_rate and unique_syscalls."", ""Decide: the strong privilege escalation signals (uid_is_root, euid_root, uid_changed) and unusual behaviour (failed_call_rate, unique_syscalls) support the CNN's classification over XGBoost's benign call.""]","[""lifetime_seconds"", ""unique_syscalls"", ""uid_is_root"", ""uid_changed"", ""euid_root""]","{""verdict"": ""MALICIOUS"", ""confidence"": 0.92, ""rationale_steps"": [""Privilege state: uid_is_root and euid_root are both set, with max_uid_euid_delta being 0, indicating a direct root transition."", ""Mechanism: unique_syscalls at p99+ suggests an unusual or potentially malicious script execution, and uid_changed indicates a change in user identity which is often associated with privilege escalation."", ""Behavioural anomaly: failed_call_rate at p99+ indicates a high rate of failed syscalls, which can be a sign of a process struggling or attempting to perform unauthorized operations."", ""Benign-explanation test: lifetime_seconds at p99+ and no clear benign explanation like admin scripting or health-check, given the high failed_call_rate and unique_syscalls."", ""Decide: the strong privilege escalation signals (uid_is_root, euid_root, uid_changed) and unusual behaviour (failed_call_rate, unique_syscalls) support the CNN's classification over XGBoost's benign call.""], ""key_features"": [""lifetime_seconds"", ""unique_syscalls"", ""uid_is_root"", ""uid_changed"", ""euid_root""], ""agrees_with"": ""cnn""}"
17551,3,1,T1548,1,0,0.999918818473816,0.8624439835548401,xgb_malicious_cnn_benign,MALICIOUS,1,0.92,xgb,ok,"[""Privilege state: uid_is_root and euid_root are set, max_uid_euid_delta is extremely high, indicating a significant privilege escalation."", ""Mechanism: uid_changed and auid_euid_mismatch suggest an attempt to manipulate identity, which aligns with T1548 and T1222 techniques."", ""Behavioural anomaly: failed_call_rate is low, suggesting successful syscalls, and unique_syscalls is high, indicating unusual behavior not typical of benign processes."", ""Benign-explanation test: lifetime_seconds at p99+ and no exec_count suggest a short-lived, singular operation inconsistent with benign admin scripting or health-checks."", ""Decide: the strong evidence of privilege escalation and unusual behavior supports XGBoost's MALICIOUS call over CNN's BENIGN call.""]","[""lifetime_seconds"", ""unique_syscalls"", ""uid_is_root"", ""euid_root"", ""max_uid_euid_delta""]","{""verdict"": ""MALICIOUS"", ""confidence"": 0.92, ""rationale_steps"": [""Privilege state: uid_is_root and euid_root are set, max_uid_euid_delta is extremely high, indicating a significant privilege escalation."", ""Mechanism: uid_changed and auid_euid_mismatch suggest an attempt to manipulate identity, which aligns with T1548 and T1222 techniques."", ""Behavioural anomaly: failed_call_rate is low, suggesting successful syscalls, and unique_syscalls is high, indicating unusual behavior not typical of benign processes."", ""Benign-explanation test: lifetime_seconds at p99+ and no exec_count suggest a short-lived, singular operation inconsistent with benign admin scripting or health-checks."", ""Decide: the strong evidence of privilege escalation and unusual behavior supports XGBoost's MALICIOUS call over CNN's BENIGN call.""], ""key_features"": [""lifetime_seconds"", ""unique_syscalls"", ""uid_is_root"", ""euid_root"", ""max_uid_euid_delta""], ""agrees_with"": ""xgb""}"
18319,3,1,T1548,1,0,0.999918818473816,0.8624439835548401,xgb_malicious_cnn_benign,MALICIOUS,1,0.92,xgb,ok,"[""Privilege state: uid_is_root and euid_root are set, max_uid_euid_delta is extremely high, indicating a significant privilege escalation."", ""Mechanism: uid_changed and auid_euid_mismatch suggest an attempt to manipulate identity, which aligns with T1548 and T1222 techniques."", ""Behavioural anomaly: failed_call_rate is low, and unique_syscalls is high, suggesting a crafted process with a specific purpose, which is uncommon in benign activity."", ""Benign-explanation test: lifetime_seconds is minimal, and there's no exec_count or shell_from_service, which contradicts typical benign admin activity."", ""Decide: the strong evidence of privilege escalation and anomalous behaviour supports XGBoost's MALICIOUS call over CNN's BENIGN call.""]","[""lifetime_seconds"", ""unique_syscalls"", ""uid_is_root"", ""euid_root"", ""max_uid_euid_delta""]","{""verdict"": ""MALICIOUS"", ""confidence"": 0.92, ""rationale_steps"": [""Privilege state: uid_is_root and euid_root are set, max_uid_euid_delta is extremely high, indicating a significant privilege escalation."", ""Mechanism: uid_changed and auid_euid_mismatch suggest an attempt to manipulate identity, which aligns with T1548 and T1222 techniques."", ""Behavioural anomaly: failed_call_rate is low, and unique_syscalls is high, suggesting a crafted process with a specific purpose, which is uncommon in benign activity."", ""Benign-explanation test: lifetime_seconds is minimal, and there's no exec_count or shell_from_service, which contradicts typical benign admin activity."", ""Decide: the strong evidence of privilege escalation and anomalous behaviour supports XGBoost's MALICIOUS call over CNN's BENIGN call.""], ""key_features"": [""lifetime_seconds"", ""unique_syscalls"", ""uid_is_root"", ""euid_root"", ""max_uid_euid_delta""], ""agrees_with"": ""xgb""}"
19024,2,1,T1548,0,1,0.964673638343811,0.9870211482048036,xgb_benign_cnn_malicious,MALICIOUS,1,0.92,cnn,ok,"[""Privilege state: uid_is_root and euid_root are both set, with max_uid_euid_delta being 0, indicating a direct root transition."", ""Mechanism: unique_syscalls at p99+ suggests an unusual or potentially malicious script execution, and uid_changed indicates a change in user identity which is often associated with privilege escalation."", ""Behavioural anomaly: failed_call_rate at p99+ indicates a high rate of failed syscalls, which can be a sign of a process struggling or attempting to perform unauthorized operations."", ""Benign-explanation test: lifetime_seconds at p99+ and no clear benign explanation like admin scripting or health-check, given the high failed_call_rate and unique_syscalls."", ""Decide: the strong privilege escalation signals (uid_is_root, euid_root, uid_changed) and unusual behaviour (failed_call_rate, unique_syscalls) support the CNN's classification over XGBoost's benign call.""]","[""lifetime_seconds"", ""unique_syscalls"", ""uid_is_root"", ""uid_changed"", ""euid_root""]","{""verdict"": ""MALICIOUS"", ""confidence"": 0.92, ""rationale_steps"": [""Privilege state: uid_is_root and euid_root are both set, with max_uid_euid_delta being 0, indicating a direct root transition."", ""Mechanism: unique_syscalls at p99+ suggests an unusual or potentially malicious script execution, and uid_changed indicates a change in user identity which is often associated with privilege escalation."", ""Behavioural anomaly: failed_call_rate at p99+ indicates a high rate of failed syscalls, which can be a sign of a process struggling or attempting to perform unauthorized operations."", ""Benign-explanation test: lifetime_seconds at p99+ and no clear benign explanation like admin scripting or health-check, given the high failed_call_rate and unique_syscalls."", ""Decide: the strong privilege escalation signals (uid_is_root, euid_root, uid_changed) and unusual behaviour (failed_call_rate, unique_syscalls) support the CNN's classification over XGBoost's benign call.""], ""key_features"": [""lifetime_seconds"", ""unique_syscalls"", ""uid_is_root"", ""uid_changed"", ""euid_root""], ""agrees_with"": ""cnn""}"
19639,2,1,T1548,0,1,0.964673638343811,0.9870211482048036,xgb_benign_cnn_malicious,MALICIOUS,1,0.92,cnn,ok,"[""Privilege state: uid_is_root and euid_root are both set, with max_uid_euid_delta being 0, indicating a direct root transition."", ""Mechanism: unique_syscalls at p99+ suggests an unusual or potentially malicious script execution, and uid_changed indicates a change in user identity which is often associated with privilege escalation."", ""Behavioural anomaly: failed_call_rate at p99+ indicates a high rate of failed syscalls, which can be a sign of a process struggling or attempting to perform unauthorized operations."", ""Benign-explanation test: lifetime_seconds at p99+ and no clear benign explanation like admin scripting or health-check, given the high failed_call_rate and unique_syscalls."", ""Decide: the strong privilege escalation signals (uid_is_root, euid_root, uid_changed) and unusual behaviour (failed_call_rate, unique_syscalls) support the CNN's classification over XGBoost's benign call.""]","[""lifetime_seconds"", ""unique_syscalls"", ""uid_is_root"", ""uid_changed"", ""euid_root""]","{""verdict"": ""MALICIOUS"", ""confidence"": 0.92, ""rationale_steps"": [""Privilege state: uid_is_root and euid_root are both set, with max_uid_euid_delta being 0, indicating a direct root transition."", ""Mechanism: unique_syscalls at p99+ suggests an unusual or potentially malicious script execution, and uid_changed indicates a change in user identity which is often associated with privilege escalation."", ""Behavioural anomaly: failed_call_rate at p99+ indicates a high rate of failed syscalls, which can be a sign of a process struggling or attempting to perform unauthorized operations."", ""Benign-explanation test: lifetime_seconds at p99+ and no clear benign explanation like admin scripting or health-check, given the high failed_call_rate and unique_syscalls."", ""Decide: the strong privilege escalation signals (uid_is_root, euid_root, uid_changed) and unusual behaviour (failed_call_rate, unique_syscalls) support the CNN's classification over XGBoost's benign call.""], ""key_features"": [""lifetime_seconds"", ""unique_syscalls"", ""uid_is_root"", ""uid_changed"", ""euid_root""], ""agrees_with"": ""cnn""}"
19646,3,1,T1548,1,0,0.999918818473816,0.8624439835548401,xgb_malicious_cnn_benign,MALICIOUS,1,0.92,xgb,ok,"[""Privilege state: uid_is_root and euid_root are set, max_uid_euid_delta is extremely high, indicating a significant privilege escalation."", ""Mechanism: uid_changed and auid_euid_mismatch suggest an attempt to manipulate identity, which aligns with T1548 and T1222 techniques."", ""Behavioural anomaly: failed_call_rate is low, suggesting successful syscalls, and unique_syscalls is high, indicating unusual behavior not typical of benign processes."", ""Benign-explanation test: lifetime_seconds at p99+ and no exec_count suggest a short-lived, singular operation inconsistent with benign admin scripting or health-checks."", ""Decide: the strong evidence of privilege escalation and unusual behavior supports XGBoost's MALICIOUS call over CNN's BENIGN call.""]","[""lifetime_seconds"", ""unique_syscalls"", ""uid_is_root"", ""euid_root"", ""max_uid_euid_delta""]","{""verdict"": ""MALICIOUS"", ""confidence"": 0.92, ""rationale_steps"": [""Privilege state: uid_is_root and euid_root are set, max_uid_euid_delta is extremely high, indicating a significant privilege escalation."", ""Mechanism: uid_changed and auid_euid_mismatch suggest an attempt to manipulate identity, which aligns with T1548 and T1222 techniques."", ""Behavioural anomaly: failed_call_rate is low, suggesting successful syscalls, and unique_syscalls is high, indicating unusual behavior not typical of benign processes."", ""Benign-explanation test: lifetime_seconds at p99+ and no exec_count suggest a short-lived, singular operation inconsistent with benign admin scripting or health-checks."", ""Decide: the strong evidence of privilege escalation and unusual behavior supports XGBoost's MALICIOUS call over CNN's BENIGN call.""], ""key_features"": [""lifetime_seconds"", ""unique_syscalls"", ""uid_is_root"", ""euid_root"", ""max_uid_euid_delta""], ""agrees_with"": ""xgb""}"
20396,2,1,T1548,0,1,0.964673638343811,0.9870211482048036,xgb_benign_cnn_malicious,MALICIOUS,1,0.92,cnn,ok,"[""Privilege state: uid_is_root and euid_root are both set, with max_uid_euid_delta being 0, indicating a direct root transition."", ""Mechanism: unique_syscalls at p99+ suggests an unusual or potentially malicious script execution, and uid_changed indicates a change in user identity which is often associated with privilege escalation."", ""Behavioural anomaly: failed_call_rate at p99+ indicates a high rate of failed syscalls, which can be a sign of a process struggling or attempting to perform unauthorized operations."", ""Benign-explanation test: lifetime_seconds at p99+ and no clear benign explanation like admin scripting or health-check, given the high failed_call_rate and unique_syscalls."", ""Decide: the strong privilege escalation signals (uid_is_root, euid_root, uid_changed) and unusual behaviour (failed_call_rate, unique_syscalls) support the CNN's classification over XGBoost's benign call.""]","[""lifetime_seconds"", ""unique_syscalls"", ""uid_is_root"", ""uid_changed"", ""euid_root""]","{""verdict"": ""MALICIOUS"", ""confidence"": 0.92, ""rationale_steps"": [""Privilege state: uid_is_root and euid_root are both set, with max_uid_euid_delta being 0, indicating a direct root transition."", ""Mechanism: unique_syscalls at p99+ suggests an unusual or potentially malicious script execution, and uid_changed indicates a change in user identity which is often associated with privilege escalation."", ""Behavioural anomaly: failed_call_rate at p99+ indicates a high rate of failed syscalls, which can be a sign of a process struggling or attempting to perform unauthorized operations."", ""Benign-explanation test: lifetime_seconds at p99+ and no clear benign explanation like admin scripting or health-check, given the high failed_call_rate and unique_syscalls."", ""Decide: the strong privilege escalation signals (uid_is_root, euid_root, uid_changed) and unusual behaviour (failed_call_rate, unique_syscalls) support the CNN's classification over XGBoost's benign call.""], ""key_features"": [""lifetime_seconds"", ""unique_syscalls"", ""uid_is_root"", ""uid_changed"", ""euid_root""], ""agrees_with"": ""cnn""}"
20434,3,1,T1548,1,0,0.999918818473816,0.8624439835548401,xgb_malicious_cnn_benign,MALICIOUS,1,0.92,xgb,ok,"[""Privilege state: uid_is_root and euid_root are set, max_uid_euid_delta is extremely high, indicating a significant privilege escalation."", ""Mechanism: uid_changed and auid_euid_mismatch suggest an attempt to manipulate identity, which aligns with T1548 and T1222 techniques."", ""Behavioural anomaly: failed_call_rate is low, suggesting successful syscalls, and unique_syscalls is high, indicating unusual behavior not typical of benign processes."", ""Benign-explanation test: lifetime_seconds at p99+ and no exec_count suggest a short-lived, singular operation inconsistent with benign admin scripting or health-checks."", ""Decide: the strong evidence of privilege escalation and unusual behavior supports XGBoost's MALICIOUS call over CNN's BENIGN call.""]","[""lifetime_seconds"", ""unique_syscalls"", ""uid_is_root"", ""euid_root"", ""max_uid_euid_delta""]","{""verdict"": ""MALICIOUS"", ""confidence"": 0.92, ""rationale_steps"": [""Privilege state: uid_is_root and euid_root are set, max_uid_euid_delta is extremely high, indicating a significant privilege escalation."", ""Mechanism: uid_changed and auid_euid_mismatch suggest an attempt to manipulate identity, which aligns with T1548 and T1222 techniques."", ""Behavioural anomaly: failed_call_rate is low, suggesting successful syscalls, and unique_syscalls is high, indicating unusual behavior not typical of benign processes."", ""Benign-explanation test: lifetime_seconds at p99+ and no exec_count suggest a short-lived, singular operation inconsistent with benign admin scripting or health-checks."", ""Decide: the strong evidence of privilege escalation and unusual behavior supports XGBoost's MALICIOUS call over CNN's BENIGN call.""], ""key_features"": [""lifetime_seconds"", ""unique_syscalls"", ""uid_is_root"", ""euid_root"", ""max_uid_euid_delta""], ""agrees_with"": ""xgb""}"
21499,2,1,T1548,0,1,0.964673638343811,0.9870211482048036,xgb_benign_cnn_malicious,MALICIOUS,1,0.92,cnn,ok,"[""Privilege state: uid_is_root and euid_root are both set, with max_uid_euid_delta being 0, indicating a direct root transition."", ""Mechanism: unique_syscalls at p99+ suggests an unusual or potentially malicious script execution, and uid_changed indicates a change in user identity which is often associated with privilege escalation."", ""Behavioural anomaly: failed_call_rate at p99+ indicates a high rate of failed syscalls, which can be a sign of a process struggling or attempting to perform unauthorized operations."", ""Benign-explanation test: lifetime_seconds at p99+ and no clear benign explanation like admin scripting or health-check, given the high failed_call_rate and unique_syscalls."", ""Decide: the strong privilege escalation signals (uid_is_root, euid_root, uid_changed) and unusual behaviour (failed_call_rate, unique_syscalls) support the CNN's classification over XGBoost's benign call.""]","[""lifetime_seconds"", ""unique_syscalls"", ""uid_is_root"", ""uid_changed"", ""euid_root""]","{""verdict"": ""MALICIOUS"", ""confidence"": 0.92, ""rationale_steps"": [""Privilege state: uid_is_root and euid_root are both set, with max_uid_euid_delta being 0, indicating a direct root transition."", ""Mechanism: unique_syscalls at p99+ suggests an unusual or potentially malicious script execution, and uid_changed indicates a change in user identity which is often associated with privilege escalation."", ""Behavioural anomaly: failed_call_rate at p99+ indicates a high rate of failed syscalls, which can be a sign of a process struggling or attempting to perform unauthorized operations."", ""Benign-explanation test: lifetime_seconds at p99+ and no clear benign explanation like admin scripting or health-check, given the high failed_call_rate and unique_syscalls."", ""Decide: the strong privilege escalation signals (uid_is_root, euid_root, uid_changed) and unusual behaviour (failed_call_rate, unique_syscalls) support the CNN's classification over XGBoost's benign call.""], ""key_features"": [""lifetime_seconds"", ""unique_syscalls"", ""uid_is_root"", ""uid_changed"", ""euid_root""], ""agrees_with"": ""cnn""}"
21500,2,1,T1548,0,1,0.964673638343811,0.9870211482048036,xgb_benign_cnn_malicious,MALICIOUS,1,0.92,cnn,ok,"[""Privilege state: uid_is_root and euid_root are both set, with max_uid_euid_delta being 0, indicating a direct root transition."", ""Mechanism: unique_syscalls at p99+ suggests an unusual or potentially malicious script execution, and uid_changed indicates a change in user identity which is often associated with privilege escalation."", ""Behavioural anomaly: failed_call_rate at p99+ indicates a high rate of failed syscalls, which can be a sign of a process struggling or attempting to perform unauthorized operations."", ""Benign-explanation test: lifetime_seconds at p99+ and no clear benign explanation like admin scripting or health-check, given the high failed_call_rate and unique_syscalls."", ""Decide: the strong privilege escalation signals (uid_is_root, euid_root, uid_changed) and unusual behaviour (failed_call_rate, unique_syscalls) support the CNN's classification over XGBoost's benign call.""]","[""lifetime_seconds"", ""unique_syscalls"", ""uid_is_root"", ""uid_changed"", ""euid_root""]","{""verdict"": ""MALICIOUS"", ""confidence"": 0.92, ""rationale_steps"": [""Privilege state: uid_is_root and euid_root are both set, with max_uid_euid_delta being 0, indicating a direct root transition."", ""Mechanism: unique_syscalls at p99+ suggests an unusual or potentially malicious script execution, and uid_changed indicates a change in user identity which is often associated with privilege escalation."", ""Behavioural anomaly: failed_call_rate at p99+ indicates a high rate of failed syscalls, which can be a sign of a process struggling or attempting to perform unauthorized operations."", ""Benign-explanation test: lifetime_seconds at p99+ and no clear benign explanation like admin scripting or health-check, given the high failed_call_rate and unique_syscalls."", ""Decide: the strong privilege escalation signals (uid_is_root, euid_root, uid_changed) and unusual behaviour (failed_call_rate, unique_syscalls) support the CNN's classification over XGBoost's benign call.""], ""key_features"": [""lifetime_seconds"", ""unique_syscalls"", ""uid_is_root"", ""uid_changed"", ""euid_root""], ""agrees_with"": ""cnn""}"
21501,2,1,T1548,0,1,0.964673638343811,0.9870211482048036,xgb_benign_cnn_malicious,MALICIOUS,1,0.92,cnn,ok,"[""Privilege state: uid_is_root and euid_root are both set, with max_uid_euid_delta being 0, indicating a direct root transition."", ""Mechanism: unique_syscalls at p99+ suggests an unusual or potentially malicious script execution, and uid_changed indicates a change in user identity which is often associated with privilege escalation."", ""Behavioural anomaly: failed_call_rate at p99+ indicates a high rate of failed syscalls, which can be a sign of a process struggling or attempting to perform unauthorized operations."", ""Benign-explanation test: lifetime_seconds at p99+ and no clear benign explanation like admin scripting or health-check, given the high failed_call_rate and unique_syscalls."", ""Decide: the strong privilege escalation signals (uid_is_root, euid_root, uid_changed) and unusual behaviour (failed_call_rate, unique_syscalls) support the CNN's classification over XGBoost's benign call.""]","[""lifetime_seconds"", ""unique_syscalls"", ""uid_is_root"", ""uid_changed"", ""euid_root""]","{""verdict"": ""MALICIOUS"", ""confidence"": 0.92, ""rationale_steps"": [""Privilege state: uid_is_root and euid_root are both set, with max_uid_euid_delta being 0, indicating a direct root transition."", ""Mechanism: unique_syscalls at p99+ suggests an unusual or potentially malicious script execution, and uid_changed indicates a change in user identity which is often associated with privilege escalation."", ""Behavioural anomaly: failed_call_rate at p99+ indicates a high rate of failed syscalls, which can be a sign of a process struggling or attempting to perform unauthorized operations."", ""Benign-explanation test: lifetime_seconds at p99+ and no clear benign explanation like admin scripting or health-check, given the high failed_call_rate and unique_syscalls."", ""Decide: the strong privilege escalation signals (uid_is_root, euid_root, uid_changed) and unusual behaviour (failed_call_rate, unique_syscalls) support the CNN's classification over XGBoost's benign call.""], ""key_features"": [""lifetime_seconds"", ""unique_syscalls"", ""uid_is_root"", ""uid_changed"", ""euid_root""], ""agrees_with"": ""cnn""}"
21504,2,1,T1548,0,1,0.964673638343811,0.9870211482048036,xgb_benign_cnn_malicious,MALICIOUS,1,0.92,cnn,ok,"[""Privilege state: uid_is_root and euid_root are both set, with max_uid_euid_delta being 0, indicating a direct root transition."", ""Mechanism: unique_syscalls at p99+ suggests an unusual or potentially malicious script execution, and uid_changed indicates a change in user identity which is often associated with privilege escalation."", ""Behavioural anomaly: failed_call_rate at p99+ indicates a high rate of failed syscalls, which can be a sign of a process struggling or attempting to perform unauthorized operations."", ""Benign-explanation test: lifetime_seconds at p99+ and no clear benign explanation like admin scripting or health-check, given the high failed_call_rate and unique_syscalls."", ""Decide: the strong privilege escalation signals (uid_is_root, euid_root, uid_changed) and unusual behaviour (failed_call_rate, unique_syscalls) support the CNN's classification over XGBoost's benign call.""]","[""lifetime_seconds"", ""unique_syscalls"", ""uid_is_root"", ""uid_changed"", ""euid_root""]","{""verdict"": ""MALICIOUS"", ""confidence"": 0.92, ""rationale_steps"": [""Privilege state: uid_is_root and euid_root are both set, with max_uid_euid_delta being 0, indicating a direct root transition."", ""Mechanism: unique_syscalls at p99+ suggests an unusual or potentially malicious script execution, and uid_changed indicates a change in user identity which is often associated with privilege escalation."", ""Behavioural anomaly: failed_call_rate at p99+ indicates a high rate of failed syscalls, which can be a sign of a process struggling or attempting to perform unauthorized operations."", ""Benign-explanation test: lifetime_seconds at p99+ and no clear benign explanation like admin scripting or health-check, given the high failed_call_rate and unique_syscalls."", ""Decide: the strong privilege escalation signals (uid_is_root, euid_root, uid_changed) and unusual behaviour (failed_call_rate, unique_syscalls) support the CNN's classification over XGBoost's benign call.""], ""key_features"": [""lifetime_seconds"", ""unique_syscalls"", ""uid_is_root"", ""uid_changed"", ""euid_root""], ""agrees_with"": ""cnn""}"
21505,2,1,T1548,0,1,0.964673638343811,0.9870211482048036,xgb_benign_cnn_malicious,MALICIOUS,1,0.92,cnn,ok,"[""Privilege state: uid_is_root and euid_root are both set, with max_uid_euid_delta being 0, indicating a direct root transition."", ""Mechanism: unique_syscalls at p99+ suggests an unusual or potentially malicious script execution, and uid_changed indicates a change in user identity which is often associated with privilege escalation."", ""Behavioural anomaly: failed_call_rate at p99+ indicates a high rate of failed syscalls, which can be a sign of a process struggling or attempting to perform unauthorized operations."", ""Benign-explanation test: lifetime_seconds at p99+ and no clear benign explanation like admin scripting or health-check, given the high failed_call_rate and unique_syscalls."", ""Decide: the strong privilege escalation signals (uid_is_root, euid_root, uid_changed) and unusual behaviour (failed_call_rate, unique_syscalls) support the CNN's classification over XGBoost's benign call.""]","[""lifetime_seconds"", ""unique_syscalls"", ""uid_is_root"", ""uid_changed"", ""euid_root""]","{""verdict"": ""MALICIOUS"", ""confidence"": 0.92, ""rationale_steps"": [""Privilege state: uid_is_root and euid_root are both set, with max_uid_euid_delta being 0, indicating a direct root transition."", ""Mechanism: unique_syscalls at p99+ suggests an unusual or potentially malicious script execution, and uid_changed indicates a change in user identity which is often associated with privilege escalation."", ""Behavioural anomaly: failed_call_rate at p99+ indicates a high rate of failed syscalls, which can be a sign of a process struggling or attempting to perform unauthorized operations."", ""Benign-explanation test: lifetime_seconds at p99+ and no clear benign explanation like admin scripting or health-check, given the high failed_call_rate and unique_syscalls."", ""Decide: the strong privilege escalation signals (uid_is_root, euid_root, uid_changed) and unusual behaviour (failed_call_rate, unique_syscalls) support the CNN's classification over XGBoost's benign call.""], ""key_features"": [""lifetime_seconds"", ""unique_syscalls"", ""uid_is_root"", ""uid_changed"", ""euid_root""], ""agrees_with"": ""cnn""}"
21514,2,1,T1548,0,1,0.964673638343811,0.9870211482048036,xgb_benign_cnn_malicious,MALICIOUS,1,0.92,cnn,ok,"[""Privilege state: uid_is_root and euid_root are both set, with max_uid_euid_delta being 0, indicating a direct root transition."", ""Mechanism: unique_syscalls at p99+ suggests an unusual or potentially malicious script execution, and uid_changed indicates a change in user identity which is often associated with privilege escalation."", ""Behavioural anomaly: failed_call_rate at p99+ indicates a high rate of failed syscalls, which can be a sign of a process struggling or attempting to perform unauthorized operations."", ""Benign-explanation test: lifetime_seconds at p99+ and no clear benign explanation like admin scripting or health-check, given the high failed_call_rate and unique_syscalls."", ""Decide: the strong privilege escalation signals (uid_is_root, euid_root, uid_changed) and unusual behaviour (failed_call_rate, unique_syscalls) support the CNN's classification over XGBoost's benign call.""]","[""lifetime_seconds"", ""unique_syscalls"", ""uid_is_root"", ""uid_changed"", ""euid_root""]","{""verdict"": ""MALICIOUS"", ""confidence"": 0.92, ""rationale_steps"": [""Privilege state: uid_is_root and euid_root are both set, with max_uid_euid_delta being 0, indicating a direct root transition."", ""Mechanism: unique_syscalls at p99+ suggests an unusual or potentially malicious script execution, and uid_changed indicates a change in user identity which is often associated with privilege escalation."", ""Behavioural anomaly: failed_call_rate at p99+ indicates a high rate of failed syscalls, which can be a sign of a process struggling or attempting to perform unauthorized operations."", ""Benign-explanation test: lifetime_seconds at p99+ and no clear benign explanation like admin scripting or health-check, given the high failed_call_rate and unique_syscalls."", ""Decide: the strong privilege escalation signals (uid_is_root, euid_root, uid_changed) and unusual behaviour (failed_call_rate, unique_syscalls) support the CNN's classification over XGBoost's benign call.""], ""key_features"": [""lifetime_seconds"", ""unique_syscalls"", ""uid_is_root"", ""uid_changed"", ""euid_root""], ""agrees_with"": ""cnn""}"
21520,2,1,T1548,0,1,0.964673638343811,0.9870211482048036,xgb_benign_cnn_malicious,MALICIOUS,1,0.92,cnn,ok,"[""Privilege state: uid_is_root and euid_root are both set, with max_uid_euid_delta being 0, indicating a direct root transition."", ""Mechanism: unique_syscalls at p99+ suggests an unusual or potentially malicious script execution, and uid_changed indicates a change in user identity which is often associated with privilege escalation."", ""Behavioural anomaly: failed_call_rate at p99+ indicates a high rate of failed syscalls, which can be a sign of a process struggling or attempting to perform unauthorized operations."", ""Benign-explanation test: lifetime_seconds at p99+ and no clear benign explanation like admin scripting or health-check, given the high failed_call_rate and unique_syscalls."", ""Decide: the strong privilege escalation signals (uid_is_root, euid_root, uid_changed) and unusual behaviour (failed_call_rate, unique_syscalls) support the CNN's classification over XGBoost's benign call.""]","[""lifetime_seconds"", ""unique_syscalls"", ""uid_is_root"", ""uid_changed"", ""euid_root""]","{""verdict"": ""MALICIOUS"", ""confidence"": 0.92, ""rationale_steps"": [""Privilege state: uid_is_root and euid_root are both set, with max_uid_euid_delta being 0, indicating a direct root transition."", ""Mechanism: unique_syscalls at p99+ suggests an unusual or potentially malicious script execution, and uid_changed indicates a change in user identity which is often associated with privilege escalation."", ""Behavioural anomaly: failed_call_rate at p99+ indicates a high rate of failed syscalls, which can be a sign of a process struggling or attempting to perform unauthorized operations."", ""Benign-explanation test: lifetime_seconds at p99+ and no clear benign explanation like admin scripting or health-check, given the high failed_call_rate and unique_syscalls."", ""Decide: the strong privilege escalation signals (uid_is_root, euid_root, uid_changed) and unusual behaviour (failed_call_rate, unique_syscalls) support the CNN's classification over XGBoost's benign call.""], ""key_features"": [""lifetime_seconds"", ""unique_syscalls"", ""uid_is_root"", ""uid_changed"", ""euid_root""], ""agrees_with"": ""cnn""}"
21534,2,1,T1548,0,1,0.964673638343811,0.9870211482048036,xgb_benign_cnn_malicious,MALICIOUS,1,0.92,cnn,ok,"[""Privilege state: uid_is_root and euid_root are both set, with max_uid_euid_delta being 0, indicating a direct root transition."", ""Mechanism: unique_syscalls at p99+ suggests an unusual or potentially malicious script execution, and uid_changed indicates a change in user identity which is often associated with privilege escalation."", ""Behavioural anomaly: failed_call_rate at p99+ indicates a high rate of failed syscalls, which can be a sign of a process struggling or attempting to perform unauthorized operations."", ""Benign-explanation test: lifetime_seconds at p99+ and no clear benign explanation like admin scripting or health-check, given the high failed_call_rate and unique_syscalls."", ""Decide: the strong privilege escalation signals (uid_is_root, euid_root, uid_changed) and unusual behaviour (failed_call_rate, unique_syscalls) support the CNN's classification over XGBoost's benign call.""]","[""lifetime_seconds"", ""unique_syscalls"", ""uid_is_root"", ""uid_changed"", ""euid_root""]","{""verdict"": ""MALICIOUS"", ""confidence"": 0.92, ""rationale_steps"": [""Privilege state: uid_is_root and euid_root are both set, with max_uid_euid_delta being 0, indicating a direct root transition."", ""Mechanism: unique_syscalls at p99+ suggests an unusual or potentially malicious script execution, and uid_changed indicates a change in user identity which is often associated with privilege escalation."", ""Behavioural anomaly: failed_call_rate at p99+ indicates a high rate of failed syscalls, which can be a sign of a process struggling or attempting to perform unauthorized operations."", ""Benign-explanation test: lifetime_seconds at p99+ and no clear benign explanation like admin scripting or health-check, given the high failed_call_rate and unique_syscalls."", ""Decide: the strong privilege escalation signals (uid_is_root, euid_root, uid_changed) and unusual behaviour (failed_call_rate, unique_syscalls) support the CNN's classification over XGBoost's benign call.""], ""key_features"": [""lifetime_seconds"", ""unique_syscalls"", ""uid_is_root"", ""uid_changed"", ""euid_root""], ""agrees_with"": ""cnn""}"
21545,2,1,T1548,0,1,0.964673638343811,0.9870211482048036,xgb_benign_cnn_malicious,MALICIOUS,1,0.92,cnn,ok,"[""Privilege state: uid_is_root and euid_root are both set, with max_uid_euid_delta being 0, indicating a direct root transition."", ""Mechanism: unique_syscalls at p99+ suggests an unusual or potentially malicious script execution, and uid_changed indicates a change in user identity which is often associated with privilege escalation."", ""Behavioural anomaly: failed_call_rate at p99+ indicates a high rate of failed syscalls, which can be a sign of a process struggling or attempting to perform unauthorized operations."", ""Benign-explanation test: lifetime_seconds at p99+ and no clear benign explanation like admin scripting or health-check, given the high failed_call_rate and unique_syscalls."", ""Decide: the strong privilege escalation signals (uid_is_root, euid_root, uid_changed) and unusual behaviour (failed_call_rate, unique_syscalls) support the CNN's classification over XGBoost's benign call.""]","[""lifetime_seconds"", ""unique_syscalls"", ""uid_is_root"", ""uid_changed"", ""euid_root""]","{""verdict"": ""MALICIOUS"", ""confidence"": 0.92, ""rationale_steps"": [""Privilege state: uid_is_root and euid_root are both set, with max_uid_euid_delta being 0, indicating a direct root transition."", ""Mechanism: unique_syscalls at p99+ suggests an unusual or potentially malicious script execution, and uid_changed indicates a change in user identity which is often associated with privilege escalation."", ""Behavioural anomaly: failed_call_rate at p99+ indicates a high rate of failed syscalls, which can be a sign of a process struggling or attempting to perform unauthorized operations."", ""Benign-explanation test: lifetime_seconds at p99+ and no clear benign explanation like admin scripting or health-check, given the high failed_call_rate and unique_syscalls."", ""Decide: the strong privilege escalation signals (uid_is_root, euid_root, uid_changed) and unusual behaviour (failed_call_rate, unique_syscalls) support the CNN's classification over XGBoost's benign call.""], ""key_features"": [""lifetime_seconds"", ""unique_syscalls"", ""uid_is_root"", ""uid_changed"", ""euid_root""], ""agrees_with"": ""cnn""}"
21546,2,1,T1548,0,1,0.964673638343811,0.9870211482048036,xgb_benign_cnn_malicious,MALICIOUS,1,0.92,cnn,ok,"[""Privilege state: uid_is_root and euid_root are both set, with max_uid_euid_delta being 0, indicating a direct root transition."", ""Mechanism: unique_syscalls at p99+ suggests an unusual or potentially malicious script execution, and uid_changed indicates a change in user identity which is often associated with privilege escalation."", ""Behavioural anomaly: failed_call_rate at p99+ indicates a high rate of failed syscalls, which can be a sign of a process struggling or attempting to perform unauthorized operations."", ""Benign-explanation test: lifetime_seconds at p99+ and no clear benign explanation like admin scripting or health-check, given the high failed_call_rate and unique_syscalls."", ""Decide: the strong privilege escalation signals (uid_is_root, euid_root, uid_changed) and unusual behaviour (failed_call_rate, unique_syscalls) support the CNN's classification over XGBoost's benign call.""]","[""lifetime_seconds"", ""unique_syscalls"", ""uid_is_root"", ""uid_changed"", ""euid_root""]","{""verdict"": ""MALICIOUS"", ""confidence"": 0.92, ""rationale_steps"": [""Privilege state: uid_is_root and euid_root are both set, with max_uid_euid_delta being 0, indicating a direct root transition."", ""Mechanism: unique_syscalls at p99+ suggests an unusual or potentially malicious script execution, and uid_changed indicates a change in user identity which is often associated with privilege escalation."", ""Behavioural anomaly: failed_call_rate at p99+ indicates a high rate of failed syscalls, which can be a sign of a process struggling or attempting to perform unauthorized operations."", ""Benign-explanation test: lifetime_seconds at p99+ and no clear benign explanation like admin scripting or health-check, given the high failed_call_rate and unique_syscalls."", ""Decide: the strong privilege escalation signals (uid_is_root, euid_root, uid_changed) and unusual behaviour (failed_call_rate, unique_syscalls) support the CNN's classification over XGBoost's benign call.""], ""key_features"": [""lifetime_seconds"", ""unique_syscalls"", ""uid_is_root"", ""uid_changed"", ""euid_root""], ""agrees_with"": ""cnn""}"
21547,2,1,T1548,0,1,0.964673638343811,0.9870211482048036,xgb_benign_cnn_malicious,MALICIOUS,1,0.92,cnn,ok,"[""Privilege state: uid_is_root and euid_root are both set, with max_uid_euid_delta being 0, indicating a direct root transition."", ""Mechanism: unique_syscalls at p99+ suggests an unusual or potentially malicious script execution, and uid_changed indicates a change in user identity which is often associated with privilege escalation."", ""Behavioural anomaly: failed_call_rate at p99+ indicates a high rate of failed syscalls, which can be a sign of a process struggling or attempting to perform unauthorized operations."", ""Benign-explanation test: lifetime_seconds at p99+ and no clear benign explanation like admin scripting or health-check, given the high failed_call_rate and unique_syscalls."", ""Decide: the strong privilege escalation signals (uid_is_root, euid_root, uid_changed) and unusual behaviour (failed_call_rate, unique_syscalls) support the CNN's classification over XGBoost's benign call.""]","[""lifetime_seconds"", ""unique_syscalls"", ""uid_is_root"", ""uid_changed"", ""euid_root""]","{""verdict"": ""MALICIOUS"", ""confidence"": 0.92, ""rationale_steps"": [""Privilege state: uid_is_root and euid_root are both set, with max_uid_euid_delta being 0, indicating a direct root transition."", ""Mechanism: unique_syscalls at p99+ suggests an unusual or potentially malicious script execution, and uid_changed indicates a change in user identity which is often associated with privilege escalation."", ""Behavioural anomaly: failed_call_rate at p99+ indicates a high rate of failed syscalls, which can be a sign of a process struggling or attempting to perform unauthorized operations."", ""Benign-explanation test: lifetime_seconds at p99+ and no clear benign explanation like admin scripting or health-check, given the high failed_call_rate and unique_syscalls."", ""Decide: the strong privilege escalation signals (uid_is_root, euid_root, uid_changed) and unusual behaviour (failed_call_rate, unique_syscalls) support the CNN's classification over XGBoost's benign call.""], ""key_features"": [""lifetime_seconds"", ""unique_syscalls"", ""uid_is_root"", ""uid_changed"", ""euid_root""], ""agrees_with"": ""cnn""}"
21559,2,1,T1548,0,1,0.964673638343811,0.9870211482048036,xgb_benign_cnn_malicious,MALICIOUS,1,0.92,cnn,ok,"[""Privilege state: uid_is_root and euid_root are both set, with max_uid_euid_delta being 0, indicating a direct root transition."", ""Mechanism: unique_syscalls at p99+ suggests an unusual or potentially malicious script execution, and uid_changed indicates a change in user identity which is often associated with privilege escalation."", ""Behavioural anomaly: failed_call_rate at p99+ indicates a high rate of failed syscalls, which can be a sign of a process struggling or attempting to perform unauthorized operations."", ""Benign-explanation test: lifetime_seconds at p99+ and no clear benign explanation like admin scripting or health-check, given the high failed_call_rate and unique_syscalls."", ""Decide: the strong privilege escalation signals (uid_is_root, euid_root, uid_changed) and unusual behaviour (failed_call_rate, unique_syscalls) support the CNN's classification over XGBoost's benign call.""]","[""lifetime_seconds"", ""unique_syscalls"", ""uid_is_root"", ""uid_changed"", ""euid_root""]","{""verdict"": ""MALICIOUS"", ""confidence"": 0.92, ""rationale_steps"": [""Privilege state: uid_is_root and euid_root are both set, with max_uid_euid_delta being 0, indicating a direct root transition."", ""Mechanism: unique_syscalls at p99+ suggests an unusual or potentially malicious script execution, and uid_changed indicates a change in user identity which is often associated with privilege escalation."", ""Behavioural anomaly: failed_call_rate at p99+ indicates a high rate of failed syscalls, which can be a sign of a process struggling or attempting to perform unauthorized operations."", ""Benign-explanation test: lifetime_seconds at p99+ and no clear benign explanation like admin scripting or health-check, given the high failed_call_rate and unique_syscalls."", ""Decide: the strong privilege escalation signals (uid_is_root, euid_root, uid_changed) and unusual behaviour (failed_call_rate, unique_syscalls) support the CNN's classification over XGBoost's benign call.""], ""key_features"": [""lifetime_seconds"", ""unique_syscalls"", ""uid_is_root"", ""uid_changed"", ""euid_root""], ""agrees_with"": ""cnn""}"
21563,2,1,T1548,0,1,0.964673638343811,0.9870211482048036,xgb_benign_cnn_malicious,MALICIOUS,1,0.92,cnn,ok,"[""Privilege state: uid_is_root and euid_root are both set, with max_uid_euid_delta being 0, indicating a direct root transition."", ""Mechanism: unique_syscalls at p99+ suggests an unusual or potentially malicious script execution, and uid_changed indicates a change in user identity which is often associated with privilege escalation."", ""Behavioural anomaly: failed_call_rate at p99+ indicates a high rate of failed syscalls, which can be a sign of a process struggling or attempting to perform unauthorized operations."", ""Benign-explanation test: lifetime_seconds at p99+ and no clear benign explanation like admin scripting or health-check, given the high failed_call_rate and unique_syscalls."", ""Decide: the strong privilege escalation signals (uid_is_root, euid_root, uid_changed) and unusual behaviour (failed_call_rate, unique_syscalls) support the CNN's classification over XGBoost's benign call.""]","[""lifetime_seconds"", ""unique_syscalls"", ""uid_is_root"", ""uid_changed"", ""euid_root""]","{""verdict"": ""MALICIOUS"", ""confidence"": 0.92, ""rationale_steps"": [""Privilege state: uid_is_root and euid_root are both set, with max_uid_euid_delta being 0, indicating a direct root transition."", ""Mechanism: unique_syscalls at p99+ suggests an unusual or potentially malicious script execution, and uid_changed indicates a change in user identity which is often associated with privilege escalation."", ""Behavioural anomaly: failed_call_rate at p99+ indicates a high rate of failed syscalls, which can be a sign of a process struggling or attempting to perform unauthorized operations."", ""Benign-explanation test: lifetime_seconds at p99+ and no clear benign explanation like admin scripting or health-check, given the high failed_call_rate and unique_syscalls."", ""Decide: the strong privilege escalation signals (uid_is_root, euid_root, uid_changed) and unusual behaviour (failed_call_rate, unique_syscalls) support the CNN's classification over XGBoost's benign call.""], ""key_features"": [""lifetime_seconds"", ""unique_syscalls"", ""uid_is_root"", ""uid_changed"", ""euid_root""], ""agrees_with"": ""cnn""}"
21576,2,1,T1548,0,1,0.964673638343811,0.9870211482048036,xgb_benign_cnn_malicious,MALICIOUS,1,0.92,cnn,ok,"[""Privilege state: uid_is_root and euid_root are both set, with max_uid_euid_delta being 0, indicating a direct root transition."", ""Mechanism: unique_syscalls at p99+ suggests an unusual or potentially malicious script execution, and uid_changed indicates a change in user identity which is often associated with privilege escalation."", ""Behavioural anomaly: failed_call_rate at p99+ indicates a high rate of failed syscalls, which can be a sign of a process struggling or attempting to perform unauthorized operations."", ""Benign-explanation test: lifetime_seconds at p99+ and no clear benign explanation like admin scripting or health-check, given the high failed_call_rate and unique_syscalls."", ""Decide: the strong privilege escalation signals (uid_is_root, euid_root, uid_changed) and unusual behaviour (failed_call_rate, unique_syscalls) support the CNN's classification over XGBoost's benign call.""]","[""lifetime_seconds"", ""unique_syscalls"", ""uid_is_root"", ""uid_changed"", ""euid_root""]","{""verdict"": ""MALICIOUS"", ""confidence"": 0.92, ""rationale_steps"": [""Privilege state: uid_is_root and euid_root are both set, with max_uid_euid_delta being 0, indicating a direct root transition."", ""Mechanism: unique_syscalls at p99+ suggests an unusual or potentially malicious script execution, and uid_changed indicates a change in user identity which is often associated with privilege escalation."", ""Behavioural anomaly: failed_call_rate at p99+ indicates a high rate of failed syscalls, which can be a sign of a process struggling or attempting to perform unauthorized operations."", ""Benign-explanation test: lifetime_seconds at p99+ and no clear benign explanation like admin scripting or health-check, given the high failed_call_rate and unique_syscalls."", ""Decide: the strong privilege escalation signals (uid_is_root, euid_root, uid_changed) and unusual behaviour (failed_call_rate, unique_syscalls) support the CNN's classification over XGBoost's benign call.""], ""key_features"": [""lifetime_seconds"", ""unique_syscalls"", ""uid_is_root"", ""uid_changed"", ""euid_root""], ""agrees_with"": ""cnn""}"
21577,2,1,T1548,0,1,0.964673638343811,0.9870211482048036,xgb_benign_cnn_malicious,MALICIOUS,1,0.92,cnn,ok,"[""Privilege state: uid_is_root and euid_root are both set, with max_uid_euid_delta being 0, indicating a direct root transition."", ""Mechanism: unique_syscalls at p99+ suggests an unusual or potentially malicious script execution, and uid_changed indicates a change in user identity which is often associated with privilege escalation."", ""Behavioural anomaly: failed_call_rate at p99+ indicates a high rate of failed syscalls, which can be a sign of a process struggling or attempting to perform unauthorized operations."", ""Benign-explanation test: lifetime_seconds at p99+ and no clear benign explanation like admin scripting or health-check, given the high failed_call_rate and unique_syscalls."", ""Decide: the strong privilege escalation signals (uid_is_root, euid_root, uid_changed) and unusual behaviour (failed_call_rate, unique_syscalls) support the CNN's classification over XGBoost's benign call.""]","[""lifetime_seconds"", ""unique_syscalls"", ""uid_is_root"", ""uid_changed"", ""euid_root""]","{""verdict"": ""MALICIOUS"", ""confidence"": 0.92, ""rationale_steps"": [""Privilege state: uid_is_root and euid_root are both set, with max_uid_euid_delta being 0, indicating a direct root transition."", ""Mechanism: unique_syscalls at p99+ suggests an unusual or potentially malicious script execution, and uid_changed indicates a change in user identity which is often associated with privilege escalation."", ""Behavioural anomaly: failed_call_rate at p99+ indicates a high rate of failed syscalls, which can be a sign of a process struggling or attempting to perform unauthorized operations."", ""Benign-explanation test: lifetime_seconds at p99+ and no clear benign explanation like admin scripting or health-check, given the high failed_call_rate and unique_syscalls."", ""Decide: the strong privilege escalation signals (uid_is_root, euid_root, uid_changed) and unusual behaviour (failed_call_rate, unique_syscalls) support the CNN's classification over XGBoost's benign call.""], ""key_features"": [""lifetime_seconds"", ""unique_syscalls"", ""uid_is_root"", ""uid_changed"", ""euid_root""], ""agrees_with"": ""cnn""}"
21578,2,1,T1548,0,1,0.964673638343811,0.9870211482048036,xgb_benign_cnn_malicious,MALICIOUS,1,0.92,cnn,ok,"[""Privilege state: uid_is_root and euid_root are both set, with max_uid_euid_delta being 0, indicating a direct root transition."", ""Mechanism: unique_syscalls at p99+ suggests an unusual or potentially malicious script execution, and uid_changed indicates a change in user identity which is often associated with privilege escalation."", ""Behavioural anomaly: failed_call_rate at p99+ indicates a high rate of failed syscalls, which can be a sign of a process struggling or attempting to perform unauthorized operations."", ""Benign-explanation test: lifetime_seconds at p99+ and no clear benign explanation like admin scripting or health-check, given the high failed_call_rate and unique_syscalls."", ""Decide: the strong privilege escalation signals (uid_is_root, euid_root, uid_changed) and unusual behaviour (failed_call_rate, unique_syscalls) support the CNN's classification over XGBoost's benign call.""]","[""lifetime_seconds"", ""unique_syscalls"", ""uid_is_root"", ""uid_changed"", ""euid_root""]","{""verdict"": ""MALICIOUS"", ""confidence"": 0.92, ""rationale_steps"": [""Privilege state: uid_is_root and euid_root are both set, with max_uid_euid_delta being 0, indicating a direct root transition."", ""Mechanism: unique_syscalls at p99+ suggests an unusual or potentially malicious script execution, and uid_changed indicates a change in user identity which is often associated with privilege escalation."", ""Behavioural anomaly: failed_call_rate at p99+ indicates a high rate of failed syscalls, which can be a sign of a process struggling or attempting to perform unauthorized operations."", ""Benign-explanation test: lifetime_seconds at p99+ and no clear benign explanation like admin scripting or health-check, given the high failed_call_rate and unique_syscalls."", ""Decide: the strong privilege escalation signals (uid_is_root, euid_root, uid_changed) and unusual behaviour (failed_call_rate, unique_syscalls) support the CNN's classification over XGBoost's benign call.""], ""key_features"": [""lifetime_seconds"", ""unique_syscalls"", ""uid_is_root"", ""uid_changed"", ""euid_root""], ""agrees_with"": ""cnn""}"
21580,2,1,T1548,0,1,0.964673638343811,0.9870211482048036,xgb_benign_cnn_malicious,MALICIOUS,1,0.92,cnn,ok,"[""Privilege state: uid_is_root and euid_root are both set, with max_uid_euid_delta being 0, indicating a direct root transition."", ""Mechanism: unique_syscalls at p99+ suggests an unusual or potentially malicious script execution, and uid_changed indicates a change in user identity which is often associated with privilege escalation."", ""Behavioural anomaly: failed_call_rate at p99+ indicates a high rate of failed syscalls, which can be a sign of a process struggling or attempting to perform unauthorized operations."", ""Benign-explanation test: lifetime_seconds at p99+ and no clear benign explanation like admin scripting or health-check, given the high failed_call_rate and unique_syscalls."", ""Decide: the strong privilege escalation signals (uid_is_root, euid_root, uid_changed) and unusual behaviour (failed_call_rate, unique_syscalls) support the CNN's classification over XGBoost's benign call.""]","[""lifetime_seconds"", ""unique_syscalls"", ""uid_is_root"", ""uid_changed"", ""euid_root""]","{""verdict"": ""MALICIOUS"", ""confidence"": 0.92, ""rationale_steps"": [""Privilege state: uid_is_root and euid_root are both set, with max_uid_euid_delta being 0, indicating a direct root transition."", ""Mechanism: unique_syscalls at p99+ suggests an unusual or potentially malicious script execution, and uid_changed indicates a change in user identity which is often associated with privilege escalation."", ""Behavioural anomaly: failed_call_rate at p99+ indicates a high rate of failed syscalls, which can be a sign of a process struggling or attempting to perform unauthorized operations."", ""Benign-explanation test: lifetime_seconds at p99+ and no clear benign explanation like admin scripting or health-check, given the high failed_call_rate and unique_syscalls."", ""Decide: the strong privilege escalation signals (uid_is_root, euid_root, uid_changed) and unusual behaviour (failed_call_rate, unique_syscalls) support the CNN's classification over XGBoost's benign call.""], ""key_features"": [""lifetime_seconds"", ""unique_syscalls"", ""uid_is_root"", ""uid_changed"", ""euid_root""], ""agrees_with"": ""cnn""}"
21581,2,1,T1548,0,1,0.964673638343811,0.9870211482048036,xgb_benign_cnn_malicious,MALICIOUS,1,0.92,cnn,ok,"[""Privilege state: uid_is_root and euid_root are both set, with max_uid_euid_delta being 0, indicating a direct root transition."", ""Mechanism: unique_syscalls at p99+ suggests an unusual or potentially malicious script execution, and uid_changed indicates a change in user identity which is often associated with privilege escalation."", ""Behavioural anomaly: failed_call_rate at p99+ indicates a high rate of failed syscalls, which can be a sign of a process struggling or attempting to perform unauthorized operations."", ""Benign-explanation test: lifetime_seconds at p99+ and no clear benign explanation like admin scripting or health-check, given the high failed_call_rate and unique_syscalls."", ""Decide: the strong privilege escalation signals (uid_is_root, euid_root, uid_changed) and unusual behaviour (failed_call_rate, unique_syscalls) support the CNN's classification over XGBoost's benign call.""]","[""lifetime_seconds"", ""unique_syscalls"", ""uid_is_root"", ""uid_changed"", ""euid_root""]","{""verdict"": ""MALICIOUS"", ""confidence"": 0.92, ""rationale_steps"": [""Privilege state: uid_is_root and euid_root are both set, with max_uid_euid_delta being 0, indicating a direct root transition."", ""Mechanism: unique_syscalls at p99+ suggests an unusual or potentially malicious script execution, and uid_changed indicates a change in user identity which is often associated with privilege escalation."", ""Behavioural anomaly: failed_call_rate at p99+ indicates a high rate of failed syscalls, which can be a sign of a process struggling or attempting to perform unauthorized operations."", ""Benign-explanation test: lifetime_seconds at p99+ and no clear benign explanation like admin scripting or health-check, given the high failed_call_rate and unique_syscalls."", ""Decide: the strong privilege escalation signals (uid_is_root, euid_root, uid_changed) and unusual behaviour (failed_call_rate, unique_syscalls) support the CNN's classification over XGBoost's benign call.""], ""key_features"": [""lifetime_seconds"", ""unique_syscalls"", ""uid_is_root"", ""uid_changed"", ""euid_root""], ""agrees_with"": ""cnn""}"
21590,2,1,T1548,0,1,0.964673638343811,0.9870211482048036,xgb_benign_cnn_malicious,MALICIOUS,1,0.92,cnn,ok,"[""Privilege state: uid_is_root and euid_root are both set, with max_uid_euid_delta being 0, indicating a direct root transition."", ""Mechanism: unique_syscalls at p99+ suggests an unusual or potentially malicious script execution, and uid_changed indicates a change in user identity which is often associated with privilege escalation."", ""Behavioural anomaly: failed_call_rate at p99+ indicates a high rate of failed syscalls, which can be a sign of a process struggling or attempting to perform unauthorized operations."", ""Benign-explanation test: lifetime_seconds at p99+ and no clear benign explanation like admin scripting or health-check, given the high failed_call_rate and unique_syscalls."", ""Decide: the strong privilege escalation signals (uid_is_root, euid_root, uid_changed) and unusual behaviour (failed_call_rate, unique_syscalls) support the CNN's classification over XGBoost's benign call.""]","[""lifetime_seconds"", ""unique_syscalls"", ""uid_is_root"", ""uid_changed"", ""euid_root""]","{""verdict"": ""MALICIOUS"", ""confidence"": 0.92, ""rationale_steps"": [""Privilege state: uid_is_root and euid_root are both set, with max_uid_euid_delta being 0, indicating a direct root transition."", ""Mechanism: unique_syscalls at p99+ suggests an unusual or potentially malicious script execution, and uid_changed indicates a change in user identity which is often associated with privilege escalation."", ""Behavioural anomaly: failed_call_rate at p99+ indicates a high rate of failed syscalls, which can be a sign of a process struggling or attempting to perform unauthorized operations."", ""Benign-explanation test: lifetime_seconds at p99+ and no clear benign explanation like admin scripting or health-check, given the high failed_call_rate and unique_syscalls."", ""Decide: the strong privilege escalation signals (uid_is_root, euid_root, uid_changed) and unusual behaviour (failed_call_rate, unique_syscalls) support the CNN's classification over XGBoost's benign call.""], ""key_features"": [""lifetime_seconds"", ""unique_syscalls"", ""uid_is_root"", ""uid_changed"", ""euid_root""], ""agrees_with"": ""cnn""}"
21593,2,1,T1548,0,1,0.964673638343811,0.9870211482048036,xgb_benign_cnn_malicious,MALICIOUS,1,0.92,cnn,ok,"[""Privilege state: uid_is_root and euid_root are both set, with max_uid_euid_delta being 0, indicating a direct root transition."", ""Mechanism: unique_syscalls at p99+ suggests an unusual or potentially malicious script execution, and uid_changed indicates a change in user identity which is often associated with privilege escalation."", ""Behavioural anomaly: failed_call_rate at p99+ indicates a high rate of failed syscalls, which can be a sign of a process struggling or attempting to perform unauthorized operations."", ""Benign-explanation test: lifetime_seconds at p99+ and no clear benign explanation like admin scripting or health-check, given the high failed_call_rate and unique_syscalls."", ""Decide: the strong privilege escalation signals (uid_is_root, euid_root, uid_changed) and unusual behaviour (failed_call_rate, unique_syscalls) support the CNN's classification over XGBoost's benign call.""]","[""lifetime_seconds"", ""unique_syscalls"", ""uid_is_root"", ""uid_changed"", ""euid_root""]","{""verdict"": ""MALICIOUS"", ""confidence"": 0.92, ""rationale_steps"": [""Privilege state: uid_is_root and euid_root are both set, with max_uid_euid_delta being 0, indicating a direct root transition."", ""Mechanism: unique_syscalls at p99+ suggests an unusual or potentially malicious script execution, and uid_changed indicates a change in user identity which is often associated with privilege escalation."", ""Behavioural anomaly: failed_call_rate at p99+ indicates a high rate of failed syscalls, which can be a sign of a process struggling or attempting to perform unauthorized operations."", ""Benign-explanation test: lifetime_seconds at p99+ and no clear benign explanation like admin scripting or health-check, given the high failed_call_rate and unique_syscalls."", ""Decide: the strong privilege escalation signals (uid_is_root, euid_root, uid_changed) and unusual behaviour (failed_call_rate, unique_syscalls) support the CNN's classification over XGBoost's benign call.""], ""key_features"": [""lifetime_seconds"", ""unique_syscalls"", ""uid_is_root"", ""uid_changed"", ""euid_root""], ""agrees_with"": ""cnn""}"
21600,2,1,T1548,0,1,0.964673638343811,0.9870211482048036,xgb_benign_cnn_malicious,MALICIOUS,1,0.92,cnn,ok,"[""Privilege state: uid_is_root and euid_root are both set, with max_uid_euid_delta being 0, indicating a direct root transition."", ""Mechanism: unique_syscalls at p99+ suggests an unusual or potentially malicious script execution, and uid_changed indicates a change in user identity which is often associated with privilege escalation."", ""Behavioural anomaly: failed_call_rate at p99+ indicates a high rate of failed syscalls, which can be a sign of a process struggling or attempting to perform unauthorized operations."", ""Benign-explanation test: lifetime_seconds at p99+ and no clear benign explanation like admin scripting or health-check, given the high failed_call_rate and unique_syscalls."", ""Decide: the strong privilege escalation signals (uid_is_root, euid_root, uid_changed) and unusual behaviour (failed_call_rate, unique_syscalls) support the CNN's classification over XGBoost's benign call.""]","[""lifetime_seconds"", ""unique_syscalls"", ""uid_is_root"", ""uid_changed"", ""euid_root""]","{""verdict"": ""MALICIOUS"", ""confidence"": 0.92, ""rationale_steps"": [""Privilege state: uid_is_root and euid_root are both set, with max_uid_euid_delta being 0, indicating a direct root transition."", ""Mechanism: unique_syscalls at p99+ suggests an unusual or potentially malicious script execution, and uid_changed indicates a change in user identity which is often associated with privilege escalation."", ""Behavioural anomaly: failed_call_rate at p99+ indicates a high rate of failed syscalls, which can be a sign of a process struggling or attempting to perform unauthorized operations."", ""Benign-explanation test: lifetime_seconds at p99+ and no clear benign explanation like admin scripting or health-check, given the high failed_call_rate and unique_syscalls."", ""Decide: the strong privilege escalation signals (uid_is_root, euid_root, uid_changed) and unusual behaviour (failed_call_rate, unique_syscalls) support the CNN's classification over XGBoost's benign call.""], ""key_features"": [""lifetime_seconds"", ""unique_syscalls"", ""uid_is_root"", ""uid_changed"", ""euid_root""], ""agrees_with"": ""cnn""}"
21603,2,1,T1548,0,1,0.964673638343811,0.9870211482048036,xgb_benign_cnn_malicious,MALICIOUS,1,0.92,cnn,ok,"[""Privilege state: uid_is_root and euid_root are both set, with max_uid_euid_delta being 0, indicating a direct root transition."", ""Mechanism: unique_syscalls at p99+ suggests an unusual or potentially malicious script execution, and uid_changed indicates a change in user identity which is often associated with privilege escalation."", ""Behavioural anomaly: failed_call_rate at p99+ indicates a high rate of failed syscalls, which can be a sign of a process struggling or attempting to perform unauthorized operations."", ""Benign-explanation test: lifetime_seconds at p99+ and no clear benign explanation like admin scripting or health-check, given the high failed_call_rate and unique_syscalls."", ""Decide: the strong privilege escalation signals (uid_is_root, euid_root, uid_changed) and unusual behaviour (failed_call_rate, unique_syscalls) support the CNN's classification over XGBoost's benign call.""]","[""lifetime_seconds"", ""unique_syscalls"", ""uid_is_root"", ""uid_changed"", ""euid_root""]","{""verdict"": ""MALICIOUS"", ""confidence"": 0.92, ""rationale_steps"": [""Privilege state: uid_is_root and euid_root are both set, with max_uid_euid_delta being 0, indicating a direct root transition."", ""Mechanism: unique_syscalls at p99+ suggests an unusual or potentially malicious script execution, and uid_changed indicates a change in user identity which is often associated with privilege escalation."", ""Behavioural anomaly: failed_call_rate at p99+ indicates a high rate of failed syscalls, which can be a sign of a process struggling or attempting to perform unauthorized operations."", ""Benign-explanation test: lifetime_seconds at p99+ and no clear benign explanation like admin scripting or health-check, given the high failed_call_rate and unique_syscalls."", ""Decide: the strong privilege escalation signals (uid_is_root, euid_root, uid_changed) and unusual behaviour (failed_call_rate, unique_syscalls) support the CNN's classification over XGBoost's benign call.""], ""key_features"": [""lifetime_seconds"", ""unique_syscalls"", ""uid_is_root"", ""uid_changed"", ""euid_root""], ""agrees_with"": ""cnn""}"
21609,2,1,T1548,0,1,0.964673638343811,0.9870211482048036,xgb_benign_cnn_malicious,MALICIOUS,1,0.92,cnn,ok,"[""Privilege state: uid_is_root and euid_root are both set, with max_uid_euid_delta being 0, indicating a direct root transition."", ""Mechanism: unique_syscalls at p99+ suggests an unusual or potentially malicious script execution, and uid_changed indicates a change in user identity which is often associated with privilege escalation."", ""Behavioural anomaly: failed_call_rate at p99+ indicates a high rate of failed syscalls, which can be a sign of a process struggling or attempting to perform unauthorized operations."", ""Benign-explanation test: lifetime_seconds at p99+ and no clear benign explanation like admin scripting or health-check, given the high failed_call_rate and unique_syscalls."", ""Decide: the strong privilege escalation signals (uid_is_root, euid_root, uid_changed) and unusual behaviour (failed_call_rate, unique_syscalls) support the CNN's classification over XGBoost's benign call.""]","[""lifetime_seconds"", ""unique_syscalls"", ""uid_is_root"", ""uid_changed"", ""euid_root""]","{""verdict"": ""MALICIOUS"", ""confidence"": 0.92, ""rationale_steps"": [""Privilege state: uid_is_root and euid_root are both set, with max_uid_euid_delta being 0, indicating a direct root transition."", ""Mechanism: unique_syscalls at p99+ suggests an unusual or potentially malicious script execution, and uid_changed indicates a change in user identity which is often associated with privilege escalation."", ""Behavioural anomaly: failed_call_rate at p99+ indicates a high rate of failed syscalls, which can be a sign of a process struggling or attempting to perform unauthorized operations."", ""Benign-explanation test: lifetime_seconds at p99+ and no clear benign explanation like admin scripting or health-check, given the high failed_call_rate and unique_syscalls."", ""Decide: the strong privilege escalation signals (uid_is_root, euid_root, uid_changed) and unusual behaviour (failed_call_rate, unique_syscalls) support the CNN's classification over XGBoost's benign call.""], ""key_features"": [""lifetime_seconds"", ""unique_syscalls"", ""uid_is_root"", ""uid_changed"", ""euid_root""], ""agrees_with"": ""cnn""}"
21610,2,1,T1548,0,1,0.964673638343811,0.9870211482048036,xgb_benign_cnn_malicious,MALICIOUS,1,0.92,cnn,ok,"[""Privilege state: uid_is_root and euid_root are both set, with max_uid_euid_delta being 0, indicating a direct root transition."", ""Mechanism: unique_syscalls at p99+ suggests an unusual or potentially malicious script execution, and uid_changed indicates a change in user identity which is often associated with privilege escalation."", ""Behavioural anomaly: failed_call_rate at p99+ indicates a high rate of failed syscalls, which can be a sign of a process struggling or attempting to perform unauthorized operations."", ""Benign-explanation test: lifetime_seconds at p99+ and no clear benign explanation like admin scripting or health-check, given the high failed_call_rate and unique_syscalls."", ""Decide: the strong privilege escalation signals (uid_is_root, euid_root, uid_changed) and unusual behaviour (failed_call_rate, unique_syscalls) support the CNN's classification over XGBoost's benign call.""]","[""lifetime_seconds"", ""unique_syscalls"", ""uid_is_root"", ""uid_changed"", ""euid_root""]","{""verdict"": ""MALICIOUS"", ""confidence"": 0.92, ""rationale_steps"": [""Privilege state: uid_is_root and euid_root are both set, with max_uid_euid_delta being 0, indicating a direct root transition."", ""Mechanism: unique_syscalls at p99+ suggests an unusual or potentially malicious script execution, and uid_changed indicates a change in user identity which is often associated with privilege escalation."", ""Behavioural anomaly: failed_call_rate at p99+ indicates a high rate of failed syscalls, which can be a sign of a process struggling or attempting to perform unauthorized operations."", ""Benign-explanation test: lifetime_seconds at p99+ and no clear benign explanation like admin scripting or health-check, given the high failed_call_rate and unique_syscalls."", ""Decide: the strong privilege escalation signals (uid_is_root, euid_root, uid_changed) and unusual behaviour (failed_call_rate, unique_syscalls) support the CNN's classification over XGBoost's benign call.""], ""key_features"": [""lifetime_seconds"", ""unique_syscalls"", ""uid_is_root"", ""uid_changed"", ""euid_root""], ""agrees_with"": ""cnn""}"
21933,3,1,T1548,1,0,0.999918818473816,0.8624513745307922,xgb_malicious_cnn_benign,MALICIOUS,1,0.92,xgb,ok,"[""Privilege state: uid_is_root and euid_root are set, max_uid_euid_delta is extremely high, indicating a significant privilege escalation."", ""Mechanism: uid_changed and auid_euid_mismatch suggest an attempt to manipulate identity, which aligns with T1548 and T1222 techniques."", ""Behavioural anomaly: failed_call_rate is low, and unique_syscalls is high, suggesting a crafted process with a specific purpose, not typical benign activity."", ""Benign-explanation test: lifetime_seconds is minimal, and there's no exec_count or shell_from_service, which contradicts typical benign admin scripting."", ""Decide: the strong evidence of privilege escalation and anomalous behaviour supports XGBoost's MALICIOUS call over CNN's BENIGN call.""]","[""lifetime_seconds"", ""unique_syscalls"", ""uid_is_root"", ""euid_root"", ""max_uid_euid_delta""]","{""verdict"": ""MALICIOUS"", ""confidence"": 0.92, ""rationale_steps"": [""Privilege state: uid_is_root and euid_root are set, max_uid_euid_delta is extremely high, indicating a significant privilege escalation."", ""Mechanism: uid_changed and auid_euid_mismatch suggest an attempt to manipulate identity, which aligns with T1548 and T1222 techniques."", ""Behavioural anomaly: failed_call_rate is low, and unique_syscalls is high, suggesting a crafted process with a specific purpose, not typical benign activity."", ""Benign-explanation test: lifetime_seconds is minimal, and there's no exec_count or shell_from_service, which contradicts typical benign admin scripting."", ""Decide: the strong evidence of privilege escalation and anomalous behaviour supports XGBoost's MALICIOUS call over CNN's BENIGN call.""], ""key_features"": [""lifetime_seconds"", ""unique_syscalls"", ""uid_is_root"", ""euid_root"", ""max_uid_euid_delta""], ""agrees_with"": ""xgb""}"
22066,3,1,T1548,1,0,0.999918818473816,0.8624439835548401,xgb_malicious_cnn_benign,MALICIOUS,1,0.92,xgb,ok,"[""Privilege state: uid_is_root and euid_root are set, max_uid_euid_delta is extremely high, indicating a significant privilege escalation."", ""Mechanism: uid_changed and auid_euid_mismatch suggest an attempt to manipulate identity, which aligns with T1548 and T1222 techniques."", ""Behavioural anomaly: failed_call_rate is low, and unique_syscalls is high, suggesting a crafted process with a specific purpose, not typical benign activity."", ""Benign-explanation test: lifetime_seconds at p99+ and no exec_count suggest a one-off, short-lived process, inconsistent with benign admin scripting."", ""Decide: the strong evidence of privilege escalation and anomalous behaviour supports XGBoost's MALICIOUS call over CNN's BENIGN call.""]","[""lifetime_seconds"", ""unique_syscalls"", ""uid_is_root"", ""euid_root"", ""max_uid_euid_delta""]","{""verdict"": ""MALICIOUS"", ""confidence"": 0.92, ""rationale_steps"": [""Privilege state: uid_is_root and euid_root are set, max_uid_euid_delta is extremely high, indicating a significant privilege escalation."", ""Mechanism: uid_changed and auid_euid_mismatch suggest an attempt to manipulate identity, which aligns with T1548 and T1222 techniques."", ""Behavioural anomaly: failed_call_rate is low, and unique_syscalls is high, suggesting a crafted process with a specific purpose, not typical benign activity."", ""Benign-explanation test: lifetime_seconds at p99+ and no exec_count suggest a one-off, short-lived process, inconsistent with benign admin scripting."", ""Decide: the strong evidence of privilege escalation and anomalous behaviour supports XGBoost's MALICIOUS call over CNN's BENIGN call.""], ""key_features"": [""lifetime_seconds"", ""unique_syscalls"", ""uid_is_root"", ""euid_root"", ""max_uid_euid_delta""], ""agrees_with"": ""xgb""}"
22082,3,1,T1548,1,0,0.999918818473816,0.8624513745307922,xgb_malicious_cnn_benign,,-1,,,parse_error,[],[],"{
  ""verdict"": ""MALICIOUS"",
  ""confidence"": 0.92,
  ""rationale_steps"": [
    ""Privilege state: uid_is_root and euid_root are set, max_uid_euid_delta is extremely high, and auid_euid_mismatch is present, indicating a clear privilege escalation attempt."",
    ""Mechanism: The process has a lifetime of 1 second, which is unusual and could suggest a rapid privilege escalation attempt, combined with unique_syscalls indicating non-standard behavior."",
    ""Behavioural anomaly: The failed_call_rate is low, suggesting successful execution of syscalls, and uid_changed indicates a transition in user identity, which is uncommon in benign processes."",
    ""Benign-explanation test: The short lifetime and unique_syscalls argue against this being a routine admin script or health-check, as such activities typically have longer lifetimes and more predictable syscall patterns."",
    ""Decide: The strong evidence of privilege escalation (uid_is_root, euid_root, max_uid_euid_delta, auid_euid_mismatch) and the unusual behavior (short lifetime, unique_syscalls) support the MALICIOUS classification, with XGBoost's high confidence in maliciousness.""
  ],
  ""key_features"": [""lifetime_seconds"", ""unique_syscalls"", ""uid_is_root"", ""euid_root"", ""max_uid_euid_delta"", ""auid_euid_mismatch""],
  ""agrees_with"": ""xgb""
}"
22084,3,1,T1548,1,0,0.999918818473816,0.8624513745307922,xgb_malicious_cnn_benign,MALICIOUS,1,0.92,xgb,ok,"[""Privilege state: uid_is_root and euid_root are set, max_uid_euid_delta is extremely high, indicating a significant privilege escalation."", ""Mechanism: uid_changed and auid_euid_mismatch suggest an attempt to manipulate identity, which aligns with T1548 and T1222 techniques."", ""Behavioural anomaly: failed_call_rate is low, and unique_syscalls is high, suggesting a crafted process with a specific purpose, which is uncommon in benign activity."", ""Benign-explanation test: lifetime_seconds at p99+ and no exec_count suggest a one-off, short-lived process, inconsistent with typical benign scripts or cron jobs."", ""Decide: the strong evidence of privilege escalation and anomalous behaviour supports XGBoost's MALICIOUS call over CNN's BENIGN call.""]","[""lifetime_seconds"", ""unique_syscalls"", ""uid_is_root"", ""euid_root"", ""max_uid_euid_delta""]","{""verdict"": ""MALICIOUS"", ""confidence"": 0.92, ""rationale_steps"": [""Privilege state: uid_is_root and euid_root are set, max_uid_euid_delta is extremely high, indicating a significant privilege escalation."", ""Mechanism: uid_changed and auid_euid_mismatch suggest an attempt to manipulate identity, which aligns with T1548 and T1222 techniques."", ""Behavioural anomaly: failed_call_rate is low, and unique_syscalls is high, suggesting a crafted process with a specific purpose, which is uncommon in benign activity."", ""Benign-explanation test: lifetime_seconds at p99+ and no exec_count suggest a one-off, short-lived process, inconsistent with typical benign scripts or cron jobs."", ""Decide: the strong evidence of privilege escalation and anomalous behaviour supports XGBoost's MALICIOUS call over CNN's BENIGN call.""], ""key_features"": [""lifetime_seconds"", ""unique_syscalls"", ""uid_is_root"", ""euid_root"", ""max_uid_euid_delta""], ""agrees_with"": ""xgb""}"
22231,3,1,T1548,1,0,0.999918818473816,0.8624513745307922,xgb_malicious_cnn_benign,MALICIOUS,1,0.92,xgb,ok,"[""Privilege state: uid_is_root and euid_root are set, max_uid_euid_delta is extremely high, indicating a significant privilege escalation."", ""Mechanism: uid_changed and auid_euid_mismatch suggest an attempt to manipulate identity, which aligns with T1548 and T1222 tactics."", ""Behavioural anomaly: failed_call_rate is low, and unique_syscalls is high, suggesting a crafted process with a specific purpose, not typical benign activity."", ""Benign-explanation test: lifetime_seconds at p99+ and no exec_count suggest a one-off, short-lived process, inconsistent with benign admin scripting."", ""Decide: the strong privilege escalation signals (uid_is_root, euid_root, max_uid_euid_delta) and the absence of benign indicators (exec_count, low failed_call_rate) support XGBoost's MALICIOUS call over CNN's BENIGN call.""]","[""lifetime_seconds"", ""unique_syscalls"", ""uid_is_root"", ""euid_root"", ""max_uid_euid_delta""]","{""verdict"": ""MALICIOUS"", ""confidence"": 0.92, ""rationale_steps"": [""Privilege state: uid_is_root and euid_root are set, max_uid_euid_delta is extremely high, indicating a significant privilege escalation."", ""Mechanism: uid_changed and auid_euid_mismatch suggest an attempt to manipulate identity, which aligns with T1548 and T1222 tactics."", ""Behavioural anomaly: failed_call_rate is low, and unique_syscalls is high, suggesting a crafted process with a specific purpose, not typical benign activity."", ""Benign-explanation test: lifetime_seconds at p99+ and no exec_count suggest a one-off, short-lived process, inconsistent with benign admin scripting."", ""Decide: the strong privilege escalation signals (uid_is_root, euid_root, max_uid_euid_delta) and the absence of benign indicators (exec_count, low failed_call_rate) support XGBoost's MALICIOUS call over CNN's BENIGN call.""], ""key_features"": [""lifetime_seconds"", ""unique_syscalls"", ""uid_is_root"", ""euid_root"", ""max_uid_euid_delta""], ""agrees_with"": ""xgb""}"
22857,4,1,T1222,0,1,0.8476836681365967,0.991692304611206,xgb_benign_cnn_malicious,MALICIOUS,1,0.92,cnn,ok,"[""Privilege state: uid_is_root and euid_root are set, with max_uid_euid_delta low, suggesting a direct root context."", ""Mechanism: high syscall throughput (events_per_second) and unique_syscalls indicate complex, potentially malicious activity."", ""Behavioural anomaly: short lifetime_seconds and absence of shell_from_service suggest a scripted, possibly malicious attempt rather than benign admin activity."", ""Benign-explanation test: the short process lifetime and high syscall activity are inconsistent with typical benign admin scripts or health-checks."", ""Decide: the combination of direct root context, high syscall activity, and short lifetime supports the CNN's classification over XGBoost's cautious call.""]","[""uid_is_root"", ""events_per_second"", ""unique_syscalls"", ""lifetime_seconds"", ""euid_root""]","{""verdict"": ""MALICIOUS"", ""confidence"": 0.92, ""rationale_steps"": [""Privilege state: uid_is_root and euid_root are set, with max_uid_euid_delta low, suggesting a direct root context."", ""Mechanism: high syscall throughput (events_per_second) and unique_syscalls indicate complex, potentially malicious activity."", ""Behavioural anomaly: short lifetime_seconds and absence of shell_from_service suggest a scripted, possibly malicious attempt rather than benign admin activity."", ""Benign-explanation test: the short process lifetime and high syscall activity are inconsistent with typical benign admin scripts or health-checks."", ""Decide: the combination of direct root context, high syscall activity, and short lifetime supports the CNN's classification over XGBoost's cautious call.""], ""key_features"": [""uid_is_root"", ""events_per_second"", ""unique_syscalls"", ""lifetime_seconds"", ""euid_root""], ""agrees_with"": ""cnn""}"
22937,2,1,T1548,0,1,0.964673638343811,0.9870211482048036,xgb_benign_cnn_malicious,MALICIOUS,1,0.92,cnn,ok,"[""Privilege state: uid_is_root and euid_root are both set, with max_uid_euid_delta being 0, indicating a direct root transition."", ""Mechanism: unique_syscalls at p99+ suggests an unusual or potentially malicious script execution, and uid_changed indicates a change in privileges."", ""Behavioural anomaly: failed_call_rate at p99+ and lifetime_seconds at p99+ suggest a short-lived, high-failure process, which is uncommon for benign activity."", ""Benign-explanation test: The process's short lifetime and high failure rate do not align with typical admin scripting or health-check behavior."", ""Decide: The strong privilege escalation signals (uid_is_root, euid_root, uid_changed) and unusual behavior (failed_call_rate, unique_syscalls) support the CNN's classification over XGBoost's.""]","[""lifetime_seconds"", ""unique_syscalls"", ""uid_is_root"", ""uid_changed"", ""euid_root""]","{""verdict"": ""MALICIOUS"", ""confidence"": 0.92, ""rationale_steps"": [""Privilege state: uid_is_root and euid_root are both set, with max_uid_euid_delta being 0, indicating a direct root transition."", ""Mechanism: unique_syscalls at p99+ suggests an unusual or potentially malicious script execution, and uid_changed indicates a change in privileges."", ""Behavioural anomaly: failed_call_rate at p99+ and lifetime_seconds at p99+ suggest a short-lived, high-failure process, which is uncommon for benign activity."", ""Benign-explanation test: The process's short lifetime and high failure rate do not align with typical admin scripting or health-check behavior."", ""Decide: The strong privilege escalation signals (uid_is_root, euid_root, uid_changed) and unusual behavior (failed_call_rate, unique_syscalls) support the CNN's classification over XGBoost's.""], ""key_features"": [""lifetime_seconds"", ""unique_syscalls"", ""uid_is_root"", ""uid_changed"", ""euid_root""], ""agrees_with"": ""cnn""}"
22944,3,1,T1222,1,0,0.9765482544898988,0.8522466421127319,xgb_malicious_cnn_benign,MALICIOUS,1,0.92,xgb,ok,"[""Privilege state: uid_is_root and euid_root are both set, with max_uid_euid_delta being low, indicating a genuine root context."", ""Mechanism: unique_syscalls at p99+ suggests an unusual or potentially malicious exec chain, and uid_changed indicates a transition in privileges."", ""Behavioural anomaly: failed_call_rate is low, which is more consistent with an attack attempting to avoid detection rather than benign activity."", ""Benign-explanation test: lifetime_seconds at p99+ and no clear benign explanation like admin scripting or cron jobs, given the short and singular execution."", ""Decide: the strong privilege indicators and unusual exec chain outweigh XGBoost's call; this supports the MALICIOUS classification over CNN's BENIGN call.""]","[""lifetime_seconds"", ""unique_syscalls"", ""uid_is_root"", ""euid_root"", ""uid_changed""]","{""verdict"": ""MALICIOUS"", ""confidence"": 0.92, ""rationale_steps"": [""Privilege state: uid_is_root and euid_root are both set, with max_uid_euid_delta being low, indicating a genuine root context."", ""Mechanism: unique_syscalls at p99+ suggests an unusual or potentially malicious exec chain, and uid_changed indicates a transition in privileges."", ""Behavioural anomaly: failed_call_rate is low, which is more consistent with an attack attempting to avoid detection rather than benign activity."", ""Benign-explanation test: lifetime_seconds at p99+ and no clear benign explanation like admin scripting or cron jobs, given the short and singular execution."", ""Decide: the strong privilege indicators and unusual exec chain outweigh XGBoost's call; this supports the MALICIOUS classification over CNN's BENIGN call.""], ""key_features"": [""lifetime_seconds"", ""unique_syscalls"", ""uid_is_root"", ""euid_root"", ""uid_changed""], ""agrees_with"": ""xgb""}"
22948,2,1,T1548,0,1,0.964673638343811,0.9870211482048036,xgb_benign_cnn_malicious,MALICIOUS,1,0.92,cnn,ok,"[""Privilege state: uid_is_root and euid_root are both set, with max_uid_euid_delta being 0, indicating a direct root transition."", ""Mechanism: unique_syscalls at p99+ suggests an unusual or potentially malicious script execution, and uid_changed indicates a change in user identity which is often associated with privilege escalation."", ""Behavioural anomaly: failed_call_rate at p99+ indicates a high rate of failed syscalls, which can be a sign of a process struggling or attempting to perform unauthorized operations."", ""Benign-explanation test: lifetime_seconds at p99+ and no clear benign explanation like admin scripting or health-check, given the high failed_call_rate and unique_syscalls."", ""Decide: the strong privilege escalation signals (uid_is_root, euid_root, uid_changed) and unusual behaviour (failed_call_rate, unique_syscalls) support the CNN's classification over XGBoost's benign call.""]","[""lifetime_seconds"", ""unique_syscalls"", ""uid_is_root"", ""uid_changed"", ""euid_root""]","{""verdict"": ""MALICIOUS"", ""confidence"": 0.92, ""rationale_steps"": [""Privilege state: uid_is_root and euid_root are both set, with max_uid_euid_delta being 0, indicating a direct root transition."", ""Mechanism: unique_syscalls at p99+ suggests an unusual or potentially malicious script execution, and uid_changed indicates a change in user identity which is often associated with privilege escalation."", ""Behavioural anomaly: failed_call_rate at p99+ indicates a high rate of failed syscalls, which can be a sign of a process struggling or attempting to perform unauthorized operations."", ""Benign-explanation test: lifetime_seconds at p99+ and no clear benign explanation like admin scripting or health-check, given the high failed_call_rate and unique_syscalls."", ""Decide: the strong privilege escalation signals (uid_is_root, euid_root, uid_changed) and unusual behaviour (failed_call_rate, unique_syscalls) support the CNN's classification over XGBoost's benign call.""], ""key_features"": [""lifetime_seconds"", ""unique_syscalls"", ""uid_is_root"", ""uid_changed"", ""euid_root""], ""agrees_with"": ""cnn""}"
22965,4,1,T1222,1,0,0.9520105123519896,0.9857449531555176,xgb_malicious_cnn_benign,MALICIOUS,1,0.92,xgb,ok,"[""Privilege state: uid_is_root and euid_root are both set, with max_uid_euid_delta indicating a significant privilege transition."", ""Mechanism: uid_changed and auid_euid_mismatch suggest an attempt to manipulate identity, which aligns with T1548 and T1222."", ""Behavioural anomaly: failed_call_rate is low, and unique_syscalls is high, indicating a potentially novel or malicious process behavior."", ""Benign-explanation test: lifetime_seconds at p99+ and no exec_count suggest a short-lived, focused activity not typical of benign admin scripts."", ""Decide: the strong privilege escalation signals (uid_is_root, euid_root, uid_changed, auid_euid_mismatch) and the atypical behavior (failed_call_rate, unique_syscalls) support the XGBoost model's malicious classification over CNN's benign call.""]","[""lifetime_seconds"", ""unique_syscalls"", ""uid_is_root"", ""uid_changed"", ""euid_root""]","{""verdict"": ""MALICIOUS"", ""confidence"": 0.92, ""rationale_steps"": [""Privilege state: uid_is_root and euid_root are both set, with max_uid_euid_delta indicating a significant privilege transition."", ""Mechanism: uid_changed and auid_euid_mismatch suggest an attempt to manipulate identity, which aligns with T1548 and T1222."", ""Behavioural anomaly: failed_call_rate is low, and unique_syscalls is high, indicating a potentially novel or malicious process behavior."", ""Benign-explanation test: lifetime_seconds at p99+ and no exec_count suggest a short-lived, focused activity not typical of benign admin scripts."", ""Decide: the strong privilege escalation signals (uid_is_root, euid_root, uid_changed, auid_euid_mismatch) and the atypical behavior (failed_call_rate, unique_syscalls) support the XGBoost model's malicious classification over CNN's benign call.""], ""key_features"": [""lifetime_seconds"", ""unique_syscalls"", ""uid_is_root"", ""uid_changed"", ""euid_root""], ""agrees_with"": ""xgb""}"
22985,4,1,T1548,0,1,0.8004418611526489,0.991548478603363,xgb_benign_cnn_malicious,MALICIOUS,1,0.92,cnn,ok,"[""Privilege state: uid_is_root and euid_root are both set, with max_uid_euid_delta being 0, indicating a clear privilege escalation."", ""Mechanism: unique_syscalls at p99+ suggests unusual behavior, and uid_changed indicates a transition in privilege which is typical for privilege escalation."", ""Behavioural anomaly: failed_call_rate is high, suggesting a process with many failed system calls, which is uncommon for benign processes."", ""Benign-explanation test: lifetime_seconds at p99+ and no clear benign explanation like admin scripting or cron jobs, as unique_syscalls and uid_changed are not typical for such activities."", ""Decide: the strong evidence of privilege escalation (uid_is_root, euid_root, uid_changed) and unusual behavior (failed_call_rate, unique_syscalls) supports the CNN's classification over XGBoost's.""]","[""lifetime_seconds"", ""unique_syscalls"", ""uid_is_root"", ""uid_changed"", ""euid_root""]","{""verdict"": ""MALICIOUS"", ""confidence"": 0.92, ""rationale_steps"": [""Privilege state: uid_is_root and euid_root are both set, with max_uid_euid_delta being 0, indicating a clear privilege escalation."", ""Mechanism: unique_syscalls at p99+ suggests unusual behavior, and uid_changed indicates a transition in privilege which is typical for privilege escalation."", ""Behavioural anomaly: failed_call_rate is high, suggesting a process with many failed system calls, which is uncommon for benign processes."", ""Benign-explanation test: lifetime_seconds at p99+ and no clear benign explanation like admin scripting or cron jobs, as unique_syscalls and uid_changed are not typical for such activities."", ""Decide: the strong evidence of privilege escalation (uid_is_root, euid_root, uid_changed) and unusual behavior (failed_call_rate, unique_syscalls) supports the CNN's classification over XGBoost's.""], ""key_features"": [""lifetime_seconds"", ""unique_syscalls"", ""uid_is_root"", ""uid_changed"", ""euid_root""], ""agrees_with"": ""cnn""}"
22993,4,1,T1059,0,1,0.8004418611526489,0.991548478603363,xgb_benign_cnn_malicious,MALICIOUS,1,0.92,cnn,ok,"[""Privilege state: uid_is_root and euid_root are both set, with max_uid_euid_delta being 0, indicating a direct root context."", ""Mechanism: unique_syscalls at p99+ suggests an unusual or potentially malicious script execution, and uid_changed indicates a privilege transition."", ""Behavioural anomaly: failed_call_rate is high, suggesting a process with many failed system calls, which is uncommon for benign processes."", ""Benign-explanation test: lifetime_seconds at p99+ and no clear benign explanation like admin scripting or cron jobs, given the high unique_syscalls and failed_call_rate."", ""Decide: the strong privilege escalation indicators (root context, UID transition) and unusual behaviour (high failed_call_rate, unique_syscalls) support the CNN's classification over XGBoost's.""]","[""lifetime_seconds"", ""unique_syscalls"", ""uid_is_root"", ""uid_changed"", ""euid_root""]","{""verdict"": ""MALICIOUS"", ""confidence"": 0.92, ""rationale_steps"": [""Privilege state: uid_is_root and euid_root are both set, with max_uid_euid_delta being 0, indicating a direct root context."", ""Mechanism: unique_syscalls at p99+ suggests an unusual or potentially malicious script execution, and uid_changed indicates a privilege transition."", ""Behavioural anomaly: failed_call_rate is high, suggesting a process with many failed system calls, which is uncommon for benign processes."", ""Benign-explanation test: lifetime_seconds at p99+ and no clear benign explanation like admin scripting or cron jobs, given the high unique_syscalls and failed_call_rate."", ""Decide: the strong privilege escalation indicators (root context, UID transition) and unusual behaviour (high failed_call_rate, unique_syscalls) support the CNN's classification over XGBoost's.""], ""key_features"": [""lifetime_seconds"", ""unique_syscalls"", ""uid_is_root"", ""uid_changed"", ""euid_root""], ""agrees_with"": ""cnn""}"
23003,3,1,T1548,1,0,0.999918818473816,0.8624513745307922,xgb_malicious_cnn_benign,MALICIOUS,1,0.92,xgb,ok,"[""Privilege state: uid_is_root and euid_root are set, max_uid_euid_delta is extremely high, indicating a significant privilege escalation."", ""Mechanism: uid_changed and auid_euid_mismatch suggest an attempt to manipulate identity, which aligns with T1548 and T1222 techniques."", ""Behavioural anomaly: failed_call_rate is low, and unique_syscalls is high, suggesting a crafted process with a specific purpose, not typical benign activity."", ""Benign-explanation test: lifetime_seconds is minimal, and there's no exec_count or shell_from_service, which contradicts typical benign admin scripting."", ""Decide: the strong evidence of privilege escalation and anomalous behaviour supports XGBoost's MALICIOUS call over CNN's BENIGN call.""]","[""lifetime_seconds"", ""unique_syscalls"", ""uid_is_root"", ""euid_root"", ""max_uid_euid_delta""]","{""verdict"": ""MALICIOUS"", ""confidence"": 0.92, ""rationale_steps"": [""Privilege state: uid_is_root and euid_root are set, max_uid_euid_delta is extremely high, indicating a significant privilege escalation."", ""Mechanism: uid_changed and auid_euid_mismatch suggest an attempt to manipulate identity, which aligns with T1548 and T1222 techniques."", ""Behavioural anomaly: failed_call_rate is low, and unique_syscalls is high, suggesting a crafted process with a specific purpose, not typical benign activity."", ""Benign-explanation test: lifetime_seconds is minimal, and there's no exec_count or shell_from_service, which contradicts typical benign admin scripting."", ""Decide: the strong evidence of privilege escalation and anomalous behaviour supports XGBoost's MALICIOUS call over CNN's BENIGN call.""], ""key_features"": [""lifetime_seconds"", ""unique_syscalls"", ""uid_is_root"", ""euid_root"", ""max_uid_euid_delta""], ""agrees_with"": ""xgb""}"
25232,2,0,benign,0,1,0.001278604613617,0.999983251094818,xgb_benign_cnn_malicious,MALICIOUS,1,0.92,cnn,ok,"[""Privilege state: uid_is_root and euid_root are both set, with max_uid_euid_delta indicating a significant privilege transition."", ""Mechanism: unique_syscalls at p99+ suggests unusual behavior, and uid_changed indicates a change in privilege level during execution."", ""Behavioural anomaly: failed_call_rate is high, indicating potential syscall failures that could be indicative of malicious activity."", ""Benign-explanation test: lifetime_seconds at p99+ and no clear benign explanation like admin scripting or cron jobs, given the short and singular execution."", ""Decide: the strong privilege escalation signals (uid_is_root, euid_root, max_uid_euid_delta) and unusual syscall behavior (unique_syscalls, failed_call_rate) support the CNN's MALICIOUS classification over XGBoost's BENIGN call.""]","[""lifetime_seconds"", ""unique_syscalls"", ""uid_is_root"", ""uid_changed"", ""euid_root""]","{""verdict"": ""MALICIOUS"", ""confidence"": 0.92, ""rationale_steps"": [""Privilege state: uid_is_root and euid_root are both set, with max_uid_euid_delta indicating a significant privilege transition."", ""Mechanism: unique_syscalls at p99+ suggests unusual behavior, and uid_changed indicates a change in privilege level during execution."", ""Behavioural anomaly: failed_call_rate is high, indicating potential syscall failures that could be indicative of malicious activity."", ""Benign-explanation test: lifetime_seconds at p99+ and no clear benign explanation like admin scripting or cron jobs, given the short and singular execution."", ""Decide: the strong privilege escalation signals (uid_is_root, euid_root, max_uid_euid_delta) and unusual syscall behavior (unique_syscalls, failed_call_rate) support the CNN's MALICIOUS classification over XGBoost's BENIGN call.""], ""key_features"": [""lifetime_seconds"", ""unique_syscalls"", ""uid_is_root"", ""uid_changed"", ""euid_root""], ""agrees_with"": ""cnn""}"
25277,2,1,T1595,0,1,0.001278604613617,0.999983251094818,xgb_benign_cnn_malicious,MALICIOUS,1,0.92,cnn,ok,"[""Privilege state: uid_is_root and euid_root are both set, with max_uid_euid_delta indicating a significant privilege transition."", ""Mechanism: unique_syscalls at p99+ suggests unusual behavior, and uid_changed indicates a change in privilege level during execution."", ""Behavioural anomaly: failed_call_rate is high, indicating potential syscall failures that could be indicative of malicious activity."", ""Benign-explanation test: lifetime_seconds at p99+ and no clear benign explanation like admin scripting or cron jobs, given the short and singular execution."", ""Decide: the strong privilege escalation signals (uid_is_root, euid_root, max_uid_euid_delta) and unusual syscall behavior (unique_syscalls, failed_call_rate) support the CNN's MALICIOUS classification over XGBoost's BENIGN call.""]","[""lifetime_seconds"", ""unique_syscalls"", ""uid_is_root"", ""uid_changed"", ""euid_root""]","{""verdict"": ""MALICIOUS"", ""confidence"": 0.92, ""rationale_steps"": [""Privilege state: uid_is_root and euid_root are both set, with max_uid_euid_delta indicating a significant privilege transition."", ""Mechanism: unique_syscalls at p99+ suggests unusual behavior, and uid_changed indicates a change in privilege level during execution."", ""Behavioural anomaly: failed_call_rate is high, indicating potential syscall failures that could be indicative of malicious activity."", ""Benign-explanation test: lifetime_seconds at p99+ and no clear benign explanation like admin scripting or cron jobs, given the short and singular execution."", ""Decide: the strong privilege escalation signals (uid_is_root, euid_root, max_uid_euid_delta) and unusual syscall behavior (unique_syscalls, failed_call_rate) support the CNN's MALICIOUS classification over XGBoost's BENIGN call.""], ""key_features"": [""lifetime_seconds"", ""unique_syscalls"", ""uid_is_root"", ""uid_changed"", ""euid_root""], ""agrees_with"": ""cnn""}"
26003,3,1,T1548,1,0,0.999918818473816,0.8624439835548401,xgb_malicious_cnn_benign,MALICIOUS,1,0.92,xgb,ok,"[""Privilege state: uid_is_root and euid_root are set, max_uid_euid_delta is extremely high, indicating a significant privilege escalation."", ""Mechanism: uid_changed and auid_euid_mismatch suggest an attempt to manipulate identity, which aligns with T1548 and T1222 techniques."", ""Behavioural anomaly: failed_call_rate is low, suggesting successful syscalls, and unique_syscalls is high, indicating unusual behavior not typical of benign processes."", ""Benign-explanation test: lifetime_seconds at p99+ and no exec_count suggest a short-lived, singular operation inconsistent with benign admin scripting or health-checks."", ""Decide: the strong evidence of privilege escalation and unusual behavior supports XGBoost's MALICIOUS call over CNN's BENIGN call.""]","[""lifetime_seconds"", ""unique_syscalls"", ""uid_is_root"", ""euid_root"", ""max_uid_euid_delta""]","{""verdict"": ""MALICIOUS"", ""confidence"": 0.92, ""rationale_steps"": [""Privilege state: uid_is_root and euid_root are set, max_uid_euid_delta is extremely high, indicating a significant privilege escalation."", ""Mechanism: uid_changed and auid_euid_mismatch suggest an attempt to manipulate identity, which aligns with T1548 and T1222 techniques."", ""Behavioural anomaly: failed_call_rate is low, suggesting successful syscalls, and unique_syscalls is high, indicating unusual behavior not typical of benign processes."", ""Benign-explanation test: lifetime_seconds at p99+ and no exec_count suggest a short-lived, singular operation inconsistent with benign admin scripting or health-checks."", ""Decide: the strong evidence of privilege escalation and unusual behavior supports XGBoost's MALICIOUS call over CNN's BENIGN call.""], ""key_features"": [""lifetime_seconds"", ""unique_syscalls"", ""uid_is_root"", ""euid_root"", ""max_uid_euid_delta""], ""agrees_with"": ""xgb""}"
26685,2,1,T1548,0,1,0.964673638343811,0.9870211482048036,xgb_benign_cnn_malicious,MALICIOUS,1,0.92,cnn,ok,"[""Privilege state: uid_is_root and euid_root are both set, with max_uid_euid_delta being 0, indicating a direct root transition."", ""Mechanism: unique_syscalls at p99+ suggests an unusual or potentially malicious script execution, and uid_changed indicates a change in user identity which is often associated with privilege escalation."", ""Behavioural anomaly: failed_call_rate at p99+ indicates a high rate of failed syscalls, which can be a sign of a process struggling or attempting to perform unauthorized operations."", ""Benign-explanation test: lifetime_seconds at p99+ and no clear benign explanation like admin scripting or health-check, given the high failed_call_rate and unique_syscalls."", ""Decide: the strong privilege escalation signals (uid_is_root, euid_root, uid_changed) and unusual behaviour (failed_call_rate, unique_syscalls) support the CNN's classification over XGBoost's benign call.""]","[""lifetime_seconds"", ""unique_syscalls"", ""uid_is_root"", ""uid_changed"", ""euid_root""]","{""verdict"": ""MALICIOUS"", ""confidence"": 0.92, ""rationale_steps"": [""Privilege state: uid_is_root and euid_root are both set, with max_uid_euid_delta being 0, indicating a direct root transition."", ""Mechanism: unique_syscalls at p99+ suggests an unusual or potentially malicious script execution, and uid_changed indicates a change in user identity which is often associated with privilege escalation."", ""Behavioural anomaly: failed_call_rate at p99+ indicates a high rate of failed syscalls, which can be a sign of a process struggling or attempting to perform unauthorized operations."", ""Benign-explanation test: lifetime_seconds at p99+ and no clear benign explanation like admin scripting or health-check, given the high failed_call_rate and unique_syscalls."", ""Decide: the strong privilege escalation signals (uid_is_root, euid_root, uid_changed) and unusual behaviour (failed_call_rate, unique_syscalls) support the CNN's classification over XGBoost's benign call.""], ""key_features"": [""lifetime_seconds"", ""unique_syscalls"", ""uid_is_root"", ""uid_changed"", ""euid_root""], ""agrees_with"": ""cnn""}"
26723,4,1,T1222,0,1,0.839655876159668,0.99452805519104,xgb_benign_cnn_malicious,MALICIOUS,1,0.92,cnn,ok,"[""Privilege state: uid_is_root and euid_root are set, with max_uid_euid_delta low, suggesting a direct root context."", ""Mechanism: unique_syscalls and events_per_second are high, indicating complex or unusual activity, which is a sign of potential malicious intent."", ""Behavioural anomaly: lifetime_seconds is very short (p99+), which is unusual for benign processes and could indicate a quick privilege escalation attempt."", ""Benign-explanation test: the process's short lifetime and high syscall throughput do not align with typical benign admin scripting or health-check behavior."", ""Decide: the evidence of a direct root context and unusual activity patterns supports the CNN's classification over XGBoost's benign call; high confidence due to strong privilege escalation indicators.""]","[""uid_is_root"", ""euid_root"", ""unique_syscalls"", ""events_per_second"", ""lifetime_seconds""]","{""verdict"": ""MALICIOUS"", ""confidence"": 0.92, ""rationale_steps"": [""Privilege state: uid_is_root and euid_root are set, with max_uid_euid_delta low, suggesting a direct root context."", ""Mechanism: unique_syscalls and events_per_second are high, indicating complex or unusual activity, which is a sign of potential malicious intent."", ""Behavioural anomaly: lifetime_seconds is very short (p99+), which is unusual for benign processes and could indicate a quick privilege escalation attempt."", ""Benign-explanation test: the process's short lifetime and high syscall throughput do not align with typical benign admin scripting or health-check behavior."", ""Decide: the evidence of a direct root context and unusual activity patterns supports the CNN's classification over XGBoost's benign call; high confidence due to strong privilege escalation indicators.""], ""key_features"": [""uid_is_root"", ""euid_root"", ""unique_syscalls"", ""events_per_second"", ""lifetime_seconds""], ""agrees_with"": ""cnn""}"
26810,2,1,T1548,0,1,0.964673638343811,0.9870211482048036,xgb_benign_cnn_malicious,MALICIOUS,1,0.92,cnn,ok,"[""Privilege state: uid_is_root and euid_root are both set, with max_uid_euid_delta being 0, indicating a direct root transition."", ""Mechanism: unique_syscalls at p99+ suggests an unusual or potentially malicious script execution, and uid_changed indicates a change in privileges."", ""Behavioural anomaly: failed_call_rate at p99+ and lifetime_seconds at p99+ suggest a short-lived, high-failure process, which is uncommon for benign activity."", ""Benign-explanation test: The process's short lifetime and high failure rate do not align with typical admin scripting or health-check behavior."", ""Decide: The strong privilege escalation signals (uid_is_root, euid_root, uid_changed) and unusual behavior (failed_call_rate, unique_syscalls) support the CNN's classification over XGBoost's.""]","[""lifetime_seconds"", ""unique_syscalls"", ""uid_is_root"", ""uid_changed"", ""euid_root""]","{""verdict"": ""MALICIOUS"", ""confidence"": 0.92, ""rationale_steps"": [""Privilege state: uid_is_root and euid_root are both set, with max_uid_euid_delta being 0, indicating a direct root transition."", ""Mechanism: unique_syscalls at p99+ suggests an unusual or potentially malicious script execution, and uid_changed indicates a change in privileges."", ""Behavioural anomaly: failed_call_rate at p99+ and lifetime_seconds at p99+ suggest a short-lived, high-failure process, which is uncommon for benign activity."", ""Benign-explanation test: The process's short lifetime and high failure rate do not align with typical admin scripting or health-check behavior."", ""Decide: The strong privilege escalation signals (uid_is_root, euid_root, uid_changed) and unusual behavior (failed_call_rate, unique_syscalls) support the CNN's classification over XGBoost's.""], ""key_features"": [""lifetime_seconds"", ""unique_syscalls"", ""uid_is_root"", ""uid_changed"", ""euid_root""], ""agrees_with"": ""cnn""}"
26814,3,1,T1548,1,0,0.999918818473816,0.8624439835548401,xgb_malicious_cnn_benign,MALICIOUS,1,0.92,xgb,ok,"[""Privilege state: uid_is_root and euid_root are set, max_uid_euid_delta is extremely high, indicating a significant privilege escalation."", ""Mechanism: uid_changed and auid_euid_mismatch suggest an attempt to manipulate identity, which aligns with T1548 and T1222 techniques."", ""Behavioural anomaly: failed_call_rate is low, suggesting successful syscalls, and unique_syscalls is high, indicating unusual behavior not typical of benign processes."", ""Benign-explanation test: lifetime_seconds at p99+ and no exec_count suggest a short-lived, singular operation inconsistent with benign admin scripting or health-checks."", ""Decide: the strong evidence of privilege escalation and unusual behavior supports XGBoost's MALICIOUS call over CNN's BENIGN call.""]","[""lifetime_seconds"", ""unique_syscalls"", ""uid_is_root"", ""euid_root"", ""max_uid_euid_delta""]","{""verdict"": ""MALICIOUS"", ""confidence"": 0.92, ""rationale_steps"": [""Privilege state: uid_is_root and euid_root are set, max_uid_euid_delta is extremely high, indicating a significant privilege escalation."", ""Mechanism: uid_changed and auid_euid_mismatch suggest an attempt to manipulate identity, which aligns with T1548 and T1222 techniques."", ""Behavioural anomaly: failed_call_rate is low, suggesting successful syscalls, and unique_syscalls is high, indicating unusual behavior not typical of benign processes."", ""Benign-explanation test: lifetime_seconds at p99+ and no exec_count suggest a short-lived, singular operation inconsistent with benign admin scripting or health-checks."", ""Decide: the strong evidence of privilege escalation and unusual behavior supports XGBoost's MALICIOUS call over CNN's BENIGN call.""], ""key_features"": [""lifetime_seconds"", ""unique_syscalls"", ""uid_is_root"", ""euid_root"", ""max_uid_euid_delta""], ""agrees_with"": ""xgb""}"
28292,2,1,T1595,0,1,0.001278604613617,0.999983251094818,xgb_benign_cnn_malicious,MALICIOUS,1,0.92,cnn,ok,"[""Privilege state: uid_is_root and euid_root are both set, with max_uid_euid_delta indicating a significant privilege transition."", ""Mechanism: unique_syscalls at p99+ suggests unusual behavior, and uid_changed indicates a change in privilege level during execution."", ""Behavioural anomaly: failed_call_rate is high, indicating potential syscall failures that could be indicative of malicious activity."", ""Benign-explanation test: lifetime_seconds at p99+ and no clear benign explanation like admin scripting or cron jobs, given the short and singular execution."", ""Decide: the strong privilege escalation signals (uid_is_root, euid_root, max_uid_euid_delta) and unusual syscall behavior (unique_syscalls, failed_call_rate) support the CNN's MALICIOUS classification over XGBoost's BENIGN call.""]","[""lifetime_seconds"", ""unique_syscalls"", ""uid_is_root"", ""uid_changed"", ""euid_root""]","{""verdict"": ""MALICIOUS"", ""confidence"": 0.92, ""rationale_steps"": [""Privilege state: uid_is_root and euid_root are both set, with max_uid_euid_delta indicating a significant privilege transition."", ""Mechanism: unique_syscalls at p99+ suggests unusual behavior, and uid_changed indicates a change in privilege level during execution."", ""Behavioural anomaly: failed_call_rate is high, indicating potential syscall failures that could be indicative of malicious activity."", ""Benign-explanation test: lifetime_seconds at p99+ and no clear benign explanation like admin scripting or cron jobs, given the short and singular execution."", ""Decide: the strong privilege escalation signals (uid_is_root, euid_root, max_uid_euid_delta) and unusual syscall behavior (unique_syscalls, failed_call_rate) support the CNN's MALICIOUS classification over XGBoost's BENIGN call.""], ""key_features"": [""lifetime_seconds"", ""unique_syscalls"", ""uid_is_root"", ""uid_changed"", ""euid_root""], ""agrees_with"": ""cnn""}"
28865,3,1,T1548,1,0,0.999918818473816,0.8624439835548401,xgb_malicious_cnn_benign,MALICIOUS,1,0.92,xgb,ok,"[""Privilege state: uid_is_root and euid_root are set, max_uid_euid_delta is extremely high, indicating a significant privilege escalation."", ""Mechanism: uid_changed and auid_euid_mismatch suggest an attempt to manipulate identity, which aligns with T1548 and T1222 techniques."", ""Behavioural anomaly: failed_call_rate is low, suggesting successful syscalls, and unique_syscalls is high, indicating unusual behavior not typical of benign processes."", ""Benign-explanation test: lifetime_seconds at p99+ and no exec_count suggest a short-lived, singular operation inconsistent with benign admin scripting or health-checks."", ""Decide: the strong evidence of privilege escalation and unusual behavior supports XGBoost's MALICIOUS call over CNN's BENIGN call.""]","[""lifetime_seconds"", ""unique_syscalls"", ""uid_is_root"", ""euid_root"", ""max_uid_euid_delta""]","{""verdict"": ""MALICIOUS"", ""confidence"": 0.92, ""rationale_steps"": [""Privilege state: uid_is_root and euid_root are set, max_uid_euid_delta is extremely high, indicating a significant privilege escalation."", ""Mechanism: uid_changed and auid_euid_mismatch suggest an attempt to manipulate identity, which aligns with T1548 and T1222 techniques."", ""Behavioural anomaly: failed_call_rate is low, suggesting successful syscalls, and unique_syscalls is high, indicating unusual behavior not typical of benign processes."", ""Benign-explanation test: lifetime_seconds at p99+ and no exec_count suggest a short-lived, singular operation inconsistent with benign admin scripting or health-checks."", ""Decide: the strong evidence of privilege escalation and unusual behavior supports XGBoost's MALICIOUS call over CNN's BENIGN call.""], ""key_features"": [""lifetime_seconds"", ""unique_syscalls"", ""uid_is_root"", ""euid_root"", ""max_uid_euid_delta""], ""agrees_with"": ""xgb""}"
28933,3,1,T1548,1,0,0.999918818473816,0.8624513745307922,xgb_malicious_cnn_benign,,-1,,,parse_error,[],[],"{
  ""verdict"": ""MALICIOUS"",
  ""confidence"": 0.92,
  ""rationale_steps"": [
    ""Privilege state: uid_is_root and euid_root are set, max_uid_euid_delta is extremely high, and auid_euid_mismatch is present, indicating a clear privilege escalation attempt."",
    ""Mechanism: The process has a lifetime of 1 second, which is unusual and could suggest a rapid privilege escalation attempt, combined with unique_syscalls indicating non-standard behavior."",
    ""Behavioural anomaly: The failed_call_rate is low, suggesting successful execution of syscalls, and uid_changed indicates a transition in user identity, which is uncommon in benign processes."",
    ""Benign-explanation test: The short lifetime and unique_syscalls argue against this being a routine admin script or health-check, as such activities typically have longer lifetimes and more predictable syscall patterns."",
    ""Decide: The strong evidence of privilege escalation (uid_is_root, euid_root, max_uid_euid_delta, auid_euid_mismatch) and the unusual behavior (short lifetime, unique_syscalls) support the MALICIOUS classification, with XGBoost's high confidence in maliciousness.""
  ],
  ""key_features"": [""lifetime_seconds"", ""unique_syscalls"", ""uid_is_root"", ""euid_root"", ""max_uid_euid_delta"", ""auid_euid_mismatch""],
  ""agrees_with"": ""xgb""
}"
28935,3,1,T1548,1,0,0.999918818473816,0.8624513745307922,xgb_malicious_cnn_benign,MALICIOUS,1,0.92,xgb,ok,"[""Privilege state: uid_is_root and euid_root are set, max_uid_euid_delta is extremely high, indicating a significant privilege escalation."", ""Mechanism: uid_changed and auid_euid_mismatch suggest an attempt to manipulate identity, which aligns with T1548 and T1222 techniques."", ""Behavioural anomaly: failed_call_rate is low, and unique_syscalls is high, suggesting a crafted process with a specific purpose, which is uncommon in benign activity."", ""Benign-explanation test: lifetime_seconds at p99+ and no exec_count suggest a one-off, short-lived process, inconsistent with typical benign scripts or cron jobs."", ""Decide: the strong evidence of privilege escalation and anomalous behaviour supports XGBoost's MALICIOUS call over CNN's BENIGN call.""]","[""lifetime_seconds"", ""unique_syscalls"", ""uid_is_root"", ""euid_root"", ""max_uid_euid_delta""]","{""verdict"": ""MALICIOUS"", ""confidence"": 0.92, ""rationale_steps"": [""Privilege state: uid_is_root and euid_root are set, max_uid_euid_delta is extremely high, indicating a significant privilege escalation."", ""Mechanism: uid_changed and auid_euid_mismatch suggest an attempt to manipulate identity, which aligns with T1548 and T1222 techniques."", ""Behavioural anomaly: failed_call_rate is low, and unique_syscalls is high, suggesting a crafted process with a specific purpose, which is uncommon in benign activity."", ""Benign-explanation test: lifetime_seconds at p99+ and no exec_count suggest a one-off, short-lived process, inconsistent with typical benign scripts or cron jobs."", ""Decide: the strong evidence of privilege escalation and anomalous behaviour supports XGBoost's MALICIOUS call over CNN's BENIGN call.""], ""key_features"": [""lifetime_seconds"", ""unique_syscalls"", ""uid_is_root"", ""euid_root"", ""max_uid_euid_delta""], ""agrees_with"": ""xgb""}"
28949,2,1,T1548,0,1,0.964673638343811,0.9870211482048036,xgb_benign_cnn_malicious,MALICIOUS,1,0.92,cnn,ok,"[""Privilege state: uid_is_root and euid_root are both set, with max_uid_euid_delta being 0, indicating a direct root transition."", ""Mechanism: unique_syscalls at p99+ suggests an unusual or potentially malicious script execution, and uid_changed indicates a change in user identity which is often associated with privilege escalation."", ""Behavioural anomaly: failed_call_rate at p99+ indicates a high rate of failed syscalls, which can be a sign of a process struggling or attempting to perform unauthorized operations."", ""Benign-explanation test: lifetime_seconds at p99+ and no clear benign explanation like admin scripting or health-check, given the high failed_call_rate and unique_syscalls."", ""Decide: the strong privilege escalation signals (uid_is_root, euid_root, uid_changed) and unusual behaviour (failed_call_rate, unique_syscalls) support the CNN's classification over XGBoost's benign call.""]","[""lifetime_seconds"", ""unique_syscalls"", ""uid_is_root"", ""uid_changed"", ""euid_root""]","{""verdict"": ""MALICIOUS"", ""confidence"": 0.92, ""rationale_steps"": [""Privilege state: uid_is_root and euid_root are both set, with max_uid_euid_delta being 0, indicating a direct root transition."", ""Mechanism: unique_syscalls at p99+ suggests an unusual or potentially malicious script execution, and uid_changed indicates a change in user identity which is often associated with privilege escalation."", ""Behavioural anomaly: failed_call_rate at p99+ indicates a high rate of failed syscalls, which can be a sign of a process struggling or attempting to perform unauthorized operations."", ""Benign-explanation test: lifetime_seconds at p99+ and no clear benign explanation like admin scripting or health-check, given the high failed_call_rate and unique_syscalls."", ""Decide: the strong privilege escalation signals (uid_is_root, euid_root, uid_changed) and unusual behaviour (failed_call_rate, unique_syscalls) support the CNN's classification over XGBoost's benign call.""], ""key_features"": [""lifetime_seconds"", ""unique_syscalls"", ""uid_is_root"", ""uid_changed"", ""euid_root""], ""agrees_with"": ""cnn""}"
29574,3,0,benign,1,0,0.9765482544898988,0.8522466421127319,xgb_malicious_cnn_benign,MALICIOUS,1,0.92,xgb,ok,"[""Privilege state: uid_is_root and euid_root are both set, with max_uid_euid_delta being low, indicating a genuine root context."", ""Mechanism: unique_syscalls at p99+ suggests an unusual or potentially malicious exec chain, and uid_changed indicates a transition in privileges."", ""Behavioural anomaly: failed_call_rate is low, which is more consistent with an attack attempting to avoid detection rather than benign activity."", ""Benign-explanation test: lifetime_seconds at p99+ and no clear benign explanation like admin scripting or cron jobs, given the short and singular execution."", ""Decide: the strong privilege indicators and unusual exec chain outweigh XGBoost's call; this supports the MALICIOUS classification over CNN's BENIGN call.""]","[""lifetime_seconds"", ""unique_syscalls"", ""uid_is_root"", ""euid_root"", ""uid_changed""]","{""verdict"": ""MALICIOUS"", ""confidence"": 0.92, ""rationale_steps"": [""Privilege state: uid_is_root and euid_root are both set, with max_uid_euid_delta being low, indicating a genuine root context."", ""Mechanism: unique_syscalls at p99+ suggests an unusual or potentially malicious exec chain, and uid_changed indicates a transition in privileges."", ""Behavioural anomaly: failed_call_rate is low, which is more consistent with an attack attempting to avoid detection rather than benign activity."", ""Benign-explanation test: lifetime_seconds at p99+ and no clear benign explanation like admin scripting or cron jobs, given the short and singular execution."", ""Decide: the strong privilege indicators and unusual exec chain outweigh XGBoost's call; this supports the MALICIOUS classification over CNN's BENIGN call.""], ""key_features"": [""lifetime_seconds"", ""unique_syscalls"", ""uid_is_root"", ""euid_root"", ""uid_changed""], ""agrees_with"": ""xgb""}"
29657,3,1,T1222,1,0,0.9765482544898988,0.8522466421127319,xgb_malicious_cnn_benign,MALICIOUS,1,0.92,cnn,ok,"[""Privilege state: uid_is_root and euid_root are both set, with max_uid_euid_delta being low, indicating a genuine root context."", ""Mechanism: unique_syscalls at p99+ suggests an unusual or potentially malicious exec chain, and uid_changed indicates a transition in privileges."", ""Behavioural anomaly: failed_call_rate is low, suggesting successful execution of syscalls, and lifetime_seconds is minimal, which is unusual for benign processes."", ""Benign-explanation test: The process's short lifetime and unique syscall pattern do not align with typical admin scripting or cron job behavior."", ""Decide: The strong privilege indicators and unusual exec chain outweigh XGBoost's call, supporting the CNN's classification.""]","[""lifetime_seconds"", ""unique_syscalls"", ""uid_is_root"", ""euid_root"", ""uid_changed""]","{""verdict"": ""MALICIOUS"", ""confidence"": 0.92, ""rationale_steps"": [""Privilege state: uid_is_root and euid_root are both set, with max_uid_euid_delta being low, indicating a genuine root context."", ""Mechanism: unique_syscalls at p99+ suggests an unusual or potentially malicious exec chain, and uid_changed indicates a transition in privileges."", ""Behavioural anomaly: failed_call_rate is low, suggesting successful execution of syscalls, and lifetime_seconds is minimal, which is unusual for benign processes."", ""Benign-explanation test: The process's short lifetime and unique syscall pattern do not align with typical admin scripting or cron job behavior."", ""Decide: The strong privilege indicators and unusual exec chain outweigh XGBoost's call, supporting the CNN's classification.""], ""key_features"": [""lifetime_seconds"", ""unique_syscalls"", ""uid_is_root"", ""euid_root"", ""uid_changed""], ""agrees_with"": ""cnn""}"
30391,2,1,T1548,0,1,0.964673638343811,0.9870211482048036,xgb_benign_cnn_malicious,MALICIOUS,1,0.92,cnn,ok,"[""Privilege state: uid_is_root and euid_root are both set, with max_uid_euid_delta being 0, indicating a direct root transition."", ""Mechanism: unique_syscalls at p99+ suggests an unusual or potentially malicious script execution, and uid_changed indicates a change in user identity which is often associated with privilege escalation."", ""Behavioural anomaly: failed_call_rate at p99+ indicates a high rate of failed syscalls, which can be a sign of a process struggling or attempting to perform unauthorized operations."", ""Benign-explanation test: lifetime_seconds at p99+ and no clear benign explanation like admin scripting or health-check, given the high failed_call_rate and unique_syscalls."", ""Decide: the strong privilege escalation signals (uid_is_root, euid_root, uid_changed) and unusual behaviour (failed_call_rate, unique_syscalls) support the CNN's classification over XGBoost's benign call.""]","[""lifetime_seconds"", ""unique_syscalls"", ""uid_is_root"", ""uid_changed"", ""euid_root""]","{""verdict"": ""MALICIOUS"", ""confidence"": 0.92, ""rationale_steps"": [""Privilege state: uid_is_root and euid_root are both set, with max_uid_euid_delta being 0, indicating a direct root transition."", ""Mechanism: unique_syscalls at p99+ suggests an unusual or potentially malicious script execution, and uid_changed indicates a change in user identity which is often associated with privilege escalation."", ""Behavioural anomaly: failed_call_rate at p99+ indicates a high rate of failed syscalls, which can be a sign of a process struggling or attempting to perform unauthorized operations."", ""Benign-explanation test: lifetime_seconds at p99+ and no clear benign explanation like admin scripting or health-check, given the high failed_call_rate and unique_syscalls."", ""Decide: the strong privilege escalation signals (uid_is_root, euid_root, uid_changed) and unusual behaviour (failed_call_rate, unique_syscalls) support the CNN's classification over XGBoost's benign call.""], ""key_features"": [""lifetime_seconds"", ""unique_syscalls"", ""uid_is_root"", ""uid_changed"", ""euid_root""], ""agrees_with"": ""cnn""}"
30398,4,1,T1222,0,1,0.8588305115699768,0.9928185343742372,xgb_benign_cnn_malicious,MALICIOUS,1,0.92,cnn,ok,"[""Privilege state: uid_is_root and euid_root are set, with max_uid_euid_delta low, suggesting a direct root context."", ""Mechanism: high syscall throughput (events_per_second) and unique_syscalls indicate complex, potentially malicious activity."", ""Behavioural anomaly: short lifetime_seconds and absence of shell_from_service suggest a scripted, possibly malicious attempt rather than benign admin activity."", ""Benign-explanation test: the short process lifetime and high syscall activity are inconsistent with typical benign admin scripts or health-checks."", ""Decide: the evidence of a direct root context and high syscall activity supports the CNN's classification over XGBoost's benign call; high confidence due to strong privilege escalation indicators.""]","[""uid_is_root"", ""euid_root"", ""events_per_second"", ""unique_syscalls"", ""max_uid_euid_delta""]","{""verdict"": ""MALICIOUS"", ""confidence"": 0.92, ""rationale_steps"": [""Privilege state: uid_is_root and euid_root are set, with max_uid_euid_delta low, suggesting a direct root context."", ""Mechanism: high syscall throughput (events_per_second) and unique_syscalls indicate complex, potentially malicious activity."", ""Behavioural anomaly: short lifetime_seconds and absence of shell_from_service suggest a scripted, possibly malicious attempt rather than benign admin activity."", ""Benign-explanation test: the short process lifetime and high syscall activity are inconsistent with typical benign admin scripts or health-checks."", ""Decide: the evidence of a direct root context and high syscall activity supports the CNN's classification over XGBoost's benign call; high confidence due to strong privilege escalation indicators.""], ""key_features"": [""uid_is_root"", ""euid_root"", ""events_per_second"", ""unique_syscalls"", ""max_uid_euid_delta""], ""agrees_with"": ""cnn""}"
30417,2,1,T1548,0,1,0.9779095649719238,0.9780508279800416,xgb_benign_cnn_malicious,MALICIOUS,1,0.92,cnn,ok,"[""Privilege state: uid_is_root and euid_root are set, with max_uid_euid_delta low, suggesting a direct root context."", ""Mechanism: unique_syscalls=1 and events_per_second high indicate a potentially scripted or automated activity, which could be malicious."", ""Behavioural anomaly: lifetime_seconds at p99+ and uid_changed=0 suggest a short-lived, abrupt process that doesn't fit typical benign activity patterns."", ""Benign-explanation test: seq_length=2 and high syscall throughput argue against a benign admin script or cron job, which usually have longer lifetimes and more varied syscall patterns."", ""Decide: the combination of direct root context, high syscall throughput, and short-lived process supports the CNN's classification over XGBoost's high malicious probability.""]","[""uid_is_root"", ""euid_root"", ""unique_syscalls"", ""events_per_second"", ""lifetime_seconds""]","{""verdict"": ""MALICIOUS"", ""confidence"": 0.92, ""rationale_steps"": [""Privilege state: uid_is_root and euid_root are set, with max_uid_euid_delta low, suggesting a direct root context."", ""Mechanism: unique_syscalls=1 and events_per_second high indicate a potentially scripted or automated activity, which could be malicious."", ""Behavioural anomaly: lifetime_seconds at p99+ and uid_changed=0 suggest a short-lived, abrupt process that doesn't fit typical benign activity patterns."", ""Benign-explanation test: seq_length=2 and high syscall throughput argue against a benign admin script or cron job, which usually have longer lifetimes and more varied syscall patterns."", ""Decide: the combination of direct root context, high syscall throughput, and short-lived process supports the CNN's classification over XGBoost's high malicious probability.""], ""key_features"": [""uid_is_root"", ""euid_root"", ""unique_syscalls"", ""events_per_second"", ""lifetime_seconds""], ""agrees_with"": ""cnn""}"
31035,2,1,T1548,0,1,0.964673638343811,0.9870211482048036,xgb_benign_cnn_malicious,MALICIOUS,1,0.92,cnn,ok,"[""Privilege state: uid_is_root and euid_root are both set, with max_uid_euid_delta being 0, indicating a direct root transition."", ""Mechanism: unique_syscalls at p99+ suggests an unusual or potentially malicious script execution, and uid_changed indicates a change in privileges."", ""Behavioural anomaly: failed_call_rate at p99+ and lifetime_seconds at p99+ suggest a short-lived, high-failure process, which is uncommon for benign activity."", ""Benign-explanation test: The process's short lifetime and high failure rate do not align with typical admin scripting or health-check behavior."", ""Decide: The strong privilege escalation signals (uid_is_root, euid_root, uid_changed) and unusual behavior (failed_call_rate, unique_syscalls) support the CNN's classification over XGBoost's.""]","[""lifetime_seconds"", ""unique_syscalls"", ""uid_is_root"", ""uid_changed"", ""euid_root""]","{""verdict"": ""MALICIOUS"", ""confidence"": 0.92, ""rationale_steps"": [""Privilege state: uid_is_root and euid_root are both set, with max_uid_euid_delta being 0, indicating a direct root transition."", ""Mechanism: unique_syscalls at p99+ suggests an unusual or potentially malicious script execution, and uid_changed indicates a change in privileges."", ""Behavioural anomaly: failed_call_rate at p99+ and lifetime_seconds at p99+ suggest a short-lived, high-failure process, which is uncommon for benign activity."", ""Benign-explanation test: The process's short lifetime and high failure rate do not align with typical admin scripting or health-check behavior."", ""Decide: The strong privilege escalation signals (uid_is_root, euid_root, uid_changed) and unusual behavior (failed_call_rate, unique_syscalls) support the CNN's classification over XGBoost's.""], ""key_features"": [""lifetime_seconds"", ""unique_syscalls"", ""uid_is_root"", ""uid_changed"", ""euid_root""], ""agrees_with"": ""cnn""}"
31036,2,1,T1548,0,1,0.964673638343811,0.9870211482048036,xgb_benign_cnn_malicious,MALICIOUS,1,0.92,cnn,ok,"[""Privilege state: uid_is_root and euid_root are both set, with max_uid_euid_delta being 0, indicating a direct root transition."", ""Mechanism: unique_syscalls at p99+ suggests an unusual or potentially malicious script execution, and uid_changed indicates a change in user identity which is often associated with privilege escalation."", ""Behavioural anomaly: failed_call_rate at p99+ indicates a high rate of failed syscalls, which can be a sign of a process struggling or attempting to perform unauthorized operations."", ""Benign-explanation test: lifetime_seconds at p99+ and no clear benign explanation like admin scripting or health-check, given the high failed_call_rate and unique_syscalls."", ""Decide: the strong privilege escalation signals (uid_is_root, euid_root, uid_changed) and unusual behaviour (failed_call_rate, unique_syscalls) support the CNN's classification over XGBoost's benign call.""]","[""lifetime_seconds"", ""unique_syscalls"", ""uid_is_root"", ""uid_changed"", ""euid_root""]","{""verdict"": ""MALICIOUS"", ""confidence"": 0.92, ""rationale_steps"": [""Privilege state: uid_is_root and euid_root are both set, with max_uid_euid_delta being 0, indicating a direct root transition."", ""Mechanism: unique_syscalls at p99+ suggests an unusual or potentially malicious script execution, and uid_changed indicates a change in user identity which is often associated with privilege escalation."", ""Behavioural anomaly: failed_call_rate at p99+ indicates a high rate of failed syscalls, which can be a sign of a process struggling or attempting to perform unauthorized operations."", ""Benign-explanation test: lifetime_seconds at p99+ and no clear benign explanation like admin scripting or health-check, given the high failed_call_rate and unique_syscalls."", ""Decide: the strong privilege escalation signals (uid_is_root, euid_root, uid_changed) and unusual behaviour (failed_call_rate, unique_syscalls) support the CNN's classification over XGBoost's benign call.""], ""key_features"": [""lifetime_seconds"", ""unique_syscalls"", ""uid_is_root"", ""uid_changed"", ""euid_root""], ""agrees_with"": ""cnn""}"
31085,3,1,T1548,1,0,0.999918818473816,0.8624513745307922,xgb_malicious_cnn_benign,MALICIOUS,1,0.92,xgb,ok,"[""Privilege state: uid_is_root and euid_root are set, max_uid_euid_delta is extremely high, indicating a significant privilege escalation."", ""Mechanism: uid_changed and auid_euid_mismatch suggest an attempt to manipulate identity, which aligns with T1548 and T1222 techniques."", ""Behavioural anomaly: failed_call_rate is low, and unique_syscalls is high, suggesting a crafted process with a specific purpose, not typical benign activity."", ""Benign-explanation test: lifetime_seconds is minimal, and there's no exec_count or shell_from_service, which contradicts typical benign admin scripting."", ""Decide: the strong evidence of privilege escalation and anomalous behaviour supports XGBoost's MALICIOUS call over CNN's BENIGN call.""]","[""lifetime_seconds"", ""unique_syscalls"", ""uid_is_root"", ""euid_root"", ""max_uid_euid_delta""]","{""verdict"": ""MALICIOUS"", ""confidence"": 0.92, ""rationale_steps"": [""Privilege state: uid_is_root and euid_root are set, max_uid_euid_delta is extremely high, indicating a significant privilege escalation."", ""Mechanism: uid_changed and auid_euid_mismatch suggest an attempt to manipulate identity, which aligns with T1548 and T1222 techniques."", ""Behavioural anomaly: failed_call_rate is low, and unique_syscalls is high, suggesting a crafted process with a specific purpose, not typical benign activity."", ""Benign-explanation test: lifetime_seconds is minimal, and there's no exec_count or shell_from_service, which contradicts typical benign admin scripting."", ""Decide: the strong evidence of privilege escalation and anomalous behaviour supports XGBoost's MALICIOUS call over CNN's BENIGN call.""], ""key_features"": [""lifetime_seconds"", ""unique_syscalls"", ""uid_is_root"", ""euid_root"", ""max_uid_euid_delta""], ""agrees_with"": ""xgb""}"
31677,2,1,T1595,0,1,0.001278604613617,0.999983251094818,xgb_benign_cnn_malicious,MALICIOUS,1,0.92,cnn,ok,"[""Privilege state: uid_is_root and euid_root are both set, with max_uid_euid_delta indicating a significant privilege transition."", ""Mechanism: unique_syscalls at p99+ suggests unusual behavior, and uid_changed indicates a change in privilege level during execution."", ""Behavioural anomaly: failed_call_rate is high, indicating potential syscall failures that could be indicative of malicious activity."", ""Benign-explanation test: lifetime_seconds at p99+ and no clear benign explanation like admin scripting or cron jobs, given the short and singular execution."", ""Decide: the strong privilege escalation signals (uid_is_root, euid_root, max_uid_euid_delta) and unusual syscall behavior (unique_syscalls, failed_call_rate) support the CNN's MALICIOUS classification over XGBoost's BENIGN call.""]","[""lifetime_seconds"", ""unique_syscalls"", ""uid_is_root"", ""uid_changed"", ""euid_root""]","{""verdict"": ""MALICIOUS"", ""confidence"": 0.92, ""rationale_steps"": [""Privilege state: uid_is_root and euid_root are both set, with max_uid_euid_delta indicating a significant privilege transition."", ""Mechanism: unique_syscalls at p99+ suggests unusual behavior, and uid_changed indicates a change in privilege level during execution."", ""Behavioural anomaly: failed_call_rate is high, indicating potential syscall failures that could be indicative of malicious activity."", ""Benign-explanation test: lifetime_seconds at p99+ and no clear benign explanation like admin scripting or cron jobs, given the short and singular execution."", ""Decide: the strong privilege escalation signals (uid_is_root, euid_root, max_uid_euid_delta) and unusual syscall behavior (unique_syscalls, failed_call_rate) support the CNN's MALICIOUS classification over XGBoost's BENIGN call.""], ""key_features"": [""lifetime_seconds"", ""unique_syscalls"", ""uid_is_root"", ""uid_changed"", ""euid_root""], ""agrees_with"": ""cnn""}"
31682,2,0,benign,0,1,0.001278604613617,0.999983251094818,xgb_benign_cnn_malicious,MALICIOUS,1,0.92,cnn,ok,"[""Privilege state: uid_is_root and euid_root are both set, with max_uid_euid_delta indicating a significant privilege transition."", ""Mechanism: unique_syscalls at p99+ suggests unusual behavior, and uid_changed indicates a change in privilege level during execution."", ""Behavioural anomaly: failed_call_rate is high, indicating potential syscall failures that could be indicative of malicious activity."", ""Benign-explanation test: lifetime_seconds at p99+ and no clear benign explanation like admin scripting or cron jobs, given the short and singular execution."", ""Decide: the strong privilege escalation signals (uid_is_root, euid_root, max_uid_euid_delta) and unusual syscall behavior (unique_syscalls, failed_call_rate) support the CNN's MALICIOUS classification over XGBoost's BENIGN call.""]","[""lifetime_seconds"", ""unique_syscalls"", ""uid_is_root"", ""uid_changed"", ""euid_root""]","{""verdict"": ""MALICIOUS"", ""confidence"": 0.92, ""rationale_steps"": [""Privilege state: uid_is_root and euid_root are both set, with max_uid_euid_delta indicating a significant privilege transition."", ""Mechanism: unique_syscalls at p99+ suggests unusual behavior, and uid_changed indicates a change in privilege level during execution."", ""Behavioural anomaly: failed_call_rate is high, indicating potential syscall failures that could be indicative of malicious activity."", ""Benign-explanation test: lifetime_seconds at p99+ and no clear benign explanation like admin scripting or cron jobs, given the short and singular execution."", ""Decide: the strong privilege escalation signals (uid_is_root, euid_root, max_uid_euid_delta) and unusual syscall behavior (unique_syscalls, failed_call_rate) support the CNN's MALICIOUS classification over XGBoost's BENIGN call.""], ""key_features"": [""lifetime_seconds"", ""unique_syscalls"", ""uid_is_root"", ""uid_changed"", ""euid_root""], ""agrees_with"": ""cnn""}"
32445,4,1,T1222,0,1,0.8476836681365967,0.9918534755706788,xgb_benign_cnn_malicious,MALICIOUS,1,0.92,cnn,ok,"[""Privilege state: uid_is_root and euid_root are set, with a max_uid_euid_delta of 0 indicating a direct root transition, which is a strong indicator of malicious activity."", ""Mechanism: The process has a high syscall throughput (events_per_second) and a long syscall sequence (seq_length) with a high number of unique syscalls, which is unusual for benign processes."", ""Behavioural anomaly: The process has a UID change (uid_changed) and a large gap between real and effective UID (max_uid_euid_delta), which is typical for privilege escalation attempts."", ""Benign-explanation test: The short lifetime_seconds and the high rate of system calls do not align with typical benign admin scripting or health-check activities."", ""Decide: The strong privilege escalation indicators and unusual behavioural patterns support the CNN's classification over XGBoost's, with a high confidence due to the clear deviation from benign patterns.""]","[""lifetime_seconds"", ""events_per_second"", ""seq_length"", ""unique_syscalls"", ""uid_is_root""]","{""verdict"": ""MALICIOUS"", ""confidence"": 0.92, ""rationale_steps"": [""Privilege state: uid_is_root and euid_root are set, with a max_uid_euid_delta of 0 indicating a direct root transition, which is a strong indicator of malicious activity."", ""Mechanism: The process has a high syscall throughput (events_per_second) and a long syscall sequence (seq_length) with a high number of unique syscalls, which is unusual for benign processes."", ""Behavioural anomaly: The process has a UID change (uid_changed) and a large gap between real and effective UID (max_uid_euid_delta), which is typical for privilege escalation attempts."", ""Benign-explanation test: The short lifetime_seconds and the high rate of system calls do not align with typical benign admin scripting or health-check activities."", ""Decide: The strong privilege escalation indicators and unusual behavioural patterns support the CNN's classification over XGBoost's, with a high confidence due to the clear deviation from benign patterns.""], ""key_features"": [""lifetime_seconds"", ""events_per_second"", ""seq_length"", ""unique_syscalls"", ""uid_is_root""], ""agrees_with"": ""cnn""}"
32456,2,1,T1548,0,1,0.964673638343811,0.9870211482048036,xgb_benign_cnn_malicious,MALICIOUS,1,0.92,cnn,ok,"[""Privilege state: uid_is_root and euid_root are both set, with max_uid_euid_delta being 0, indicating a direct root transition."", ""Mechanism: unique_syscalls at p99+ suggests an unusual or potentially malicious script execution, and uid_changed indicates a change in privileges."", ""Behavioural anomaly: failed_call_rate at p99+ and lifetime_seconds at p99+ suggest a short-lived, high-failure process, which is uncommon for benign activity."", ""Benign-explanation test: The process's short lifetime and high failure rate do not align with typical admin scripting or health-check behavior."", ""Decide: The strong privilege escalation signals (uid_is_root, euid_root, uid_changed) and unusual behavior (failed_call_rate, unique_syscalls) support the CNN's classification over XGBoost's.""]","[""lifetime_seconds"", ""unique_syscalls"", ""uid_is_root"", ""uid_changed"", ""euid_root""]","{""verdict"": ""MALICIOUS"", ""confidence"": 0.92, ""rationale_steps"": [""Privilege state: uid_is_root and euid_root are both set, with max_uid_euid_delta being 0, indicating a direct root transition."", ""Mechanism: unique_syscalls at p99+ suggests an unusual or potentially malicious script execution, and uid_changed indicates a change in privileges."", ""Behavioural anomaly: failed_call_rate at p99+ and lifetime_seconds at p99+ suggest a short-lived, high-failure process, which is uncommon for benign activity."", ""Benign-explanation test: The process's short lifetime and high failure rate do not align with typical admin scripting or health-check behavior."", ""Decide: The strong privilege escalation signals (uid_is_root, euid_root, uid_changed) and unusual behavior (failed_call_rate, unique_syscalls) support the CNN's classification over XGBoost's.""], ""key_features"": [""lifetime_seconds"", ""unique_syscalls"", ""uid_is_root"", ""uid_changed"", ""euid_root""], ""agrees_with"": ""cnn""}"
32558,2,1,T1548,0,1,0.964673638343811,0.9870211482048036,xgb_benign_cnn_malicious,MALICIOUS,1,0.92,cnn,ok,"[""Privilege state: uid_is_root and euid_root are both set, with max_uid_euid_delta being 0, indicating a direct root transition."", ""Mechanism: unique_syscalls at p99+ suggests an unusual or potentially malicious script execution, and uid_changed indicates a change in user identity which is often associated with privilege escalation."", ""Behavioural anomaly: failed_call_rate at p99+ indicates a high rate of failed syscalls, which can be a sign of a process struggling or attempting to perform unauthorized operations."", ""Benign-explanation test: lifetime_seconds at p99+ and no clear benign explanation like admin scripting or health-check, given the high failed_call_rate and unique_syscalls."", ""Decide: the strong privilege escalation signals (uid_is_root, euid_root, uid_changed) and unusual behaviour (failed_call_rate, unique_syscalls) support the CNN's classification over XGBoost's benign call.""]","[""lifetime_seconds"", ""unique_syscalls"", ""uid_is_root"", ""uid_changed"", ""euid_root""]","{""verdict"": ""MALICIOUS"", ""confidence"": 0.92, ""rationale_steps"": [""Privilege state: uid_is_root and euid_root are both set, with max_uid_euid_delta being 0, indicating a direct root transition."", ""Mechanism: unique_syscalls at p99+ suggests an unusual or potentially malicious script execution, and uid_changed indicates a change in user identity which is often associated with privilege escalation."", ""Behavioural anomaly: failed_call_rate at p99+ indicates a high rate of failed syscalls, which can be a sign of a process struggling or attempting to perform unauthorized operations."", ""Benign-explanation test: lifetime_seconds at p99+ and no clear benign explanation like admin scripting or health-check, given the high failed_call_rate and unique_syscalls."", ""Decide: the strong privilege escalation signals (uid_is_root, euid_root, uid_changed) and unusual behaviour (failed_call_rate, unique_syscalls) support the CNN's classification over XGBoost's benign call.""], ""key_features"": [""lifetime_seconds"", ""unique_syscalls"", ""uid_is_root"", ""uid_changed"", ""euid_root""], ""agrees_with"": ""cnn""}"
33256,2,1,T1548,0,1,0.964673638343811,0.9870211482048036,xgb_benign_cnn_malicious,MALICIOUS,1,0.92,cnn,ok,"[""Privilege state: uid_is_root and euid_root are both set, with max_uid_euid_delta being 0, indicating a direct root transition."", ""Mechanism: unique_syscalls at p99+ suggests an unusual or potentially malicious script execution, and uid_changed indicates a change in user identity which is often associated with privilege escalation."", ""Behavioural anomaly: failed_call_rate at p99+ indicates a high rate of failed syscalls, which can be a sign of a process struggling or attempting to perform unauthorized operations."", ""Benign-explanation test: lifetime_seconds at p99+ and no clear benign explanation like admin scripting or health-check, given the high failed_call_rate and unique_syscalls."", ""Decide: the strong privilege escalation signals (uid_is_root, euid_root, uid_changed) and unusual behaviour (failed_call_rate, unique_syscalls) support the CNN's classification over XGBoost's benign call.""]","[""lifetime_seconds"", ""unique_syscalls"", ""uid_is_root"", ""uid_changed"", ""euid_root""]","{""verdict"": ""MALICIOUS"", ""confidence"": 0.92, ""rationale_steps"": [""Privilege state: uid_is_root and euid_root are both set, with max_uid_euid_delta being 0, indicating a direct root transition."", ""Mechanism: unique_syscalls at p99+ suggests an unusual or potentially malicious script execution, and uid_changed indicates a change in user identity which is often associated with privilege escalation."", ""Behavioural anomaly: failed_call_rate at p99+ indicates a high rate of failed syscalls, which can be a sign of a process struggling or attempting to perform unauthorized operations."", ""Benign-explanation test: lifetime_seconds at p99+ and no clear benign explanation like admin scripting or health-check, given the high failed_call_rate and unique_syscalls."", ""Decide: the strong privilege escalation signals (uid_is_root, euid_root, uid_changed) and unusual behaviour (failed_call_rate, unique_syscalls) support the CNN's classification over XGBoost's benign call.""], ""key_features"": [""lifetime_seconds"", ""unique_syscalls"", ""uid_is_root"", ""uid_changed"", ""euid_root""], ""agrees_with"": ""cnn""}"
33944,2,1,T1548,0,1,0.964673638343811,0.9870211482048036,xgb_benign_cnn_malicious,MALICIOUS,1,0.92,cnn,ok,"[""Privilege state: uid_is_root and euid_root are both set, with max_uid_euid_delta being 0, indicating a direct root transition."", ""Mechanism: unique_syscalls at p99+ suggests an unusual or potentially malicious script execution, and uid_changed indicates a change in user identity which is often associated with privilege escalation."", ""Behavioural anomaly: failed_call_rate at p99+ indicates a high rate of failed syscalls, which can be a sign of a process struggling or attempting to perform unauthorized operations."", ""Benign-explanation test: lifetime_seconds at p99+ and no clear benign explanation like admin scripting or health-check, given the high failed_call_rate and unique_syscalls."", ""Decide: the strong privilege escalation signals (uid_is_root, euid_root, uid_changed) and unusual behaviour (failed_call_rate, unique_syscalls) support the CNN's classification over XGBoost's benign call.""]","[""lifetime_seconds"", ""unique_syscalls"", ""uid_is_root"", ""uid_changed"", ""euid_root""]","{""verdict"": ""MALICIOUS"", ""confidence"": 0.92, ""rationale_steps"": [""Privilege state: uid_is_root and euid_root are both set, with max_uid_euid_delta being 0, indicating a direct root transition."", ""Mechanism: unique_syscalls at p99+ suggests an unusual or potentially malicious script execution, and uid_changed indicates a change in user identity which is often associated with privilege escalation."", ""Behavioural anomaly: failed_call_rate at p99+ indicates a high rate of failed syscalls, which can be a sign of a process struggling or attempting to perform unauthorized operations."", ""Benign-explanation test: lifetime_seconds at p99+ and no clear benign explanation like admin scripting or health-check, given the high failed_call_rate and unique_syscalls."", ""Decide: the strong privilege escalation signals (uid_is_root, euid_root, uid_changed) and unusual behaviour (failed_call_rate, unique_syscalls) support the CNN's classification over XGBoost's benign call.""], ""key_features"": [""lifetime_seconds"", ""unique_syscalls"", ""uid_is_root"", ""uid_changed"", ""euid_root""], ""agrees_with"": ""cnn""}"
35375,2,1,T1548,0,1,0.964673638343811,0.9870211482048036,xgb_benign_cnn_malicious,MALICIOUS,1,0.92,cnn,ok,"[""Privilege state: uid_is_root and euid_root are both set, with max_uid_euid_delta being 0, indicating a direct root transition."", ""Mechanism: unique_syscalls at p99+ suggests an unusual or potentially malicious script execution, and uid_changed indicates a change in user identity which is often associated with privilege escalation."", ""Behavioural anomaly: failed_call_rate at p99+ indicates a high rate of failed syscalls, which can be a sign of a process struggling or attempting to perform unauthorized operations."", ""Benign-explanation test: lifetime_seconds at p99+ and no clear benign explanation like admin scripting or health-check, given the high failed_call_rate and unique_syscalls."", ""Decide: the strong privilege escalation signals (uid_is_root, euid_root, uid_changed) and unusual behaviour (failed_call_rate, unique_syscalls) support the CNN's classification over XGBoost's benign call.""]","[""lifetime_seconds"", ""unique_syscalls"", ""uid_is_root"", ""uid_changed"", ""euid_root""]","{""verdict"": ""MALICIOUS"", ""confidence"": 0.92, ""rationale_steps"": [""Privilege state: uid_is_root and euid_root are both set, with max_uid_euid_delta being 0, indicating a direct root transition."", ""Mechanism: unique_syscalls at p99+ suggests an unusual or potentially malicious script execution, and uid_changed indicates a change in user identity which is often associated with privilege escalation."", ""Behavioural anomaly: failed_call_rate at p99+ indicates a high rate of failed syscalls, which can be a sign of a process struggling or attempting to perform unauthorized operations."", ""Benign-explanation test: lifetime_seconds at p99+ and no clear benign explanation like admin scripting or health-check, given the high failed_call_rate and unique_syscalls."", ""Decide: the strong privilege escalation signals (uid_is_root, euid_root, uid_changed) and unusual behaviour (failed_call_rate, unique_syscalls) support the CNN's classification over XGBoost's benign call.""], ""key_features"": [""lifetime_seconds"", ""unique_syscalls"", ""uid_is_root"", ""uid_changed"", ""euid_root""], ""agrees_with"": ""cnn""}"
36198,3,1,T1548,1,0,0.999918818473816,0.8624439835548401,xgb_malicious_cnn_benign,MALICIOUS,1,0.92,xgb,ok,"[""Privilege state: uid_is_root and euid_root are set, max_uid_euid_delta is extremely high, indicating a significant privilege escalation."", ""Mechanism: uid_changed and auid_euid_mismatch suggest an attempt to manipulate identity, which aligns with T1548 and T1222 techniques."", ""Behavioural anomaly: failed_call_rate is low, suggesting successful syscalls, and unique_syscalls is high, indicating unusual behavior not typical of benign processes."", ""Benign-explanation test: lifetime_seconds at p99+ and no exec_count suggest a short-lived, singular operation inconsistent with benign admin scripting or health-checks."", ""Decide: the strong evidence of privilege escalation and unusual behavior supports XGBoost's MALICIOUS call over CNN's BENIGN call.""]","[""lifetime_seconds"", ""unique_syscalls"", ""uid_is_root"", ""euid_root"", ""max_uid_euid_delta""]","{""verdict"": ""MALICIOUS"", ""confidence"": 0.92, ""rationale_steps"": [""Privilege state: uid_is_root and euid_root are set, max_uid_euid_delta is extremely high, indicating a significant privilege escalation."", ""Mechanism: uid_changed and auid_euid_mismatch suggest an attempt to manipulate identity, which aligns with T1548 and T1222 techniques."", ""Behavioural anomaly: failed_call_rate is low, suggesting successful syscalls, and unique_syscalls is high, indicating unusual behavior not typical of benign processes."", ""Benign-explanation test: lifetime_seconds at p99+ and no exec_count suggest a short-lived, singular operation inconsistent with benign admin scripting or health-checks."", ""Decide: the strong evidence of privilege escalation and unusual behavior supports XGBoost's MALICIOUS call over CNN's BENIGN call.""], ""key_features"": [""lifetime_seconds"", ""unique_syscalls"", ""uid_is_root"", ""euid_root"", ""max_uid_euid_delta""], ""agrees_with"": ""xgb""}"
36948,3,1,T1548,1,0,0.999918818473816,0.8624513745307922,xgb_malicious_cnn_benign,,-1,,,parse_error,[],[],"{
  ""verdict"": ""MALICIOUS"",
  ""confidence"": 0.92,
  ""rationale_steps"": [
    ""Privilege state: uid_is_root and euid_root are set, max_uid_euid_delta is extremely high, and auid_euid_mismatch is present, indicating a clear privilege escalation attempt."",
    ""Mechanism: The process has a lifetime of 1 second, which is unusual and could suggest a rapid privilege escalation attempt, combined with unique_syscalls indicating non-standard behavior."",
    ""Behavioural anomaly: The failed_call_rate is low, suggesting successful execution of syscalls, and uid_changed indicates a transition in user identity, which is uncommon in benign processes."",
    ""Benign-explanation test: The short lifetime and unique_syscalls argue against this being a routine admin script or health-check, as such activities typically have longer lifetimes and more predictable syscall patterns."",
    ""Decide: The strong evidence of privilege escalation (uid_is_root, euid_root, max_uid_euid_delta, auid_euid_mismatch) and the unusual behavior (short lifetime, unique_syscalls) support the MALICIOUS classification, with XGBoost's high confidence in maliciousness.""
  ],
  ""key_features"": [""lifetime_seconds"", ""unique_syscalls"", ""uid_is_root"", ""euid_root"", ""max_uid_euid_delta"", ""auid_euid_mismatch""],
  ""agrees_with"": ""xgb""
}"
37534,2,1,T1548,0,1,0.964673638343811,0.9870211482048036,xgb_benign_cnn_malicious,MALICIOUS,1,0.92,cnn,ok,"[""Privilege state: uid_is_root and euid_root are both set, with max_uid_euid_delta being 0, indicating a direct root transition."", ""Mechanism: unique_syscalls at p99+ suggests an unusual or potentially malicious script execution, and uid_changed indicates a change in user identity which is often associated with privilege escalation."", ""Behavioural anomaly: failed_call_rate at p99+ indicates a high rate of failed syscalls, which can be a sign of a process struggling or attempting to perform unauthorized operations."", ""Benign-explanation test: lifetime_seconds at p99+ and no clear benign explanation like admin scripting or health-check, given the high failed_call_rate and unique_syscalls."", ""Decide: the strong privilege escalation signals (uid_is_root, euid_root, uid_changed) and unusual behaviour (failed_call_rate, unique_syscalls) support the CNN's classification over XGBoost's benign call.""]","[""lifetime_seconds"", ""unique_syscalls"", ""uid_is_root"", ""uid_changed"", ""euid_root""]","{""verdict"": ""MALICIOUS"", ""confidence"": 0.92, ""rationale_steps"": [""Privilege state: uid_is_root and euid_root are both set, with max_uid_euid_delta being 0, indicating a direct root transition."", ""Mechanism: unique_syscalls at p99+ suggests an unusual or potentially malicious script execution, and uid_changed indicates a change in user identity which is often associated with privilege escalation."", ""Behavioural anomaly: failed_call_rate at p99+ indicates a high rate of failed syscalls, which can be a sign of a process struggling or attempting to perform unauthorized operations."", ""Benign-explanation test: lifetime_seconds at p99+ and no clear benign explanation like admin scripting or health-check, given the high failed_call_rate and unique_syscalls."", ""Decide: the strong privilege escalation signals (uid_is_root, euid_root, uid_changed) and unusual behaviour (failed_call_rate, unique_syscalls) support the CNN's classification over XGBoost's benign call.""], ""key_features"": [""lifetime_seconds"", ""unique_syscalls"", ""uid_is_root"", ""uid_changed"", ""euid_root""], ""agrees_with"": ""cnn""}"
37615,3,1,T1548,1,0,0.999918818473816,0.8624439835548401,xgb_malicious_cnn_benign,MALICIOUS,1,0.92,xgb,ok,"[""Privilege state: uid_is_root and euid_root are set, max_uid_euid_delta is extremely high, indicating a significant privilege escalation."", ""Mechanism: uid_changed and auid_euid_mismatch suggest an attempt to manipulate identity, which aligns with T1548 and T1222 techniques."", ""Behavioural anomaly: failed_call_rate is low, suggesting successful syscalls, and unique_syscalls is high, indicating unusual behavior not typical of benign processes."", ""Benign-explanation test: lifetime_seconds at p99+ and no exec_count suggest a short-lived, singular operation inconsistent with benign admin scripting or health-checks."", ""Decide: the strong evidence of privilege escalation and unusual behavior supports XGBoost's MALICIOUS call over CNN's BENIGN call.""]","[""lifetime_seconds"", ""unique_syscalls"", ""uid_is_root"", ""euid_root"", ""max_uid_euid_delta""]","{""verdict"": ""MALICIOUS"", ""confidence"": 0.92, ""rationale_steps"": [""Privilege state: uid_is_root and euid_root are set, max_uid_euid_delta is extremely high, indicating a significant privilege escalation."", ""Mechanism: uid_changed and auid_euid_mismatch suggest an attempt to manipulate identity, which aligns with T1548 and T1222 techniques."", ""Behavioural anomaly: failed_call_rate is low, suggesting successful syscalls, and unique_syscalls is high, indicating unusual behavior not typical of benign processes."", ""Benign-explanation test: lifetime_seconds at p99+ and no exec_count suggest a short-lived, singular operation inconsistent with benign admin scripting or health-checks."", ""Decide: the strong evidence of privilege escalation and unusual behavior supports XGBoost's MALICIOUS call over CNN's BENIGN call.""], ""key_features"": [""lifetime_seconds"", ""unique_syscalls"", ""uid_is_root"", ""euid_root"", ""max_uid_euid_delta""], ""agrees_with"": ""xgb""}"
37666,3,1,T1548,1,0,0.999918818473816,0.8624513745307922,xgb_malicious_cnn_benign,,-1,,,parse_error,[],[],"{
  ""verdict"": ""MALICIOUS"",
  ""confidence"": 0.92,
  ""rationale_steps"": [
    ""Privilege state: uid_is_root and euid_root are set, max_uid_euid_delta is extremely high, and auid_euid_mismatch is present, indicating a clear privilege escalation attempt."",
    ""Mechanism: The process has a lifetime of 1 second, which is unusual and could suggest a rapid privilege escalation attempt, combined with unique_syscalls indicating non-standard behavior."",
    ""Behavioural anomaly: The failed_call_rate is low, suggesting successful execution of syscalls, and uid_changed indicates a transition in user identity, which is uncommon in benign processes."",
    ""Benign-explanation test: The short lifetime and unique_syscalls argue against this being a routine admin script or health-check, as such activities typically have longer lifetimes and more predictable syscall patterns."",
    ""Decide: The strong evidence of privilege escalation (uid_is_root, euid_root, max_uid_euid_delta, auid_euid_mismatch) and the unusual behavior (short lifetime, unique_syscalls) support the MALICIOUS classification, with XGBoost's high confidence in maliciousness.""
  ],
  ""key_features"": [""lifetime_seconds"", ""unique_syscalls"", ""uid_is_root"", ""euid_root"", ""max_uid_euid_delta"", ""auid_euid_mismatch""],
  ""agrees_with"": ""xgb""
}"
40441,2,0,benign,0,1,0.001278604613617,0.999983251094818,xgb_benign_cnn_malicious,MALICIOUS,1,0.92,cnn,ok,"[""Privilege state: uid_is_root and euid_root are both set, with max_uid_euid_delta indicating a significant privilege transition."", ""Mechanism: unique_syscalls at p99+ suggests unusual behavior, and uid_changed indicates a change in privilege level during execution."", ""Behavioural anomaly: failed_call_rate is high, indicating potential syscall failures that could be indicative of malicious activity."", ""Benign-explanation test: lifetime_seconds at p99+ and no clear benign explanation like admin scripting or cron jobs, given the short and singular execution."", ""Decide: the strong privilege escalation signals (uid_is_root, euid_root, max_uid_euid_delta) and unusual syscall behavior (unique_syscalls, failed_call_rate) support the CNN's MALICIOUS classification over XGBoost's BENIGN call.""]","[""lifetime_seconds"", ""unique_syscalls"", ""uid_is_root"", ""uid_changed"", ""euid_root""]","{""verdict"": ""MALICIOUS"", ""confidence"": 0.92, ""rationale_steps"": [""Privilege state: uid_is_root and euid_root are both set, with max_uid_euid_delta indicating a significant privilege transition."", ""Mechanism: unique_syscalls at p99+ suggests unusual behavior, and uid_changed indicates a change in privilege level during execution."", ""Behavioural anomaly: failed_call_rate is high, indicating potential syscall failures that could be indicative of malicious activity."", ""Benign-explanation test: lifetime_seconds at p99+ and no clear benign explanation like admin scripting or cron jobs, given the short and singular execution."", ""Decide: the strong privilege escalation signals (uid_is_root, euid_root, max_uid_euid_delta) and unusual syscall behavior (unique_syscalls, failed_call_rate) support the CNN's MALICIOUS classification over XGBoost's BENIGN call.""], ""key_features"": [""lifetime_seconds"", ""unique_syscalls"", ""uid_is_root"", ""uid_changed"", ""euid_root""], ""agrees_with"": ""cnn""}"
40549,2,1,T1548,0,1,0.964673638343811,0.9870211482048036,xgb_benign_cnn_malicious,MALICIOUS,1,0.92,cnn,ok,"[""Privilege state: uid_is_root and euid_root are both set, with max_uid_euid_delta being 0, indicating a direct root transition."", ""Mechanism: unique_syscalls at p99+ suggests an unusual or potentially malicious script execution, and uid_changed indicates a change in privileges."", ""Behavioural anomaly: failed_call_rate at p99+ and lifetime_seconds at p99+ suggest a short-lived, high-failure process, which is uncommon for benign activity."", ""Benign-explanation test: The process's short lifetime and high failure rate do not align with typical admin scripting or health-check behavior."", ""Decide: The strong privilege escalation signals (uid_is_root, euid_root, uid_changed) and unusual behavior (failed_call_rate, unique_syscalls) support the CNN's classification over XGBoost's.""]","[""lifetime_seconds"", ""unique_syscalls"", ""uid_is_root"", ""uid_changed"", ""euid_root""]","{""verdict"": ""MALICIOUS"", ""confidence"": 0.92, ""rationale_steps"": [""Privilege state: uid_is_root and euid_root are both set, with max_uid_euid_delta being 0, indicating a direct root transition."", ""Mechanism: unique_syscalls at p99+ suggests an unusual or potentially malicious script execution, and uid_changed indicates a change in privileges."", ""Behavioural anomaly: failed_call_rate at p99+ and lifetime_seconds at p99+ suggest a short-lived, high-failure process, which is uncommon for benign activity."", ""Benign-explanation test: The process's short lifetime and high failure rate do not align with typical admin scripting or health-check behavior."", ""Decide: The strong privilege escalation signals (uid_is_root, euid_root, uid_changed) and unusual behavior (failed_call_rate, unique_syscalls) support the CNN's classification over XGBoost's.""], ""key_features"": [""lifetime_seconds"", ""unique_syscalls"", ""uid_is_root"", ""uid_changed"", ""euid_root""], ""agrees_with"": ""cnn""}"
40555,2,1,T1548,0,1,0.964673638343811,0.9870211482048036,xgb_benign_cnn_malicious,MALICIOUS,1,0.92,cnn,ok,"[""Privilege state: uid_is_root and euid_root are both set, with max_uid_euid_delta being 0, indicating a direct root transition."", ""Mechanism: unique_syscalls at p99+ suggests an unusual or potentially malicious script execution, and uid_changed indicates a change in user identity which is often associated with privilege escalation."", ""Behavioural anomaly: failed_call_rate at p99+ indicates a high rate of failed syscalls, which can be a sign of a process struggling or attempting to perform unauthorized operations."", ""Benign-explanation test: lifetime_seconds at p99+ and no clear benign explanation like admin scripting or health-check, given the high failed_call_rate and unique_syscalls."", ""Decide: the strong privilege escalation signals (uid_is_root, euid_root, uid_changed) and unusual behaviour (failed_call_rate, unique_syscalls) support the CNN's classification over XGBoost's benign call.""]","[""lifetime_seconds"", ""unique_syscalls"", ""uid_is_root"", ""uid_changed"", ""euid_root""]","{""verdict"": ""MALICIOUS"", ""confidence"": 0.92, ""rationale_steps"": [""Privilege state: uid_is_root and euid_root are both set, with max_uid_euid_delta being 0, indicating a direct root transition."", ""Mechanism: unique_syscalls at p99+ suggests an unusual or potentially malicious script execution, and uid_changed indicates a change in user identity which is often associated with privilege escalation."", ""Behavioural anomaly: failed_call_rate at p99+ indicates a high rate of failed syscalls, which can be a sign of a process struggling or attempting to perform unauthorized operations."", ""Benign-explanation test: lifetime_seconds at p99+ and no clear benign explanation like admin scripting or health-check, given the high failed_call_rate and unique_syscalls."", ""Decide: the strong privilege escalation signals (uid_is_root, euid_root, uid_changed) and unusual behaviour (failed_call_rate, unique_syscalls) support the CNN's classification over XGBoost's benign call.""], ""key_features"": [""lifetime_seconds"", ""unique_syscalls"", ""uid_is_root"", ""uid_changed"", ""euid_root""], ""agrees_with"": ""cnn""}"
40556,2,1,T1548,0,1,0.964673638343811,0.9870211482048036,xgb_benign_cnn_malicious,MALICIOUS,1,0.92,cnn,ok,"[""Privilege state: uid_is_root and euid_root are both set, with max_uid_euid_delta being 0, indicating a direct root transition."", ""Mechanism: unique_syscalls at p99+ suggests an unusual or potentially malicious script execution, and uid_changed indicates a change in user identity which is often associated with privilege escalation."", ""Behavioural anomaly: failed_call_rate at p99+ indicates a high rate of failed syscalls, which can be a sign of a process struggling or attempting to perform unauthorized operations."", ""Benign-explanation test: lifetime_seconds at p99+ and no clear benign explanation like admin scripting or health-check, given the high failed_call_rate and unique_syscalls."", ""Decide: the strong privilege escalation signals (uid_is_root, euid_root, uid_changed) and unusual behaviour (failed_call_rate, unique_syscalls) support the CNN's classification over XGBoost's benign call.""]","[""lifetime_seconds"", ""unique_syscalls"", ""uid_is_root"", ""uid_changed"", ""euid_root""]","{""verdict"": ""MALICIOUS"", ""confidence"": 0.92, ""rationale_steps"": [""Privilege state: uid_is_root and euid_root are both set, with max_uid_euid_delta being 0, indicating a direct root transition."", ""Mechanism: unique_syscalls at p99+ suggests an unusual or potentially malicious script execution, and uid_changed indicates a change in user identity which is often associated with privilege escalation."", ""Behavioural anomaly: failed_call_rate at p99+ indicates a high rate of failed syscalls, which can be a sign of a process struggling or attempting to perform unauthorized operations."", ""Benign-explanation test: lifetime_seconds at p99+ and no clear benign explanation like admin scripting or health-check, given the high failed_call_rate and unique_syscalls."", ""Decide: the strong privilege escalation signals (uid_is_root, euid_root, uid_changed) and unusual behaviour (failed_call_rate, unique_syscalls) support the CNN's classification over XGBoost's benign call.""], ""key_features"": [""lifetime_seconds"", ""unique_syscalls"", ""uid_is_root"", ""uid_changed"", ""euid_root""], ""agrees_with"": ""cnn""}"
40563,2,1,T1548,0,1,0.964673638343811,0.9870211482048036,xgb_benign_cnn_malicious,MALICIOUS,1,0.92,cnn,ok,"[""Privilege state: uid_is_root and euid_root are both set, with max_uid_euid_delta being 0, indicating a direct root transition."", ""Mechanism: unique_syscalls at p99+ suggests an unusual or potentially malicious script execution, and uid_changed indicates a change in user identity which is often associated with privilege escalation."", ""Behavioural anomaly: failed_call_rate at p99+ indicates a high rate of failed syscalls, which can be a sign of a process struggling or attempting to perform unauthorized operations."", ""Benign-explanation test: lifetime_seconds at p99+ and no clear benign explanation like admin scripting or health-check, given the high failed_call_rate and unique_syscalls."", ""Decide: the strong privilege escalation signals (uid_is_root, euid_root, uid_changed) and unusual behaviour (failed_call_rate, unique_syscalls) support the CNN's classification over XGBoost's benign call.""]","[""lifetime_seconds"", ""unique_syscalls"", ""uid_is_root"", ""uid_changed"", ""euid_root""]","{""verdict"": ""MALICIOUS"", ""confidence"": 0.92, ""rationale_steps"": [""Privilege state: uid_is_root and euid_root are both set, with max_uid_euid_delta being 0, indicating a direct root transition."", ""Mechanism: unique_syscalls at p99+ suggests an unusual or potentially malicious script execution, and uid_changed indicates a change in user identity which is often associated with privilege escalation."", ""Behavioural anomaly: failed_call_rate at p99+ indicates a high rate of failed syscalls, which can be a sign of a process struggling or attempting to perform unauthorized operations."", ""Benign-explanation test: lifetime_seconds at p99+ and no clear benign explanation like admin scripting or health-check, given the high failed_call_rate and unique_syscalls."", ""Decide: the strong privilege escalation signals (uid_is_root, euid_root, uid_changed) and unusual behaviour (failed_call_rate, unique_syscalls) support the CNN's classification over XGBoost's benign call.""], ""key_features"": [""lifetime_seconds"", ""unique_syscalls"", ""uid_is_root"", ""uid_changed"", ""euid_root""], ""agrees_with"": ""cnn""}"
40566,2,1,T1548,0,1,0.964673638343811,0.9870211482048036,xgb_benign_cnn_malicious,MALICIOUS,1,0.92,cnn,ok,"[""Privilege state: uid_is_root and euid_root are both set, with max_uid_euid_delta being 0, indicating a direct root transition."", ""Mechanism: unique_syscalls at p99+ suggests an unusual or potentially malicious script execution, and uid_changed indicates a change in user identity which is often associated with privilege escalation."", ""Behavioural anomaly: failed_call_rate at p99+ indicates a high rate of failed syscalls, which can be a sign of a process struggling or attempting to perform unauthorized operations."", ""Benign-explanation test: lifetime_seconds at p99+ and no clear benign explanation like admin scripting or health-check, given the high failed_call_rate and unique_syscalls."", ""Decide: the strong privilege escalation signals (uid_is_root, euid_root, uid_changed) and unusual behaviour (failed_call_rate, unique_syscalls) support the CNN's classification over XGBoost's benign call.""]","[""lifetime_seconds"", ""unique_syscalls"", ""uid_is_root"", ""uid_changed"", ""euid_root""]","{""verdict"": ""MALICIOUS"", ""confidence"": 0.92, ""rationale_steps"": [""Privilege state: uid_is_root and euid_root are both set, with max_uid_euid_delta being 0, indicating a direct root transition."", ""Mechanism: unique_syscalls at p99+ suggests an unusual or potentially malicious script execution, and uid_changed indicates a change in user identity which is often associated with privilege escalation."", ""Behavioural anomaly: failed_call_rate at p99+ indicates a high rate of failed syscalls, which can be a sign of a process struggling or attempting to perform unauthorized operations."", ""Benign-explanation test: lifetime_seconds at p99+ and no clear benign explanation like admin scripting or health-check, given the high failed_call_rate and unique_syscalls."", ""Decide: the strong privilege escalation signals (uid_is_root, euid_root, uid_changed) and unusual behaviour (failed_call_rate, unique_syscalls) support the CNN's classification over XGBoost's benign call.""], ""key_features"": [""lifetime_seconds"", ""unique_syscalls"", ""uid_is_root"", ""uid_changed"", ""euid_root""], ""agrees_with"": ""cnn""}"
40571,2,1,T1548,0,1,0.964673638343811,0.9870211482048036,xgb_benign_cnn_malicious,MALICIOUS,1,0.92,cnn,ok,"[""Privilege state: uid_is_root and euid_root are both set, with max_uid_euid_delta being 0, indicating a direct root transition."", ""Mechanism: unique_syscalls at p99+ suggests an unusual or potentially malicious script execution, and uid_changed indicates a change in user identity which is often associated with privilege escalation."", ""Behavioural anomaly: failed_call_rate at p99+ indicates a high rate of failed syscalls, which can be a sign of a process struggling or attempting to perform unauthorized operations."", ""Benign-explanation test: lifetime_seconds at p99+ and no clear benign explanation like admin scripting or health-check, given the high failed_call_rate and unique_syscalls."", ""Decide: the strong privilege escalation signals (uid_is_root, euid_root, uid_changed) and unusual behaviour (failed_call_rate, unique_syscalls) support the CNN's classification over XGBoost's benign call.""]","[""lifetime_seconds"", ""unique_syscalls"", ""uid_is_root"", ""uid_changed"", ""euid_root""]","{""verdict"": ""MALICIOUS"", ""confidence"": 0.92, ""rationale_steps"": [""Privilege state: uid_is_root and euid_root are both set, with max_uid_euid_delta being 0, indicating a direct root transition."", ""Mechanism: unique_syscalls at p99+ suggests an unusual or potentially malicious script execution, and uid_changed indicates a change in user identity which is often associated with privilege escalation."", ""Behavioural anomaly: failed_call_rate at p99+ indicates a high rate of failed syscalls, which can be a sign of a process struggling or attempting to perform unauthorized operations."", ""Benign-explanation test: lifetime_seconds at p99+ and no clear benign explanation like admin scripting or health-check, given the high failed_call_rate and unique_syscalls."", ""Decide: the strong privilege escalation signals (uid_is_root, euid_root, uid_changed) and unusual behaviour (failed_call_rate, unique_syscalls) support the CNN's classification over XGBoost's benign call.""], ""key_features"": [""lifetime_seconds"", ""unique_syscalls"", ""uid_is_root"", ""uid_changed"", ""euid_root""], ""agrees_with"": ""cnn""}"
40587,2,1,T1548,0,1,0.964673638343811,0.9870211482048036,xgb_benign_cnn_malicious,MALICIOUS,1,0.92,cnn,ok,"[""Privilege state: uid_is_root and euid_root are both set, with max_uid_euid_delta being 0, indicating a direct root transition."", ""Mechanism: unique_syscalls at p99+ suggests an unusual or potentially malicious script execution, and uid_changed indicates a change in user identity which is often associated with privilege escalation."", ""Behavioural anomaly: failed_call_rate at p99+ indicates a high rate of failed syscalls, which can be a sign of a process struggling or attempting to perform unauthorized operations."", ""Benign-explanation test: lifetime_seconds at p99+ and no clear benign explanation like admin scripting or health-check, given the high failed_call_rate and unique_syscalls."", ""Decide: the strong privilege escalation signals (uid_is_root, euid_root, uid_changed) and unusual behaviour (failed_call_rate, unique_syscalls) support the CNN's classification over XGBoost's benign call.""]","[""lifetime_seconds"", ""unique_syscalls"", ""uid_is_root"", ""uid_changed"", ""euid_root""]","{""verdict"": ""MALICIOUS"", ""confidence"": 0.92, ""rationale_steps"": [""Privilege state: uid_is_root and euid_root are both set, with max_uid_euid_delta being 0, indicating a direct root transition."", ""Mechanism: unique_syscalls at p99+ suggests an unusual or potentially malicious script execution, and uid_changed indicates a change in user identity which is often associated with privilege escalation."", ""Behavioural anomaly: failed_call_rate at p99+ indicates a high rate of failed syscalls, which can be a sign of a process struggling or attempting to perform unauthorized operations."", ""Benign-explanation test: lifetime_seconds at p99+ and no clear benign explanation like admin scripting or health-check, given the high failed_call_rate and unique_syscalls."", ""Decide: the strong privilege escalation signals (uid_is_root, euid_root, uid_changed) and unusual behaviour (failed_call_rate, unique_syscalls) support the CNN's classification over XGBoost's benign call.""], ""key_features"": [""lifetime_seconds"", ""unique_syscalls"", ""uid_is_root"", ""uid_changed"", ""euid_root""], ""agrees_with"": ""cnn""}"
40597,2,1,T1548,0,1,0.964673638343811,0.9870211482048036,xgb_benign_cnn_malicious,MALICIOUS,1,0.92,cnn,ok,"[""Privilege state: uid_is_root and euid_root are both set, with max_uid_euid_delta being 0, indicating a direct root transition."", ""Mechanism: unique_syscalls at p99+ suggests an unusual or potentially malicious script execution, and uid_changed indicates a change in user identity which is often associated with privilege escalation."", ""Behavioural anomaly: failed_call_rate at p99+ indicates a high rate of failed syscalls, which can be a sign of a process struggling or attempting to perform unauthorized operations."", ""Benign-explanation test: lifetime_seconds at p99+ and no clear benign explanation like admin scripting or health-check, given the high failed_call_rate and unique_syscalls."", ""Decide: the strong privilege escalation signals (uid_is_root, euid_root, uid_changed) and unusual behaviour (failed_call_rate, unique_syscalls) support the CNN's classification over XGBoost's benign call.""]","[""lifetime_seconds"", ""unique_syscalls"", ""uid_is_root"", ""uid_changed"", ""euid_root""]","{""verdict"": ""MALICIOUS"", ""confidence"": 0.92, ""rationale_steps"": [""Privilege state: uid_is_root and euid_root are both set, with max_uid_euid_delta being 0, indicating a direct root transition."", ""Mechanism: unique_syscalls at p99+ suggests an unusual or potentially malicious script execution, and uid_changed indicates a change in user identity which is often associated with privilege escalation."", ""Behavioural anomaly: failed_call_rate at p99+ indicates a high rate of failed syscalls, which can be a sign of a process struggling or attempting to perform unauthorized operations."", ""Benign-explanation test: lifetime_seconds at p99+ and no clear benign explanation like admin scripting or health-check, given the high failed_call_rate and unique_syscalls."", ""Decide: the strong privilege escalation signals (uid_is_root, euid_root, uid_changed) and unusual behaviour (failed_call_rate, unique_syscalls) support the CNN's classification over XGBoost's benign call.""], ""key_features"": [""lifetime_seconds"", ""unique_syscalls"", ""uid_is_root"", ""uid_changed"", ""euid_root""], ""agrees_with"": ""cnn""}"
40606,2,1,T1548,0,1,0.964673638343811,0.9870211482048036,xgb_benign_cnn_malicious,MALICIOUS,1,0.92,cnn,ok,"[""Privilege state: uid_is_root and euid_root are both set, with max_uid_euid_delta being 0, indicating a direct root transition."", ""Mechanism: unique_syscalls at p99+ suggests an unusual or potentially malicious script execution, and uid_changed indicates a change in user identity which is often associated with privilege escalation."", ""Behavioural anomaly: failed_call_rate at p99+ indicates a high rate of failed syscalls, which can be a sign of a process struggling or attempting to perform unauthorized operations."", ""Benign-explanation test: lifetime_seconds at p99+ and no clear benign explanation like admin scripting or health-check, given the high failed_call_rate and unique_syscalls."", ""Decide: the strong privilege escalation signals (uid_is_root, euid_root, uid_changed) and unusual behaviour (failed_call_rate, unique_syscalls) support the CNN's classification over XGBoost's benign call.""]","[""lifetime_seconds"", ""unique_syscalls"", ""uid_is_root"", ""uid_changed"", ""euid_root""]","{""verdict"": ""MALICIOUS"", ""confidence"": 0.92, ""rationale_steps"": [""Privilege state: uid_is_root and euid_root are both set, with max_uid_euid_delta being 0, indicating a direct root transition."", ""Mechanism: unique_syscalls at p99+ suggests an unusual or potentially malicious script execution, and uid_changed indicates a change in user identity which is often associated with privilege escalation."", ""Behavioural anomaly: failed_call_rate at p99+ indicates a high rate of failed syscalls, which can be a sign of a process struggling or attempting to perform unauthorized operations."", ""Benign-explanation test: lifetime_seconds at p99+ and no clear benign explanation like admin scripting or health-check, given the high failed_call_rate and unique_syscalls."", ""Decide: the strong privilege escalation signals (uid_is_root, euid_root, uid_changed) and unusual behaviour (failed_call_rate, unique_syscalls) support the CNN's classification over XGBoost's benign call.""], ""key_features"": [""lifetime_seconds"", ""unique_syscalls"", ""uid_is_root"", ""uid_changed"", ""euid_root""], ""agrees_with"": ""cnn""}"
40613,2,1,T1548,0,1,0.964673638343811,0.9870211482048036,xgb_benign_cnn_malicious,MALICIOUS,1,0.92,cnn,ok,"[""Privilege state: uid_is_root and euid_root are both set, with max_uid_euid_delta being 0, indicating a direct root transition."", ""Mechanism: unique_syscalls at p99+ suggests an unusual or potentially malicious script execution, and uid_changed indicates a change in user identity which is often associated with privilege escalation."", ""Behavioural anomaly: failed_call_rate at p99+ indicates a high rate of failed syscalls, which can be a sign of a process struggling or attempting to perform unauthorized operations."", ""Benign-explanation test: lifetime_seconds at p99+ and no clear benign explanation like admin scripting or health-check, given the high failed_call_rate and unique_syscalls."", ""Decide: the strong privilege escalation signals (uid_is_root, euid_root, uid_changed) and unusual behaviour (failed_call_rate, unique_syscalls) support the CNN's classification over XGBoost's benign call.""]","[""lifetime_seconds"", ""unique_syscalls"", ""uid_is_root"", ""uid_changed"", ""euid_root""]","{""verdict"": ""MALICIOUS"", ""confidence"": 0.92, ""rationale_steps"": [""Privilege state: uid_is_root and euid_root are both set, with max_uid_euid_delta being 0, indicating a direct root transition."", ""Mechanism: unique_syscalls at p99+ suggests an unusual or potentially malicious script execution, and uid_changed indicates a change in user identity which is often associated with privilege escalation."", ""Behavioural anomaly: failed_call_rate at p99+ indicates a high rate of failed syscalls, which can be a sign of a process struggling or attempting to perform unauthorized operations."", ""Benign-explanation test: lifetime_seconds at p99+ and no clear benign explanation like admin scripting or health-check, given the high failed_call_rate and unique_syscalls."", ""Decide: the strong privilege escalation signals (uid_is_root, euid_root, uid_changed) and unusual behaviour (failed_call_rate, unique_syscalls) support the CNN's classification over XGBoost's benign call.""], ""key_features"": [""lifetime_seconds"", ""unique_syscalls"", ""uid_is_root"", ""uid_changed"", ""euid_root""], ""agrees_with"": ""cnn""}"
40615,2,1,T1548,0,1,0.964673638343811,0.9870211482048036,xgb_benign_cnn_malicious,MALICIOUS,1,0.92,cnn,ok,"[""Privilege state: uid_is_root and euid_root are both set, with max_uid_euid_delta being 0, indicating a direct root transition."", ""Mechanism: unique_syscalls at p99+ suggests an unusual or potentially malicious script execution, and uid_changed indicates a change in user identity which is often associated with privilege escalation."", ""Behavioural anomaly: failed_call_rate at p99+ indicates a high rate of failed syscalls, which can be a sign of a process struggling or attempting to perform unauthorized operations."", ""Benign-explanation test: lifetime_seconds at p99+ and no clear benign explanation like admin scripting or health-check, given the high failed_call_rate and unique_syscalls."", ""Decide: the strong privilege escalation signals (uid_is_root, euid_root, uid_changed) and unusual behaviour (failed_call_rate, unique_syscalls) support the CNN's classification over XGBoost's benign call.""]","[""lifetime_seconds"", ""unique_syscalls"", ""uid_is_root"", ""uid_changed"", ""euid_root""]","{""verdict"": ""MALICIOUS"", ""confidence"": 0.92, ""rationale_steps"": [""Privilege state: uid_is_root and euid_root are both set, with max_uid_euid_delta being 0, indicating a direct root transition."", ""Mechanism: unique_syscalls at p99+ suggests an unusual or potentially malicious script execution, and uid_changed indicates a change in user identity which is often associated with privilege escalation."", ""Behavioural anomaly: failed_call_rate at p99+ indicates a high rate of failed syscalls, which can be a sign of a process struggling or attempting to perform unauthorized operations."", ""Benign-explanation test: lifetime_seconds at p99+ and no clear benign explanation like admin scripting or health-check, given the high failed_call_rate and unique_syscalls."", ""Decide: the strong privilege escalation signals (uid_is_root, euid_root, uid_changed) and unusual behaviour (failed_call_rate, unique_syscalls) support the CNN's classification over XGBoost's benign call.""], ""key_features"": [""lifetime_seconds"", ""unique_syscalls"", ""uid_is_root"", ""uid_changed"", ""euid_root""], ""agrees_with"": ""cnn""}"
40628,2,1,T1548,0,1,0.964673638343811,0.9870211482048036,xgb_benign_cnn_malicious,MALICIOUS,1,0.92,cnn,ok,"[""Privilege state: uid_is_root and euid_root are both set, with max_uid_euid_delta being 0, indicating a direct root transition."", ""Mechanism: unique_syscalls at p99+ suggests an unusual or potentially malicious script execution, and uid_changed indicates a change in user identity which is often associated with privilege escalation."", ""Behavioural anomaly: failed_call_rate at p99+ indicates a high rate of failed syscalls, which can be a sign of a process struggling or attempting to perform unauthorized operations."", ""Benign-explanation test: lifetime_seconds at p99+ and no clear benign explanation like admin scripting or health-check, given the high failed_call_rate and unique_syscalls."", ""Decide: the strong privilege escalation signals (uid_is_root, euid_root, uid_changed) and unusual behaviour (failed_call_rate, unique_syscalls) support the CNN's classification over XGBoost's benign call.""]","[""lifetime_seconds"", ""unique_syscalls"", ""uid_is_root"", ""uid_changed"", ""euid_root""]","{""verdict"": ""MALICIOUS"", ""confidence"": 0.92, ""rationale_steps"": [""Privilege state: uid_is_root and euid_root are both set, with max_uid_euid_delta being 0, indicating a direct root transition."", ""Mechanism: unique_syscalls at p99+ suggests an unusual or potentially malicious script execution, and uid_changed indicates a change in user identity which is often associated with privilege escalation."", ""Behavioural anomaly: failed_call_rate at p99+ indicates a high rate of failed syscalls, which can be a sign of a process struggling or attempting to perform unauthorized operations."", ""Benign-explanation test: lifetime_seconds at p99+ and no clear benign explanation like admin scripting or health-check, given the high failed_call_rate and unique_syscalls."", ""Decide: the strong privilege escalation signals (uid_is_root, euid_root, uid_changed) and unusual behaviour (failed_call_rate, unique_syscalls) support the CNN's classification over XGBoost's benign call.""], ""key_features"": [""lifetime_seconds"", ""unique_syscalls"", ""uid_is_root"", ""uid_changed"", ""euid_root""], ""agrees_with"": ""cnn""}"
40629,2,1,T1548,0,1,0.9779095649719238,0.9780508279800416,xgb_benign_cnn_malicious,MALICIOUS,1,0.92,cnn,ok,"[""Privilege state: uid_is_root and euid_root are set, with max_uid_euid_delta low, suggesting a direct root context."", ""Mechanism: unique_syscalls=1 and events_per_second high indicate a potentially scripted or automated activity, which could be malicious."", ""Behavioural anomaly: lifetime_seconds at p99+ and uid_changed=0 suggest a short-lived, abrupt process that doesn't fit typical benign activity patterns."", ""Benign-explanation test: seq_length=2 and high syscall throughput argue against a benign admin script or cron job, which usually have longer lifetimes and more varied syscall patterns."", ""Decide: the combination of direct root context, high syscall throughput, and short-lived process supports the CNN's classification over XGBoost's high malicious probability.""]","[""uid_is_root"", ""euid_root"", ""unique_syscalls"", ""events_per_second"", ""lifetime_seconds""]","{""verdict"": ""MALICIOUS"", ""confidence"": 0.92, ""rationale_steps"": [""Privilege state: uid_is_root and euid_root are set, with max_uid_euid_delta low, suggesting a direct root context."", ""Mechanism: unique_syscalls=1 and events_per_second high indicate a potentially scripted or automated activity, which could be malicious."", ""Behavioural anomaly: lifetime_seconds at p99+ and uid_changed=0 suggest a short-lived, abrupt process that doesn't fit typical benign activity patterns."", ""Benign-explanation test: seq_length=2 and high syscall throughput argue against a benign admin script or cron job, which usually have longer lifetimes and more varied syscall patterns."", ""Decide: the combination of direct root context, high syscall throughput, and short-lived process supports the CNN's classification over XGBoost's high malicious probability.""], ""key_features"": [""uid_is_root"", ""euid_root"", ""unique_syscalls"", ""events_per_second"", ""lifetime_seconds""], ""agrees_with"": ""cnn""}"
40631,2,1,T1548,0,1,0.9779095649719238,0.9780508279800416,xgb_benign_cnn_malicious,MALICIOUS,1,0.92,cnn,ok,"[""Privilege state: uid_is_root and euid_root are set, with max_uid_euid_delta low, suggesting a direct root context."", ""Mechanism: unique_syscalls=1 and events_per_second high indicate a potentially scripted or automated activity, which could be malicious."", ""Behavioural anomaly: lifetime_seconds at p99+ and uid_changed=0 suggest a short-lived, abrupt process that doesn't fit typical benign activity patterns."", ""Benign-explanation test: seq_length=2 and high syscall throughput argue against a benign admin script or cron job, as these usually have longer lifetimes and more varied syscall patterns."", ""Decide: the combination of direct root context, high syscall throughput, and short-lived process supports the CNN's classification over XGBoost's high malicious probability.""]","[""uid_is_root"", ""euid_root"", ""unique_syscalls"", ""events_per_second"", ""lifetime_seconds""]","{""verdict"": ""MALICIOUS"", ""confidence"": 0.92, ""rationale_steps"": [""Privilege state: uid_is_root and euid_root are set, with max_uid_euid_delta low, suggesting a direct root context."", ""Mechanism: unique_syscalls=1 and events_per_second high indicate a potentially scripted or automated activity, which could be malicious."", ""Behavioural anomaly: lifetime_seconds at p99+ and uid_changed=0 suggest a short-lived, abrupt process that doesn't fit typical benign activity patterns."", ""Benign-explanation test: seq_length=2 and high syscall throughput argue against a benign admin script or cron job, as these usually have longer lifetimes and more varied syscall patterns."", ""Decide: the combination of direct root context, high syscall throughput, and short-lived process supports the CNN's classification over XGBoost's high malicious probability.""], ""key_features"": [""uid_is_root"", ""euid_root"", ""unique_syscalls"", ""events_per_second"", ""lifetime_seconds""], ""agrees_with"": ""cnn""}"
40645,2,1,T1548,0,1,0.964673638343811,0.9870211482048036,xgb_benign_cnn_malicious,MALICIOUS,1,0.92,cnn,ok,"[""Privilege state: uid_is_root and euid_root are both set, with max_uid_euid_delta being 0, indicating a direct root transition."", ""Mechanism: unique_syscalls at p99+ suggests an unusual or potentially malicious script execution, and uid_changed indicates a change in privileges."", ""Behavioural anomaly: failed_call_rate at p99+ and lifetime_seconds at p99+ suggest a short-lived, high-failure process, which is uncommon for benign activity."", ""Benign-explanation test: The process's short lifetime and high failure rate do not align with typical admin scripting or health-check behavior."", ""Decide: The strong privilege escalation signals (uid_is_root, euid_root, uid_changed) and unusual behavior (failed_call_rate, unique_syscalls) support the CNN's classification over XGBoost's.""]","[""lifetime_seconds"", ""unique_syscalls"", ""uid_is_root"", ""uid_changed"", ""euid_root""]","{""verdict"": ""MALICIOUS"", ""confidence"": 0.92, ""rationale_steps"": [""Privilege state: uid_is_root and euid_root are both set, with max_uid_euid_delta being 0, indicating a direct root transition."", ""Mechanism: unique_syscalls at p99+ suggests an unusual or potentially malicious script execution, and uid_changed indicates a change in privileges."", ""Behavioural anomaly: failed_call_rate at p99+ and lifetime_seconds at p99+ suggest a short-lived, high-failure process, which is uncommon for benign activity."", ""Benign-explanation test: The process's short lifetime and high failure rate do not align with typical admin scripting or health-check behavior."", ""Decide: The strong privilege escalation signals (uid_is_root, euid_root, uid_changed) and unusual behavior (failed_call_rate, unique_syscalls) support the CNN's classification over XGBoost's.""], ""key_features"": [""lifetime_seconds"", ""unique_syscalls"", ""uid_is_root"", ""uid_changed"", ""euid_root""], ""agrees_with"": ""cnn""}"
40646,2,1,T1548,0,1,0.964673638343811,0.9870211482048036,xgb_benign_cnn_malicious,MALICIOUS,1,0.92,cnn,ok,"[""Privilege state: uid_is_root and euid_root are both set, with max_uid_euid_delta being 0, indicating a direct root transition."", ""Mechanism: unique_syscalls at p99+ suggests an unusual or potentially malicious script execution, and uid_changed indicates a change in user identity which is often associated with privilege escalation."", ""Behavioural anomaly: failed_call_rate at p99+ indicates a high rate of failed syscalls, which can be a sign of a process struggling or attempting to perform unauthorized operations."", ""Benign-explanation test: lifetime_seconds at p99+ and no clear benign explanation like admin scripting or health-check, given the high failed_call_rate and unique_syscalls."", ""Decide: the strong privilege escalation signals (uid_is_root, euid_root, uid_changed) and unusual behaviour (failed_call_rate, unique_syscalls) support the CNN's classification over XGBoost's benign call.""]","[""lifetime_seconds"", ""unique_syscalls"", ""uid_is_root"", ""uid_changed"", ""euid_root""]","{""verdict"": ""MALICIOUS"", ""confidence"": 0.92, ""rationale_steps"": [""Privilege state: uid_is_root and euid_root are both set, with max_uid_euid_delta being 0, indicating a direct root transition."", ""Mechanism: unique_syscalls at p99+ suggests an unusual or potentially malicious script execution, and uid_changed indicates a change in user identity which is often associated with privilege escalation."", ""Behavioural anomaly: failed_call_rate at p99+ indicates a high rate of failed syscalls, which can be a sign of a process struggling or attempting to perform unauthorized operations."", ""Benign-explanation test: lifetime_seconds at p99+ and no clear benign explanation like admin scripting or health-check, given the high failed_call_rate and unique_syscalls."", ""Decide: the strong privilege escalation signals (uid_is_root, euid_root, uid_changed) and unusual behaviour (failed_call_rate, unique_syscalls) support the CNN's classification over XGBoost's benign call.""], ""key_features"": [""lifetime_seconds"", ""unique_syscalls"", ""uid_is_root"", ""uid_changed"", ""euid_root""], ""agrees_with"": ""cnn""}"
40656,2,1,T1548,0,1,0.964673638343811,0.9870211482048036,xgb_benign_cnn_malicious,MALICIOUS,1,0.92,cnn,ok,"[""Privilege state: uid_is_root and euid_root are both set, with max_uid_euid_delta being 0, indicating a direct root transition."", ""Mechanism: unique_syscalls at p99+ suggests an unusual or potentially malicious script execution, and uid_changed indicates a change in user identity which is often associated with privilege escalation."", ""Behavioural anomaly: failed_call_rate at p99+ indicates a high rate of failed syscalls, which can be a sign of a process struggling or attempting to perform unauthorized operations."", ""Benign-explanation test: lifetime_seconds at p99+ and no clear benign explanation like admin scripting or health-check, given the high failed_call_rate and unique_syscalls."", ""Decide: the strong privilege escalation signals (uid_is_root, euid_root, uid_changed) and unusual behaviour (failed_call_rate, unique_syscalls) support the CNN's classification over XGBoost's benign call.""]","[""lifetime_seconds"", ""unique_syscalls"", ""uid_is_root"", ""uid_changed"", ""euid_root""]","{""verdict"": ""MALICIOUS"", ""confidence"": 0.92, ""rationale_steps"": [""Privilege state: uid_is_root and euid_root are both set, with max_uid_euid_delta being 0, indicating a direct root transition."", ""Mechanism: unique_syscalls at p99+ suggests an unusual or potentially malicious script execution, and uid_changed indicates a change in user identity which is often associated with privilege escalation."", ""Behavioural anomaly: failed_call_rate at p99+ indicates a high rate of failed syscalls, which can be a sign of a process struggling or attempting to perform unauthorized operations."", ""Benign-explanation test: lifetime_seconds at p99+ and no clear benign explanation like admin scripting or health-check, given the high failed_call_rate and unique_syscalls."", ""Decide: the strong privilege escalation signals (uid_is_root, euid_root, uid_changed) and unusual behaviour (failed_call_rate, unique_syscalls) support the CNN's classification over XGBoost's benign call.""], ""key_features"": [""lifetime_seconds"", ""unique_syscalls"", ""uid_is_root"", ""uid_changed"", ""euid_root""], ""agrees_with"": ""cnn""}"
40661,2,1,T1548,0,1,0.9779095649719238,0.9780508279800416,xgb_benign_cnn_malicious,MALICIOUS,1,0.92,cnn,ok,"[""Privilege state: uid_is_root and euid_root are set, with max_uid_euid_delta low, suggesting a direct root context."", ""Mechanism: unique_syscalls=1 and events_per_second high indicate a potentially scripted or automated activity, which could be malicious."", ""Behavioural anomaly: lifetime_seconds at p99+ and uid_changed=0 suggest a short-lived, abrupt process that doesn't fit typical benign activity patterns."", ""Benign-explanation test: seq_length=2 and high syscall throughput argue against a benign admin script or cron job, which usually have longer lifetimes and more varied syscall patterns."", ""Decide: the combination of direct root context, high syscall throughput, and short-lived process supports the CNN's classification over XGBoost's high malicious probability.""]","[""uid_is_root"", ""euid_root"", ""unique_syscalls"", ""events_per_second"", ""lifetime_seconds""]","{""verdict"": ""MALICIOUS"", ""confidence"": 0.92, ""rationale_steps"": [""Privilege state: uid_is_root and euid_root are set, with max_uid_euid_delta low, suggesting a direct root context."", ""Mechanism: unique_syscalls=1 and events_per_second high indicate a potentially scripted or automated activity, which could be malicious."", ""Behavioural anomaly: lifetime_seconds at p99+ and uid_changed=0 suggest a short-lived, abrupt process that doesn't fit typical benign activity patterns."", ""Benign-explanation test: seq_length=2 and high syscall throughput argue against a benign admin script or cron job, which usually have longer lifetimes and more varied syscall patterns."", ""Decide: the combination of direct root context, high syscall throughput, and short-lived process supports the CNN's classification over XGBoost's high malicious probability.""], ""key_features"": [""uid_is_root"", ""euid_root"", ""unique_syscalls"", ""events_per_second"", ""lifetime_seconds""], ""agrees_with"": ""cnn""}"
40663,2,1,T1548,0,1,0.964673638343811,0.9870211482048036,xgb_benign_cnn_malicious,MALICIOUS,1,0.92,cnn,ok,"[""Privilege state: uid_is_root and euid_root are both set, with max_uid_euid_delta being 0, indicating a direct root transition."", ""Mechanism: unique_syscalls at p99+ suggests an unusual or potentially malicious script execution, and uid_changed indicates a change in privileges."", ""Behavioural anomaly: failed_call_rate at p99+ and lifetime_seconds at p99+ suggest a short-lived, high-failure process, which is uncommon for benign activity."", ""Benign-explanation test: The process's short lifetime and high failure rate do not align with typical admin scripting or health-check behavior."", ""Decide: The strong privilege escalation signals (uid_is_root, euid_root, uid_changed) and unusual behavior (failed_call_rate, unique_syscalls) support the CNN's classification over XGBoost's.""]","[""lifetime_seconds"", ""unique_syscalls"", ""uid_is_root"", ""uid_changed"", ""euid_root""]","{""verdict"": ""MALICIOUS"", ""confidence"": 0.92, ""rationale_steps"": [""Privilege state: uid_is_root and euid_root are both set, with max_uid_euid_delta being 0, indicating a direct root transition."", ""Mechanism: unique_syscalls at p99+ suggests an unusual or potentially malicious script execution, and uid_changed indicates a change in privileges."", ""Behavioural anomaly: failed_call_rate at p99+ and lifetime_seconds at p99+ suggest a short-lived, high-failure process, which is uncommon for benign activity."", ""Benign-explanation test: The process's short lifetime and high failure rate do not align with typical admin scripting or health-check behavior."", ""Decide: The strong privilege escalation signals (uid_is_root, euid_root, uid_changed) and unusual behavior (failed_call_rate, unique_syscalls) support the CNN's classification over XGBoost's.""], ""key_features"": [""lifetime_seconds"", ""unique_syscalls"", ""uid_is_root"", ""uid_changed"", ""euid_root""], ""agrees_with"": ""cnn""}"
40670,2,1,T1548,0,1,0.964673638343811,0.9870211482048036,xgb_benign_cnn_malicious,MALICIOUS,1,0.92,cnn,ok,"[""Privilege state: uid_is_root and euid_root are both set, with max_uid_euid_delta being 0, indicating a direct root transition."", ""Mechanism: unique_syscalls at p99+ suggests an unusual or potentially malicious script execution, and uid_changed indicates a change in user identity which is often associated with privilege escalation."", ""Behavioural anomaly: failed_call_rate at p99+ indicates a high rate of failed syscalls, which can be a sign of a process struggling or attempting to perform unauthorized operations."", ""Benign-explanation test: lifetime_seconds at p99+ and no clear benign explanation like admin scripting or health-check, given the high failed_call_rate and unique_syscalls."", ""Decide: the strong privilege escalation signals (uid_is_root, euid_root, uid_changed) and unusual behaviour (failed_call_rate, unique_syscalls) support the CNN's classification over XGBoost's benign call.""]","[""lifetime_seconds"", ""unique_syscalls"", ""uid_is_root"", ""uid_changed"", ""euid_root""]","{""verdict"": ""MALICIOUS"", ""confidence"": 0.92, ""rationale_steps"": [""Privilege state: uid_is_root and euid_root are both set, with max_uid_euid_delta being 0, indicating a direct root transition."", ""Mechanism: unique_syscalls at p99+ suggests an unusual or potentially malicious script execution, and uid_changed indicates a change in user identity which is often associated with privilege escalation."", ""Behavioural anomaly: failed_call_rate at p99+ indicates a high rate of failed syscalls, which can be a sign of a process struggling or attempting to perform unauthorized operations."", ""Benign-explanation test: lifetime_seconds at p99+ and no clear benign explanation like admin scripting or health-check, given the high failed_call_rate and unique_syscalls."", ""Decide: the strong privilege escalation signals (uid_is_root, euid_root, uid_changed) and unusual behaviour (failed_call_rate, unique_syscalls) support the CNN's classification over XGBoost's benign call.""], ""key_features"": [""lifetime_seconds"", ""unique_syscalls"", ""uid_is_root"", ""uid_changed"", ""euid_root""], ""agrees_with"": ""cnn""}"
40673,2,1,T1548,0,1,0.964673638343811,0.9870211482048036,xgb_benign_cnn_malicious,MALICIOUS,1,0.92,cnn,ok,"[""Privilege state: uid_is_root and euid_root are both set, with max_uid_euid_delta being 0, indicating a direct root transition."", ""Mechanism: unique_syscalls at p99+ suggests an unusual or potentially malicious script execution, and uid_changed indicates a change in user identity which is often associated with privilege escalation."", ""Behavioural anomaly: failed_call_rate at p99+ indicates a high rate of failed syscalls, which can be a sign of a process struggling or attempting to perform unauthorized operations."", ""Benign-explanation test: lifetime_seconds at p99+ and no clear benign explanation like admin scripting or health-check, given the high failed_call_rate and unique_syscalls."", ""Decide: the strong privilege escalation signals (uid_is_root, euid_root, uid_changed) and unusual behaviour (failed_call_rate, unique_syscalls) support the CNN's classification over XGBoost's benign call.""]","[""lifetime_seconds"", ""unique_syscalls"", ""uid_is_root"", ""uid_changed"", ""euid_root""]","{""verdict"": ""MALICIOUS"", ""confidence"": 0.92, ""rationale_steps"": [""Privilege state: uid_is_root and euid_root are both set, with max_uid_euid_delta being 0, indicating a direct root transition."", ""Mechanism: unique_syscalls at p99+ suggests an unusual or potentially malicious script execution, and uid_changed indicates a change in user identity which is often associated with privilege escalation."", ""Behavioural anomaly: failed_call_rate at p99+ indicates a high rate of failed syscalls, which can be a sign of a process struggling or attempting to perform unauthorized operations."", ""Benign-explanation test: lifetime_seconds at p99+ and no clear benign explanation like admin scripting or health-check, given the high failed_call_rate and unique_syscalls."", ""Decide: the strong privilege escalation signals (uid_is_root, euid_root, uid_changed) and unusual behaviour (failed_call_rate, unique_syscalls) support the CNN's classification over XGBoost's benign call.""], ""key_features"": [""lifetime_seconds"", ""unique_syscalls"", ""uid_is_root"", ""uid_changed"", ""euid_root""], ""agrees_with"": ""cnn""}"
40680,2,1,T1548,0,1,0.964673638343811,0.9870211482048036,xgb_benign_cnn_malicious,MALICIOUS,1,0.92,cnn,ok,"[""Privilege state: uid_is_root and euid_root are both set, with max_uid_euid_delta being 0, indicating a direct root transition."", ""Mechanism: unique_syscalls at p99+ suggests an unusual or potentially malicious script execution, and uid_changed indicates a change in user identity which is often associated with privilege escalation."", ""Behavioural anomaly: failed_call_rate at p99+ indicates a high rate of failed syscalls, which can be a sign of a process struggling or attempting to perform unauthorized operations."", ""Benign-explanation test: lifetime_seconds at p99+ and no clear benign explanation like admin scripting or health-check, given the high failed_call_rate and unique_syscalls."", ""Decide: the strong privilege escalation signals (uid_is_root, euid_root, uid_changed) and unusual behaviour (failed_call_rate, unique_syscalls) support the CNN's classification over XGBoost's benign call.""]","[""lifetime_seconds"", ""unique_syscalls"", ""uid_is_root"", ""uid_changed"", ""euid_root""]","{""verdict"": ""MALICIOUS"", ""confidence"": 0.92, ""rationale_steps"": [""Privilege state: uid_is_root and euid_root are both set, with max_uid_euid_delta being 0, indicating a direct root transition."", ""Mechanism: unique_syscalls at p99+ suggests an unusual or potentially malicious script execution, and uid_changed indicates a change in user identity which is often associated with privilege escalation."", ""Behavioural anomaly: failed_call_rate at p99+ indicates a high rate of failed syscalls, which can be a sign of a process struggling or attempting to perform unauthorized operations."", ""Benign-explanation test: lifetime_seconds at p99+ and no clear benign explanation like admin scripting or health-check, given the high failed_call_rate and unique_syscalls."", ""Decide: the strong privilege escalation signals (uid_is_root, euid_root, uid_changed) and unusual behaviour (failed_call_rate, unique_syscalls) support the CNN's classification over XGBoost's benign call.""], ""key_features"": [""lifetime_seconds"", ""unique_syscalls"", ""uid_is_root"", ""uid_changed"", ""euid_root""], ""agrees_with"": ""cnn""}"
40682,2,1,T1548,0,1,0.964673638343811,0.9870211482048036,xgb_benign_cnn_malicious,MALICIOUS,1,0.92,cnn,ok,"[""Privilege state: uid_is_root and euid_root are both set, with max_uid_euid_delta being 0, indicating a direct root transition."", ""Mechanism: unique_syscalls at p99+ suggests an unusual or potentially malicious script execution, and uid_changed indicates a change in user identity which is often associated with privilege escalation."", ""Behavioural anomaly: failed_call_rate at p99+ indicates a high rate of failed syscalls, which can be a sign of a process struggling or attempting to perform unauthorized operations."", ""Benign-explanation test: lifetime_seconds at p99+ and no clear benign explanation like admin scripting or health-check, given the high failed_call_rate and unique_syscalls."", ""Decide: the strong privilege escalation signals (uid_is_root, euid_root, uid_changed) and unusual behaviour (failed_call_rate, unique_syscalls) support the CNN's classification over XGBoost's benign call.""]","[""lifetime_seconds"", ""unique_syscalls"", ""uid_is_root"", ""uid_changed"", ""euid_root""]","{""verdict"": ""MALICIOUS"", ""confidence"": 0.92, ""rationale_steps"": [""Privilege state: uid_is_root and euid_root are both set, with max_uid_euid_delta being 0, indicating a direct root transition."", ""Mechanism: unique_syscalls at p99+ suggests an unusual or potentially malicious script execution, and uid_changed indicates a change in user identity which is often associated with privilege escalation."", ""Behavioural anomaly: failed_call_rate at p99+ indicates a high rate of failed syscalls, which can be a sign of a process struggling or attempting to perform unauthorized operations."", ""Benign-explanation test: lifetime_seconds at p99+ and no clear benign explanation like admin scripting or health-check, given the high failed_call_rate and unique_syscalls."", ""Decide: the strong privilege escalation signals (uid_is_root, euid_root, uid_changed) and unusual behaviour (failed_call_rate, unique_syscalls) support the CNN's classification over XGBoost's benign call.""], ""key_features"": [""lifetime_seconds"", ""unique_syscalls"", ""uid_is_root"", ""uid_changed"", ""euid_root""], ""agrees_with"": ""cnn""}"
40690,2,1,T1548,0,1,0.964673638343811,0.9870211482048036,xgb_benign_cnn_malicious,MALICIOUS,1,0.92,cnn,ok,"[""Privilege state: uid_is_root and euid_root are both set, with max_uid_euid_delta being 0, indicating a direct root transition."", ""Mechanism: unique_syscalls at p99+ suggests an unusual or potentially malicious script execution, and uid_changed indicates a change in user identity which is often associated with privilege escalation."", ""Behavioural anomaly: failed_call_rate at p99+ indicates a high rate of failed syscalls, which can be a sign of a process struggling or attempting to perform unauthorized operations."", ""Benign-explanation test: lifetime_seconds at p99+ and no clear benign explanation like admin scripting or health-check, given the high failed_call_rate and unique_syscalls."", ""Decide: the strong privilege escalation signals (uid_is_root, euid_root, uid_changed) and unusual behaviour (failed_call_rate, unique_syscalls) support the CNN's classification over XGBoost's benign call.""]","[""lifetime_seconds"", ""unique_syscalls"", ""uid_is_root"", ""uid_changed"", ""euid_root""]","{""verdict"": ""MALICIOUS"", ""confidence"": 0.92, ""rationale_steps"": [""Privilege state: uid_is_root and euid_root are both set, with max_uid_euid_delta being 0, indicating a direct root transition."", ""Mechanism: unique_syscalls at p99+ suggests an unusual or potentially malicious script execution, and uid_changed indicates a change in user identity which is often associated with privilege escalation."", ""Behavioural anomaly: failed_call_rate at p99+ indicates a high rate of failed syscalls, which can be a sign of a process struggling or attempting to perform unauthorized operations."", ""Benign-explanation test: lifetime_seconds at p99+ and no clear benign explanation like admin scripting or health-check, given the high failed_call_rate and unique_syscalls."", ""Decide: the strong privilege escalation signals (uid_is_root, euid_root, uid_changed) and unusual behaviour (failed_call_rate, unique_syscalls) support the CNN's classification over XGBoost's benign call.""], ""key_features"": [""lifetime_seconds"", ""unique_syscalls"", ""uid_is_root"", ""uid_changed"", ""euid_root""], ""agrees_with"": ""cnn""}"
40696,2,1,T1548,0,1,0.964673638343811,0.9870211482048036,xgb_benign_cnn_malicious,MALICIOUS,1,0.92,cnn,ok,"[""Privilege state: uid_is_root and euid_root are both set, with max_uid_euid_delta being 0, indicating a direct root transition."", ""Mechanism: unique_syscalls at p99+ suggests an unusual or potentially malicious script execution, and uid_changed indicates a change in user identity which is often associated with privilege escalation."", ""Behavioural anomaly: failed_call_rate at p99+ indicates a high rate of failed syscalls, which can be a sign of a process struggling or attempting to perform unauthorized operations."", ""Benign-explanation test: lifetime_seconds at p99+ and no clear benign explanation like admin scripting or health-check, given the high failed_call_rate and unique_syscalls."", ""Decide: the strong privilege escalation signals (uid_is_root, euid_root, uid_changed) and unusual behaviour (failed_call_rate, unique_syscalls) support the CNN's classification over XGBoost's benign call.""]","[""lifetime_seconds"", ""unique_syscalls"", ""uid_is_root"", ""uid_changed"", ""euid_root""]","{""verdict"": ""MALICIOUS"", ""confidence"": 0.92, ""rationale_steps"": [""Privilege state: uid_is_root and euid_root are both set, with max_uid_euid_delta being 0, indicating a direct root transition."", ""Mechanism: unique_syscalls at p99+ suggests an unusual or potentially malicious script execution, and uid_changed indicates a change in user identity which is often associated with privilege escalation."", ""Behavioural anomaly: failed_call_rate at p99+ indicates a high rate of failed syscalls, which can be a sign of a process struggling or attempting to perform unauthorized operations."", ""Benign-explanation test: lifetime_seconds at p99+ and no clear benign explanation like admin scripting or health-check, given the high failed_call_rate and unique_syscalls."", ""Decide: the strong privilege escalation signals (uid_is_root, euid_root, uid_changed) and unusual behaviour (failed_call_rate, unique_syscalls) support the CNN's classification over XGBoost's benign call.""], ""key_features"": [""lifetime_seconds"", ""unique_syscalls"", ""uid_is_root"", ""uid_changed"", ""euid_root""], ""agrees_with"": ""cnn""}"
40697,2,1,T1548,0,1,0.9779095649719238,0.9780508279800416,xgb_benign_cnn_malicious,MALICIOUS,1,0.92,cnn,ok,"[""Privilege state: uid_is_root and euid_root are set, with max_uid_euid_delta low, suggesting a direct root context."", ""Mechanism: unique_syscalls=1 and events_per_second high indicate a potentially scripted or automated activity, which could be malicious."", ""Behavioural anomaly: lifetime_seconds at p99+ and uid_changed=0 suggest a short-lived, abrupt process that doesn't fit typical benign activity patterns."", ""Benign-explanation test: seq_length=2 and high syscall throughput argue against a benign admin script or cron job, which usually have longer lifetimes and more varied syscall patterns."", ""Decide: the combination of direct root context, high syscall throughput, and short-lived process supports the CNN's classification over XGBoost's high malicious probability.""]","[""uid_is_root"", ""euid_root"", ""unique_syscalls"", ""events_per_second"", ""lifetime_seconds""]","{""verdict"": ""MALICIOUS"", ""confidence"": 0.92, ""rationale_steps"": [""Privilege state: uid_is_root and euid_root are set, with max_uid_euid_delta low, suggesting a direct root context."", ""Mechanism: unique_syscalls=1 and events_per_second high indicate a potentially scripted or automated activity, which could be malicious."", ""Behavioural anomaly: lifetime_seconds at p99+ and uid_changed=0 suggest a short-lived, abrupt process that doesn't fit typical benign activity patterns."", ""Benign-explanation test: seq_length=2 and high syscall throughput argue against a benign admin script or cron job, which usually have longer lifetimes and more varied syscall patterns."", ""Decide: the combination of direct root context, high syscall throughput, and short-lived process supports the CNN's classification over XGBoost's high malicious probability.""], ""key_features"": [""uid_is_root"", ""euid_root"", ""unique_syscalls"", ""events_per_second"", ""lifetime_seconds""], ""agrees_with"": ""cnn""}"
40700,2,1,T1548,0,1,0.964673638343811,0.9870211482048036,xgb_benign_cnn_malicious,MALICIOUS,1,0.92,cnn,ok,"[""Privilege state: uid_is_root and euid_root are both set, with max_uid_euid_delta being 0, indicating a direct root transition."", ""Mechanism: unique_syscalls at p99+ suggests an unusual or potentially malicious script execution, and uid_changed indicates a change in privileges."", ""Behavioural anomaly: failed_call_rate at p99+ and lifetime_seconds at p99+ suggest a short-lived, high-failure process, which is uncommon for benign activity."", ""Benign-explanation test: The process's short lifetime and high failure rate do not align with typical admin scripting or health-check behavior."", ""Decide: The strong privilege escalation signals (uid_is_root, euid_root, uid_changed) and unusual behavior (failed_call_rate, unique_syscalls) support the CNN's classification over XGBoost's.""]","[""lifetime_seconds"", ""unique_syscalls"", ""uid_is_root"", ""uid_changed"", ""euid_root""]","{""verdict"": ""MALICIOUS"", ""confidence"": 0.92, ""rationale_steps"": [""Privilege state: uid_is_root and euid_root are both set, with max_uid_euid_delta being 0, indicating a direct root transition."", ""Mechanism: unique_syscalls at p99+ suggests an unusual or potentially malicious script execution, and uid_changed indicates a change in privileges."", ""Behavioural anomaly: failed_call_rate at p99+ and lifetime_seconds at p99+ suggest a short-lived, high-failure process, which is uncommon for benign activity."", ""Benign-explanation test: The process's short lifetime and high failure rate do not align with typical admin scripting or health-check behavior."", ""Decide: The strong privilege escalation signals (uid_is_root, euid_root, uid_changed) and unusual behavior (failed_call_rate, unique_syscalls) support the CNN's classification over XGBoost's.""], ""key_features"": [""lifetime_seconds"", ""unique_syscalls"", ""uid_is_root"", ""uid_changed"", ""euid_root""], ""agrees_with"": ""cnn""}"
42007,3,1,T1548,1,0,0.999918818473816,0.8624513745307922,xgb_malicious_cnn_benign,MALICIOUS,1,0.92,xgb,ok,"[""Privilege state: uid_is_root and euid_root are set, max_uid_euid_delta is extremely high, indicating a significant privilege escalation."", ""Mechanism: uid_changed and auid_euid_mismatch suggest an attempt to manipulate identity, which aligns with T1548 and T1222 techniques."", ""Behavioural anomaly: failed_call_rate is low, and unique_syscalls is high, suggesting a crafted process with a specific purpose, not typical benign activity."", ""Benign-explanation test: lifetime_seconds is minimal, and there's no exec_count or shell_from_service, which contradicts typical benign admin scripting."", ""Decide: the strong evidence of privilege escalation and anomalous behaviour supports XGBoost's MALICIOUS call over CNN's BENIGN call.""]","[""lifetime_seconds"", ""unique_syscalls"", ""uid_is_root"", ""euid_root"", ""max_uid_euid_delta""]","{""verdict"": ""MALICIOUS"", ""confidence"": 0.92, ""rationale_steps"": [""Privilege state: uid_is_root and euid_root are set, max_uid_euid_delta is extremely high, indicating a significant privilege escalation."", ""Mechanism: uid_changed and auid_euid_mismatch suggest an attempt to manipulate identity, which aligns with T1548 and T1222 techniques."", ""Behavioural anomaly: failed_call_rate is low, and unique_syscalls is high, suggesting a crafted process with a specific purpose, not typical benign activity."", ""Benign-explanation test: lifetime_seconds is minimal, and there's no exec_count or shell_from_service, which contradicts typical benign admin scripting."", ""Decide: the strong evidence of privilege escalation and anomalous behaviour supports XGBoost's MALICIOUS call over CNN's BENIGN call.""], ""key_features"": [""lifetime_seconds"", ""unique_syscalls"", ""uid_is_root"", ""euid_root"", ""max_uid_euid_delta""], ""agrees_with"": ""xgb""}"
42693,2,1,T1548,0,1,0.964673638343811,0.9870211482048036,xgb_benign_cnn_malicious,MALICIOUS,1,0.92,cnn,ok,"[""Privilege state: uid_is_root and euid_root are both set, with max_uid_euid_delta being 0, indicating a direct root transition."", ""Mechanism: unique_syscalls at p99+ suggests an unusual or potentially malicious script execution, and uid_changed indicates a change in user identity which is often associated with privilege escalation."", ""Behavioural anomaly: failed_call_rate at p99+ indicates a high rate of failed syscalls, which can be a sign of a process struggling or attempting to perform unauthorized operations."", ""Benign-explanation test: lifetime_seconds at p99+ and no clear benign explanation like admin scripting or health-check, given the high failed_call_rate and unique_syscalls."", ""Decide: the strong privilege escalation signals (uid_is_root, euid_root, uid_changed) and unusual behaviour (failed_call_rate, unique_syscalls) support the CNN's classification over XGBoost's benign call.""]","[""lifetime_seconds"", ""unique_syscalls"", ""uid_is_root"", ""uid_changed"", ""euid_root""]","{""verdict"": ""MALICIOUS"", ""confidence"": 0.92, ""rationale_steps"": [""Privilege state: uid_is_root and euid_root are both set, with max_uid_euid_delta being 0, indicating a direct root transition."", ""Mechanism: unique_syscalls at p99+ suggests an unusual or potentially malicious script execution, and uid_changed indicates a change in user identity which is often associated with privilege escalation."", ""Behavioural anomaly: failed_call_rate at p99+ indicates a high rate of failed syscalls, which can be a sign of a process struggling or attempting to perform unauthorized operations."", ""Benign-explanation test: lifetime_seconds at p99+ and no clear benign explanation like admin scripting or health-check, given the high failed_call_rate and unique_syscalls."", ""Decide: the strong privilege escalation signals (uid_is_root, euid_root, uid_changed) and unusual behaviour (failed_call_rate, unique_syscalls) support the CNN's classification over XGBoost's benign call.""], ""key_features"": [""lifetime_seconds"", ""unique_syscalls"", ""uid_is_root"", ""uid_changed"", ""euid_root""], ""agrees_with"": ""cnn""}"
42770,2,1,T1548,0,1,0.9779095649719238,0.9780508279800416,xgb_benign_cnn_malicious,MALICIOUS,1,0.92,cnn,ok,"[""Privilege state: uid_is_root and euid_root are set, with max_uid_euid_delta low, suggesting a direct root context."", ""Mechanism: unique_syscalls=1 and events_per_second high indicate a potentially scripted or automated activity, which could be malicious."", ""Behavioural anomaly: lifetime_seconds at p99+ and uid_changed=0 suggest a short-lived, abrupt process that doesn't fit typical benign activity patterns."", ""Benign-explanation test: seq_length=2 and high syscall throughput argue against a benign admin script or cron job, which usually have longer lifetimes and more varied syscall patterns."", ""Decide: the combination of direct root context, high syscall throughput, and short-lived process supports the CNN's classification over XGBoost's high malicious probability.""]","[""uid_is_root"", ""euid_root"", ""unique_syscalls"", ""events_per_second"", ""lifetime_seconds""]","{""verdict"": ""MALICIOUS"", ""confidence"": 0.92, ""rationale_steps"": [""Privilege state: uid_is_root and euid_root are set, with max_uid_euid_delta low, suggesting a direct root context."", ""Mechanism: unique_syscalls=1 and events_per_second high indicate a potentially scripted or automated activity, which could be malicious."", ""Behavioural anomaly: lifetime_seconds at p99+ and uid_changed=0 suggest a short-lived, abrupt process that doesn't fit typical benign activity patterns."", ""Benign-explanation test: seq_length=2 and high syscall throughput argue against a benign admin script or cron job, which usually have longer lifetimes and more varied syscall patterns."", ""Decide: the combination of direct root context, high syscall throughput, and short-lived process supports the CNN's classification over XGBoost's high malicious probability.""], ""key_features"": [""uid_is_root"", ""euid_root"", ""unique_syscalls"", ""events_per_second"", ""lifetime_seconds""], ""agrees_with"": ""cnn""}"
43072,2,0,benign,0,1,0.001278604613617,0.999983251094818,xgb_benign_cnn_malicious,MALICIOUS,1,0.92,cnn,ok,"[""Privilege state: uid_is_root and euid_root are both set, with max_uid_euid_delta indicating a significant privilege transition."", ""Mechanism: unique_syscalls at p99+ suggests unusual behavior, and uid_changed indicates a change in privilege level during execution."", ""Behavioural anomaly: failed_call_rate is high, indicating potential syscall failures that could be indicative of malicious activity."", ""Benign-explanation test: lifetime_seconds at p99+ and no clear benign explanation like admin scripting or cron jobs, given the short and singular execution."", ""Decide: the strong privilege escalation signals (uid_is_root, euid_root, max_uid_euid_delta) and unusual syscall behavior (unique_syscalls, failed_call_rate) support the CNN's classification over XGBoost's benign call.""]","[""lifetime_seconds"", ""unique_syscalls"", ""uid_is_root"", ""euid_root"", ""max_uid_euid_delta""]","{""verdict"": ""MALICIOUS"", ""confidence"": 0.92, ""rationale_steps"": [""Privilege state: uid_is_root and euid_root are both set, with max_uid_euid_delta indicating a significant privilege transition."", ""Mechanism: unique_syscalls at p99+ suggests unusual behavior, and uid_changed indicates a change in privilege level during execution."", ""Behavioural anomaly: failed_call_rate is high, indicating potential syscall failures that could be indicative of malicious activity."", ""Benign-explanation test: lifetime_seconds at p99+ and no clear benign explanation like admin scripting or cron jobs, given the short and singular execution."", ""Decide: the strong privilege escalation signals (uid_is_root, euid_root, max_uid_euid_delta) and unusual syscall behavior (unique_syscalls, failed_call_rate) support the CNN's classification over XGBoost's benign call.""], ""key_features"": [""lifetime_seconds"", ""unique_syscalls"", ""uid_is_root"", ""euid_root"", ""max_uid_euid_delta""], ""agrees_with"": ""cnn""}"
43552,3,1,T1548,1,0,0.999918818473816,0.8624439835548401,xgb_malicious_cnn_benign,MALICIOUS,1,0.92,xgb,ok,"[""Privilege state: uid_is_root and euid_root are set, max_uid_euid_delta is extremely high, indicating a significant privilege escalation."", ""Mechanism: uid_changed and auid_euid_mismatch suggest an attempt to manipulate identity, which aligns with T1548 and T1222 techniques."", ""Behavioural anomaly: failed_call_rate is low, suggesting successful syscalls, and unique_syscalls is high, indicating unusual behavior not typical of benign processes."", ""Benign-explanation test: lifetime_seconds at p99+ and no exec_count suggest a short-lived, singular operation inconsistent with benign admin scripting or health-checks."", ""Decide: the strong evidence of privilege escalation and unusual behavior supports XGBoost's MALICIOUS call over CNN's BENIGN call.""]","[""lifetime_seconds"", ""unique_syscalls"", ""uid_is_root"", ""euid_root"", ""max_uid_euid_delta""]","{""verdict"": ""MALICIOUS"", ""confidence"": 0.92, ""rationale_steps"": [""Privilege state: uid_is_root and euid_root are set, max_uid_euid_delta is extremely high, indicating a significant privilege escalation."", ""Mechanism: uid_changed and auid_euid_mismatch suggest an attempt to manipulate identity, which aligns with T1548 and T1222 techniques."", ""Behavioural anomaly: failed_call_rate is low, suggesting successful syscalls, and unique_syscalls is high, indicating unusual behavior not typical of benign processes."", ""Benign-explanation test: lifetime_seconds at p99+ and no exec_count suggest a short-lived, singular operation inconsistent with benign admin scripting or health-checks."", ""Decide: the strong evidence of privilege escalation and unusual behavior supports XGBoost's MALICIOUS call over CNN's BENIGN call.""], ""key_features"": [""lifetime_seconds"", ""unique_syscalls"", ""uid_is_root"", ""euid_root"", ""max_uid_euid_delta""], ""agrees_with"": ""xgb""}"
44307,3,1,T1548,1,0,0.999918818473816,0.8624439835548401,xgb_malicious_cnn_benign,MALICIOUS,1,0.92,xgb,ok,"[""Privilege state: uid_is_root and euid_root are set, max_uid_euid_delta is extremely high, indicating a significant privilege escalation."", ""Mechanism: uid_changed and auid_euid_mismatch suggest an attempt to manipulate identity, which aligns with T1548 and T1222 techniques."", ""Behavioural anomaly: failed_call_rate is low, and unique_syscalls is high, suggesting a crafted process with a specific purpose, which is uncommon in benign activity."", ""Benign-explanation test: lifetime_seconds is minimal, and there's no exec_count or shell_from_service, which contradicts typical benign admin activity."", ""Decide: the strong evidence of privilege escalation and anomalous behaviour supports XGBoost's MALICIOUS call over CNN's BENIGN call.""]","[""lifetime_seconds"", ""unique_syscalls"", ""uid_is_root"", ""euid_root"", ""max_uid_euid_delta""]","{""verdict"": ""MALICIOUS"", ""confidence"": 0.92, ""rationale_steps"": [""Privilege state: uid_is_root and euid_root are set, max_uid_euid_delta is extremely high, indicating a significant privilege escalation."", ""Mechanism: uid_changed and auid_euid_mismatch suggest an attempt to manipulate identity, which aligns with T1548 and T1222 techniques."", ""Behavioural anomaly: failed_call_rate is low, and unique_syscalls is high, suggesting a crafted process with a specific purpose, which is uncommon in benign activity."", ""Benign-explanation test: lifetime_seconds is minimal, and there's no exec_count or shell_from_service, which contradicts typical benign admin activity."", ""Decide: the strong evidence of privilege escalation and anomalous behaviour supports XGBoost's MALICIOUS call over CNN's BENIGN call.""], ""key_features"": [""lifetime_seconds"", ""unique_syscalls"", ""uid_is_root"", ""euid_root"", ""max_uid_euid_delta""], ""agrees_with"": ""xgb""}"
45080,3,1,T1548,1,0,0.999918818473816,0.8624439835548401,xgb_malicious_cnn_benign,MALICIOUS,1,0.92,xgb,ok,"[""Privilege state: uid_is_root and euid_root are set, max_uid_euid_delta is extremely high, indicating a significant privilege escalation."", ""Mechanism: uid_changed and auid_euid_mismatch suggest an attempt to manipulate identity, which aligns with T1548 and T1222 techniques."", ""Behavioural anomaly: failed_call_rate is low, and unique_syscalls is high, suggesting a crafted process with a specific purpose, which is uncommon in benign activity."", ""Benign-explanation test: lifetime_seconds is minimal, and there's no exec_count or shell_from_service, which contradicts typical benign admin activity."", ""Decide: the strong evidence of privilege escalation and anomalous behaviour supports XGBoost's MALICIOUS call over CNN's BENIGN call.""]","[""lifetime_seconds"", ""unique_syscalls"", ""uid_is_root"", ""euid_root"", ""max_uid_euid_delta""]","{""verdict"": ""MALICIOUS"", ""confidence"": 0.92, ""rationale_steps"": [""Privilege state: uid_is_root and euid_root are set, max_uid_euid_delta is extremely high, indicating a significant privilege escalation."", ""Mechanism: uid_changed and auid_euid_mismatch suggest an attempt to manipulate identity, which aligns with T1548 and T1222 techniques."", ""Behavioural anomaly: failed_call_rate is low, and unique_syscalls is high, suggesting a crafted process with a specific purpose, which is uncommon in benign activity."", ""Benign-explanation test: lifetime_seconds is minimal, and there's no exec_count or shell_from_service, which contradicts typical benign admin activity."", ""Decide: the strong evidence of privilege escalation and anomalous behaviour supports XGBoost's MALICIOUS call over CNN's BENIGN call.""], ""key_features"": [""lifetime_seconds"", ""unique_syscalls"", ""uid_is_root"", ""euid_root"", ""max_uid_euid_delta""], ""agrees_with"": ""xgb""}"
45984,2,1,T1595,0,1,0.001278604613617,0.999983251094818,xgb_benign_cnn_malicious,MALICIOUS,1,0.92,cnn,ok,"[""Privilege state: uid_is_root and euid_root are both set, with max_uid_euid_delta indicating a significant privilege transition."", ""Mechanism: unique_syscalls at p99+ suggests unusual behavior, and uid_changed indicates a change in privilege level during execution."", ""Behavioural anomaly: failed_call_rate is high, indicating potential syscall failures that could be indicative of malicious activity."", ""Benign-explanation test: lifetime_seconds at p99+ and no clear benign explanation like admin scripting or cron jobs, given the short and singular execution."", ""Decide: the strong privilege escalation signals (uid_is_root, euid_root, max_uid_euid_delta) and unusual syscall behavior (unique_syscalls, failed_call_rate) support the CNN's MALICIOUS classification over XGBoost's BENIGN call.""]","[""lifetime_seconds"", ""unique_syscalls"", ""uid_is_root"", ""uid_changed"", ""euid_root""]","{""verdict"": ""MALICIOUS"", ""confidence"": 0.92, ""rationale_steps"": [""Privilege state: uid_is_root and euid_root are both set, with max_uid_euid_delta indicating a significant privilege transition."", ""Mechanism: unique_syscalls at p99+ suggests unusual behavior, and uid_changed indicates a change in privilege level during execution."", ""Behavioural anomaly: failed_call_rate is high, indicating potential syscall failures that could be indicative of malicious activity."", ""Benign-explanation test: lifetime_seconds at p99+ and no clear benign explanation like admin scripting or cron jobs, given the short and singular execution."", ""Decide: the strong privilege escalation signals (uid_is_root, euid_root, max_uid_euid_delta) and unusual syscall behavior (unique_syscalls, failed_call_rate) support the CNN's MALICIOUS classification over XGBoost's BENIGN call.""], ""key_features"": [""lifetime_seconds"", ""unique_syscalls"", ""uid_is_root"", ""uid_changed"", ""euid_root""], ""agrees_with"": ""cnn""}"
46478,2,1,T1548,0,1,0.9779095649719238,0.9780508279800416,xgb_benign_cnn_malicious,MALICIOUS,1,0.92,cnn,ok,"[""Privilege state: uid_is_root and euid_root are set, with max_uid_euid_delta low, suggesting a direct root context."", ""Mechanism: unique_syscalls=1 and events_per_second high indicate a potentially scripted or automated activity, which could be malicious."", ""Behavioural anomaly: lifetime_seconds at p99+ and uid_changed=0 suggest a short-lived, abrupt process that doesn't fit typical benign activity patterns."", ""Benign-explanation test: seq_length=2 and high syscall throughput argue against a benign admin script or cron job, which usually have longer lifetimes and more varied syscall patterns."", ""Decide: the combination of direct root context, high syscall throughput, and short-lived process supports the CNN's classification over XGBoost's high malicious probability.""]","[""uid_is_root"", ""euid_root"", ""unique_syscalls"", ""events_per_second"", ""lifetime_seconds""]","{""verdict"": ""MALICIOUS"", ""confidence"": 0.92, ""rationale_steps"": [""Privilege state: uid_is_root and euid_root are set, with max_uid_euid_delta low, suggesting a direct root context."", ""Mechanism: unique_syscalls=1 and events_per_second high indicate a potentially scripted or automated activity, which could be malicious."", ""Behavioural anomaly: lifetime_seconds at p99+ and uid_changed=0 suggest a short-lived, abrupt process that doesn't fit typical benign activity patterns."", ""Benign-explanation test: seq_length=2 and high syscall throughput argue against a benign admin script or cron job, which usually have longer lifetimes and more varied syscall patterns."", ""Decide: the combination of direct root context, high syscall throughput, and short-lived process supports the CNN's classification over XGBoost's high malicious probability.""], ""key_features"": [""uid_is_root"", ""euid_root"", ""unique_syscalls"", ""events_per_second"", ""lifetime_seconds""], ""agrees_with"": ""cnn""}"
51615,3,1,T1548,1,0,0.999918818473816,0.8624439835548401,xgb_malicious_cnn_benign,MALICIOUS,1,0.92,xgb,ok,"[""Privilege state: uid_is_root and euid_root are set, max_uid_euid_delta is extremely high, indicating a significant privilege escalation."", ""Mechanism: uid_changed and auid_euid_mismatch suggest an attempt to manipulate identity, which aligns with T1548 and T1222 techniques."", ""Behavioural anomaly: failed_call_rate is low, suggesting successful syscalls, and unique_syscalls is high, indicating unusual behavior not typical of benign processes."", ""Benign-explanation test: lifetime_seconds at p99+ and no exec_count suggest a short-lived, singular operation inconsistent with benign admin scripting or health-checks."", ""Decide: the strong evidence of privilege escalation and unusual behavior supports XGBoost's MALICIOUS call over CNN's BENIGN call.""]","[""lifetime_seconds"", ""unique_syscalls"", ""uid_is_root"", ""euid_root"", ""max_uid_euid_delta""]","{""verdict"": ""MALICIOUS"", ""confidence"": 0.92, ""rationale_steps"": [""Privilege state: uid_is_root and euid_root are set, max_uid_euid_delta is extremely high, indicating a significant privilege escalation."", ""Mechanism: uid_changed and auid_euid_mismatch suggest an attempt to manipulate identity, which aligns with T1548 and T1222 techniques."", ""Behavioural anomaly: failed_call_rate is low, suggesting successful syscalls, and unique_syscalls is high, indicating unusual behavior not typical of benign processes."", ""Benign-explanation test: lifetime_seconds at p99+ and no exec_count suggest a short-lived, singular operation inconsistent with benign admin scripting or health-checks."", ""Decide: the strong evidence of privilege escalation and unusual behavior supports XGBoost's MALICIOUS call over CNN's BENIGN call.""], ""key_features"": [""lifetime_seconds"", ""unique_syscalls"", ""uid_is_root"", ""euid_root"", ""max_uid_euid_delta""], ""agrees_with"": ""xgb""}"
52370,3,1,T1222,1,0,0.9765482544898988,0.8522466421127319,xgb_malicious_cnn_benign,MALICIOUS,1,0.92,xgb,ok,"[""Privilege state: uid_is_root and euid_root are both set, max_uid_euid_delta is low, indicating a genuine root context and potential privilege escalation."", ""Mechanism: unique_syscalls at p99+ suggests an unusual or potentially malicious exec chain, and uid_changed indicates a UID transition which is often associated with privilege escalation attempts."", ""Behavioural anomaly: failed_call_rate is low, which is unusual for benign processes, and lifetime_seconds is very short, which is inconsistent with typical attack behavior."", ""Benign-explanation test: The process's short lifetime and high unique_syscalls make it unlikely to be an admin script or health-check, as these would typically have longer lifetimes and fewer unique syscalls."", ""Decide: The evidence of a root context, unusual exec chain, and low failed_call_rate supports the XGBoost model's MALICIOUS classification over the CNN's BENIGN call.""]","[""lifetime_seconds"", ""unique_syscalls"", ""uid_is_root"", ""uid_changed"", ""euid_root""]","{
  ""verdict"": ""MALICIOUS"",
  ""confidence"": 0.92,
  ""rationale_steps"": [
    ""Privilege state: uid_is_root and euid_root are both set, max_uid_euid_delta is low, indicating a genuine root context and potential privilege escalation."",
    ""Mechanism: unique_syscalls at p99+ suggests an unusual or potentially malicious exec chain, and uid_changed indicates a UID transition which is often associated with privilege escalation attempts."",
    ""Behavioural anomaly: failed_call_rate is low, which is unusual for benign processes, and lifetime_seconds is very short, which is inconsistent with typical attack behavior."",
    ""Benign-explanation test: The process's short lifetime and high unique_syscalls make it unlikely to be an admin script or health-check, as these would typically have longer lifetimes and fewer unique syscalls."",
    ""Decide: The evidence of a root context, unusual exec chain, and low failed_call_rate supports the XGBoost model's MALICIOUS classification over the CNN's BENIGN call.""
  ],
  ""key_features"": [""lifetime_seconds"", ""unique_syscalls"", ""uid_is_root"", ""uid_changed"", ""euid_root""],
  ""agrees_with"": ""xgb""
}"
52378,2,1,T1548,0,1,0.964673638343811,0.9870211482048036,xgb_benign_cnn_malicious,MALICIOUS,1,0.92,cnn,ok,"[""Privilege state: uid_is_root and euid_root are both set, with max_uid_euid_delta being 0, indicating a direct root transition."", ""Mechanism: unique_syscalls at p99+ suggests an unusual or potentially malicious script execution, and uid_changed indicates a change in user identity which is often associated with privilege escalation."", ""Behavioural anomaly: failed_call_rate at p99+ indicates a high rate of failed syscalls, which can be a sign of a process struggling or attempting to perform unauthorized operations."", ""Benign-explanation test: lifetime_seconds at p99+ and no clear benign explanation like admin scripting or health-check, given the high failed_call_rate and unique_syscalls."", ""Decide: the strong privilege escalation signals (uid_is_root, euid_root, uid_changed) and unusual behaviour (failed_call_rate, unique_syscalls) support the CNN's classification over XGBoost's benign call.""]","[""lifetime_seconds"", ""unique_syscalls"", ""uid_is_root"", ""uid_changed"", ""euid_root""]","{""verdict"": ""MALICIOUS"", ""confidence"": 0.92, ""rationale_steps"": [""Privilege state: uid_is_root and euid_root are both set, with max_uid_euid_delta being 0, indicating a direct root transition."", ""Mechanism: unique_syscalls at p99+ suggests an unusual or potentially malicious script execution, and uid_changed indicates a change in user identity which is often associated with privilege escalation."", ""Behavioural anomaly: failed_call_rate at p99+ indicates a high rate of failed syscalls, which can be a sign of a process struggling or attempting to perform unauthorized operations."", ""Benign-explanation test: lifetime_seconds at p99+ and no clear benign explanation like admin scripting or health-check, given the high failed_call_rate and unique_syscalls."", ""Decide: the strong privilege escalation signals (uid_is_root, euid_root, uid_changed) and unusual behaviour (failed_call_rate, unique_syscalls) support the CNN's classification over XGBoost's benign call.""], ""key_features"": [""lifetime_seconds"", ""unique_syscalls"", ""uid_is_root"", ""uid_changed"", ""euid_root""], ""agrees_with"": ""cnn""}"
52404,2,1,T1548,0,1,0.964673638343811,0.9870211482048036,xgb_benign_cnn_malicious,MALICIOUS,1,0.92,cnn,ok,"[""Privilege state: uid_is_root and euid_root are both set, with max_uid_euid_delta being 0, indicating a direct root transition."", ""Mechanism: unique_syscalls at p99+ suggests an unusual or potentially malicious script execution, and uid_changed indicates a change in user identity which is often associated with privilege escalation."", ""Behavioural anomaly: failed_call_rate at p99+ indicates a high rate of failed syscalls, which can be a sign of a process struggling or attempting to perform unauthorized operations."", ""Benign-explanation test: lifetime_seconds at p99+ and no clear benign explanation like admin scripting or health-check, given the high failed_call_rate and unique_syscalls."", ""Decide: the strong privilege escalation signals (uid_is_root, euid_root, uid_changed) and unusual behaviour (failed_call_rate, unique_syscalls) support the CNN's classification over XGBoost's benign call.""]","[""lifetime_seconds"", ""unique_syscalls"", ""uid_is_root"", ""uid_changed"", ""euid_root""]","{""verdict"": ""MALICIOUS"", ""confidence"": 0.92, ""rationale_steps"": [""Privilege state: uid_is_root and euid_root are both set, with max_uid_euid_delta being 0, indicating a direct root transition."", ""Mechanism: unique_syscalls at p99+ suggests an unusual or potentially malicious script execution, and uid_changed indicates a change in user identity which is often associated with privilege escalation."", ""Behavioural anomaly: failed_call_rate at p99+ indicates a high rate of failed syscalls, which can be a sign of a process struggling or attempting to perform unauthorized operations."", ""Benign-explanation test: lifetime_seconds at p99+ and no clear benign explanation like admin scripting or health-check, given the high failed_call_rate and unique_syscalls."", ""Decide: the strong privilege escalation signals (uid_is_root, euid_root, uid_changed) and unusual behaviour (failed_call_rate, unique_syscalls) support the CNN's classification over XGBoost's benign call.""], ""key_features"": [""lifetime_seconds"", ""unique_syscalls"", ""uid_is_root"", ""uid_changed"", ""euid_root""], ""agrees_with"": ""cnn""}"
52427,2,1,T1548,0,1,0.964673638343811,0.9870211482048036,xgb_benign_cnn_malicious,MALICIOUS,1,0.92,cnn,ok,"[""Privilege state: uid_is_root and euid_root are both set, with max_uid_euid_delta being 0, indicating a direct root transition."", ""Mechanism: unique_syscalls at p99+ suggests an unusual or potentially malicious script execution, and uid_changed indicates a change in user identity which is often associated with privilege escalation."", ""Behavioural anomaly: failed_call_rate at p99+ indicates a high rate of failed syscalls, which can be a sign of a process struggling or attempting to perform unauthorized operations."", ""Benign-explanation test: lifetime_seconds at p99+ and no clear benign explanation like admin scripting or health-check, given the high failed_call_rate and unique_syscalls."", ""Decide: the strong privilege escalation signals (uid_is_root, euid_root, uid_changed) and unusual behaviour (failed_call_rate, unique_syscalls) support the CNN's classification over XGBoost's benign call.""]","[""lifetime_seconds"", ""unique_syscalls"", ""uid_is_root"", ""uid_changed"", ""euid_root""]","{""verdict"": ""MALICIOUS"", ""confidence"": 0.92, ""rationale_steps"": [""Privilege state: uid_is_root and euid_root are both set, with max_uid_euid_delta being 0, indicating a direct root transition."", ""Mechanism: unique_syscalls at p99+ suggests an unusual or potentially malicious script execution, and uid_changed indicates a change in user identity which is often associated with privilege escalation."", ""Behavioural anomaly: failed_call_rate at p99+ indicates a high rate of failed syscalls, which can be a sign of a process struggling or attempting to perform unauthorized operations."", ""Benign-explanation test: lifetime_seconds at p99+ and no clear benign explanation like admin scripting or health-check, given the high failed_call_rate and unique_syscalls."", ""Decide: the strong privilege escalation signals (uid_is_root, euid_root, uid_changed) and unusual behaviour (failed_call_rate, unique_syscalls) support the CNN's classification over XGBoost's benign call.""], ""key_features"": [""lifetime_seconds"", ""unique_syscalls"", ""uid_is_root"", ""uid_changed"", ""euid_root""], ""agrees_with"": ""cnn""}"
52458,3,1,T1548,1,0,0.999918818473816,0.8624439835548401,xgb_malicious_cnn_benign,MALICIOUS,1,0.92,xgb,ok,"[""Privilege state: uid_is_root and euid_root are set, max_uid_euid_delta is extremely high, indicating a significant privilege escalation."", ""Mechanism: uid_changed and auid_euid_mismatch suggest an attempt to manipulate identity, which aligns with T1548 and T1222 techniques."", ""Behavioural anomaly: failed_call_rate is low, suggesting successful syscalls, and unique_syscalls is high, indicating unusual behavior not typical of benign processes."", ""Benign-explanation test: lifetime_seconds at p99+ and no exec_count suggest a short-lived, singular operation inconsistent with benign admin scripting or health-checks."", ""Decide: the strong evidence of privilege escalation and unusual behavior supports XGBoost's MALICIOUS call over CNN's BENIGN call.""]","[""lifetime_seconds"", ""unique_syscalls"", ""uid_is_root"", ""euid_root"", ""max_uid_euid_delta""]","{""verdict"": ""MALICIOUS"", ""confidence"": 0.92, ""rationale_steps"": [""Privilege state: uid_is_root and euid_root are set, max_uid_euid_delta is extremely high, indicating a significant privilege escalation."", ""Mechanism: uid_changed and auid_euid_mismatch suggest an attempt to manipulate identity, which aligns with T1548 and T1222 techniques."", ""Behavioural anomaly: failed_call_rate is low, suggesting successful syscalls, and unique_syscalls is high, indicating unusual behavior not typical of benign processes."", ""Benign-explanation test: lifetime_seconds at p99+ and no exec_count suggest a short-lived, singular operation inconsistent with benign admin scripting or health-checks."", ""Decide: the strong evidence of privilege escalation and unusual behavior supports XGBoost's MALICIOUS call over CNN's BENIGN call.""], ""key_features"": [""lifetime_seconds"", ""unique_syscalls"", ""uid_is_root"", ""euid_root"", ""max_uid_euid_delta""], ""agrees_with"": ""xgb""}"
53064,3,1,T1548,1,0,0.999918818473816,0.8624439835548401,xgb_malicious_cnn_benign,MALICIOUS,1,0.92,xgb,ok,"[""Privilege state: uid_is_root and euid_root are set, max_uid_euid_delta is extremely high, indicating a significant privilege escalation."", ""Mechanism: uid_changed and auid_euid_mismatch suggest an attempt to manipulate identity, which aligns with T1548 and T1222 techniques."", ""Behavioural anomaly: failed_call_rate is low, and unique_syscalls is high, suggesting a crafted process with a specific purpose, which is uncommon in benign activity."", ""Benign-explanation test: lifetime_seconds is minimal, and there's no exec_count or shell_from_service, which contradicts typical benign admin activity."", ""Decide: the strong evidence of privilege escalation and anomalous behaviour supports XGBoost's MALICIOUS call over CNN's BENIGN call.""]","[""lifetime_seconds"", ""unique_syscalls"", ""uid_is_root"", ""euid_root"", ""max_uid_euid_delta""]","{""verdict"": ""MALICIOUS"", ""confidence"": 0.92, ""rationale_steps"": [""Privilege state: uid_is_root and euid_root are set, max_uid_euid_delta is extremely high, indicating a significant privilege escalation."", ""Mechanism: uid_changed and auid_euid_mismatch suggest an attempt to manipulate identity, which aligns with T1548 and T1222 techniques."", ""Behavioural anomaly: failed_call_rate is low, and unique_syscalls is high, suggesting a crafted process with a specific purpose, which is uncommon in benign activity."", ""Benign-explanation test: lifetime_seconds is minimal, and there's no exec_count or shell_from_service, which contradicts typical benign admin activity."", ""Decide: the strong evidence of privilege escalation and anomalous behaviour supports XGBoost's MALICIOUS call over CNN's BENIGN call.""], ""key_features"": [""lifetime_seconds"", ""unique_syscalls"", ""uid_is_root"", ""euid_root"", ""max_uid_euid_delta""], ""agrees_with"": ""xgb""}"
55941,4,1,T1222,0,1,0.8476836681365967,0.9918534755706788,xgb_benign_cnn_malicious,MALICIOUS,1,0.92,cnn,ok,"[""Privilege state: uid_is_root and euid_root are set, with a max_uid_euid_delta of 0 indicating a direct root transition, which is a strong indicator of malicious activity."", ""Mechanism: The process has a high syscall throughput (events_per_second) and a long syscall sequence (seq_length) with a high number of unique syscalls, which is unusual for benign processes."", ""Behavioural anomaly: The process has a UID change (uid_changed) and a large gap between real and effective UID (max_uid_euid_delta), which is typical for privilege escalation attempts."", ""Benign-explanation test: The short lifetime_seconds and the high events_per_second make it unlikely to be an admin script or a health-check, as these activities usually have longer lifetimes and lower throughput."", ""Decide: The strong privilege escalation indicators and unusual behavioural patterns outweigh XGBoost's benign call; this supports the CNN's classification.""]","[""lifetime_seconds"", ""events_per_second"", ""uid_is_root"", ""euid_root"", ""max_uid_euid_delta""]","{""verdict"": ""MALICIOUS"", ""confidence"": 0.92, ""rationale_steps"": [""Privilege state: uid_is_root and euid_root are set, with a max_uid_euid_delta of 0 indicating a direct root transition, which is a strong indicator of malicious activity."", ""Mechanism: The process has a high syscall throughput (events_per_second) and a long syscall sequence (seq_length) with a high number of unique syscalls, which is unusual for benign processes."", ""Behavioural anomaly: The process has a UID change (uid_changed) and a large gap between real and effective UID (max_uid_euid_delta), which is typical for privilege escalation attempts."", ""Benign-explanation test: The short lifetime_seconds and the high events_per_second make it unlikely to be an admin script or a health-check, as these activities usually have longer lifetimes and lower throughput."", ""Decide: The strong privilege escalation indicators and unusual behavioural patterns outweigh XGBoost's benign call; this supports the CNN's classification.""], ""key_features"": [""lifetime_seconds"", ""events_per_second"", ""uid_is_root"", ""euid_root"", ""max_uid_euid_delta""], ""agrees_with"": ""cnn""}"
55962,3,1,T1548,1,0,0.999918818473816,0.8624439835548401,xgb_malicious_cnn_benign,MALICIOUS,1,0.92,xgb,ok,"[""Privilege state: uid_is_root and euid_root are set, max_uid_euid_delta is extremely high, indicating a significant privilege escalation."", ""Mechanism: uid_changed and auid_euid_mismatch suggest an attempt to manipulate identity, which aligns with T1548 and T1222 techniques."", ""Behavioural anomaly: failed_call_rate is low, suggesting successful syscalls, and unique_syscalls is high, indicating unusual behavior not typical of benign processes."", ""Benign-explanation test: lifetime_seconds at p99+ and no exec_count suggest a short-lived, singular operation inconsistent with benign admin scripting or health-checks."", ""Decide: the strong evidence of privilege escalation and unusual behavior supports XGBoost's MALICIOUS call over CNN's BENIGN call.""]","[""lifetime_seconds"", ""unique_syscalls"", ""uid_is_root"", ""euid_root"", ""max_uid_euid_delta""]","{""verdict"": ""MALICIOUS"", ""confidence"": 0.92, ""rationale_steps"": [""Privilege state: uid_is_root and euid_root are set, max_uid_euid_delta is extremely high, indicating a significant privilege escalation."", ""Mechanism: uid_changed and auid_euid_mismatch suggest an attempt to manipulate identity, which aligns with T1548 and T1222 techniques."", ""Behavioural anomaly: failed_call_rate is low, suggesting successful syscalls, and unique_syscalls is high, indicating unusual behavior not typical of benign processes."", ""Benign-explanation test: lifetime_seconds at p99+ and no exec_count suggest a short-lived, singular operation inconsistent with benign admin scripting or health-checks."", ""Decide: the strong evidence of privilege escalation and unusual behavior supports XGBoost's MALICIOUS call over CNN's BENIGN call.""], ""key_features"": [""lifetime_seconds"", ""unique_syscalls"", ""uid_is_root"", ""euid_root"", ""max_uid_euid_delta""], ""agrees_with"": ""xgb""}"
55963,3,1,T1548,1,0,0.999918818473816,0.8624513745307922,xgb_malicious_cnn_benign,,-1,,,parse_error,[],[],"{
  ""verdict"": ""MALICIOUS"",
  ""confidence"": 0.92,
  ""rationale_steps"": [
    ""Privilege state: uid_is_root and euid_root are set, max_uid_euid_delta is extremely high, and auid_euid_mismatch is present, indicating a clear privilege escalation attempt."",
    ""Mechanism: The process has a lifetime of 1 second, which is unusual and could suggest a rapid privilege escalation attempt, combined with unique_syscalls indicating non-standard behavior."",
    ""Behavioural anomaly: The failed_call_rate is low, suggesting successful execution of syscalls, and uid_changed indicates a transition in user identity, which is uncommon in benign processes."",
    ""Benign-explanation test: The short lifetime and unique_syscalls argue against this being a routine admin script or health-check, as such activities typically have longer lifetimes and more predictable syscall patterns."",
    ""Decide: The strong evidence of privilege escalation (uid_is_root, euid_root, max_uid_euid_delta, auid_euid_mismatch) and the unusual behavior (short lifetime, unique_syscalls) support the MALICIOUS classification, with XGBoost's high confidence in maliciousness.""
  ],
  ""key_features"": [""lifetime_seconds"", ""unique_syscalls"", ""uid_is_root"", ""euid_root"", ""max_uid_euid_delta"", ""auid_euid_mismatch""],
  ""agrees_with"": ""xgb""
}"
55979,2,1,T1548,0,1,0.964673638343811,0.9870211482048036,xgb_benign_cnn_malicious,MALICIOUS,1,0.92,cnn,ok,"[""Privilege state: uid_is_root and euid_root are both set, with max_uid_euid_delta being 0, indicating a direct root transition."", ""Mechanism: unique_syscalls at p99+ suggests an unusual or potentially malicious script execution, and uid_changed indicates a change in user identity which is often associated with privilege escalation."", ""Behavioural anomaly: failed_call_rate at p99+ indicates a high rate of failed syscalls, which can be a sign of a process struggling or attempting to perform unauthorized operations."", ""Benign-explanation test: lifetime_seconds at p99+ and no clear benign explanation like admin scripting or health-check, given the high failed_call_rate and unique_syscalls."", ""Decide: the strong privilege escalation signals (uid_is_root, euid_root, uid_changed) and unusual behaviour (failed_call_rate, unique_syscalls) support the CNN's classification over XGBoost's benign call.""]","[""lifetime_seconds"", ""unique_syscalls"", ""uid_is_root"", ""uid_changed"", ""euid_root""]","{""verdict"": ""MALICIOUS"", ""confidence"": 0.92, ""rationale_steps"": [""Privilege state: uid_is_root and euid_root are both set, with max_uid_euid_delta being 0, indicating a direct root transition."", ""Mechanism: unique_syscalls at p99+ suggests an unusual or potentially malicious script execution, and uid_changed indicates a change in user identity which is often associated with privilege escalation."", ""Behavioural anomaly: failed_call_rate at p99+ indicates a high rate of failed syscalls, which can be a sign of a process struggling or attempting to perform unauthorized operations."", ""Benign-explanation test: lifetime_seconds at p99+ and no clear benign explanation like admin scripting or health-check, given the high failed_call_rate and unique_syscalls."", ""Decide: the strong privilege escalation signals (uid_is_root, euid_root, uid_changed) and unusual behaviour (failed_call_rate, unique_syscalls) support the CNN's classification over XGBoost's benign call.""], ""key_features"": [""lifetime_seconds"", ""unique_syscalls"", ""uid_is_root"", ""uid_changed"", ""euid_root""], ""agrees_with"": ""cnn""}"
55991,3,1,T1548,1,0,0.999918818473816,0.8624439835548401,xgb_malicious_cnn_benign,MALICIOUS,1,0.92,xgb,ok,"[""Privilege state: uid_is_root and euid_root are set, max_uid_euid_delta is extremely high, indicating a significant privilege escalation."", ""Mechanism: uid_changed and auid_euid_mismatch suggest an attempt to manipulate identity, which aligns with T1548 and T1222 techniques."", ""Behavioural anomaly: failed_call_rate is low, suggesting successful syscalls, and unique_syscalls is high, indicating unusual behavior not typical of benign processes."", ""Benign-explanation test: lifetime_seconds at p99+ and no exec_count suggest a short-lived, singular operation inconsistent with benign admin scripting or health-checks."", ""Decide: the strong evidence of privilege escalation and unusual behavior supports XGBoost's MALICIOUS call over CNN's BENIGN call.""]","[""lifetime_seconds"", ""unique_syscalls"", ""uid_is_root"", ""euid_root"", ""max_uid_euid_delta""]","{""verdict"": ""MALICIOUS"", ""confidence"": 0.92, ""rationale_steps"": [""Privilege state: uid_is_root and euid_root are set, max_uid_euid_delta is extremely high, indicating a significant privilege escalation."", ""Mechanism: uid_changed and auid_euid_mismatch suggest an attempt to manipulate identity, which aligns with T1548 and T1222 techniques."", ""Behavioural anomaly: failed_call_rate is low, suggesting successful syscalls, and unique_syscalls is high, indicating unusual behavior not typical of benign processes."", ""Benign-explanation test: lifetime_seconds at p99+ and no exec_count suggest a short-lived, singular operation inconsistent with benign admin scripting or health-checks."", ""Decide: the strong evidence of privilege escalation and unusual behavior supports XGBoost's MALICIOUS call over CNN's BENIGN call.""], ""key_features"": [""lifetime_seconds"", ""unique_syscalls"", ""uid_is_root"", ""euid_root"", ""max_uid_euid_delta""], ""agrees_with"": ""xgb""}"
56186,3,1,T1548,1,0,0.999918818473816,0.8624439835548401,xgb_malicious_cnn_benign,MALICIOUS,1,0.92,xgb,ok,"[""Privilege state: uid_is_root and euid_root are set, max_uid_euid_delta is extremely high, indicating a significant privilege escalation."", ""Mechanism: uid_changed and auid_euid_mismatch suggest an attempt to manipulate identity, which aligns with T1548 and T1222 techniques."", ""Behavioural anomaly: failed_call_rate is low, and unique_syscalls is high, suggesting a crafted process with a specific purpose, which is uncommon in benign activity."", ""Benign-explanation test: lifetime_seconds is minimal, and there's no exec_count or shell_from_service, which contradicts typical benign admin activity."", ""Decide: the strong evidence of privilege escalation and anomalous behaviour supports XGBoost's MALICIOUS call over CNN's BENIGN call.""]","[""lifetime_seconds"", ""unique_syscalls"", ""uid_is_root"", ""euid_root"", ""max_uid_euid_delta""]","{""verdict"": ""MALICIOUS"", ""confidence"": 0.92, ""rationale_steps"": [""Privilege state: uid_is_root and euid_root are set, max_uid_euid_delta is extremely high, indicating a significant privilege escalation."", ""Mechanism: uid_changed and auid_euid_mismatch suggest an attempt to manipulate identity, which aligns with T1548 and T1222 techniques."", ""Behavioural anomaly: failed_call_rate is low, and unique_syscalls is high, suggesting a crafted process with a specific purpose, which is uncommon in benign activity."", ""Benign-explanation test: lifetime_seconds is minimal, and there's no exec_count or shell_from_service, which contradicts typical benign admin activity."", ""Decide: the strong evidence of privilege escalation and anomalous behaviour supports XGBoost's MALICIOUS call over CNN's BENIGN call.""], ""key_features"": [""lifetime_seconds"", ""unique_syscalls"", ""uid_is_root"", ""euid_root"", ""max_uid_euid_delta""], ""agrees_with"": ""xgb""}"
56827,3,1,T1548,1,0,0.999918818473816,0.8624439835548401,xgb_malicious_cnn_benign,MALICIOUS,1,0.92,xgb,ok,"[""Privilege state: uid_is_root and euid_root are set, max_uid_euid_delta is extremely high, indicating a significant privilege escalation."", ""Mechanism: uid_changed and auid_euid_mismatch suggest an attempt to manipulate identity, which aligns with T1548 and T1222 techniques."", ""Behavioural anomaly: failed_call_rate is low, and unique_syscalls is high, suggesting a crafted process with a specific purpose, which is uncommon in benign activity."", ""Benign-explanation test: lifetime_seconds is minimal, and there's no exec_count or shell_from_service, which contradicts typical benign admin activity."", ""Decide: the strong evidence of privilege escalation and anomalous behaviour supports XGBoost's MALICIOUS call over CNN's BENIGN call.""]","[""lifetime_seconds"", ""unique_syscalls"", ""uid_is_root"", ""euid_root"", ""max_uid_euid_delta""]","{""verdict"": ""MALICIOUS"", ""confidence"": 0.92, ""rationale_steps"": [""Privilege state: uid_is_root and euid_root are set, max_uid_euid_delta is extremely high, indicating a significant privilege escalation."", ""Mechanism: uid_changed and auid_euid_mismatch suggest an attempt to manipulate identity, which aligns with T1548 and T1222 techniques."", ""Behavioural anomaly: failed_call_rate is low, and unique_syscalls is high, suggesting a crafted process with a specific purpose, which is uncommon in benign activity."", ""Benign-explanation test: lifetime_seconds is minimal, and there's no exec_count or shell_from_service, which contradicts typical benign admin activity."", ""Decide: the strong evidence of privilege escalation and anomalous behaviour supports XGBoost's MALICIOUS call over CNN's BENIGN call.""], ""key_features"": [""lifetime_seconds"", ""unique_syscalls"", ""uid_is_root"", ""euid_root"", ""max_uid_euid_delta""], ""agrees_with"": ""xgb""}"
59732,2,1,T1548,0,1,0.964673638343811,0.9870211482048036,xgb_benign_cnn_malicious,MALICIOUS,1,0.92,cnn,ok,"[""Privilege state: uid_is_root and euid_root are both set, with max_uid_euid_delta being 0, indicating a direct root transition."", ""Mechanism: unique_syscalls at p99+ suggests an unusual or potentially malicious script execution, and uid_changed indicates a change in user identity which is often associated with privilege escalation."", ""Behavioural anomaly: failed_call_rate at p99+ indicates a high rate of failed syscalls, which can be a sign of a process struggling or attempting to perform unauthorized operations."", ""Benign-explanation test: lifetime_seconds at p99+ and no clear benign explanation like admin scripting or health-check, given the high failed_call_rate and unique_syscalls."", ""Decide: the strong privilege escalation signals (uid_is_root, euid_root, uid_changed) and unusual behaviour (failed_call_rate, unique_syscalls) support the CNN's classification over XGBoost's benign call.""]","[""lifetime_seconds"", ""unique_syscalls"", ""uid_is_root"", ""uid_changed"", ""euid_root""]","{""verdict"": ""MALICIOUS"", ""confidence"": 0.92, ""rationale_steps"": [""Privilege state: uid_is_root and euid_root are both set, with max_uid_euid_delta being 0, indicating a direct root transition."", ""Mechanism: unique_syscalls at p99+ suggests an unusual or potentially malicious script execution, and uid_changed indicates a change in user identity which is often associated with privilege escalation."", ""Behavioural anomaly: failed_call_rate at p99+ indicates a high rate of failed syscalls, which can be a sign of a process struggling or attempting to perform unauthorized operations."", ""Benign-explanation test: lifetime_seconds at p99+ and no clear benign explanation like admin scripting or health-check, given the high failed_call_rate and unique_syscalls."", ""Decide: the strong privilege escalation signals (uid_is_root, euid_root, uid_changed) and unusual behaviour (failed_call_rate, unique_syscalls) support the CNN's classification over XGBoost's benign call.""], ""key_features"": [""lifetime_seconds"", ""unique_syscalls"", ""uid_is_root"", ""uid_changed"", ""euid_root""], ""agrees_with"": ""cnn""}"
59733,3,1,T1222,1,0,0.9765482544898988,0.8522466421127319,xgb_malicious_cnn_benign,MALICIOUS,1,0.92,xgb,ok,"[""Privilege state: uid_is_root and euid_root are both set, with max_uid_euid_delta being low, indicating a genuine root context."", ""Mechanism: unique_syscalls at p99+ suggests an unusual or potentially malicious exec chain, and uid_changed indicates a transition in privileges."", ""Behavioural anomaly: failed_call_rate is low, which is more consistent with an attack attempting to avoid detection rather than benign activity."", ""Benign-explanation test: lifetime_seconds at p99+ and no clear benign explanation like admin scripting or cron jobs, given the short and singular execution."", ""Decide: the strong privilege indicators and unusual exec chain outweigh XGBoost's call; this supports the MALICIOUS classification over CNN's BENIGN call.""]","[""lifetime_seconds"", ""unique_syscalls"", ""uid_is_root"", ""euid_root"", ""uid_changed""]","{""verdict"": ""MALICIOUS"", ""confidence"": 0.92, ""rationale_steps"": [""Privilege state: uid_is_root and euid_root are both set, with max_uid_euid_delta being low, indicating a genuine root context."", ""Mechanism: unique_syscalls at p99+ suggests an unusual or potentially malicious exec chain, and uid_changed indicates a transition in privileges."", ""Behavioural anomaly: failed_call_rate is low, which is more consistent with an attack attempting to avoid detection rather than benign activity."", ""Benign-explanation test: lifetime_seconds at p99+ and no clear benign explanation like admin scripting or cron jobs, given the short and singular execution."", ""Decide: the strong privilege indicators and unusual exec chain outweigh XGBoost's call; this supports the MALICIOUS classification over CNN's BENIGN call.""], ""key_features"": [""lifetime_seconds"", ""unique_syscalls"", ""uid_is_root"", ""euid_root"", ""uid_changed""], ""agrees_with"": ""xgb""}"
59737,3,1,T1222,1,0,0.9765482544898988,0.8522466421127319,xgb_malicious_cnn_benign,MALICIOUS,1,0.92,cnn,ok,"[""Privilege state: uid_is_root and euid_root are both set, with max_uid_euid_delta being low, indicating a genuine root context."", ""Mechanism: unique_syscalls at p99+ suggests an unusual or potentially malicious exec chain, and uid_changed indicates a transition in privileges."", ""Behavioural anomaly: failed_call_rate is low, suggesting successful execution of syscalls, and lifetime_seconds is minimal, which is unusual for benign processes."", ""Benign-explanation test: The process's short lifetime and unique syscall pattern do not align with typical admin scripting or cron job behavior."", ""Decide: The strong privilege indicators and unusual exec chain outweigh XGBoost's call, supporting the CNN's classification.""]","[""lifetime_seconds"", ""unique_syscalls"", ""uid_is_root"", ""euid_root"", ""uid_changed""]","{""verdict"": ""MALICIOUS"", ""confidence"": 0.92, ""rationale_steps"": [""Privilege state: uid_is_root and euid_root are both set, with max_uid_euid_delta being low, indicating a genuine root context."", ""Mechanism: unique_syscalls at p99+ suggests an unusual or potentially malicious exec chain, and uid_changed indicates a transition in privileges."", ""Behavioural anomaly: failed_call_rate is low, suggesting successful execution of syscalls, and lifetime_seconds is minimal, which is unusual for benign processes."", ""Benign-explanation test: The process's short lifetime and unique syscall pattern do not align with typical admin scripting or cron job behavior."", ""Decide: The strong privilege indicators and unusual exec chain outweigh XGBoost's call, supporting the CNN's classification.""], ""key_features"": [""lifetime_seconds"", ""unique_syscalls"", ""uid_is_root"", ""euid_root"", ""uid_changed""], ""agrees_with"": ""cnn""}"
59740,2,1,T1548,0,1,0.964673638343811,0.9870211482048036,xgb_benign_cnn_malicious,MALICIOUS,1,0.92,cnn,ok,"[""Privilege state: uid_is_root and euid_root are both set, with max_uid_euid_delta being 0, indicating a direct root transition."", ""Mechanism: unique_syscalls at p99+ suggests an unusual or potentially malicious script execution, and uid_changed indicates a change in user identity which is often associated with privilege escalation."", ""Behavioural anomaly: failed_call_rate at p99+ indicates a high rate of failed syscalls, which can be a sign of a process struggling or attempting to perform unauthorized operations."", ""Benign-explanation test: lifetime_seconds at p99+ and no clear benign explanation like admin scripting or health-check, given the high failed_call_rate and unique_syscalls."", ""Decide: the strong privilege escalation signals (uid_is_root, euid_root, uid_changed) and unusual behaviour (failed_call_rate, unique_syscalls) support the CNN's classification over XGBoost's benign call.""]","[""lifetime_seconds"", ""unique_syscalls"", ""uid_is_root"", ""uid_changed"", ""euid_root""]","{""verdict"": ""MALICIOUS"", ""confidence"": 0.92, ""rationale_steps"": [""Privilege state: uid_is_root and euid_root are both set, with max_uid_euid_delta being 0, indicating a direct root transition."", ""Mechanism: unique_syscalls at p99+ suggests an unusual or potentially malicious script execution, and uid_changed indicates a change in user identity which is often associated with privilege escalation."", ""Behavioural anomaly: failed_call_rate at p99+ indicates a high rate of failed syscalls, which can be a sign of a process struggling or attempting to perform unauthorized operations."", ""Benign-explanation test: lifetime_seconds at p99+ and no clear benign explanation like admin scripting or health-check, given the high failed_call_rate and unique_syscalls."", ""Decide: the strong privilege escalation signals (uid_is_root, euid_root, uid_changed) and unusual behaviour (failed_call_rate, unique_syscalls) support the CNN's classification over XGBoost's benign call.""], ""key_features"": [""lifetime_seconds"", ""unique_syscalls"", ""uid_is_root"", ""uid_changed"", ""euid_root""], ""agrees_with"": ""cnn""}"
59807,2,1,T1548,0,1,0.964673638343811,0.9870211482048036,xgb_benign_cnn_malicious,MALICIOUS,1,0.92,cnn,ok,"[""Privilege state: uid_is_root and euid_root are both set, with max_uid_euid_delta being 0, indicating a direct root transition."", ""Mechanism: unique_syscalls at p99+ suggests an unusual or potentially malicious script execution, and uid_changed indicates a change in user identity which is often associated with privilege escalation."", ""Behavioural anomaly: failed_call_rate at p99+ indicates a high rate of failed syscalls, which can be a sign of a process struggling or attempting to perform unauthorized operations."", ""Benign-explanation test: lifetime_seconds at p99+ and no clear benign explanation like admin scripting or health-check, given the high failed_call_rate and unique_syscalls."", ""Decide: the strong privilege escalation signals (uid_is_root, euid_root, uid_changed) and unusual behaviour (failed_call_rate, unique_syscalls) support the CNN's classification over XGBoost's benign call.""]","[""lifetime_seconds"", ""unique_syscalls"", ""uid_is_root"", ""uid_changed"", ""euid_root""]","{""verdict"": ""MALICIOUS"", ""confidence"": 0.92, ""rationale_steps"": [""Privilege state: uid_is_root and euid_root are both set, with max_uid_euid_delta being 0, indicating a direct root transition."", ""Mechanism: unique_syscalls at p99+ suggests an unusual or potentially malicious script execution, and uid_changed indicates a change in user identity which is often associated with privilege escalation."", ""Behavioural anomaly: failed_call_rate at p99+ indicates a high rate of failed syscalls, which can be a sign of a process struggling or attempting to perform unauthorized operations."", ""Benign-explanation test: lifetime_seconds at p99+ and no clear benign explanation like admin scripting or health-check, given the high failed_call_rate and unique_syscalls."", ""Decide: the strong privilege escalation signals (uid_is_root, euid_root, uid_changed) and unusual behaviour (failed_call_rate, unique_syscalls) support the CNN's classification over XGBoost's benign call.""], ""key_features"": [""lifetime_seconds"", ""unique_syscalls"", ""uid_is_root"", ""uid_changed"", ""euid_root""], ""agrees_with"": ""cnn""}"
59808,3,1,T1222,1,0,0.9765482544898988,0.8522466421127319,xgb_malicious_cnn_benign,MALICIOUS,1,0.92,xgb,ok,"[""Privilege state: uid_is_root and euid_root are both set, with max_uid_euid_delta being low, indicating a genuine root context."", ""Mechanism: unique_syscalls at p99+ suggests an unusual or potentially malicious exec chain, and uid_changed indicates a transition in privileges."", ""Behavioural anomaly: failed_call_rate is low, which is more consistent with an attack attempting to avoid detection rather than benign activity."", ""Benign-explanation test: lifetime_seconds at p99+ and no clear benign explanation like admin scripting or cron jobs, given the short and singular execution."", ""Decide: the strong privilege indicators and unusual exec chain outweigh XGBoost's call; this supports the MALICIOUS classification over CNN's BENIGN call.""]","[""lifetime_seconds"", ""unique_syscalls"", ""uid_is_root"", ""euid_root"", ""uid_changed""]","{""verdict"": ""MALICIOUS"", ""confidence"": 0.92, ""rationale_steps"": [""Privilege state: uid_is_root and euid_root are both set, with max_uid_euid_delta being low, indicating a genuine root context."", ""Mechanism: unique_syscalls at p99+ suggests an unusual or potentially malicious exec chain, and uid_changed indicates a transition in privileges."", ""Behavioural anomaly: failed_call_rate is low, which is more consistent with an attack attempting to avoid detection rather than benign activity."", ""Benign-explanation test: lifetime_seconds at p99+ and no clear benign explanation like admin scripting or cron jobs, given the short and singular execution."", ""Decide: the strong privilege indicators and unusual exec chain outweigh XGBoost's call; this supports the MALICIOUS classification over CNN's BENIGN call.""], ""key_features"": [""lifetime_seconds"", ""unique_syscalls"", ""uid_is_root"", ""euid_root"", ""uid_changed""], ""agrees_with"": ""xgb""}"
59810,3,1,T1222,1,0,0.9765482544898988,0.8522466421127319,xgb_malicious_cnn_benign,MALICIOUS,1,0.92,cnn,ok,"[""Privilege state: uid_is_root and euid_root are both set, with max_uid_euid_delta being low, indicating a genuine root context."", ""Mechanism: unique_syscalls at p99+ suggests an unusual or potentially malicious exec chain, and uid_changed indicates a transition in privileges."", ""Behavioural anomaly: failed_call_rate is low, suggesting successful execution of syscalls, and lifetime_seconds is minimal, which is unusual for benign processes."", ""Benign-explanation test: The process's short lifetime and unique syscall pattern do not align with typical admin scripting or cron job behavior."", ""Decide: The strong privilege indicators and unusual exec chain outweigh XGBoost's call, supporting the CNN's classification.""]","[""lifetime_seconds"", ""unique_syscalls"", ""uid_is_root"", ""euid_root"", ""uid_changed""]","{""verdict"": ""MALICIOUS"", ""confidence"": 0.92, ""rationale_steps"": [""Privilege state: uid_is_root and euid_root are both set, with max_uid_euid_delta being low, indicating a genuine root context."", ""Mechanism: unique_syscalls at p99+ suggests an unusual or potentially malicious exec chain, and uid_changed indicates a transition in privileges."", ""Behavioural anomaly: failed_call_rate is low, suggesting successful execution of syscalls, and lifetime_seconds is minimal, which is unusual for benign processes."", ""Benign-explanation test: The process's short lifetime and unique syscall pattern do not align with typical admin scripting or cron job behavior."", ""Decide: The strong privilege indicators and unusual exec chain outweigh XGBoost's call, supporting the CNN's classification.""], ""key_features"": [""lifetime_seconds"", ""unique_syscalls"", ""uid_is_root"", ""euid_root"", ""uid_changed""], ""agrees_with"": ""cnn""}"
59813,2,1,T1548,0,1,0.964673638343811,0.9870211482048036,xgb_benign_cnn_malicious,MALICIOUS,1,0.92,cnn,ok,"[""Privilege state: uid_is_root and euid_root are both set, with max_uid_euid_delta being 0, indicating a direct root transition."", ""Mechanism: unique_syscalls at p99+ suggests an unusual or potentially malicious script execution, and uid_changed indicates a change in user identity which is often associated with privilege escalation."", ""Behavioural anomaly: failed_call_rate at p99+ indicates a high rate of failed syscalls, which can be a sign of a process struggling or attempting to perform unauthorized operations."", ""Benign-explanation test: lifetime_seconds at p99+ and no clear benign explanation like admin scripting or health-check, given the high failed_call_rate and unique_syscalls."", ""Decide: the strong privilege escalation signals (uid_is_root, euid_root, uid_changed) and unusual behaviour (failed_call_rate, unique_syscalls) support the CNN's classification over XGBoost's benign call.""]","[""lifetime_seconds"", ""unique_syscalls"", ""uid_is_root"", ""uid_changed"", ""euid_root""]","{""verdict"": ""MALICIOUS"", ""confidence"": 0.92, ""rationale_steps"": [""Privilege state: uid_is_root and euid_root are both set, with max_uid_euid_delta being 0, indicating a direct root transition."", ""Mechanism: unique_syscalls at p99+ suggests an unusual or potentially malicious script execution, and uid_changed indicates a change in user identity which is often associated with privilege escalation."", ""Behavioural anomaly: failed_call_rate at p99+ indicates a high rate of failed syscalls, which can be a sign of a process struggling or attempting to perform unauthorized operations."", ""Benign-explanation test: lifetime_seconds at p99+ and no clear benign explanation like admin scripting or health-check, given the high failed_call_rate and unique_syscalls."", ""Decide: the strong privilege escalation signals (uid_is_root, euid_root, uid_changed) and unusual behaviour (failed_call_rate, unique_syscalls) support the CNN's classification over XGBoost's benign call.""], ""key_features"": [""lifetime_seconds"", ""unique_syscalls"", ""uid_is_root"", ""uid_changed"", ""euid_root""], ""agrees_with"": ""cnn""}"
60749,2,1,T1548,0,1,0.964673638343811,0.9870211482048036,xgb_benign_cnn_malicious,MALICIOUS,1,0.92,cnn,ok,"[""Privilege state: uid_is_root and euid_root are both set, with max_uid_euid_delta being 0, indicating a direct root transition."", ""Mechanism: unique_syscalls at p99+ suggests an unusual or potentially malicious script execution, and uid_changed indicates a change in user identity which is often associated with privilege escalation."", ""Behavioural anomaly: failed_call_rate at p99+ indicates a high rate of failed syscalls, which can be a sign of a process struggling or attempting to perform unauthorized operations."", ""Benign-explanation test: lifetime_seconds at p99+ and no clear benign explanation like admin scripting or health-check, given the high failed_call_rate and unique_syscalls."", ""Decide: the strong privilege escalation signals (uid_is_root, euid_root, uid_changed) and unusual behaviour (failed_call_rate, unique_syscalls) support the CNN's classification over XGBoost's benign call.""]","[""lifetime_seconds"", ""unique_syscalls"", ""uid_is_root"", ""uid_changed"", ""euid_root""]","{""verdict"": ""MALICIOUS"", ""confidence"": 0.92, ""rationale_steps"": [""Privilege state: uid_is_root and euid_root are both set, with max_uid_euid_delta being 0, indicating a direct root transition."", ""Mechanism: unique_syscalls at p99+ suggests an unusual or potentially malicious script execution, and uid_changed indicates a change in user identity which is often associated with privilege escalation."", ""Behavioural anomaly: failed_call_rate at p99+ indicates a high rate of failed syscalls, which can be a sign of a process struggling or attempting to perform unauthorized operations."", ""Benign-explanation test: lifetime_seconds at p99+ and no clear benign explanation like admin scripting or health-check, given the high failed_call_rate and unique_syscalls."", ""Decide: the strong privilege escalation signals (uid_is_root, euid_root, uid_changed) and unusual behaviour (failed_call_rate, unique_syscalls) support the CNN's classification over XGBoost's benign call.""], ""key_features"": [""lifetime_seconds"", ""unique_syscalls"", ""uid_is_root"", ""uid_changed"", ""euid_root""], ""agrees_with"": ""cnn""}"
60783,2,1,T1548,0,1,0.9779095649719238,0.9780508279800416,xgb_benign_cnn_malicious,MALICIOUS,1,0.92,cnn,ok,"[""Privilege state: uid_is_root and euid_root are set, with max_uid_euid_delta low, suggesting a direct root context."", ""Mechanism: unique_syscalls=1 and events_per_second high indicate a potentially scripted or automated activity, which could be malicious."", ""Behavioural anomaly: lifetime_seconds at p99+ and uid_changed=0 suggest a short-lived, abrupt process that doesn't fit typical benign activity patterns."", ""Benign-explanation test: seq_length=2 and high syscall throughput argue against a benign admin script or cron job, which usually have longer lifetimes and more varied syscall patterns."", ""Decide: the combination of direct root context, high syscall throughput, and short-lived process supports the CNN's classification over XGBoost's high malicious probability.""]","[""uid_is_root"", ""euid_root"", ""unique_syscalls"", ""events_per_second"", ""lifetime_seconds""]","{""verdict"": ""MALICIOUS"", ""confidence"": 0.92, ""rationale_steps"": [""Privilege state: uid_is_root and euid_root are set, with max_uid_euid_delta low, suggesting a direct root context."", ""Mechanism: unique_syscalls=1 and events_per_second high indicate a potentially scripted or automated activity, which could be malicious."", ""Behavioural anomaly: lifetime_seconds at p99+ and uid_changed=0 suggest a short-lived, abrupt process that doesn't fit typical benign activity patterns."", ""Benign-explanation test: seq_length=2 and high syscall throughput argue against a benign admin script or cron job, which usually have longer lifetimes and more varied syscall patterns."", ""Decide: the combination of direct root context, high syscall throughput, and short-lived process supports the CNN's classification over XGBoost's high malicious probability.""], ""key_features"": [""uid_is_root"", ""euid_root"", ""unique_syscalls"", ""events_per_second"", ""lifetime_seconds""], ""agrees_with"": ""cnn""}"
60786,2,1,T1548,0,1,0.964673638343811,0.9870211482048036,xgb_benign_cnn_malicious,MALICIOUS,1,0.92,cnn,ok,"[""Privilege state: uid_is_root and euid_root are both set, with max_uid_euid_delta being 0, indicating a direct root transition."", ""Mechanism: unique_syscalls at p99+ suggests an unusual or potentially malicious script execution, and uid_changed indicates a change in privileges."", ""Behavioural anomaly: failed_call_rate at p99+ and lifetime_seconds at p99+ suggest a short-lived, high-failure process, which is uncommon for benign activity."", ""Benign-explanation test: The process's short lifetime and high failure rate do not align with typical admin scripting or health-check behavior."", ""Decide: The strong privilege escalation signals (uid_is_root, euid_root, uid_changed) and unusual behavior (failed_call_rate, unique_syscalls) support the CNN's classification over XGBoost's.""]","[""lifetime_seconds"", ""unique_syscalls"", ""uid_is_root"", ""uid_changed"", ""euid_root""]","{""verdict"": ""MALICIOUS"", ""confidence"": 0.92, ""rationale_steps"": [""Privilege state: uid_is_root and euid_root are both set, with max_uid_euid_delta being 0, indicating a direct root transition."", ""Mechanism: unique_syscalls at p99+ suggests an unusual or potentially malicious script execution, and uid_changed indicates a change in privileges."", ""Behavioural anomaly: failed_call_rate at p99+ and lifetime_seconds at p99+ suggest a short-lived, high-failure process, which is uncommon for benign activity."", ""Benign-explanation test: The process's short lifetime and high failure rate do not align with typical admin scripting or health-check behavior."", ""Decide: The strong privilege escalation signals (uid_is_root, euid_root, uid_changed) and unusual behavior (failed_call_rate, unique_syscalls) support the CNN's classification over XGBoost's.""], ""key_features"": [""lifetime_seconds"", ""unique_syscalls"", ""uid_is_root"", ""uid_changed"", ""euid_root""], ""agrees_with"": ""cnn""}"
60792,2,1,T1548,0,1,0.9779095649719238,0.9780508279800416,xgb_benign_cnn_malicious,MALICIOUS,1,0.92,cnn,ok,"[""Privilege state: uid_is_root and euid_root are set, with max_uid_euid_delta low, suggesting a direct root context."", ""Mechanism: unique_syscalls=1 and events_per_second high indicate a potentially scripted or automated activity, which could be malicious."", ""Behavioural anomaly: lifetime_seconds at p99+ and uid_changed=0 suggest a short-lived, abrupt process that doesn't fit typical benign activity patterns."", ""Benign-explanation test: seq_length=2 and high syscall throughput argue against a benign admin script or cron job, which usually have longer lifetimes and more varied syscall patterns."", ""Decide: the combination of direct root context, high syscall throughput, and short-lived process supports the CNN's classification over XGBoost's high malicious probability.""]","[""uid_is_root"", ""euid_root"", ""unique_syscalls"", ""events_per_second"", ""lifetime_seconds""]","{""verdict"": ""MALICIOUS"", ""confidence"": 0.92, ""rationale_steps"": [""Privilege state: uid_is_root and euid_root are set, with max_uid_euid_delta low, suggesting a direct root context."", ""Mechanism: unique_syscalls=1 and events_per_second high indicate a potentially scripted or automated activity, which could be malicious."", ""Behavioural anomaly: lifetime_seconds at p99+ and uid_changed=0 suggest a short-lived, abrupt process that doesn't fit typical benign activity patterns."", ""Benign-explanation test: seq_length=2 and high syscall throughput argue against a benign admin script or cron job, which usually have longer lifetimes and more varied syscall patterns."", ""Decide: the combination of direct root context, high syscall throughput, and short-lived process supports the CNN's classification over XGBoost's high malicious probability.""], ""key_features"": [""uid_is_root"", ""euid_root"", ""unique_syscalls"", ""events_per_second"", ""lifetime_seconds""], ""agrees_with"": ""cnn""}"
60800,2,1,T1548,0,1,0.964673638343811,0.9870211482048036,xgb_benign_cnn_malicious,MALICIOUS,1,0.92,cnn,ok,"[""Privilege state: uid_is_root and euid_root are both set, with max_uid_euid_delta being 0, indicating a direct root transition."", ""Mechanism: unique_syscalls at p99+ suggests an unusual or potentially malicious script execution, and uid_changed indicates a change in privileges."", ""Behavioural anomaly: failed_call_rate at p99+ and lifetime_seconds at p99+ suggest a short-lived, high-failure process, which is uncommon for benign activity."", ""Benign-explanation test: The process's short lifetime and high failure rate do not align with typical admin scripting or health-check behavior."", ""Decide: The strong privilege escalation signals (uid_is_root, euid_root, uid_changed) and unusual behavior (failed_call_rate, unique_syscalls) support the CNN's classification over XGBoost's.""]","[""lifetime_seconds"", ""unique_syscalls"", ""uid_is_root"", ""uid_changed"", ""euid_root""]","{""verdict"": ""MALICIOUS"", ""confidence"": 0.92, ""rationale_steps"": [""Privilege state: uid_is_root and euid_root are both set, with max_uid_euid_delta being 0, indicating a direct root transition."", ""Mechanism: unique_syscalls at p99+ suggests an unusual or potentially malicious script execution, and uid_changed indicates a change in privileges."", ""Behavioural anomaly: failed_call_rate at p99+ and lifetime_seconds at p99+ suggest a short-lived, high-failure process, which is uncommon for benign activity."", ""Benign-explanation test: The process's short lifetime and high failure rate do not align with typical admin scripting or health-check behavior."", ""Decide: The strong privilege escalation signals (uid_is_root, euid_root, uid_changed) and unusual behavior (failed_call_rate, unique_syscalls) support the CNN's classification over XGBoost's.""], ""key_features"": [""lifetime_seconds"", ""unique_syscalls"", ""uid_is_root"", ""uid_changed"", ""euid_root""], ""agrees_with"": ""cnn""}"
60801,2,1,T1548,0,1,0.964673638343811,0.9870211482048036,xgb_benign_cnn_malicious,MALICIOUS,1,0.92,cnn,ok,"[""Privilege state: uid_is_root and euid_root are both set, with max_uid_euid_delta being 0, indicating a direct root transition."", ""Mechanism: unique_syscalls at p99+ suggests an unusual or potentially malicious script execution, and uid_changed indicates a change in user identity which is often associated with privilege escalation."", ""Behavioural anomaly: failed_call_rate at p99+ indicates a high rate of failed syscalls, which can be a sign of a process struggling or attempting to perform unauthorized operations."", ""Benign-explanation test: lifetime_seconds at p99+ and no clear benign explanation like admin scripting or health-check, given the high failed_call_rate and unique_syscalls."", ""Decide: the strong privilege escalation signals (uid_is_root, euid_root, uid_changed) and unusual behaviour (failed_call_rate, unique_syscalls) support the CNN's classification over XGBoost's benign call.""]","[""lifetime_seconds"", ""unique_syscalls"", ""uid_is_root"", ""uid_changed"", ""euid_root""]","{""verdict"": ""MALICIOUS"", ""confidence"": 0.92, ""rationale_steps"": [""Privilege state: uid_is_root and euid_root are both set, with max_uid_euid_delta being 0, indicating a direct root transition."", ""Mechanism: unique_syscalls at p99+ suggests an unusual or potentially malicious script execution, and uid_changed indicates a change in user identity which is often associated with privilege escalation."", ""Behavioural anomaly: failed_call_rate at p99+ indicates a high rate of failed syscalls, which can be a sign of a process struggling or attempting to perform unauthorized operations."", ""Benign-explanation test: lifetime_seconds at p99+ and no clear benign explanation like admin scripting or health-check, given the high failed_call_rate and unique_syscalls."", ""Decide: the strong privilege escalation signals (uid_is_root, euid_root, uid_changed) and unusual behaviour (failed_call_rate, unique_syscalls) support the CNN's classification over XGBoost's benign call.""], ""key_features"": [""lifetime_seconds"", ""unique_syscalls"", ""uid_is_root"", ""uid_changed"", ""euid_root""], ""agrees_with"": ""cnn""}"
60807,2,1,T1548,0,1,0.964673638343811,0.9870211482048036,xgb_benign_cnn_malicious,MALICIOUS,1,0.92,cnn,ok,"[""Privilege state: uid_is_root and euid_root are both set, with max_uid_euid_delta being 0, indicating a direct root transition."", ""Mechanism: unique_syscalls at p99+ suggests an unusual or potentially malicious script execution, and uid_changed indicates a change in user identity which is often associated with privilege escalation."", ""Behavioural anomaly: failed_call_rate at p99+ indicates a high rate of failed syscalls, which can be a sign of a process struggling or attempting to perform unauthorized operations."", ""Benign-explanation test: lifetime_seconds at p99+ and no clear benign explanation like admin scripting or health-check, given the high failed_call_rate and unique_syscalls."", ""Decide: the strong privilege escalation signals (uid_is_root, euid_root, uid_changed) and unusual behaviour (failed_call_rate, unique_syscalls) support the CNN's classification over XGBoost's benign call.""]","[""lifetime_seconds"", ""unique_syscalls"", ""uid_is_root"", ""uid_changed"", ""euid_root""]","{""verdict"": ""MALICIOUS"", ""confidence"": 0.92, ""rationale_steps"": [""Privilege state: uid_is_root and euid_root are both set, with max_uid_euid_delta being 0, indicating a direct root transition."", ""Mechanism: unique_syscalls at p99+ suggests an unusual or potentially malicious script execution, and uid_changed indicates a change in user identity which is often associated with privilege escalation."", ""Behavioural anomaly: failed_call_rate at p99+ indicates a high rate of failed syscalls, which can be a sign of a process struggling or attempting to perform unauthorized operations."", ""Benign-explanation test: lifetime_seconds at p99+ and no clear benign explanation like admin scripting or health-check, given the high failed_call_rate and unique_syscalls."", ""Decide: the strong privilege escalation signals (uid_is_root, euid_root, uid_changed) and unusual behaviour (failed_call_rate, unique_syscalls) support the CNN's classification over XGBoost's benign call.""], ""key_features"": [""lifetime_seconds"", ""unique_syscalls"", ""uid_is_root"", ""uid_changed"", ""euid_root""], ""agrees_with"": ""cnn""}"
60823,2,1,T1548,0,1,0.964673638343811,0.9870211482048036,xgb_benign_cnn_malicious,MALICIOUS,1,0.92,cnn,ok,"[""Privilege state: uid_is_root and euid_root are both set, with max_uid_euid_delta being 0, indicating a direct root transition."", ""Mechanism: unique_syscalls at p99+ suggests an unusual or potentially malicious script execution, and uid_changed indicates a change in user identity which is often associated with privilege escalation."", ""Behavioural anomaly: failed_call_rate at p99+ indicates a high rate of failed syscalls, which can be a sign of a process struggling or attempting to perform unauthorized operations."", ""Benign-explanation test: lifetime_seconds at p99+ and no clear benign explanation like admin scripting or health-check, given the high failed_call_rate and unique_syscalls."", ""Decide: the strong privilege escalation signals (uid_is_root, euid_root, uid_changed) and unusual behaviour (failed_call_rate, unique_syscalls) support the CNN's classification over XGBoost's benign call.""]","[""lifetime_seconds"", ""unique_syscalls"", ""uid_is_root"", ""uid_changed"", ""euid_root""]","{""verdict"": ""MALICIOUS"", ""confidence"": 0.92, ""rationale_steps"": [""Privilege state: uid_is_root and euid_root are both set, with max_uid_euid_delta being 0, indicating a direct root transition."", ""Mechanism: unique_syscalls at p99+ suggests an unusual or potentially malicious script execution, and uid_changed indicates a change in user identity which is often associated with privilege escalation."", ""Behavioural anomaly: failed_call_rate at p99+ indicates a high rate of failed syscalls, which can be a sign of a process struggling or attempting to perform unauthorized operations."", ""Benign-explanation test: lifetime_seconds at p99+ and no clear benign explanation like admin scripting or health-check, given the high failed_call_rate and unique_syscalls."", ""Decide: the strong privilege escalation signals (uid_is_root, euid_root, uid_changed) and unusual behaviour (failed_call_rate, unique_syscalls) support the CNN's classification over XGBoost's benign call.""], ""key_features"": [""lifetime_seconds"", ""unique_syscalls"", ""uid_is_root"", ""uid_changed"", ""euid_root""], ""agrees_with"": ""cnn""}"
60826,2,1,T1548,0,1,0.964673638343811,0.9870211482048036,xgb_benign_cnn_malicious,MALICIOUS,1,0.92,cnn,ok,"[""Privilege state: uid_is_root and euid_root are both set, with max_uid_euid_delta being 0, indicating a direct root transition."", ""Mechanism: unique_syscalls at p99+ suggests an unusual or potentially malicious script execution, and uid_changed indicates a change in user identity which is often associated with privilege escalation."", ""Behavioural anomaly: failed_call_rate at p99+ indicates a high rate of failed syscalls, which can be a sign of a process struggling or attempting to perform unauthorized operations."", ""Benign-explanation test: lifetime_seconds at p99+ and no clear benign explanation like admin scripting or health-check, given the high failed_call_rate and unique_syscalls."", ""Decide: the strong privilege escalation signals (uid_is_root, euid_root, uid_changed) and unusual behaviour (failed_call_rate, unique_syscalls) support the CNN's classification over XGBoost's benign call.""]","[""lifetime_seconds"", ""unique_syscalls"", ""uid_is_root"", ""uid_changed"", ""euid_root""]","{""verdict"": ""MALICIOUS"", ""confidence"": 0.92, ""rationale_steps"": [""Privilege state: uid_is_root and euid_root are both set, with max_uid_euid_delta being 0, indicating a direct root transition."", ""Mechanism: unique_syscalls at p99+ suggests an unusual or potentially malicious script execution, and uid_changed indicates a change in user identity which is often associated with privilege escalation."", ""Behavioural anomaly: failed_call_rate at p99+ indicates a high rate of failed syscalls, which can be a sign of a process struggling or attempting to perform unauthorized operations."", ""Benign-explanation test: lifetime_seconds at p99+ and no clear benign explanation like admin scripting or health-check, given the high failed_call_rate and unique_syscalls."", ""Decide: the strong privilege escalation signals (uid_is_root, euid_root, uid_changed) and unusual behaviour (failed_call_rate, unique_syscalls) support the CNN's classification over XGBoost's benign call.""], ""key_features"": [""lifetime_seconds"", ""unique_syscalls"", ""uid_is_root"", ""uid_changed"", ""euid_root""], ""agrees_with"": ""cnn""}"
60834,2,1,T1548,0,1,0.964673638343811,0.9870211482048036,xgb_benign_cnn_malicious,MALICIOUS,1,0.92,cnn,ok,"[""Privilege state: uid_is_root and euid_root are both set, with max_uid_euid_delta being 0, indicating a direct root transition."", ""Mechanism: unique_syscalls at p99+ suggests an unusual or potentially malicious script execution, and uid_changed indicates a change in user identity which is often associated with privilege escalation."", ""Behavioural anomaly: failed_call_rate at p99+ indicates a high rate of failed syscalls, which can be a sign of a process struggling or attempting to perform unauthorized operations."", ""Benign-explanation test: lifetime_seconds at p99+ and no clear benign explanation like admin scripting or health-check, given the high failed_call_rate and unique_syscalls."", ""Decide: the strong privilege escalation signals (uid_is_root, euid_root, uid_changed) and unusual behaviour (failed_call_rate, unique_syscalls) support the CNN's classification over XGBoost's benign call.""]","[""lifetime_seconds"", ""unique_syscalls"", ""uid_is_root"", ""uid_changed"", ""euid_root""]","{""verdict"": ""MALICIOUS"", ""confidence"": 0.92, ""rationale_steps"": [""Privilege state: uid_is_root and euid_root are both set, with max_uid_euid_delta being 0, indicating a direct root transition."", ""Mechanism: unique_syscalls at p99+ suggests an unusual or potentially malicious script execution, and uid_changed indicates a change in user identity which is often associated with privilege escalation."", ""Behavioural anomaly: failed_call_rate at p99+ indicates a high rate of failed syscalls, which can be a sign of a process struggling or attempting to perform unauthorized operations."", ""Benign-explanation test: lifetime_seconds at p99+ and no clear benign explanation like admin scripting or health-check, given the high failed_call_rate and unique_syscalls."", ""Decide: the strong privilege escalation signals (uid_is_root, euid_root, uid_changed) and unusual behaviour (failed_call_rate, unique_syscalls) support the CNN's classification over XGBoost's benign call.""], ""key_features"": [""lifetime_seconds"", ""unique_syscalls"", ""uid_is_root"", ""uid_changed"", ""euid_root""], ""agrees_with"": ""cnn""}"
60835,2,1,T1548,0,1,0.964673638343811,0.9870211482048036,xgb_benign_cnn_malicious,MALICIOUS,1,0.92,cnn,ok,"[""Privilege state: uid_is_root and euid_root are both set, with max_uid_euid_delta being 0, indicating a direct root transition."", ""Mechanism: unique_syscalls at p99+ suggests an unusual or potentially malicious script execution, and uid_changed indicates a change in user identity which is often associated with privilege escalation."", ""Behavioural anomaly: failed_call_rate at p99+ indicates a high rate of failed syscalls, which can be a sign of a process struggling or attempting to perform unauthorized operations."", ""Benign-explanation test: lifetime_seconds at p99+ and no clear benign explanation like admin scripting or health-check, given the high failed_call_rate and unique_syscalls."", ""Decide: the strong privilege escalation signals (uid_is_root, euid_root, uid_changed) and unusual behaviour (failed_call_rate, unique_syscalls) support the CNN's classification over XGBoost's benign call.""]","[""lifetime_seconds"", ""unique_syscalls"", ""uid_is_root"", ""uid_changed"", ""euid_root""]","{""verdict"": ""MALICIOUS"", ""confidence"": 0.92, ""rationale_steps"": [""Privilege state: uid_is_root and euid_root are both set, with max_uid_euid_delta being 0, indicating a direct root transition."", ""Mechanism: unique_syscalls at p99+ suggests an unusual or potentially malicious script execution, and uid_changed indicates a change in user identity which is often associated with privilege escalation."", ""Behavioural anomaly: failed_call_rate at p99+ indicates a high rate of failed syscalls, which can be a sign of a process struggling or attempting to perform unauthorized operations."", ""Benign-explanation test: lifetime_seconds at p99+ and no clear benign explanation like admin scripting or health-check, given the high failed_call_rate and unique_syscalls."", ""Decide: the strong privilege escalation signals (uid_is_root, euid_root, uid_changed) and unusual behaviour (failed_call_rate, unique_syscalls) support the CNN's classification over XGBoost's benign call.""], ""key_features"": [""lifetime_seconds"", ""unique_syscalls"", ""uid_is_root"", ""uid_changed"", ""euid_root""], ""agrees_with"": ""cnn""}"
60842,2,1,T1548,0,1,0.964673638343811,0.9870211482048036,xgb_benign_cnn_malicious,MALICIOUS,1,0.92,cnn,ok,"[""Privilege state: uid_is_root and euid_root are both set, with max_uid_euid_delta being 0, indicating a direct root transition."", ""Mechanism: unique_syscalls at p99+ suggests an unusual or potentially malicious script execution, and uid_changed indicates a change in user identity which is often associated with privilege escalation."", ""Behavioural anomaly: failed_call_rate at p99+ indicates a high rate of failed syscalls, which can be a sign of a process struggling or attempting to perform unauthorized operations."", ""Benign-explanation test: lifetime_seconds at p99+ and no clear benign explanation like admin scripting or health-check, given the high failed_call_rate and unique_syscalls."", ""Decide: the strong privilege escalation signals (uid_is_root, euid_root, uid_changed) and unusual behaviour (failed_call_rate, unique_syscalls) support the CNN's classification over XGBoost's benign call.""]","[""lifetime_seconds"", ""unique_syscalls"", ""uid_is_root"", ""uid_changed"", ""euid_root""]","{""verdict"": ""MALICIOUS"", ""confidence"": 0.92, ""rationale_steps"": [""Privilege state: uid_is_root and euid_root are both set, with max_uid_euid_delta being 0, indicating a direct root transition."", ""Mechanism: unique_syscalls at p99+ suggests an unusual or potentially malicious script execution, and uid_changed indicates a change in user identity which is often associated with privilege escalation."", ""Behavioural anomaly: failed_call_rate at p99+ indicates a high rate of failed syscalls, which can be a sign of a process struggling or attempting to perform unauthorized operations."", ""Benign-explanation test: lifetime_seconds at p99+ and no clear benign explanation like admin scripting or health-check, given the high failed_call_rate and unique_syscalls."", ""Decide: the strong privilege escalation signals (uid_is_root, euid_root, uid_changed) and unusual behaviour (failed_call_rate, unique_syscalls) support the CNN's classification over XGBoost's benign call.""], ""key_features"": [""lifetime_seconds"", ""unique_syscalls"", ""uid_is_root"", ""uid_changed"", ""euid_root""], ""agrees_with"": ""cnn""}"
60843,2,1,T1548,0,1,0.9779095649719238,0.9780508279800416,xgb_benign_cnn_malicious,MALICIOUS,1,0.92,cnn,ok,"[""Privilege state: uid_is_root and euid_root are set, with max_uid_euid_delta low, suggesting a direct root context."", ""Mechanism: unique_syscalls=1 and events_per_second high indicate a potentially scripted or automated activity, which could be malicious."", ""Behavioural anomaly: lifetime_seconds at p99+ and uid_changed=0 suggest a short-lived, abrupt process that doesn't fit typical benign activity patterns."", ""Benign-explanation test: seq_length=2 and high syscall throughput argue against a benign admin script or cron job, which usually have longer lifetimes and more varied syscall patterns."", ""Decide: the combination of direct root context, high syscall throughput, and short-lived process supports the CNN's classification over XGBoost's high malicious probability.""]","[""uid_is_root"", ""euid_root"", ""unique_syscalls"", ""events_per_second"", ""lifetime_seconds""]","{""verdict"": ""MALICIOUS"", ""confidence"": 0.92, ""rationale_steps"": [""Privilege state: uid_is_root and euid_root are set, with max_uid_euid_delta low, suggesting a direct root context."", ""Mechanism: unique_syscalls=1 and events_per_second high indicate a potentially scripted or automated activity, which could be malicious."", ""Behavioural anomaly: lifetime_seconds at p99+ and uid_changed=0 suggest a short-lived, abrupt process that doesn't fit typical benign activity patterns."", ""Benign-explanation test: seq_length=2 and high syscall throughput argue against a benign admin script or cron job, which usually have longer lifetimes and more varied syscall patterns."", ""Decide: the combination of direct root context, high syscall throughput, and short-lived process supports the CNN's classification over XGBoost's high malicious probability.""], ""key_features"": [""uid_is_root"", ""euid_root"", ""unique_syscalls"", ""events_per_second"", ""lifetime_seconds""], ""agrees_with"": ""cnn""}"
60844,2,1,T1548,0,1,0.964673638343811,0.9870211482048036,xgb_benign_cnn_malicious,MALICIOUS,1,0.92,cnn,ok,"[""Privilege state: uid_is_root and euid_root are both set, with max_uid_euid_delta being 0, indicating a direct root transition."", ""Mechanism: unique_syscalls at p99+ suggests an unusual or potentially malicious script execution, and uid_changed indicates a change in privileges."", ""Behavioural anomaly: failed_call_rate at p99+ and lifetime_seconds at p99+ suggest a short-lived, high-failure process, which is uncommon for benign activity."", ""Benign-explanation test: The process's short lifetime and high failure rate do not align with typical admin scripting or health-check behavior."", ""Decide: The strong privilege escalation signals (uid_is_root, euid_root, uid_changed) and unusual behavior (failed_call_rate, unique_syscalls) support the CNN's classification over XGBoost's.""]","[""lifetime_seconds"", ""unique_syscalls"", ""uid_is_root"", ""uid_changed"", ""euid_root""]","{""verdict"": ""MALICIOUS"", ""confidence"": 0.92, ""rationale_steps"": [""Privilege state: uid_is_root and euid_root are both set, with max_uid_euid_delta being 0, indicating a direct root transition."", ""Mechanism: unique_syscalls at p99+ suggests an unusual or potentially malicious script execution, and uid_changed indicates a change in privileges."", ""Behavioural anomaly: failed_call_rate at p99+ and lifetime_seconds at p99+ suggest a short-lived, high-failure process, which is uncommon for benign activity."", ""Benign-explanation test: The process's short lifetime and high failure rate do not align with typical admin scripting or health-check behavior."", ""Decide: The strong privilege escalation signals (uid_is_root, euid_root, uid_changed) and unusual behavior (failed_call_rate, unique_syscalls) support the CNN's classification over XGBoost's.""], ""key_features"": [""lifetime_seconds"", ""unique_syscalls"", ""uid_is_root"", ""uid_changed"", ""euid_root""], ""agrees_with"": ""cnn""}"
60861,2,1,T1548,0,1,0.964673638343811,0.9870211482048036,xgb_benign_cnn_malicious,MALICIOUS,1,0.92,cnn,ok,"[""Privilege state: uid_is_root and euid_root are both set, with max_uid_euid_delta being 0, indicating a direct root transition."", ""Mechanism: unique_syscalls at p99+ suggests an unusual or potentially malicious script execution, and uid_changed indicates a change in user identity which is often associated with privilege escalation."", ""Behavioural anomaly: failed_call_rate at p99+ indicates a high rate of failed syscalls, which can be a sign of a process struggling or attempting to perform unauthorized operations."", ""Benign-explanation test: lifetime_seconds at p99+ and no clear benign explanation like admin scripting or health-check, given the high failed_call_rate and unique_syscalls."", ""Decide: the strong privilege escalation signals (uid_is_root, euid_root, uid_changed) and unusual behaviour (failed_call_rate, unique_syscalls) support the CNN's classification over XGBoost's benign call.""]","[""lifetime_seconds"", ""unique_syscalls"", ""uid_is_root"", ""uid_changed"", ""euid_root""]","{""verdict"": ""MALICIOUS"", ""confidence"": 0.92, ""rationale_steps"": [""Privilege state: uid_is_root and euid_root are both set, with max_uid_euid_delta being 0, indicating a direct root transition."", ""Mechanism: unique_syscalls at p99+ suggests an unusual or potentially malicious script execution, and uid_changed indicates a change in user identity which is often associated with privilege escalation."", ""Behavioural anomaly: failed_call_rate at p99+ indicates a high rate of failed syscalls, which can be a sign of a process struggling or attempting to perform unauthorized operations."", ""Benign-explanation test: lifetime_seconds at p99+ and no clear benign explanation like admin scripting or health-check, given the high failed_call_rate and unique_syscalls."", ""Decide: the strong privilege escalation signals (uid_is_root, euid_root, uid_changed) and unusual behaviour (failed_call_rate, unique_syscalls) support the CNN's classification over XGBoost's benign call.""], ""key_features"": [""lifetime_seconds"", ""unique_syscalls"", ""uid_is_root"", ""uid_changed"", ""euid_root""], ""agrees_with"": ""cnn""}"
62136,2,1,T1548,0,1,0.964673638343811,0.9870211482048036,xgb_benign_cnn_malicious,MALICIOUS,1,0.92,cnn,ok,"[""Privilege state: uid_is_root and euid_root are both set, with max_uid_euid_delta being 0, indicating a direct root transition."", ""Mechanism: unique_syscalls at p99+ suggests an unusual or potentially malicious script execution, and uid_changed indicates a change in user identity which is often associated with privilege escalation."", ""Behavioural anomaly: failed_call_rate at p99+ indicates a high rate of failed syscalls, which can be a sign of a process struggling or attempting to perform unauthorized operations."", ""Benign-explanation test: lifetime_seconds at p99+ and no clear benign explanation like admin scripting or health-check, given the high failed_call_rate and unique_syscalls."", ""Decide: the strong privilege escalation signals (uid_is_root, euid_root, uid_changed) and unusual behaviour (failed_call_rate, unique_syscalls) support the CNN's classification over XGBoost's benign call.""]","[""lifetime_seconds"", ""unique_syscalls"", ""uid_is_root"", ""uid_changed"", ""euid_root""]","{""verdict"": ""MALICIOUS"", ""confidence"": 0.92, ""rationale_steps"": [""Privilege state: uid_is_root and euid_root are both set, with max_uid_euid_delta being 0, indicating a direct root transition."", ""Mechanism: unique_syscalls at p99+ suggests an unusual or potentially malicious script execution, and uid_changed indicates a change in user identity which is often associated with privilege escalation."", ""Behavioural anomaly: failed_call_rate at p99+ indicates a high rate of failed syscalls, which can be a sign of a process struggling or attempting to perform unauthorized operations."", ""Benign-explanation test: lifetime_seconds at p99+ and no clear benign explanation like admin scripting or health-check, given the high failed_call_rate and unique_syscalls."", ""Decide: the strong privilege escalation signals (uid_is_root, euid_root, uid_changed) and unusual behaviour (failed_call_rate, unique_syscalls) support the CNN's classification over XGBoost's benign call.""], ""key_features"": [""lifetime_seconds"", ""unique_syscalls"", ""uid_is_root"", ""uid_changed"", ""euid_root""], ""agrees_with"": ""cnn""}"
62149,3,1,T1548,1,0,0.999918818473816,0.8624439835548401,xgb_malicious_cnn_benign,MALICIOUS,1,0.92,xgb,ok,"[""Privilege state: uid_is_root and euid_root are set, max_uid_euid_delta is extremely high, indicating a significant privilege escalation."", ""Mechanism: uid_changed and auid_euid_mismatch suggest an attempt to manipulate identity, which aligns with T1548 and T1222 techniques."", ""Behavioural anomaly: failed_call_rate is low, suggesting successful syscalls, and unique_syscalls is high, indicating unusual behavior not typical of benign processes."", ""Benign-explanation test: lifetime_seconds at p99+ and no exec_count suggest a short-lived, singular operation inconsistent with benign admin scripting or health-checks."", ""Decide: the strong evidence of privilege escalation and unusual behavior supports XGBoost's MALICIOUS call over CNN's BENIGN call.""]","[""lifetime_seconds"", ""unique_syscalls"", ""uid_is_root"", ""euid_root"", ""max_uid_euid_delta""]","{""verdict"": ""MALICIOUS"", ""confidence"": 0.92, ""rationale_steps"": [""Privilege state: uid_is_root and euid_root are set, max_uid_euid_delta is extremely high, indicating a significant privilege escalation."", ""Mechanism: uid_changed and auid_euid_mismatch suggest an attempt to manipulate identity, which aligns with T1548 and T1222 techniques."", ""Behavioural anomaly: failed_call_rate is low, suggesting successful syscalls, and unique_syscalls is high, indicating unusual behavior not typical of benign processes."", ""Benign-explanation test: lifetime_seconds at p99+ and no exec_count suggest a short-lived, singular operation inconsistent with benign admin scripting or health-checks."", ""Decide: the strong evidence of privilege escalation and unusual behavior supports XGBoost's MALICIOUS call over CNN's BENIGN call.""], ""key_features"": [""lifetime_seconds"", ""unique_syscalls"", ""uid_is_root"", ""euid_root"", ""max_uid_euid_delta""], ""agrees_with"": ""xgb""}"
62342,2,1,T1595,0,1,0.001278604613617,0.999983251094818,xgb_benign_cnn_malicious,MALICIOUS,1,0.92,cnn,ok,"[""Privilege state: uid_is_root and euid_root are both set, with max_uid_euid_delta indicating a significant privilege transition."", ""Mechanism: unique_syscalls at p99+ suggests unusual behavior, and uid_changed indicates a change in privilege level during execution."", ""Behavioural anomaly: failed_call_rate is high, indicating potential syscall failures that could be indicative of malicious activity."", ""Benign-explanation test: lifetime_seconds at p99+ and no clear benign explanation like admin scripting or cron jobs, given the short and singular execution."", ""Decide: the strong privilege escalation signals (uid_is_root, euid_root, max_uid_euid_delta) and unusual syscall behavior (unique_syscalls, failed_call_rate) support the CNN's MALICIOUS classification over XGBoost's BENIGN call.""]","[""lifetime_seconds"", ""unique_syscalls"", ""uid_is_root"", ""uid_changed"", ""euid_root""]","{""verdict"": ""MALICIOUS"", ""confidence"": 0.92, ""rationale_steps"": [""Privilege state: uid_is_root and euid_root are both set, with max_uid_euid_delta indicating a significant privilege transition."", ""Mechanism: unique_syscalls at p99+ suggests unusual behavior, and uid_changed indicates a change in privilege level during execution."", ""Behavioural anomaly: failed_call_rate is high, indicating potential syscall failures that could be indicative of malicious activity."", ""Benign-explanation test: lifetime_seconds at p99+ and no clear benign explanation like admin scripting or cron jobs, given the short and singular execution."", ""Decide: the strong privilege escalation signals (uid_is_root, euid_root, max_uid_euid_delta) and unusual syscall behavior (unique_syscalls, failed_call_rate) support the CNN's MALICIOUS classification over XGBoost's BENIGN call.""], ""key_features"": [""lifetime_seconds"", ""unique_syscalls"", ""uid_is_root"", ""uid_changed"", ""euid_root""], ""agrees_with"": ""cnn""}"
62749,2,1,T1595,0,1,0.001278604613617,0.999983251094818,xgb_benign_cnn_malicious,MALICIOUS,1,0.92,cnn,ok,"[""Privilege state: uid_is_root and euid_root are both set, with max_uid_euid_delta indicating a significant privilege transition."", ""Mechanism: unique_syscalls at p99+ suggests unusual behavior, and uid_changed indicates a change in privilege level during execution."", ""Behavioural anomaly: failed_call_rate is high, indicating potential syscall failures that could be indicative of malicious activity."", ""Benign-explanation test: lifetime_seconds at p99+ and no clear benign explanation like admin scripting or cron jobs, given the short and singular execution."", ""Decide: the strong privilege escalation signals (uid_is_root, euid_root, max_uid_euid_delta) and unusual syscall behavior (unique_syscalls, failed_call_rate) support the CNN's MALICIOUS classification over XGBoost's BENIGN call.""]","[""lifetime_seconds"", ""unique_syscalls"", ""uid_is_root"", ""uid_changed"", ""euid_root""]","{""verdict"": ""MALICIOUS"", ""confidence"": 0.92, ""rationale_steps"": [""Privilege state: uid_is_root and euid_root are both set, with max_uid_euid_delta indicating a significant privilege transition."", ""Mechanism: unique_syscalls at p99+ suggests unusual behavior, and uid_changed indicates a change in privilege level during execution."", ""Behavioural anomaly: failed_call_rate is high, indicating potential syscall failures that could be indicative of malicious activity."", ""Benign-explanation test: lifetime_seconds at p99+ and no clear benign explanation like admin scripting or cron jobs, given the short and singular execution."", ""Decide: the strong privilege escalation signals (uid_is_root, euid_root, max_uid_euid_delta) and unusual syscall behavior (unique_syscalls, failed_call_rate) support the CNN's MALICIOUS classification over XGBoost's BENIGN call.""], ""key_features"": [""lifetime_seconds"", ""unique_syscalls"", ""uid_is_root"", ""uid_changed"", ""euid_root""], ""agrees_with"": ""cnn""}"
62857,2,1,T1548,0,1,0.964673638343811,0.9870211482048036,xgb_benign_cnn_malicious,MALICIOUS,1,0.92,cnn,ok,"[""Privilege state: uid_is_root and euid_root are both set, with max_uid_euid_delta being 0, indicating a direct root transition."", ""Mechanism: unique_syscalls at p99+ suggests an unusual or potentially malicious script execution, and uid_changed indicates a change in privileges."", ""Behavioural anomaly: failed_call_rate at p99+ and lifetime_seconds at p99+ suggest a short-lived, high-failure process, which is uncommon for benign activity."", ""Benign-explanation test: The process's short lifetime and high failure rate do not align with typical admin scripting or health-check behavior."", ""Decide: The strong privilege escalation signals (uid_is_root, euid_root, uid_changed) and unusual behavior (failed_call_rate, unique_syscalls) support the CNN's classification over XGBoost's.""]","[""lifetime_seconds"", ""unique_syscalls"", ""uid_is_root"", ""uid_changed"", ""euid_root""]","{""verdict"": ""MALICIOUS"", ""confidence"": 0.92, ""rationale_steps"": [""Privilege state: uid_is_root and euid_root are both set, with max_uid_euid_delta being 0, indicating a direct root transition."", ""Mechanism: unique_syscalls at p99+ suggests an unusual or potentially malicious script execution, and uid_changed indicates a change in privileges."", ""Behavioural anomaly: failed_call_rate at p99+ and lifetime_seconds at p99+ suggest a short-lived, high-failure process, which is uncommon for benign activity."", ""Benign-explanation test: The process's short lifetime and high failure rate do not align with typical admin scripting or health-check behavior."", ""Decide: The strong privilege escalation signals (uid_is_root, euid_root, uid_changed) and unusual behavior (failed_call_rate, unique_syscalls) support the CNN's classification over XGBoost's.""], ""key_features"": [""lifetime_seconds"", ""unique_syscalls"", ""uid_is_root"", ""uid_changed"", ""euid_root""], ""agrees_with"": ""cnn""}"
63847,3,1,T1548,1,0,0.999918818473816,0.8624513745307922,xgb_malicious_cnn_benign,MALICIOUS,1,0.92,xgb,ok,"[""Privilege state: uid_is_root and euid_root are set, max_uid_euid_delta is extremely high, indicating a significant privilege escalation."", ""Mechanism: uid_changed and auid_euid_mismatch suggest an attempt to manipulate identity, which aligns with T1548 and T1222 techniques."", ""Behavioural anomaly: failed_call_rate is low, and unique_syscalls is high, suggesting a crafted process with a specific purpose, not typical benign activity."", ""Benign-explanation test: lifetime_seconds is minimal, and there's no exec_count or shell_from_service, which contradicts typical benign admin scripting."", ""Decide: the strong evidence of privilege escalation and anomalous behaviour supports XGBoost's MALICIOUS call over CNN's BENIGN call.""]","[""lifetime_seconds"", ""unique_syscalls"", ""uid_is_root"", ""euid_root"", ""max_uid_euid_delta""]","{""verdict"": ""MALICIOUS"", ""confidence"": 0.92, ""rationale_steps"": [""Privilege state: uid_is_root and euid_root are set, max_uid_euid_delta is extremely high, indicating a significant privilege escalation."", ""Mechanism: uid_changed and auid_euid_mismatch suggest an attempt to manipulate identity, which aligns with T1548 and T1222 techniques."", ""Behavioural anomaly: failed_call_rate is low, and unique_syscalls is high, suggesting a crafted process with a specific purpose, not typical benign activity."", ""Benign-explanation test: lifetime_seconds is minimal, and there's no exec_count or shell_from_service, which contradicts typical benign admin scripting."", ""Decide: the strong evidence of privilege escalation and anomalous behaviour supports XGBoost's MALICIOUS call over CNN's BENIGN call.""], ""key_features"": [""lifetime_seconds"", ""unique_syscalls"", ""uid_is_root"", ""euid_root"", ""max_uid_euid_delta""], ""agrees_with"": ""xgb""}"
64904,2,1,T1595,0,1,0.001278604613617,0.999983251094818,xgb_benign_cnn_malicious,MALICIOUS,1,0.92,cnn,ok,"[""Privilege state: uid_is_root and euid_root are both set, with max_uid_euid_delta indicating a significant privilege transition."", ""Mechanism: unique_syscalls at p99+ suggests unusual behavior, and uid_changed indicates a change in privilege level during execution."", ""Behavioural anomaly: failed_call_rate is high, indicating potential syscall failures that could be indicative of malicious activity."", ""Benign-explanation test: lifetime_seconds at p99+ and no clear benign explanation like admin scripting or cron jobs, given the short and singular execution."", ""Decide: the strong privilege escalation signals (uid_is_root, euid_root, max_uid_euid_delta) and unusual syscall behavior (unique_syscalls, failed_call_rate) support the CNN's MALICIOUS classification over XGBoost's BENIGN call.""]","[""lifetime_seconds"", ""unique_syscalls"", ""uid_is_root"", ""uid_changed"", ""euid_root""]","{""verdict"": ""MALICIOUS"", ""confidence"": 0.92, ""rationale_steps"": [""Privilege state: uid_is_root and euid_root are both set, with max_uid_euid_delta indicating a significant privilege transition."", ""Mechanism: unique_syscalls at p99+ suggests unusual behavior, and uid_changed indicates a change in privilege level during execution."", ""Behavioural anomaly: failed_call_rate is high, indicating potential syscall failures that could be indicative of malicious activity."", ""Benign-explanation test: lifetime_seconds at p99+ and no clear benign explanation like admin scripting or cron jobs, given the short and singular execution."", ""Decide: the strong privilege escalation signals (uid_is_root, euid_root, max_uid_euid_delta) and unusual syscall behavior (unique_syscalls, failed_call_rate) support the CNN's MALICIOUS classification over XGBoost's BENIGN call.""], ""key_features"": [""lifetime_seconds"", ""unique_syscalls"", ""uid_is_root"", ""uid_changed"", ""euid_root""], ""agrees_with"": ""cnn""}"
65152,2,1,T1548,0,1,0.964673638343811,0.9870211482048036,xgb_benign_cnn_malicious,MALICIOUS,1,0.92,cnn,ok,"[""Privilege state: uid_is_root and euid_root are both set, with max_uid_euid_delta being 0, indicating a direct root transition."", ""Mechanism: unique_syscalls at p99+ suggests an unusual or potentially malicious script execution, and uid_changed indicates a change in privileges."", ""Behavioural anomaly: failed_call_rate at p99+ and lifetime_seconds at p99+ suggest a short-lived, high-failure process, which is uncommon for benign activity."", ""Benign-explanation test: The process's short lifetime and high failure rate do not align with typical admin scripting or health-check behavior."", ""Decide: The strong privilege escalation signals (uid_is_root, euid_root, uid_changed) and unusual behavior (failed_call_rate, unique_syscalls) support the CNN's classification over XGBoost's.""]","[""lifetime_seconds"", ""unique_syscalls"", ""uid_is_root"", ""uid_changed"", ""euid_root""]","{""verdict"": ""MALICIOUS"", ""confidence"": 0.92, ""rationale_steps"": [""Privilege state: uid_is_root and euid_root are both set, with max_uid_euid_delta being 0, indicating a direct root transition."", ""Mechanism: unique_syscalls at p99+ suggests an unusual or potentially malicious script execution, and uid_changed indicates a change in privileges."", ""Behavioural anomaly: failed_call_rate at p99+ and lifetime_seconds at p99+ suggest a short-lived, high-failure process, which is uncommon for benign activity."", ""Benign-explanation test: The process's short lifetime and high failure rate do not align with typical admin scripting or health-check behavior."", ""Decide: The strong privilege escalation signals (uid_is_root, euid_root, uid_changed) and unusual behavior (failed_call_rate, unique_syscalls) support the CNN's classification over XGBoost's.""], ""key_features"": [""lifetime_seconds"", ""unique_syscalls"", ""uid_is_root"", ""uid_changed"", ""euid_root""], ""agrees_with"": ""cnn""}"
66500,2,1,T1548,0,1,0.964673638343811,0.9870211482048036,xgb_benign_cnn_malicious,MALICIOUS,1,0.92,cnn,ok,"[""Privilege state: uid_is_root and euid_root are both set, with max_uid_euid_delta being 0, indicating a direct root transition."", ""Mechanism: unique_syscalls at p99+ suggests an unusual or potentially malicious script execution, and uid_changed indicates a change in user identity which is often associated with privilege escalation."", ""Behavioural anomaly: failed_call_rate at p99+ indicates a high rate of failed syscalls, which can be a sign of a process struggling or attempting to perform unauthorized operations."", ""Benign-explanation test: lifetime_seconds at p99+ and no clear benign explanation like admin scripting or health-check, given the high failed_call_rate and unique_syscalls."", ""Decide: the strong privilege escalation signals (uid_is_root, euid_root, uid_changed) and unusual behaviour (failed_call_rate, unique_syscalls) support the CNN's classification over XGBoost's benign call.""]","[""lifetime_seconds"", ""unique_syscalls"", ""uid_is_root"", ""uid_changed"", ""euid_root""]","{""verdict"": ""MALICIOUS"", ""confidence"": 0.92, ""rationale_steps"": [""Privilege state: uid_is_root and euid_root are both set, with max_uid_euid_delta being 0, indicating a direct root transition."", ""Mechanism: unique_syscalls at p99+ suggests an unusual or potentially malicious script execution, and uid_changed indicates a change in user identity which is often associated with privilege escalation."", ""Behavioural anomaly: failed_call_rate at p99+ indicates a high rate of failed syscalls, which can be a sign of a process struggling or attempting to perform unauthorized operations."", ""Benign-explanation test: lifetime_seconds at p99+ and no clear benign explanation like admin scripting or health-check, given the high failed_call_rate and unique_syscalls."", ""Decide: the strong privilege escalation signals (uid_is_root, euid_root, uid_changed) and unusual behaviour (failed_call_rate, unique_syscalls) support the CNN's classification over XGBoost's benign call.""], ""key_features"": [""lifetime_seconds"", ""unique_syscalls"", ""uid_is_root"", ""uid_changed"", ""euid_root""], ""agrees_with"": ""cnn""}"
66592,3,1,T1548,1,0,0.999918818473816,0.8624513745307922,xgb_malicious_cnn_benign,MALICIOUS,1,0.92,xgb,ok,"[""Privilege state: uid_is_root and euid_root are set, max_uid_euid_delta is extremely high, indicating a significant privilege escalation."", ""Mechanism: uid_changed and auid_euid_mismatch suggest an attempt to manipulate identity, which aligns with T1548 and T1222 techniques."", ""Behavioural anomaly: failed_call_rate is low, and unique_syscalls is high, suggesting a crafted process with a specific purpose, not typical benign activity."", ""Benign-explanation test: lifetime_seconds is minimal, and there's no exec_count or shell_from_service, which contradicts typical benign admin scripting."", ""Decide: the strong evidence of privilege escalation and anomalous behaviour supports XGBoost's MALICIOUS call over CNN's BENIGN call.""]","[""lifetime_seconds"", ""unique_syscalls"", ""uid_is_root"", ""euid_root"", ""max_uid_euid_delta""]","{""verdict"": ""MALICIOUS"", ""confidence"": 0.92, ""rationale_steps"": [""Privilege state: uid_is_root and euid_root are set, max_uid_euid_delta is extremely high, indicating a significant privilege escalation."", ""Mechanism: uid_changed and auid_euid_mismatch suggest an attempt to manipulate identity, which aligns with T1548 and T1222 techniques."", ""Behavioural anomaly: failed_call_rate is low, and unique_syscalls is high, suggesting a crafted process with a specific purpose, not typical benign activity."", ""Benign-explanation test: lifetime_seconds is minimal, and there's no exec_count or shell_from_service, which contradicts typical benign admin scripting."", ""Decide: the strong evidence of privilege escalation and anomalous behaviour supports XGBoost's MALICIOUS call over CNN's BENIGN call.""], ""key_features"": [""lifetime_seconds"", ""unique_syscalls"", ""uid_is_root"", ""euid_root"", ""max_uid_euid_delta""], ""agrees_with"": ""xgb""}"
66681,2,1,T1595,0,1,0.001278604613617,0.999983251094818,xgb_benign_cnn_malicious,MALICIOUS,1,0.92,cnn,ok,"[""Privilege state: uid_is_root and euid_root are both set, with max_uid_euid_delta indicating a significant privilege transition."", ""Mechanism: unique_syscalls at p99+ suggests unusual behavior, and uid_changed indicates a change in privilege level during execution."", ""Behavioural anomaly: failed_call_rate is high, indicating potential syscall failures that could be indicative of malicious activity."", ""Benign-explanation test: lifetime_seconds at p99+ and no clear benign explanation like admin scripting or cron jobs, given the short and singular execution."", ""Decide: the strong privilege escalation signals (uid_is_root, euid_root, max_uid_euid_delta) and unusual syscall behavior (unique_syscalls, failed_call_rate) support the CNN's MALICIOUS classification over XGBoost's BENIGN call.""]","[""lifetime_seconds"", ""unique_syscalls"", ""uid_is_root"", ""uid_changed"", ""euid_root""]","{""verdict"": ""MALICIOUS"", ""confidence"": 0.92, ""rationale_steps"": [""Privilege state: uid_is_root and euid_root are both set, with max_uid_euid_delta indicating a significant privilege transition."", ""Mechanism: unique_syscalls at p99+ suggests unusual behavior, and uid_changed indicates a change in privilege level during execution."", ""Behavioural anomaly: failed_call_rate is high, indicating potential syscall failures that could be indicative of malicious activity."", ""Benign-explanation test: lifetime_seconds at p99+ and no clear benign explanation like admin scripting or cron jobs, given the short and singular execution."", ""Decide: the strong privilege escalation signals (uid_is_root, euid_root, max_uid_euid_delta) and unusual syscall behavior (unique_syscalls, failed_call_rate) support the CNN's MALICIOUS classification over XGBoost's BENIGN call.""], ""key_features"": [""lifetime_seconds"", ""unique_syscalls"", ""uid_is_root"", ""uid_changed"", ""euid_root""], ""agrees_with"": ""cnn""}"
67322,2,1,T1548,0,1,0.964673638343811,0.9870211482048036,xgb_benign_cnn_malicious,MALICIOUS,1,0.92,cnn,ok,"[""Privilege state: uid_is_root and euid_root are both set, with max_uid_euid_delta being 0, indicating a direct root transition."", ""Mechanism: unique_syscalls at p99+ suggests an unusual or potentially malicious script execution, and uid_changed indicates a change in privileges."", ""Behavioural anomaly: failed_call_rate at p99+ and lifetime_seconds at p99+ suggest a short-lived, high-failure process, which is uncommon for benign activity."", ""Benign-explanation test: The process's short lifetime and high failure rate do not align with typical admin scripting or health-check behavior."", ""Decide: The strong privilege escalation signals (uid_is_root, euid_root, uid_changed) and unusual behavior (failed_call_rate, unique_syscalls) support the CNN's classification over XGBoost's.""]","[""lifetime_seconds"", ""unique_syscalls"", ""uid_is_root"", ""uid_changed"", ""euid_root""]","{""verdict"": ""MALICIOUS"", ""confidence"": 0.92, ""rationale_steps"": [""Privilege state: uid_is_root and euid_root are both set, with max_uid_euid_delta being 0, indicating a direct root transition."", ""Mechanism: unique_syscalls at p99+ suggests an unusual or potentially malicious script execution, and uid_changed indicates a change in privileges."", ""Behavioural anomaly: failed_call_rate at p99+ and lifetime_seconds at p99+ suggest a short-lived, high-failure process, which is uncommon for benign activity."", ""Benign-explanation test: The process's short lifetime and high failure rate do not align with typical admin scripting or health-check behavior."", ""Decide: The strong privilege escalation signals (uid_is_root, euid_root, uid_changed) and unusual behavior (failed_call_rate, unique_syscalls) support the CNN's classification over XGBoost's.""], ""key_features"": [""lifetime_seconds"", ""unique_syscalls"", ""uid_is_root"", ""uid_changed"", ""euid_root""], ""agrees_with"": ""cnn""}"
68073,3,1,T1548,1,0,0.999918818473816,0.8624439835548401,xgb_malicious_cnn_benign,MALICIOUS,1,0.92,xgb,ok,"[""Privilege state: uid_is_root and euid_root are set, max_uid_euid_delta is extremely high, indicating a significant privilege escalation."", ""Mechanism: uid_changed and auid_euid_mismatch suggest an attempt to manipulate identity, which aligns with T1548 and T1222 techniques."", ""Behavioural anomaly: failed_call_rate is low, suggesting successful syscalls, and unique_syscalls is high, indicating unusual behavior not typical of benign processes."", ""Benign-explanation test: lifetime_seconds at p99+ and no exec_count suggest a short-lived, singular operation inconsistent with benign admin scripting or health-checks."", ""Decide: the strong evidence of privilege escalation and unusual behavior supports XGBoost's MALICIOUS call over CNN's BENIGN call.""]","[""lifetime_seconds"", ""unique_syscalls"", ""uid_is_root"", ""euid_root"", ""max_uid_euid_delta""]","{""verdict"": ""MALICIOUS"", ""confidence"": 0.92, ""rationale_steps"": [""Privilege state: uid_is_root and euid_root are set, max_uid_euid_delta is extremely high, indicating a significant privilege escalation."", ""Mechanism: uid_changed and auid_euid_mismatch suggest an attempt to manipulate identity, which aligns with T1548 and T1222 techniques."", ""Behavioural anomaly: failed_call_rate is low, suggesting successful syscalls, and unique_syscalls is high, indicating unusual behavior not typical of benign processes."", ""Benign-explanation test: lifetime_seconds at p99+ and no exec_count suggest a short-lived, singular operation inconsistent with benign admin scripting or health-checks."", ""Decide: the strong evidence of privilege escalation and unusual behavior supports XGBoost's MALICIOUS call over CNN's BENIGN call.""], ""key_features"": [""lifetime_seconds"", ""unique_syscalls"", ""uid_is_root"", ""euid_root"", ""max_uid_euid_delta""], ""agrees_with"": ""xgb""}"
68112,2,1,T1548,0,1,0.964673638343811,0.9870211482048036,xgb_benign_cnn_malicious,MALICIOUS,1,0.92,cnn,ok,"[""Privilege state: uid_is_root and euid_root are both set, with max_uid_euid_delta being 0, indicating a direct root transition."", ""Mechanism: unique_syscalls at p99+ suggests an unusual or potentially malicious script execution, and uid_changed indicates a change in user identity which is often associated with privilege escalation."", ""Behavioural anomaly: failed_call_rate at p99+ indicates a high rate of failed syscalls, which can be a sign of a process struggling or attempting to perform unauthorized operations."", ""Benign-explanation test: lifetime_seconds at p99+ and no clear benign explanation like admin scripting or health-check, given the high failed_call_rate and unique_syscalls."", ""Decide: the strong privilege escalation signals (uid_is_root, euid_root, uid_changed) and unusual behaviour (failed_call_rate, unique_syscalls) support the CNN's classification over XGBoost's benign call.""]","[""lifetime_seconds"", ""unique_syscalls"", ""uid_is_root"", ""uid_changed"", ""euid_root""]","{""verdict"": ""MALICIOUS"", ""confidence"": 0.92, ""rationale_steps"": [""Privilege state: uid_is_root and euid_root are both set, with max_uid_euid_delta being 0, indicating a direct root transition."", ""Mechanism: unique_syscalls at p99+ suggests an unusual or potentially malicious script execution, and uid_changed indicates a change in user identity which is often associated with privilege escalation."", ""Behavioural anomaly: failed_call_rate at p99+ indicates a high rate of failed syscalls, which can be a sign of a process struggling or attempting to perform unauthorized operations."", ""Benign-explanation test: lifetime_seconds at p99+ and no clear benign explanation like admin scripting or health-check, given the high failed_call_rate and unique_syscalls."", ""Decide: the strong privilege escalation signals (uid_is_root, euid_root, uid_changed) and unusual behaviour (failed_call_rate, unique_syscalls) support the CNN's classification over XGBoost's benign call.""], ""key_features"": [""lifetime_seconds"", ""unique_syscalls"", ""uid_is_root"", ""uid_changed"", ""euid_root""], ""agrees_with"": ""cnn""}"
68965,3,1,T1548,1,0,0.999918818473816,0.8624513745307922,xgb_malicious_cnn_benign,MALICIOUS,1,0.92,xgb,ok,"[""Privilege state: uid_is_root and euid_root are set, max_uid_euid_delta is extremely high, indicating a significant privilege escalation."", ""Mechanism: uid_changed and auid_euid_mismatch suggest an attempt to manipulate identity, which aligns with T1548 and T1222 techniques."", ""Behavioural anomaly: failed_call_rate is low, and unique_syscalls is high, suggesting a crafted process with a specific purpose, not typical benign activity."", ""Benign-explanation test: lifetime_seconds is minimal, and there's no exec_count or shell_from_service, which contradicts typical benign admin scripting."", ""Decide: the strong evidence of privilege escalation and anomalous behaviour supports XGBoost's MALICIOUS call over CNN's BENIGN call.""]","[""lifetime_seconds"", ""unique_syscalls"", ""uid_is_root"", ""euid_root"", ""max_uid_euid_delta""]","{""verdict"": ""MALICIOUS"", ""confidence"": 0.92, ""rationale_steps"": [""Privilege state: uid_is_root and euid_root are set, max_uid_euid_delta is extremely high, indicating a significant privilege escalation."", ""Mechanism: uid_changed and auid_euid_mismatch suggest an attempt to manipulate identity, which aligns with T1548 and T1222 techniques."", ""Behavioural anomaly: failed_call_rate is low, and unique_syscalls is high, suggesting a crafted process with a specific purpose, not typical benign activity."", ""Benign-explanation test: lifetime_seconds is minimal, and there's no exec_count or shell_from_service, which contradicts typical benign admin scripting."", ""Decide: the strong evidence of privilege escalation and anomalous behaviour supports XGBoost's MALICIOUS call over CNN's BENIGN call.""], ""key_features"": [""lifetime_seconds"", ""unique_syscalls"", ""uid_is_root"", ""euid_root"", ""max_uid_euid_delta""], ""agrees_with"": ""xgb""}"
70299,3,1,T1548,1,0,0.999918818473816,0.8624439835548401,xgb_malicious_cnn_benign,MALICIOUS,1,0.92,xgb,ok,"[""Privilege state: uid_is_root and euid_root are set, max_uid_euid_delta is extremely high, indicating a significant privilege escalation."", ""Mechanism: uid_changed and auid_euid_mismatch suggest an attempt to manipulate identity, which aligns with T1548 and T1222 techniques."", ""Behavioural anomaly: failed_call_rate is low, and unique_syscalls is high, suggesting a crafted process with a specific purpose, not typical benign activity."", ""Benign-explanation test: lifetime_seconds at p99+ and no exec_count suggest a one-off, short-lived process, inconsistent with benign admin scripting."", ""Decide: the strong evidence of privilege escalation and anomalous behaviour supports XGBoost's MALICIOUS call over CNN's BENIGN call.""]","[""lifetime_seconds"", ""unique_syscalls"", ""uid_is_root"", ""euid_root"", ""max_uid_euid_delta""]","{""verdict"": ""MALICIOUS"", ""confidence"": 0.92, ""rationale_steps"": [""Privilege state: uid_is_root and euid_root are set, max_uid_euid_delta is extremely high, indicating a significant privilege escalation."", ""Mechanism: uid_changed and auid_euid_mismatch suggest an attempt to manipulate identity, which aligns with T1548 and T1222 techniques."", ""Behavioural anomaly: failed_call_rate is low, and unique_syscalls is high, suggesting a crafted process with a specific purpose, not typical benign activity."", ""Benign-explanation test: lifetime_seconds at p99+ and no exec_count suggest a one-off, short-lived process, inconsistent with benign admin scripting."", ""Decide: the strong evidence of privilege escalation and anomalous behaviour supports XGBoost's MALICIOUS call over CNN's BENIGN call.""], ""key_features"": [""lifetime_seconds"", ""unique_syscalls"", ""uid_is_root"", ""euid_root"", ""max_uid_euid_delta""], ""agrees_with"": ""xgb""}"
70373,4,1,T1222,0,1,0.8795052170753479,0.9937933087348938,xgb_benign_cnn_malicious,MALICIOUS,1,0.92,cnn,ok,"[""Privilege state: uid_is_root and euid_root are set, with a max_uid_euid_delta of 0 indicating a direct root transition, which is a strong indicator of malicious activity."", ""Mechanism: The process has a high syscall throughput (events_per_second) and a long syscall sequence (seq_length) with a high number of unique syscalls, which is unusual for benign processes."", ""Behavioural anomaly: The process has a UID change (uid_changed) and a large gap between real and effective UID (max_uid_euid_delta), which is typical for privilege escalation attempts."", ""Benign-explanation test: The short lifetime_seconds and the high events_per_second make it unlikely to be an admin script or a health-check, as these activities usually have longer lifetimes and lower throughput."", ""Decide: The strong privilege escalation indicators and the unusual behavioural features support the CNN's classification over XGBoost's benign call, with a high confidence level.""]","[""lifetime_seconds"", ""events_per_second"", ""seq_length"", ""unique_syscalls"", ""uid_is_root""]","{""verdict"": ""MALICIOUS"", ""confidence"": 0.92, ""rationale_steps"": [""Privilege state: uid_is_root and euid_root are set, with a max_uid_euid_delta of 0 indicating a direct root transition, which is a strong indicator of malicious activity."", ""Mechanism: The process has a high syscall throughput (events_per_second) and a long syscall sequence (seq_length) with a high number of unique syscalls, which is unusual for benign processes."", ""Behavioural anomaly: The process has a UID change (uid_changed) and a large gap between real and effective UID (max_uid_euid_delta), which is typical for privilege escalation attempts."", ""Benign-explanation test: The short lifetime_seconds and the high events_per_second make it unlikely to be an admin script or a health-check, as these activities usually have longer lifetimes and lower throughput."", ""Decide: The strong privilege escalation indicators and the unusual behavioural features support the CNN's classification over XGBoost's benign call, with a high confidence level.""], ""key_features"": [""lifetime_seconds"", ""events_per_second"", ""seq_length"", ""unique_syscalls"", ""uid_is_root""], ""agrees_with"": ""cnn""}"
70374,2,1,T1548,0,1,0.964673638343811,0.9870211482048036,xgb_benign_cnn_malicious,MALICIOUS,1,0.92,cnn,ok,"[""Privilege state: uid_is_root and euid_root are both set, with max_uid_euid_delta being 0, indicating a direct root transition."", ""Mechanism: unique_syscalls at p99+ suggests an unusual or potentially malicious script execution, and uid_changed indicates a change in privileges."", ""Behavioural anomaly: failed_call_rate at p99+ and lifetime_seconds at p99+ suggest a short-lived, high-failure process, which is uncommon for benign activity."", ""Benign-explanation test: The process's short lifetime and high failure rate do not align with typical admin scripting or health-check behavior."", ""Decide: The strong privilege escalation signals (uid_is_root, euid_root, uid_changed) and unusual behavior (failed_call_rate, unique_syscalls) support the CNN's classification over XGBoost's.""]","[""lifetime_seconds"", ""unique_syscalls"", ""uid_is_root"", ""uid_changed"", ""euid_root""]","{""verdict"": ""MALICIOUS"", ""confidence"": 0.92, ""rationale_steps"": [""Privilege state: uid_is_root and euid_root are both set, with max_uid_euid_delta being 0, indicating a direct root transition."", ""Mechanism: unique_syscalls at p99+ suggests an unusual or potentially malicious script execution, and uid_changed indicates a change in privileges."", ""Behavioural anomaly: failed_call_rate at p99+ and lifetime_seconds at p99+ suggest a short-lived, high-failure process, which is uncommon for benign activity."", ""Benign-explanation test: The process's short lifetime and high failure rate do not align with typical admin scripting or health-check behavior."", ""Decide: The strong privilege escalation signals (uid_is_root, euid_root, uid_changed) and unusual behavior (failed_call_rate, unique_syscalls) support the CNN's classification over XGBoost's.""], ""key_features"": [""lifetime_seconds"", ""unique_syscalls"", ""uid_is_root"", ""uid_changed"", ""euid_root""], ""agrees_with"": ""cnn""}"
70375,2,1,T1548,0,1,0.964673638343811,0.9870211482048036,xgb_benign_cnn_malicious,MALICIOUS,1,0.92,cnn,ok,"[""Privilege state: uid_is_root and euid_root are both set, with max_uid_euid_delta being 0, indicating a direct root transition."", ""Mechanism: unique_syscalls at p99+ suggests an unusual or potentially malicious script execution, and uid_changed indicates a change in user identity which is often associated with privilege escalation."", ""Behavioural anomaly: failed_call_rate at p99+ indicates a high rate of failed syscalls, which can be a sign of a process struggling or attempting to perform unauthorized operations."", ""Benign-explanation test: lifetime_seconds at p99+ and no clear benign explanation like admin scripting or health-check, given the high failed_call_rate and unique_syscalls."", ""Decide: the strong privilege escalation signals (uid_is_root, euid_root, uid_changed) and unusual behaviour (failed_call_rate, unique_syscalls) support the CNN's classification over XGBoost's benign call.""]","[""lifetime_seconds"", ""unique_syscalls"", ""uid_is_root"", ""uid_changed"", ""euid_root""]","{""verdict"": ""MALICIOUS"", ""confidence"": 0.92, ""rationale_steps"": [""Privilege state: uid_is_root and euid_root are both set, with max_uid_euid_delta being 0, indicating a direct root transition."", ""Mechanism: unique_syscalls at p99+ suggests an unusual or potentially malicious script execution, and uid_changed indicates a change in user identity which is often associated with privilege escalation."", ""Behavioural anomaly: failed_call_rate at p99+ indicates a high rate of failed syscalls, which can be a sign of a process struggling or attempting to perform unauthorized operations."", ""Benign-explanation test: lifetime_seconds at p99+ and no clear benign explanation like admin scripting or health-check, given the high failed_call_rate and unique_syscalls."", ""Decide: the strong privilege escalation signals (uid_is_root, euid_root, uid_changed) and unusual behaviour (failed_call_rate, unique_syscalls) support the CNN's classification over XGBoost's benign call.""], ""key_features"": [""lifetime_seconds"", ""unique_syscalls"", ""uid_is_root"", ""uid_changed"", ""euid_root""], ""agrees_with"": ""cnn""}"
70399,2,1,T1548,0,1,0.964673638343811,0.9870211482048036,xgb_benign_cnn_malicious,MALICIOUS,1,0.92,cnn,ok,"[""Privilege state: uid_is_root and euid_root are both set, with max_uid_euid_delta being 0, indicating a direct root transition."", ""Mechanism: unique_syscalls at p99+ suggests an unusual or potentially malicious script execution, and uid_changed indicates a change in user identity which is often associated with privilege escalation."", ""Behavioural anomaly: failed_call_rate at p99+ indicates a high rate of failed syscalls, which can be a sign of a process struggling or attempting to perform unauthorized operations."", ""Benign-explanation test: lifetime_seconds at p99+ and no clear benign explanation like admin scripting or health-check, given the high failed_call_rate and unique_syscalls."", ""Decide: the strong privilege escalation signals (uid_is_root, euid_root, uid_changed) and unusual behaviour (failed_call_rate, unique_syscalls) support the CNN's classification over XGBoost's benign call.""]","[""lifetime_seconds"", ""unique_syscalls"", ""uid_is_root"", ""uid_changed"", ""euid_root""]","{""verdict"": ""MALICIOUS"", ""confidence"": 0.92, ""rationale_steps"": [""Privilege state: uid_is_root and euid_root are both set, with max_uid_euid_delta being 0, indicating a direct root transition."", ""Mechanism: unique_syscalls at p99+ suggests an unusual or potentially malicious script execution, and uid_changed indicates a change in user identity which is often associated with privilege escalation."", ""Behavioural anomaly: failed_call_rate at p99+ indicates a high rate of failed syscalls, which can be a sign of a process struggling or attempting to perform unauthorized operations."", ""Benign-explanation test: lifetime_seconds at p99+ and no clear benign explanation like admin scripting or health-check, given the high failed_call_rate and unique_syscalls."", ""Decide: the strong privilege escalation signals (uid_is_root, euid_root, uid_changed) and unusual behaviour (failed_call_rate, unique_syscalls) support the CNN's classification over XGBoost's benign call.""], ""key_features"": [""lifetime_seconds"", ""unique_syscalls"", ""uid_is_root"", ""uid_changed"", ""euid_root""], ""agrees_with"": ""cnn""}"
70424,3,1,T1222,1,0,0.9765482544898988,0.8522466421127319,xgb_malicious_cnn_benign,MALICIOUS,1,0.92,xgb,ok,"[""Privilege state: uid_is_root and euid_root are both set, with max_uid_euid_delta being low, indicating a genuine root context."", ""Mechanism: unique_syscalls at p99+ suggests an unusual or potentially malicious exec chain, and uid_changed indicates a transition in privileges."", ""Behavioural anomaly: failed_call_rate is low, which is more consistent with an attack attempting to avoid detection rather than benign activity."", ""Benign-explanation test: lifetime_seconds at p99+ and no clear benign explanation like admin scripting or cron jobs, given the short and singular execution."", ""Decide: the strong privilege indicators and unusual exec chain outweigh XGBoost's call; this supports the MALICIOUS classification over CNN's BENIGN call.""]","[""lifetime_seconds"", ""unique_syscalls"", ""uid_is_root"", ""euid_root"", ""uid_changed""]","{""verdict"": ""MALICIOUS"", ""confidence"": 0.92, ""rationale_steps"": [""Privilege state: uid_is_root and euid_root are both set, with max_uid_euid_delta being low, indicating a genuine root context."", ""Mechanism: unique_syscalls at p99+ suggests an unusual or potentially malicious exec chain, and uid_changed indicates a transition in privileges."", ""Behavioural anomaly: failed_call_rate is low, which is more consistent with an attack attempting to avoid detection rather than benign activity."", ""Benign-explanation test: lifetime_seconds at p99+ and no clear benign explanation like admin scripting or cron jobs, given the short and singular execution."", ""Decide: the strong privilege indicators and unusual exec chain outweigh XGBoost's call; this supports the MALICIOUS classification over CNN's BENIGN call.""], ""key_features"": [""lifetime_seconds"", ""unique_syscalls"", ""uid_is_root"", ""euid_root"", ""uid_changed""], ""agrees_with"": ""xgb""}"
70452,3,1,T1222,1,0,0.9765482544898988,0.8522466421127319,xgb_malicious_cnn_benign,MALICIOUS,1,0.92,cnn,ok,"[""Privilege state: uid_is_root and euid_root are both set, with max_uid_euid_delta being low, indicating a genuine root context."", ""Mechanism: unique_syscalls at p99+ suggests an unusual or potentially malicious exec chain, and uid_changed indicates a transition in privileges."", ""Behavioural anomaly: failed_call_rate is low, suggesting successful execution of syscalls, and lifetime_seconds is minimal, which is unusual for benign processes."", ""Benign-explanation test: The process's short lifetime and unique syscall pattern do not align with typical admin scripting or cron job behavior."", ""Decide: The strong privilege indicators and unusual exec chain outweigh XGBoost's call, supporting the CNN's classification.""]","[""lifetime_seconds"", ""unique_syscalls"", ""uid_is_root"", ""euid_root"", ""uid_changed""]","{""verdict"": ""MALICIOUS"", ""confidence"": 0.92, ""rationale_steps"": [""Privilege state: uid_is_root and euid_root are both set, with max_uid_euid_delta being low, indicating a genuine root context."", ""Mechanism: unique_syscalls at p99+ suggests an unusual or potentially malicious exec chain, and uid_changed indicates a transition in privileges."", ""Behavioural anomaly: failed_call_rate is low, suggesting successful execution of syscalls, and lifetime_seconds is minimal, which is unusual for benign processes."", ""Benign-explanation test: The process's short lifetime and unique syscall pattern do not align with typical admin scripting or cron job behavior."", ""Decide: The strong privilege indicators and unusual exec chain outweigh XGBoost's call, supporting the CNN's classification.""], ""key_features"": [""lifetime_seconds"", ""unique_syscalls"", ""uid_is_root"", ""euid_root"", ""uid_changed""], ""agrees_with"": ""cnn""}"
70454,2,1,T1548,0,1,0.964673638343811,0.9870211482048036,xgb_benign_cnn_malicious,MALICIOUS,1,0.92,cnn,ok,"[""Privilege state: uid_is_root and euid_root are both set, with max_uid_euid_delta being 0, indicating a direct root transition."", ""Mechanism: unique_syscalls at p99+ suggests an unusual or potentially malicious script execution, and uid_changed indicates a change in user identity which is often associated with privilege escalation."", ""Behavioural anomaly: failed_call_rate at p99+ indicates a high rate of failed syscalls, which can be a sign of a process struggling or attempting to perform unauthorized operations."", ""Benign-explanation test: lifetime_seconds at p99+ and no clear benign explanation like admin scripting or health-check, given the high failed_call_rate and unique_syscalls."", ""Decide: the strong privilege escalation signals (uid_is_root, euid_root, uid_changed) and unusual behaviour (failed_call_rate, unique_syscalls) support the CNN's classification over XGBoost's benign call.""]","[""lifetime_seconds"", ""unique_syscalls"", ""uid_is_root"", ""uid_changed"", ""euid_root""]","{""verdict"": ""MALICIOUS"", ""confidence"": 0.92, ""rationale_steps"": [""Privilege state: uid_is_root and euid_root are both set, with max_uid_euid_delta being 0, indicating a direct root transition."", ""Mechanism: unique_syscalls at p99+ suggests an unusual or potentially malicious script execution, and uid_changed indicates a change in user identity which is often associated with privilege escalation."", ""Behavioural anomaly: failed_call_rate at p99+ indicates a high rate of failed syscalls, which can be a sign of a process struggling or attempting to perform unauthorized operations."", ""Benign-explanation test: lifetime_seconds at p99+ and no clear benign explanation like admin scripting or health-check, given the high failed_call_rate and unique_syscalls."", ""Decide: the strong privilege escalation signals (uid_is_root, euid_root, uid_changed) and unusual behaviour (failed_call_rate, unique_syscalls) support the CNN's classification over XGBoost's benign call.""], ""key_features"": [""lifetime_seconds"", ""unique_syscalls"", ""uid_is_root"", ""uid_changed"", ""euid_root""], ""agrees_with"": ""cnn""}"
70461,2,1,T1548,0,1,0.964673638343811,0.9870211482048036,xgb_benign_cnn_malicious,MALICIOUS,1,0.92,cnn,ok,"[""Privilege state: uid_is_root and euid_root are both set, with max_uid_euid_delta being 0, indicating a direct root transition."", ""Mechanism: unique_syscalls at p99+ suggests an unusual or potentially malicious script execution, and uid_changed indicates a change in user identity which is often associated with privilege escalation."", ""Behavioural anomaly: failed_call_rate at p99+ indicates a high rate of failed syscalls, which can be a sign of a process struggling or attempting to perform unauthorized operations."", ""Benign-explanation test: lifetime_seconds at p99+ and no clear benign explanation like admin scripting or health-check, given the high failed_call_rate and unique_syscalls."", ""Decide: the strong privilege escalation signals (uid_is_root, euid_root, uid_changed) and unusual behaviour (failed_call_rate, unique_syscalls) support the CNN's classification over XGBoost's benign call.""]","[""lifetime_seconds"", ""unique_syscalls"", ""uid_is_root"", ""uid_changed"", ""euid_root""]","{""verdict"": ""MALICIOUS"", ""confidence"": 0.92, ""rationale_steps"": [""Privilege state: uid_is_root and euid_root are both set, with max_uid_euid_delta being 0, indicating a direct root transition."", ""Mechanism: unique_syscalls at p99+ suggests an unusual or potentially malicious script execution, and uid_changed indicates a change in user identity which is often associated with privilege escalation."", ""Behavioural anomaly: failed_call_rate at p99+ indicates a high rate of failed syscalls, which can be a sign of a process struggling or attempting to perform unauthorized operations."", ""Benign-explanation test: lifetime_seconds at p99+ and no clear benign explanation like admin scripting or health-check, given the high failed_call_rate and unique_syscalls."", ""Decide: the strong privilege escalation signals (uid_is_root, euid_root, uid_changed) and unusual behaviour (failed_call_rate, unique_syscalls) support the CNN's classification over XGBoost's benign call.""], ""key_features"": [""lifetime_seconds"", ""unique_syscalls"", ""uid_is_root"", ""uid_changed"", ""euid_root""], ""agrees_with"": ""cnn""}"
70471,3,1,T1222,1,0,0.9765482544898988,0.8522466421127319,xgb_malicious_cnn_benign,MALICIOUS,1,0.92,xgb,ok,"[""Privilege state: uid_is_root and euid_root are both set, with max_uid_euid_delta being low, indicating a genuine root context."", ""Mechanism: unique_syscalls at p99+ suggests an unusual or potentially malicious exec chain, and uid_changed indicates a transition in privileges."", ""Behavioural anomaly: failed_call_rate is low, which is more consistent with an attack attempting to avoid detection rather than benign activity."", ""Benign-explanation test: lifetime_seconds at p99+ and no clear benign explanation like admin scripting or cron jobs, given the short and singular execution."", ""Decide: the strong privilege indicators and unusual exec chain outweigh XGBoost's call; this supports the MALICIOUS classification over CNN's BENIGN call.""]","[""lifetime_seconds"", ""unique_syscalls"", ""uid_is_root"", ""euid_root"", ""uid_changed""]","{""verdict"": ""MALICIOUS"", ""confidence"": 0.92, ""rationale_steps"": [""Privilege state: uid_is_root and euid_root are both set, with max_uid_euid_delta being low, indicating a genuine root context."", ""Mechanism: unique_syscalls at p99+ suggests an unusual or potentially malicious exec chain, and uid_changed indicates a transition in privileges."", ""Behavioural anomaly: failed_call_rate is low, which is more consistent with an attack attempting to avoid detection rather than benign activity."", ""Benign-explanation test: lifetime_seconds at p99+ and no clear benign explanation like admin scripting or cron jobs, given the short and singular execution."", ""Decide: the strong privilege indicators and unusual exec chain outweigh XGBoost's call; this supports the MALICIOUS classification over CNN's BENIGN call.""], ""key_features"": [""lifetime_seconds"", ""unique_syscalls"", ""uid_is_root"", ""euid_root"", ""uid_changed""], ""agrees_with"": ""xgb""}"
70474,2,1,T1548,0,1,0.964673638343811,0.9870211482048036,xgb_benign_cnn_malicious,MALICIOUS,1,0.92,cnn,ok,"[""Privilege state: uid_is_root and euid_root are both set, with max_uid_euid_delta being 0, indicating a direct root transition."", ""Mechanism: unique_syscalls at p99+ suggests an unusual or potentially malicious script execution, and uid_changed indicates a change in user identity which is often associated with privilege escalation."", ""Behavioural anomaly: failed_call_rate at p99+ indicates a high rate of failed syscalls, which can be a sign of a process struggling or attempting to perform unauthorized operations."", ""Benign-explanation test: lifetime_seconds at p99+ and no clear benign explanation like admin scripting or health-check, given the high failed_call_rate and unique_syscalls."", ""Decide: the strong privilege escalation signals (uid_is_root, euid_root, uid_changed) and unusual behaviour (failed_call_rate, unique_syscalls) support the CNN's classification over XGBoost's benign call.""]","[""lifetime_seconds"", ""unique_syscalls"", ""uid_is_root"", ""uid_changed"", ""euid_root""]","{""verdict"": ""MALICIOUS"", ""confidence"": 0.92, ""rationale_steps"": [""Privilege state: uid_is_root and euid_root are both set, with max_uid_euid_delta being 0, indicating a direct root transition."", ""Mechanism: unique_syscalls at p99+ suggests an unusual or potentially malicious script execution, and uid_changed indicates a change in user identity which is often associated with privilege escalation."", ""Behavioural anomaly: failed_call_rate at p99+ indicates a high rate of failed syscalls, which can be a sign of a process struggling or attempting to perform unauthorized operations."", ""Benign-explanation test: lifetime_seconds at p99+ and no clear benign explanation like admin scripting or health-check, given the high failed_call_rate and unique_syscalls."", ""Decide: the strong privilege escalation signals (uid_is_root, euid_root, uid_changed) and unusual behaviour (failed_call_rate, unique_syscalls) support the CNN's classification over XGBoost's benign call.""], ""key_features"": [""lifetime_seconds"", ""unique_syscalls"", ""uid_is_root"", ""uid_changed"", ""euid_root""], ""agrees_with"": ""cnn""}"
70475,2,1,T1548,0,1,0.964673638343811,0.9870211482048036,xgb_benign_cnn_malicious,MALICIOUS,1,0.92,cnn,ok,"[""Privilege state: uid_is_root and euid_root are both set, with max_uid_euid_delta being 0, indicating a direct root transition."", ""Mechanism: unique_syscalls at p99+ suggests an unusual or potentially malicious script execution, and uid_changed indicates a change in user identity which is often associated with privilege escalation."", ""Behavioural anomaly: failed_call_rate at p99+ indicates a high rate of failed syscalls, which can be a sign of a process struggling or attempting to perform unauthorized operations."", ""Benign-explanation test: lifetime_seconds at p99+ and no clear benign explanation like admin scripting or health-check, given the high failed_call_rate and unique_syscalls."", ""Decide: the strong privilege escalation signals (uid_is_root, euid_root, uid_changed) and unusual behaviour (failed_call_rate, unique_syscalls) support the CNN's classification over XGBoost's benign call.""]","[""lifetime_seconds"", ""unique_syscalls"", ""uid_is_root"", ""uid_changed"", ""euid_root""]","{""verdict"": ""MALICIOUS"", ""confidence"": 0.92, ""rationale_steps"": [""Privilege state: uid_is_root and euid_root are both set, with max_uid_euid_delta being 0, indicating a direct root transition."", ""Mechanism: unique_syscalls at p99+ suggests an unusual or potentially malicious script execution, and uid_changed indicates a change in user identity which is often associated with privilege escalation."", ""Behavioural anomaly: failed_call_rate at p99+ indicates a high rate of failed syscalls, which can be a sign of a process struggling or attempting to perform unauthorized operations."", ""Benign-explanation test: lifetime_seconds at p99+ and no clear benign explanation like admin scripting or health-check, given the high failed_call_rate and unique_syscalls."", ""Decide: the strong privilege escalation signals (uid_is_root, euid_root, uid_changed) and unusual behaviour (failed_call_rate, unique_syscalls) support the CNN's classification over XGBoost's benign call.""], ""key_features"": [""lifetime_seconds"", ""unique_syscalls"", ""uid_is_root"", ""uid_changed"", ""euid_root""], ""agrees_with"": ""cnn""}"
71349,3,1,T1548,1,0,0.999918818473816,0.8624439835548401,xgb_malicious_cnn_benign,MALICIOUS,1,0.92,xgb,ok,"[""Privilege state: uid_is_root and euid_root are set, max_uid_euid_delta is extremely high, indicating a significant privilege escalation."", ""Mechanism: uid_changed and auid_euid_mismatch suggest an attempt to manipulate identity, which aligns with T1548 and T1222 techniques."", ""Behavioural anomaly: failed_call_rate is low, suggesting successful syscalls, and unique_syscalls is high, indicating unusual behavior not typical of benign processes."", ""Benign-explanation test: lifetime_seconds at p99+ and no exec_count suggest a short-lived, singular operation inconsistent with benign admin scripting or health-checks."", ""Decide: the strong evidence of privilege escalation and unusual behavior supports XGBoost's MALICIOUS call over CNN's BENIGN call.""]","[""lifetime_seconds"", ""unique_syscalls"", ""uid_is_root"", ""euid_root"", ""max_uid_euid_delta""]","{""verdict"": ""MALICIOUS"", ""confidence"": 0.92, ""rationale_steps"": [""Privilege state: uid_is_root and euid_root are set, max_uid_euid_delta is extremely high, indicating a significant privilege escalation."", ""Mechanism: uid_changed and auid_euid_mismatch suggest an attempt to manipulate identity, which aligns with T1548 and T1222 techniques."", ""Behavioural anomaly: failed_call_rate is low, suggesting successful syscalls, and unique_syscalls is high, indicating unusual behavior not typical of benign processes."", ""Benign-explanation test: lifetime_seconds at p99+ and no exec_count suggest a short-lived, singular operation inconsistent with benign admin scripting or health-checks."", ""Decide: the strong evidence of privilege escalation and unusual behavior supports XGBoost's MALICIOUS call over CNN's BENIGN call.""], ""key_features"": [""lifetime_seconds"", ""unique_syscalls"", ""uid_is_root"", ""euid_root"", ""max_uid_euid_delta""], ""agrees_with"": ""xgb""}"
72054,2,1,T1548,0,1,0.964673638343811,0.9870211482048036,xgb_benign_cnn_malicious,MALICIOUS,1,0.92,cnn,ok,"[""Privilege state: uid_is_root and euid_root are both set, with max_uid_euid_delta being 0, indicating a direct root transition."", ""Mechanism: unique_syscalls at p99+ suggests an unusual or potentially malicious script execution, and uid_changed indicates a change in user identity which is often associated with privilege escalation."", ""Behavioural anomaly: failed_call_rate at p99+ indicates a high rate of failed syscalls, which can be a sign of a process struggling or attempting to perform unauthorized operations."", ""Benign-explanation test: lifetime_seconds at p99+ and no clear benign explanation like admin scripting or health-check, given the high failed_call_rate and unique_syscalls."", ""Decide: the strong privilege escalation signals (uid_is_root, euid_root, uid_changed) and unusual behaviour (failed_call_rate, unique_syscalls) support the CNN's classification over XGBoost's benign call.""]","[""lifetime_seconds"", ""unique_syscalls"", ""uid_is_root"", ""uid_changed"", ""euid_root""]","{""verdict"": ""MALICIOUS"", ""confidence"": 0.92, ""rationale_steps"": [""Privilege state: uid_is_root and euid_root are both set, with max_uid_euid_delta being 0, indicating a direct root transition."", ""Mechanism: unique_syscalls at p99+ suggests an unusual or potentially malicious script execution, and uid_changed indicates a change in user identity which is often associated with privilege escalation."", ""Behavioural anomaly: failed_call_rate at p99+ indicates a high rate of failed syscalls, which can be a sign of a process struggling or attempting to perform unauthorized operations."", ""Benign-explanation test: lifetime_seconds at p99+ and no clear benign explanation like admin scripting or health-check, given the high failed_call_rate and unique_syscalls."", ""Decide: the strong privilege escalation signals (uid_is_root, euid_root, uid_changed) and unusual behaviour (failed_call_rate, unique_syscalls) support the CNN's classification over XGBoost's benign call.""], ""key_features"": [""lifetime_seconds"", ""unique_syscalls"", ""uid_is_root"", ""uid_changed"", ""euid_root""], ""agrees_with"": ""cnn""}"
72067,2,1,T1548,0,1,0.964673638343811,0.9870211482048036,xgb_benign_cnn_malicious,MALICIOUS,1,0.92,cnn,ok,"[""Privilege state: uid_is_root and euid_root are both set, with max_uid_euid_delta being 0, indicating a direct root transition."", ""Mechanism: unique_syscalls at p99+ suggests an unusual or potentially malicious script execution, and uid_changed indicates a change in user identity which is often associated with privilege escalation."", ""Behavioural anomaly: failed_call_rate at p99+ indicates a high rate of failed syscalls, which can be a sign of a process struggling or attempting to perform unauthorized operations."", ""Benign-explanation test: lifetime_seconds at p99+ and no clear benign explanation like admin scripting or health-check, given the high failed_call_rate and unique_syscalls."", ""Decide: the strong privilege escalation signals (uid_is_root, euid_root, uid_changed) and unusual behaviour (failed_call_rate, unique_syscalls) support the CNN's classification over XGBoost's benign call.""]","[""lifetime_seconds"", ""unique_syscalls"", ""uid_is_root"", ""uid_changed"", ""euid_root""]","{""verdict"": ""MALICIOUS"", ""confidence"": 0.92, ""rationale_steps"": [""Privilege state: uid_is_root and euid_root are both set, with max_uid_euid_delta being 0, indicating a direct root transition."", ""Mechanism: unique_syscalls at p99+ suggests an unusual or potentially malicious script execution, and uid_changed indicates a change in user identity which is often associated with privilege escalation."", ""Behavioural anomaly: failed_call_rate at p99+ indicates a high rate of failed syscalls, which can be a sign of a process struggling or attempting to perform unauthorized operations."", ""Benign-explanation test: lifetime_seconds at p99+ and no clear benign explanation like admin scripting or health-check, given the high failed_call_rate and unique_syscalls."", ""Decide: the strong privilege escalation signals (uid_is_root, euid_root, uid_changed) and unusual behaviour (failed_call_rate, unique_syscalls) support the CNN's classification over XGBoost's benign call.""], ""key_features"": [""lifetime_seconds"", ""unique_syscalls"", ""uid_is_root"", ""uid_changed"", ""euid_root""], ""agrees_with"": ""cnn""}"
72073,3,1,T1548,1,0,0.999918818473816,0.8624439835548401,xgb_malicious_cnn_benign,MALICIOUS,1,0.92,xgb,ok,"[""Privilege state: uid_is_root and euid_root are set, max_uid_euid_delta is extremely high, indicating a significant privilege escalation."", ""Mechanism: uid_changed and auid_euid_mismatch suggest an attempt to manipulate identity, which aligns with T1548 and T1222 techniques."", ""Behavioural anomaly: failed_call_rate is low, suggesting successful syscalls, and unique_syscalls is high, indicating unusual behavior not typical of benign processes."", ""Benign-explanation test: lifetime_seconds at p99+ and no exec_count suggest a short-lived, singular operation inconsistent with benign admin scripting or health-checks."", ""Decide: the strong evidence of privilege escalation and unusual behavior supports XGBoost's MALICIOUS call over CNN's BENIGN call.""]","[""lifetime_seconds"", ""unique_syscalls"", ""uid_is_root"", ""euid_root"", ""max_uid_euid_delta""]","{""verdict"": ""MALICIOUS"", ""confidence"": 0.92, ""rationale_steps"": [""Privilege state: uid_is_root and euid_root are set, max_uid_euid_delta is extremely high, indicating a significant privilege escalation."", ""Mechanism: uid_changed and auid_euid_mismatch suggest an attempt to manipulate identity, which aligns with T1548 and T1222 techniques."", ""Behavioural anomaly: failed_call_rate is low, suggesting successful syscalls, and unique_syscalls is high, indicating unusual behavior not typical of benign processes."", ""Benign-explanation test: lifetime_seconds at p99+ and no exec_count suggest a short-lived, singular operation inconsistent with benign admin scripting or health-checks."", ""Decide: the strong evidence of privilege escalation and unusual behavior supports XGBoost's MALICIOUS call over CNN's BENIGN call.""], ""key_features"": [""lifetime_seconds"", ""unique_syscalls"", ""uid_is_root"", ""euid_root"", ""max_uid_euid_delta""], ""agrees_with"": ""xgb""}"
72090,3,1,T1548,1,0,0.999918818473816,0.8624439835548401,xgb_malicious_cnn_benign,MALICIOUS,1,0.92,xgb,ok,"[""Privilege state: uid_is_root and euid_root are set, max_uid_euid_delta is extremely high, indicating a significant privilege escalation."", ""Mechanism: uid_changed and auid_euid_mismatch suggest an attempt to manipulate identity, which aligns with T1548 and T1222 techniques."", ""Behavioural anomaly: failed_call_rate is low, and unique_syscalls is high, suggesting a crafted process with a specific purpose, which is uncommon in benign activity."", ""Benign-explanation test: lifetime_seconds is minimal, and there's no exec_count or shell_from_service, which contradicts typical benign admin activity."", ""Decide: the strong evidence of privilege escalation and anomalous behaviour supports XGBoost's MALICIOUS call over CNN's BENIGN call.""]","[""lifetime_seconds"", ""unique_syscalls"", ""uid_is_root"", ""euid_root"", ""max_uid_euid_delta""]","{""verdict"": ""MALICIOUS"", ""confidence"": 0.92, ""rationale_steps"": [""Privilege state: uid_is_root and euid_root are set, max_uid_euid_delta is extremely high, indicating a significant privilege escalation."", ""Mechanism: uid_changed and auid_euid_mismatch suggest an attempt to manipulate identity, which aligns with T1548 and T1222 techniques."", ""Behavioural anomaly: failed_call_rate is low, and unique_syscalls is high, suggesting a crafted process with a specific purpose, which is uncommon in benign activity."", ""Benign-explanation test: lifetime_seconds is minimal, and there's no exec_count or shell_from_service, which contradicts typical benign admin activity."", ""Decide: the strong evidence of privilege escalation and anomalous behaviour supports XGBoost's MALICIOUS call over CNN's BENIGN call.""], ""key_features"": [""lifetime_seconds"", ""unique_syscalls"", ""uid_is_root"", ""euid_root"", ""max_uid_euid_delta""], ""agrees_with"": ""xgb""}"
72713,4,1,T1222,1,0,0.9651243686676024,0.983751654624939,xgb_malicious_cnn_benign,MALICIOUS,1,0.92,xgb,ok,"[""Privilege state: uid_is_root and euid_root are both set, with max_uid_euid_delta indicating a significant privilege transition."", ""Mechanism: unique_syscalls at p99+ suggests unusual behavior, and uid_changed indicates a change in privilege level during execution."", ""Behavioural anomaly: failed_call_rate is high, indicating potential syscall failures that could be indicative of malicious activity."", ""Benign-explanation test: lifetime_seconds at p99+ and no clear benign explanation like admin scripting or cron jobs, given the short and singular execution."", ""Decide: the strong privilege escalation signals (uid_is_root, euid_root, max_uid_euid_delta) and unusual syscall behavior (unique_syscalls, failed_call_rate) support XGBoost's malicious classification over CNN's benign call.""]","[""lifetime_seconds"", ""unique_syscalls"", ""uid_is_root"", ""uid_changed"", ""euid_root""]","{""verdict"": ""MALICIOUS"", ""confidence"": 0.92, ""rationale_steps"": [""Privilege state: uid_is_root and euid_root are both set, with max_uid_euid_delta indicating a significant privilege transition."", ""Mechanism: unique_syscalls at p99+ suggests unusual behavior, and uid_changed indicates a change in privilege level during execution."", ""Behavioural anomaly: failed_call_rate is high, indicating potential syscall failures that could be indicative of malicious activity."", ""Benign-explanation test: lifetime_seconds at p99+ and no clear benign explanation like admin scripting or cron jobs, given the short and singular execution."", ""Decide: the strong privilege escalation signals (uid_is_root, euid_root, max_uid_euid_delta) and unusual syscall behavior (unique_syscalls, failed_call_rate) support XGBoost's malicious classification over CNN's benign call.""], ""key_features"": [""lifetime_seconds"", ""unique_syscalls"", ""uid_is_root"", ""uid_changed"", ""euid_root""], ""agrees_with"": ""xgb""}"
73430,3,1,T1548,1,0,0.999918818473816,0.8624439835548401,xgb_malicious_cnn_benign,MALICIOUS,1,0.92,neither,ok,"[""Privilege state: uid_is_root and euid_root are set, max_uid_euid_delta is extremely high, and auid_euid_mismatch is present, indicating a clear privilege escalation attempt."", ""Mechanism: The process has a lifetime of 1 second, which is unusual and could suggest a rapid privilege escalation attempt, combined with unique_syscalls indicating non-standard behavior."", ""Behavioural anomaly: The failed_call_rate is low, suggesting successful execution of syscalls, and uid_changed indicates a transition in user identity, which is uncommon in benign processes."", ""Benign-explanation test: The short lifetime and unique_syscalls argue against this being a routine admin script or health-check, as such activities typically have longer lifetimes and more predictable syscall patterns."", ""Decide: The strong evidence of privilege escalation (uid_is_root, euid_root, max_uid_euid_delta, auid_euid_mismatch) and the unusual behavior (short lifetime, unique_syscalls) support the MALICIOUS classification, with XGBoost's high confidence call corroborating the CNN's suspicion.""]","[""lifetime_seconds"", ""unique_syscalls"", ""uid_is_root"", ""euid_root"", ""max_uid_euid_delta""]","{
  ""verdict"": ""MALICIOUS"",
  ""confidence"": 0.92,
  ""rationale_steps"": [
    ""Privilege state: uid_is_root and euid_root are set, max_uid_euid_delta is extremely high, and auid_euid_mismatch is present, indicating a clear privilege escalation attempt."",
    ""Mechanism: The process has a lifetime of 1 second, which is unusual and could suggest a rapid privilege escalation attempt, combined with unique_syscalls indicating non-standard behavior."",
    ""Behavioural anomaly: The failed_call_rate is low, suggesting successful execution of syscalls, and uid_changed indicates a transition in user identity, which is uncommon in benign processes."",
    ""Benign-explanation test: The short lifetime and unique_syscalls argue against this being a routine admin script or health-check, as such activities typically have longer lifetimes and more predictable syscall patterns."",
    ""Decide: The strong evidence of privilege escalation (uid_is_root, euid_root, max_uid_euid_delta, auid_euid_mismatch) and the unusual behavior (short lifetime, unique_syscalls) support the MALICIOUS classification, with XGBoost's high confidence call corroborating the CNN's suspicion.""
  ],
  ""key_features"": [""lifetime_seconds"", ""unique_syscalls"", ""uid_is_root"", ""euid_root"", ""max_uid_euid_delta""],
  ""agrees_with"": ""neither""
}"
73506,3,1,T1548,1,0,0.999918818473816,0.8624439835548401,xgb_malicious_cnn_benign,MALICIOUS,1,0.92,xgb,ok,"[""Privilege state: uid_is_root and euid_root are set, max_uid_euid_delta is extremely high, indicating a significant privilege escalation."", ""Mechanism: uid_changed and auid_euid_mismatch suggest an attempt to manipulate identity, which aligns with T1548 and T1222 techniques."", ""Behavioural anomaly: failed_call_rate is low, and unique_syscalls is high, suggesting a crafted process with a specific purpose, not typical benign activity."", ""Benign-explanation test: lifetime_seconds is minimal, and there's no exec_count or shell_from_service, which contradicts typical benign admin scripting."", ""Decide: the strong evidence of privilege escalation and anomalous behaviour supports XGBoost's MALICIOUS call over CNN's BENIGN call.""]","[""lifetime_seconds"", ""unique_syscalls"", ""uid_is_root"", ""euid_root"", ""max_uid_euid_delta""]","{""verdict"": ""MALICIOUS"", ""confidence"": 0.92, ""rationale_steps"": [""Privilege state: uid_is_root and euid_root are set, max_uid_euid_delta is extremely high, indicating a significant privilege escalation."", ""Mechanism: uid_changed and auid_euid_mismatch suggest an attempt to manipulate identity, which aligns with T1548 and T1222 techniques."", ""Behavioural anomaly: failed_call_rate is low, and unique_syscalls is high, suggesting a crafted process with a specific purpose, not typical benign activity."", ""Benign-explanation test: lifetime_seconds is minimal, and there's no exec_count or shell_from_service, which contradicts typical benign admin scripting."", ""Decide: the strong evidence of privilege escalation and anomalous behaviour supports XGBoost's MALICIOUS call over CNN's BENIGN call.""], ""key_features"": [""lifetime_seconds"", ""unique_syscalls"", ""uid_is_root"", ""euid_root"", ""max_uid_euid_delta""], ""agrees_with"": ""xgb""}"
73516,2,1,T1548,0,1,0.9779095649719238,0.9780508279800416,xgb_benign_cnn_malicious,MALICIOUS,1,0.92,cnn,ok,"[""Privilege state: uid_is_root and euid_root are set, max_uid_euid_delta is low, indicating a potential privilege escalation."", ""Mechanism: uid_changed is set, suggesting a transition in user identity, and unique_syscalls is high, which could indicate an unusual command or script."", ""Behavioural anomaly: lifetime_seconds is very short (p99+), which is unusual for privilege escalation attempts that often take longer to execute."", ""Benign-explanation test: The high events_per_second and unique_syscalls, along with uid_is_root, argue against a benign admin script or cron job."", ""Decide: The evidence of privilege escalation (uid_is_root, euid_root, uid_changed) and unusual behaviour (unique_syscalls, short lifetime) supports the CNN's classification over XGBoost's.""]","[""uid_is_root"", ""euid_root"", ""uid_changed"", ""unique_syscalls"", ""lifetime_seconds""]","{
  ""verdict"": ""MALICIOUS"",
  ""confidence"": 0.92,
  ""rationale_steps"": [
    ""Privilege state: uid_is_root and euid_root are set, max_uid_euid_delta is low, indicating a potential privilege escalation."",
    ""Mechanism: uid_changed is set, suggesting a transition in user identity, and unique_syscalls is high, which could indicate an unusual command or script."",
    ""Behavioural anomaly: lifetime_seconds is very short (p99+), which is unusual for privilege escalation attempts that often take longer to execute."",
    ""Benign-explanation test: The high events_per_second and unique_syscalls, along with uid_is_root, argue against a benign admin script or cron job."",
    ""Decide: The evidence of privilege escalation (uid_is_root, euid_root, uid_changed) and unusual behaviour (unique_syscalls, short lifetime) supports the CNN's classification over XGBoost's.""
  ],
  ""key_features"": [""uid_is_root"", ""euid_root"", ""uid_changed"", ""unique_syscalls"", ""lifetime_seconds""],
  ""agrees_with"": ""cnn""
}"
74302,2,1,T1548,0,1,0.964673638343811,0.9870211482048036,xgb_benign_cnn_malicious,MALICIOUS,1,0.92,cnn,ok,"[""Privilege state: uid_is_root and euid_root are both set, with max_uid_euid_delta being 0, indicating a direct root transition."", ""Mechanism: unique_syscalls at p99+ suggests an unusual or potentially malicious script execution, and uid_changed indicates a change in privileges."", ""Behavioural anomaly: failed_call_rate at p99+ and lifetime_seconds at p99+ suggest a short-lived, high-failure process, which is uncommon for benign activity."", ""Benign-explanation test: The process's short lifetime and high failure rate do not align with typical admin scripting or health-check behavior."", ""Decide: The strong privilege escalation signals (uid_is_root, euid_root, uid_changed) and unusual behavior (failed_call_rate, unique_syscalls) support the CNN's classification over XGBoost's.""]","[""lifetime_seconds"", ""unique_syscalls"", ""uid_is_root"", ""uid_changed"", ""euid_root""]","{""verdict"": ""MALICIOUS"", ""confidence"": 0.92, ""rationale_steps"": [""Privilege state: uid_is_root and euid_root are both set, with max_uid_euid_delta being 0, indicating a direct root transition."", ""Mechanism: unique_syscalls at p99+ suggests an unusual or potentially malicious script execution, and uid_changed indicates a change in privileges."", ""Behavioural anomaly: failed_call_rate at p99+ and lifetime_seconds at p99+ suggest a short-lived, high-failure process, which is uncommon for benign activity."", ""Benign-explanation test: The process's short lifetime and high failure rate do not align with typical admin scripting or health-check behavior."", ""Decide: The strong privilege escalation signals (uid_is_root, euid_root, uid_changed) and unusual behavior (failed_call_rate, unique_syscalls) support the CNN's classification over XGBoost's.""], ""key_features"": [""lifetime_seconds"", ""unique_syscalls"", ""uid_is_root"", ""uid_changed"", ""euid_root""], ""agrees_with"": ""cnn""}"
74901,4,1,T1222,0,1,0.8476836681365967,0.991874933242798,xgb_benign_cnn_malicious,MALICIOUS,1,0.92,cnn,ok,"[""Privilege state: uid_is_root and euid_root are set, with a max_uid_euid_delta of 0 indicating a direct root transition, which is a strong indicator of malicious activity."", ""Mechanism: The process has a high syscall throughput (events_per_second) and a long syscall sequence (seq_length) with a high number of unique syscalls, which is unusual for benign processes."", ""Behavioural anomaly: The process has a UID change (uid_changed) and a large gap between real and effective UID (max_uid_euid_delta), which is typical for privilege escalation attempts."", ""Benign-explanation test: The short lifetime_seconds and the high events_per_second make it unlikely to be an admin script or a health-check, as these activities usually have longer lifetimes and lower throughput."", ""Decide: The strong privilege escalation indicators and unusual behavioural patterns outweigh XGBoost's benign call; this supports the CNN's classification.""]","[""lifetime_seconds"", ""events_per_second"", ""seq_length"", ""unique_syscalls"", ""uid_is_root""]","{""verdict"": ""MALICIOUS"", ""confidence"": 0.92, ""rationale_steps"": [""Privilege state: uid_is_root and euid_root are set, with a max_uid_euid_delta of 0 indicating a direct root transition, which is a strong indicator of malicious activity."", ""Mechanism: The process has a high syscall throughput (events_per_second) and a long syscall sequence (seq_length) with a high number of unique syscalls, which is unusual for benign processes."", ""Behavioural anomaly: The process has a UID change (uid_changed) and a large gap between real and effective UID (max_uid_euid_delta), which is typical for privilege escalation attempts."", ""Benign-explanation test: The short lifetime_seconds and the high events_per_second make it unlikely to be an admin script or a health-check, as these activities usually have longer lifetimes and lower throughput."", ""Decide: The strong privilege escalation indicators and unusual behavioural patterns outweigh XGBoost's benign call; this supports the CNN's classification.""], ""key_features"": [""lifetime_seconds"", ""events_per_second"", ""seq_length"", ""unique_syscalls"", ""uid_is_root""], ""agrees_with"": ""cnn""}"
74961,2,1,T1548,0,1,0.964673638343811,0.9870211482048036,xgb_benign_cnn_malicious,MALICIOUS,1,0.92,cnn,ok,"[""Privilege state: uid_is_root and euid_root are both set, with max_uid_euid_delta being 0, indicating a direct root transition."", ""Mechanism: unique_syscalls at p99+ suggests an unusual or potentially malicious script execution, and uid_changed indicates a change in privileges."", ""Behavioural anomaly: failed_call_rate at p99+ and lifetime_seconds at p99+ suggest a short-lived, high-failure process, which is uncommon for benign activity."", ""Benign-explanation test: The process's short lifetime and high failure rate do not align with typical admin scripting or health-check behavior."", ""Decide: The strong privilege escalation signals (uid_is_root, euid_root, uid_changed) and unusual behavior (failed_call_rate, unique_syscalls) support the CNN's classification over XGBoost's.""]","[""lifetime_seconds"", ""unique_syscalls"", ""uid_is_root"", ""uid_changed"", ""euid_root""]","{""verdict"": ""MALICIOUS"", ""confidence"": 0.92, ""rationale_steps"": [""Privilege state: uid_is_root and euid_root are both set, with max_uid_euid_delta being 0, indicating a direct root transition."", ""Mechanism: unique_syscalls at p99+ suggests an unusual or potentially malicious script execution, and uid_changed indicates a change in privileges."", ""Behavioural anomaly: failed_call_rate at p99+ and lifetime_seconds at p99+ suggest a short-lived, high-failure process, which is uncommon for benign activity."", ""Benign-explanation test: The process's short lifetime and high failure rate do not align with typical admin scripting or health-check behavior."", ""Decide: The strong privilege escalation signals (uid_is_root, euid_root, uid_changed) and unusual behavior (failed_call_rate, unique_syscalls) support the CNN's classification over XGBoost's.""], ""key_features"": [""lifetime_seconds"", ""unique_syscalls"", ""uid_is_root"", ""uid_changed"", ""euid_root""], ""agrees_with"": ""cnn""}"
75052,2,0,benign,0,1,0.001278604613617,0.999983251094818,xgb_benign_cnn_malicious,MALICIOUS,1,0.92,cnn,ok,"[""Privilege state: uid_is_root and euid_root are both set, with max_uid_euid_delta indicating a significant privilege transition."", ""Mechanism: unique_syscalls at p99+ suggests unusual behavior, and uid_changed indicates a change in privilege level during execution."", ""Behavioural anomaly: failed_call_rate is high, indicating potential syscall failures that could be indicative of malicious activity."", ""Benign-explanation test: lifetime_seconds at p99+ and no clear benign explanation like admin scripting or cron jobs, given the short and singular execution."", ""Decide: the strong privilege escalation signals (uid_is_root, euid_root, max_uid_euid_delta) and unusual syscall behavior (unique_syscalls, failed_call_rate) support the CNN's classification over XGBoost's benign call.""]","[""lifetime_seconds"", ""unique_syscalls"", ""uid_is_root"", ""euid_root"", ""max_uid_euid_delta""]","{""verdict"": ""MALICIOUS"", ""confidence"": 0.92, ""rationale_steps"": [""Privilege state: uid_is_root and euid_root are both set, with max_uid_euid_delta indicating a significant privilege transition."", ""Mechanism: unique_syscalls at p99+ suggests unusual behavior, and uid_changed indicates a change in privilege level during execution."", ""Behavioural anomaly: failed_call_rate is high, indicating potential syscall failures that could be indicative of malicious activity."", ""Benign-explanation test: lifetime_seconds at p99+ and no clear benign explanation like admin scripting or cron jobs, given the short and singular execution."", ""Decide: the strong privilege escalation signals (uid_is_root, euid_root, max_uid_euid_delta) and unusual syscall behavior (unique_syscalls, failed_call_rate) support the CNN's classification over XGBoost's benign call.""], ""key_features"": [""lifetime_seconds"", ""unique_syscalls"", ""uid_is_root"", ""euid_root"", ""max_uid_euid_delta""], ""agrees_with"": ""cnn""}"
75690,3,1,T1548,1,0,0.999918818473816,0.8624513745307922,xgb_malicious_cnn_benign,MALICIOUS,1,0.92,xgb,ok,"[""Privilege state: uid_is_root and euid_root are set, max_uid_euid_delta is extremely high, indicating a significant privilege escalation."", ""Mechanism: uid_changed and auid_euid_mismatch suggest an attempt to manipulate identity, which aligns with T1548 and T1222 techniques."", ""Behavioural anomaly: failed_call_rate is low, and unique_syscalls is high, suggesting a crafted process with a specific purpose, not typical benign activity."", ""Benign-explanation test: lifetime_seconds is minimal, and there's no exec_count or shell_from_service, which contradicts typical benign admin scripting."", ""Decide: the strong evidence of privilege escalation and anomalous behaviour supports XGBoost's MALICIOUS call over CNN's BENIGN call.""]","[""lifetime_seconds"", ""unique_syscalls"", ""uid_is_root"", ""euid_root"", ""max_uid_euid_delta""]","{""verdict"": ""MALICIOUS"", ""confidence"": 0.92, ""rationale_steps"": [""Privilege state: uid_is_root and euid_root are set, max_uid_euid_delta is extremely high, indicating a significant privilege escalation."", ""Mechanism: uid_changed and auid_euid_mismatch suggest an attempt to manipulate identity, which aligns with T1548 and T1222 techniques."", ""Behavioural anomaly: failed_call_rate is low, and unique_syscalls is high, suggesting a crafted process with a specific purpose, not typical benign activity."", ""Benign-explanation test: lifetime_seconds is minimal, and there's no exec_count or shell_from_service, which contradicts typical benign admin scripting."", ""Decide: the strong evidence of privilege escalation and anomalous behaviour supports XGBoost's MALICIOUS call over CNN's BENIGN call.""], ""key_features"": [""lifetime_seconds"", ""unique_syscalls"", ""uid_is_root"", ""euid_root"", ""max_uid_euid_delta""], ""agrees_with"": ""xgb""}"
75703,2,0,benign,0,1,0.001278604613617,0.999983251094818,xgb_benign_cnn_malicious,MALICIOUS,1,0.92,cnn,ok,"[""Privilege state: uid_is_root and euid_root are both set, with max_uid_euid_delta indicating a significant privilege transition."", ""Mechanism: unique_syscalls at p99+ suggests unusual behavior, and uid_changed indicates a change in privilege level during execution."", ""Behavioural anomaly: failed_call_rate is high, indicating potential syscall failures that could be indicative of malicious activity."", ""Benign-explanation test: lifetime_seconds at p99+ and no clear benign explanation like admin scripting or cron jobs, given the short and singular execution."", ""Decide: the strong privilege escalation signals (uid_is_root, euid_root, max_uid_euid_delta) and unusual syscall behavior (unique_syscalls, failed_call_rate) support the CNN's MALICIOUS classification over XGBoost's BENIGN call.""]","[""lifetime_seconds"", ""unique_syscalls"", ""uid_is_root"", ""uid_changed"", ""euid_root""]","{""verdict"": ""MALICIOUS"", ""confidence"": 0.92, ""rationale_steps"": [""Privilege state: uid_is_root and euid_root are both set, with max_uid_euid_delta indicating a significant privilege transition."", ""Mechanism: unique_syscalls at p99+ suggests unusual behavior, and uid_changed indicates a change in privilege level during execution."", ""Behavioural anomaly: failed_call_rate is high, indicating potential syscall failures that could be indicative of malicious activity."", ""Benign-explanation test: lifetime_seconds at p99+ and no clear benign explanation like admin scripting or cron jobs, given the short and singular execution."", ""Decide: the strong privilege escalation signals (uid_is_root, euid_root, max_uid_euid_delta) and unusual syscall behavior (unique_syscalls, failed_call_rate) support the CNN's MALICIOUS classification over XGBoost's BENIGN call.""], ""key_features"": [""lifetime_seconds"", ""unique_syscalls"", ""uid_is_root"", ""uid_changed"", ""euid_root""], ""agrees_with"": ""cnn""}"
75792,4,1,T1222,1,0,0.9651243686676024,0.983751654624939,xgb_malicious_cnn_benign,MALICIOUS,1,0.92,xgb,ok,"[""Privilege state: uid_is_root and euid_root are both set, with max_uid_euid_delta indicating a significant privilege transition."", ""Mechanism: unique_syscalls at p99+ suggests unusual behavior, and uid_changed indicates a change in privilege level during execution."", ""Behavioural anomaly: failed_call_rate is high, indicating potential syscall failures that could be indicative of malicious activity."", ""Benign-explanation test: lifetime_seconds at p99+ and no clear benign explanation like admin scripting or cron jobs, given the short and singular execution."", ""Decide: the strong privilege escalation signals (uid_is_root, euid_root, max_uid_euid_delta) and unusual syscall behavior (unique_syscalls, failed_call_rate) support XGBoost's MALICIOUS call over CNN's BENIGN call.""]","[""lifetime_seconds"", ""unique_syscalls"", ""uid_is_root"", ""uid_changed"", ""euid_root""]","{""verdict"": ""MALICIOUS"", ""confidence"": 0.92, ""rationale_steps"": [""Privilege state: uid_is_root and euid_root are both set, with max_uid_euid_delta indicating a significant privilege transition."", ""Mechanism: unique_syscalls at p99+ suggests unusual behavior, and uid_changed indicates a change in privilege level during execution."", ""Behavioural anomaly: failed_call_rate is high, indicating potential syscall failures that could be indicative of malicious activity."", ""Benign-explanation test: lifetime_seconds at p99+ and no clear benign explanation like admin scripting or cron jobs, given the short and singular execution."", ""Decide: the strong privilege escalation signals (uid_is_root, euid_root, max_uid_euid_delta) and unusual syscall behavior (unique_syscalls, failed_call_rate) support XGBoost's MALICIOUS call over CNN's BENIGN call.""], ""key_features"": [""lifetime_seconds"", ""unique_syscalls"", ""uid_is_root"", ""uid_changed"", ""euid_root""], ""agrees_with"": ""xgb""}"
75937,2,0,benign,0,1,0.001278604613617,0.999983251094818,xgb_benign_cnn_malicious,MALICIOUS,1,0.92,cnn,ok,"[""Privilege state: uid_is_root and euid_root are both set, with max_uid_euid_delta indicating a significant privilege transition."", ""Mechanism: unique_syscalls at p99+ suggests unusual behavior, and uid_changed indicates a change in privilege level during execution."", ""Behavioural anomaly: failed_call_rate is high, indicating potential syscall failures that could be indicative of malicious activity."", ""Benign-explanation test: lifetime_seconds at p99+ and no clear benign explanation like admin scripting or cron jobs, given the short and singular execution."", ""Decide: the strong privilege escalation signals (uid_is_root, euid_root, max_uid_euid_delta) and unusual syscall behavior (unique_syscalls, failed_call_rate) support the CNN's MALICIOUS classification over XGBoost's BENIGN call.""]","[""lifetime_seconds"", ""unique_syscalls"", ""uid_is_root"", ""uid_changed"", ""euid_root""]","{""verdict"": ""MALICIOUS"", ""confidence"": 0.92, ""rationale_steps"": [""Privilege state: uid_is_root and euid_root are both set, with max_uid_euid_delta indicating a significant privilege transition."", ""Mechanism: unique_syscalls at p99+ suggests unusual behavior, and uid_changed indicates a change in privilege level during execution."", ""Behavioural anomaly: failed_call_rate is high, indicating potential syscall failures that could be indicative of malicious activity."", ""Benign-explanation test: lifetime_seconds at p99+ and no clear benign explanation like admin scripting or cron jobs, given the short and singular execution."", ""Decide: the strong privilege escalation signals (uid_is_root, euid_root, max_uid_euid_delta) and unusual syscall behavior (unique_syscalls, failed_call_rate) support the CNN's MALICIOUS classification over XGBoost's BENIGN call.""], ""key_features"": [""lifetime_seconds"", ""unique_syscalls"", ""uid_is_root"", ""uid_changed"", ""euid_root""], ""agrees_with"": ""cnn""}"
75977,3,1,T1548,1,0,0.999918818473816,0.8624513745307922,xgb_malicious_cnn_benign,MALICIOUS,1,0.92,xgb,ok,"[""Privilege state: uid_is_root and euid_root are set, max_uid_euid_delta is extremely high, indicating a significant privilege escalation."", ""Mechanism: uid_changed and auid_euid_mismatch suggest an attempt to manipulate identity, which aligns with T1548 and T1222 techniques."", ""Behavioural anomaly: failed_call_rate is low, and unique_syscalls is high, suggesting a crafted process with a specific purpose, not typical benign activity."", ""Benign-explanation test: lifetime_seconds is minimal, and there's no exec_count or shell_from_service, which contradicts typical benign admin scripting."", ""Decide: the strong evidence of privilege escalation and anomalous behaviour supports XGBoost's MALICIOUS call over CNN's BENIGN call.""]","[""lifetime_seconds"", ""unique_syscalls"", ""uid_is_root"", ""euid_root"", ""max_uid_euid_delta""]","{""verdict"": ""MALICIOUS"", ""confidence"": 0.92, ""rationale_steps"": [""Privilege state: uid_is_root and euid_root are set, max_uid_euid_delta is extremely high, indicating a significant privilege escalation."", ""Mechanism: uid_changed and auid_euid_mismatch suggest an attempt to manipulate identity, which aligns with T1548 and T1222 techniques."", ""Behavioural anomaly: failed_call_rate is low, and unique_syscalls is high, suggesting a crafted process with a specific purpose, not typical benign activity."", ""Benign-explanation test: lifetime_seconds is minimal, and there's no exec_count or shell_from_service, which contradicts typical benign admin scripting."", ""Decide: the strong evidence of privilege escalation and anomalous behaviour supports XGBoost's MALICIOUS call over CNN's BENIGN call.""], ""key_features"": [""lifetime_seconds"", ""unique_syscalls"", ""uid_is_root"", ""euid_root"", ""max_uid_euid_delta""], ""agrees_with"": ""xgb""}"
76099,1,0,benign,1,0,0.7923141717910767,6.849549715663792e-15,xgb_malicious_cnn_benign,MALICIOUS,1,0.85,xgb,ok,"[""Privilege state: uid_is_root and euid_root are both set, with max_uid_euid_delta being 0, indicating a clear privilege escalation."", ""Mechanism: high syscall throughput (events_per_second) and a long syscall sequence (seq_length) suggest complex, potentially malicious activity."", ""Behavioural anomaly: uid_changed is set, indicating a change in user identity, which is unusual for benign processes."", ""Benign-explanation test: the process has a long lifetime and high syscall diversity, which is inconsistent with typical benign admin scripting or cron jobs."", ""Decide: the strong privilege escalation signals and unusual behavioural features support XGBoost's malicious classification over CNN's benign call.""]","[""uid_is_root"", ""euid_root"", ""max_uid_euid_delta"", ""events_per_second"", ""lifetime_seconds""]","{""verdict"": ""MALICIOUS"", ""confidence"": 0.85, ""rationale_steps"": [""Privilege state: uid_is_root and euid_root are both set, with max_uid_euid_delta being 0, indicating a clear privilege escalation."", ""Mechanism: high syscall throughput (events_per_second) and a long syscall sequence (seq_length) suggest complex, potentially malicious activity."", ""Behavioural anomaly: uid_changed is set, indicating a change in user identity, which is unusual for benign processes."", ""Benign-explanation test: the process has a long lifetime and high syscall diversity, which is inconsistent with typical benign admin scripting or cron jobs."", ""Decide: the strong privilege escalation signals and unusual behavioural features support XGBoost's malicious classification over CNN's benign call.""], ""key_features"": [""uid_is_root"", ""euid_root"", ""max_uid_euid_delta"", ""events_per_second"", ""lifetime_seconds""], ""agrees_with"": ""xgb""}"
76100,1,0,benign,1,0,0.7967053651809692,9.648504868328689e-13,xgb_malicious_cnn_benign,MALICIOUS,1,0.85,xgb,ok,"[""Privilege state: uid_is_root and euid_root are both set, with max_uid_euid_delta being 0, indicating a clear privilege escalation."", ""Mechanism: high syscall throughput (events_per_second) and a long syscall sequence (seq_length) suggest complex, potentially malicious activity."", ""Behavioural anomaly: uid_changed is set, indicating a change in user identity, which is unusual for benign processes."", ""Benign-explanation test: the process has a long lifetime and a high number of unique syscalls, which is inconsistent with typical benign admin scripting or health-check activity."", ""Decide: the combination of privilege escalation indicators and anomalous behavioural features supports XGBoost's MALICIOUS classification over CNN's BENIGN call.""]","[""lifetime_seconds"", ""events_per_second"", ""uid_is_root"", ""euid_root"", ""uid_changed""]","{""verdict"": ""MALICIOUS"", ""confidence"": 0.85, ""rationale_steps"": [""Privilege state: uid_is_root and euid_root are both set, with max_uid_euid_delta being 0, indicating a clear privilege escalation."", ""Mechanism: high syscall throughput (events_per_second) and a long syscall sequence (seq_length) suggest complex, potentially malicious activity."", ""Behavioural anomaly: uid_changed is set, indicating a change in user identity, which is unusual for benign processes."", ""Benign-explanation test: the process has a long lifetime and a high number of unique syscalls, which is inconsistent with typical benign admin scripting or health-check activity."", ""Decide: the combination of privilege escalation indicators and anomalous behavioural features supports XGBoost's MALICIOUS classification over CNN's BENIGN call.""], ""key_features"": [""lifetime_seconds"", ""events_per_second"", ""uid_is_root"", ""euid_root"", ""uid_changed""], ""agrees_with"": ""xgb""}"
77372,2,1,T1548,0,1,0.964673638343811,0.9870211482048036,xgb_benign_cnn_malicious,MALICIOUS,1,0.92,cnn,ok,"[""Privilege state: uid_is_root and euid_root are both set, with max_uid_euid_delta being 0, indicating a direct root transition."", ""Mechanism: unique_syscalls at p99+ suggests an unusual or potentially malicious script execution, and uid_changed indicates a change in user identity which is often associated with privilege escalation."", ""Behavioural anomaly: failed_call_rate at p99+ indicates a high rate of failed syscalls, which can be a sign of a process struggling or attempting to perform unauthorized operations."", ""Benign-explanation test: lifetime_seconds at p99+ and no clear benign explanation like admin scripting or health-check, given the high failed_call_rate and unique_syscalls."", ""Decide: the strong privilege escalation signals (uid_is_root, euid_root, uid_changed) and unusual behaviour (failed_call_rate, unique_syscalls) support the CNN's classification over XGBoost's benign call.""]","[""lifetime_seconds"", ""unique_syscalls"", ""uid_is_root"", ""uid_changed"", ""euid_root""]","{""verdict"": ""MALICIOUS"", ""confidence"": 0.92, ""rationale_steps"": [""Privilege state: uid_is_root and euid_root are both set, with max_uid_euid_delta being 0, indicating a direct root transition."", ""Mechanism: unique_syscalls at p99+ suggests an unusual or potentially malicious script execution, and uid_changed indicates a change in user identity which is often associated with privilege escalation."", ""Behavioural anomaly: failed_call_rate at p99+ indicates a high rate of failed syscalls, which can be a sign of a process struggling or attempting to perform unauthorized operations."", ""Benign-explanation test: lifetime_seconds at p99+ and no clear benign explanation like admin scripting or health-check, given the high failed_call_rate and unique_syscalls."", ""Decide: the strong privilege escalation signals (uid_is_root, euid_root, uid_changed) and unusual behaviour (failed_call_rate, unique_syscalls) support the CNN's classification over XGBoost's benign call.""], ""key_features"": [""lifetime_seconds"", ""unique_syscalls"", ""uid_is_root"", ""uid_changed"", ""euid_root""], ""agrees_with"": ""cnn""}"
79343,2,1,T1548,0,1,0.964673638343811,0.9870211482048036,xgb_benign_cnn_malicious,MALICIOUS,1,0.92,cnn,ok,"[""Privilege state: uid_is_root and euid_root are both set, with max_uid_euid_delta being 0, indicating a direct root transition."", ""Mechanism: unique_syscalls at p99+ suggests an unusual or potentially malicious script execution, and uid_changed indicates a change in user identity which is often associated with privilege escalation."", ""Behavioural anomaly: failed_call_rate at p99+ indicates a high rate of failed syscalls, which can be a sign of a process struggling or attempting to perform unauthorized operations."", ""Benign-explanation test: lifetime_seconds at p99+ and no clear benign explanation like admin scripting or health-check, given the high failed_call_rate and unique_syscalls."", ""Decide: the strong privilege escalation signals (uid_is_root, euid_root, uid_changed) and unusual behaviour (failed_call_rate, unique_syscalls) support the CNN's classification over XGBoost's benign call.""]","[""lifetime_seconds"", ""unique_syscalls"", ""uid_is_root"", ""uid_changed"", ""euid_root""]","{""verdict"": ""MALICIOUS"", ""confidence"": 0.92, ""rationale_steps"": [""Privilege state: uid_is_root and euid_root are both set, with max_uid_euid_delta being 0, indicating a direct root transition."", ""Mechanism: unique_syscalls at p99+ suggests an unusual or potentially malicious script execution, and uid_changed indicates a change in user identity which is often associated with privilege escalation."", ""Behavioural anomaly: failed_call_rate at p99+ indicates a high rate of failed syscalls, which can be a sign of a process struggling or attempting to perform unauthorized operations."", ""Benign-explanation test: lifetime_seconds at p99+ and no clear benign explanation like admin scripting or health-check, given the high failed_call_rate and unique_syscalls."", ""Decide: the strong privilege escalation signals (uid_is_root, euid_root, uid_changed) and unusual behaviour (failed_call_rate, unique_syscalls) support the CNN's classification over XGBoost's benign call.""], ""key_features"": [""lifetime_seconds"", ""unique_syscalls"", ""uid_is_root"", ""uid_changed"", ""euid_root""], ""agrees_with"": ""cnn""}"
80159,3,1,T1548,1,0,0.999918818473816,0.8624513745307922,xgb_malicious_cnn_benign,MALICIOUS,1,0.92,xgb,ok,"[""Privilege state: uid_is_root and euid_root are set, max_uid_euid_delta is extremely high, indicating a significant privilege escalation."", ""Mechanism: uid_changed and auid_euid_mismatch suggest an attempt to manipulate identity, which aligns with T1548 and T1222 techniques."", ""Behavioural anomaly: failed_call_rate is low, and unique_syscalls is high, suggesting a crafted process with a specific purpose, not typical benign activity."", ""Benign-explanation test: lifetime_seconds is minimal, and there's no exec_count or shell_from_service, which contradicts typical benign admin scripting."", ""Decide: the strong evidence of privilege escalation and anomalous behaviour supports XGBoost's MALICIOUS call over CNN's BENIGN call.""]","[""lifetime_seconds"", ""unique_syscalls"", ""uid_is_root"", ""euid_root"", ""max_uid_euid_delta""]","{""verdict"": ""MALICIOUS"", ""confidence"": 0.92, ""rationale_steps"": [""Privilege state: uid_is_root and euid_root are set, max_uid_euid_delta is extremely high, indicating a significant privilege escalation."", ""Mechanism: uid_changed and auid_euid_mismatch suggest an attempt to manipulate identity, which aligns with T1548 and T1222 techniques."", ""Behavioural anomaly: failed_call_rate is low, and unique_syscalls is high, suggesting a crafted process with a specific purpose, not typical benign activity."", ""Benign-explanation test: lifetime_seconds is minimal, and there's no exec_count or shell_from_service, which contradicts typical benign admin scripting."", ""Decide: the strong evidence of privilege escalation and anomalous behaviour supports XGBoost's MALICIOUS call over CNN's BENIGN call.""], ""key_features"": [""lifetime_seconds"", ""unique_syscalls"", ""uid_is_root"", ""euid_root"", ""max_uid_euid_delta""], ""agrees_with"": ""xgb""}"
80160,3,1,T1548,1,0,0.999918818473816,0.8624513745307922,xgb_malicious_cnn_benign,MALICIOUS,1,0.92,xgb,ok,"[""Privilege state: uid_is_root and euid_root are set, max_uid_euid_delta is extremely high, indicating a significant privilege escalation."", ""Mechanism: uid_changed and auid_euid_mismatch suggest an attempt to manipulate identity, which aligns with T1548 and T1222 techniques."", ""Behavioural anomaly: failed_call_rate is low, and unique_syscalls is high, suggesting a crafted process with a specific purpose, which is uncommon in benign activity."", ""Benign-explanation test: lifetime_seconds is minimal, and there's no exec_count or shell_from_service, which contradicts typical benign admin activity."", ""Decide: the strong evidence of privilege escalation and anomalous behaviour supports XGBoost's MALICIOUS call over CNN's BENIGN call.""]","[""lifetime_seconds"", ""unique_syscalls"", ""uid_is_root"", ""euid_root"", ""max_uid_euid_delta""]","{""verdict"": ""MALICIOUS"", ""confidence"": 0.92, ""rationale_steps"": [""Privilege state: uid_is_root and euid_root are set, max_uid_euid_delta is extremely high, indicating a significant privilege escalation."", ""Mechanism: uid_changed and auid_euid_mismatch suggest an attempt to manipulate identity, which aligns with T1548 and T1222 techniques."", ""Behavioural anomaly: failed_call_rate is low, and unique_syscalls is high, suggesting a crafted process with a specific purpose, which is uncommon in benign activity."", ""Benign-explanation test: lifetime_seconds is minimal, and there's no exec_count or shell_from_service, which contradicts typical benign admin activity."", ""Decide: the strong evidence of privilege escalation and anomalous behaviour supports XGBoost's MALICIOUS call over CNN's BENIGN call.""], ""key_features"": [""lifetime_seconds"", ""unique_syscalls"", ""uid_is_root"", ""euid_root"", ""max_uid_euid_delta""], ""agrees_with"": ""xgb""}"
80760,2,1,T1548,0,1,0.964673638343811,0.9870211482048036,xgb_benign_cnn_malicious,MALICIOUS,1,0.92,cnn,ok,"[""Privilege state: uid_is_root and euid_root are both set, with max_uid_euid_delta being 0, indicating a direct root transition."", ""Mechanism: unique_syscalls at p99+ suggests an unusual or potentially malicious script execution, and uid_changed indicates a change in user identity which is often associated with privilege escalation."", ""Behavioural anomaly: failed_call_rate at p99+ indicates a high rate of failed syscalls, which can be a sign of a process struggling or attempting to perform unauthorized operations."", ""Benign-explanation test: lifetime_seconds at p99+ and no clear benign explanation like admin scripting or health-check, given the high failed_call_rate and unique_syscalls."", ""Decide: the strong privilege escalation signals (uid_is_root, euid_root, uid_changed) and unusual behaviour (failed_call_rate, unique_syscalls) support the CNN's classification over XGBoost's benign call.""]","[""lifetime_seconds"", ""unique_syscalls"", ""uid_is_root"", ""uid_changed"", ""euid_root""]","{""verdict"": ""MALICIOUS"", ""confidence"": 0.92, ""rationale_steps"": [""Privilege state: uid_is_root and euid_root are both set, with max_uid_euid_delta being 0, indicating a direct root transition."", ""Mechanism: unique_syscalls at p99+ suggests an unusual or potentially malicious script execution, and uid_changed indicates a change in user identity which is often associated with privilege escalation."", ""Behavioural anomaly: failed_call_rate at p99+ indicates a high rate of failed syscalls, which can be a sign of a process struggling or attempting to perform unauthorized operations."", ""Benign-explanation test: lifetime_seconds at p99+ and no clear benign explanation like admin scripting or health-check, given the high failed_call_rate and unique_syscalls."", ""Decide: the strong privilege escalation signals (uid_is_root, euid_root, uid_changed) and unusual behaviour (failed_call_rate, unique_syscalls) support the CNN's classification over XGBoost's benign call.""], ""key_features"": [""lifetime_seconds"", ""unique_syscalls"", ""uid_is_root"", ""uid_changed"", ""euid_root""], ""agrees_with"": ""cnn""}"
80786,3,1,T1548,1,0,0.999918818473816,0.8624439835548401,xgb_malicious_cnn_benign,MALICIOUS,1,0.92,xgb,ok,"[""Privilege state: uid_is_root and euid_root are set, max_uid_euid_delta is extremely high, indicating a significant privilege escalation."", ""Mechanism: uid_changed and auid_euid_mismatch suggest an attempt to manipulate identity, which aligns with T1548 and T1222 techniques."", ""Behavioural anomaly: failed_call_rate is low, suggesting successful syscalls, and unique_syscalls is high, indicating unusual behavior not typical of benign processes."", ""Benign-explanation test: lifetime_seconds at p99+ and no exec_count suggest a short-lived, singular operation inconsistent with benign admin scripting or health-checks."", ""Decide: the strong evidence of privilege escalation and unusual behavior supports XGBoost's MALICIOUS call over CNN's BENIGN call.""]","[""lifetime_seconds"", ""unique_syscalls"", ""uid_is_root"", ""euid_root"", ""max_uid_euid_delta""]","{""verdict"": ""MALICIOUS"", ""confidence"": 0.92, ""rationale_steps"": [""Privilege state: uid_is_root and euid_root are set, max_uid_euid_delta is extremely high, indicating a significant privilege escalation."", ""Mechanism: uid_changed and auid_euid_mismatch suggest an attempt to manipulate identity, which aligns with T1548 and T1222 techniques."", ""Behavioural anomaly: failed_call_rate is low, suggesting successful syscalls, and unique_syscalls is high, indicating unusual behavior not typical of benign processes."", ""Benign-explanation test: lifetime_seconds at p99+ and no exec_count suggest a short-lived, singular operation inconsistent with benign admin scripting or health-checks."", ""Decide: the strong evidence of privilege escalation and unusual behavior supports XGBoost's MALICIOUS call over CNN's BENIGN call.""], ""key_features"": [""lifetime_seconds"", ""unique_syscalls"", ""uid_is_root"", ""euid_root"", ""max_uid_euid_delta""], ""agrees_with"": ""xgb""}"
81614,3,1,T1548,1,0,0.999918818473816,0.8624439835548401,xgb_malicious_cnn_benign,MALICIOUS,1,0.92,xgb,ok,"[""Privilege state: uid_is_root and euid_root are set, max_uid_euid_delta is extremely high, indicating a significant privilege escalation."", ""Mechanism: uid_changed and auid_euid_mismatch suggest an attempt to manipulate identity, which aligns with T1548 and T1222 techniques."", ""Behavioural anomaly: failed_call_rate is low, and unique_syscalls is high, suggesting a crafted process with a specific purpose, which is uncommon in benign activity."", ""Benign-explanation test: lifetime_seconds is minimal, and there's no exec_count or shell_from_service, which contradicts typical benign admin activity."", ""Decide: the strong evidence of privilege escalation and anomalous behaviour supports XGBoost's MALICIOUS call over CNN's BENIGN call.""]","[""lifetime_seconds"", ""unique_syscalls"", ""uid_is_root"", ""euid_root"", ""max_uid_euid_delta""]","{""verdict"": ""MALICIOUS"", ""confidence"": 0.92, ""rationale_steps"": [""Privilege state: uid_is_root and euid_root are set, max_uid_euid_delta is extremely high, indicating a significant privilege escalation."", ""Mechanism: uid_changed and auid_euid_mismatch suggest an attempt to manipulate identity, which aligns with T1548 and T1222 techniques."", ""Behavioural anomaly: failed_call_rate is low, and unique_syscalls is high, suggesting a crafted process with a specific purpose, which is uncommon in benign activity."", ""Benign-explanation test: lifetime_seconds is minimal, and there's no exec_count or shell_from_service, which contradicts typical benign admin activity."", ""Decide: the strong evidence of privilege escalation and anomalous behaviour supports XGBoost's MALICIOUS call over CNN's BENIGN call.""], ""key_features"": [""lifetime_seconds"", ""unique_syscalls"", ""uid_is_root"", ""euid_root"", ""max_uid_euid_delta""], ""agrees_with"": ""xgb""}"
81670,3,1,T1548,1,0,0.999918818473816,0.8624439835548401,xgb_malicious_cnn_benign,MALICIOUS,1,0.92,xgb,ok,"[""Privilege state: uid_is_root and euid_root are set, max_uid_euid_delta is extremely high, indicating a significant privilege escalation."", ""Mechanism: uid_changed and auid_euid_mismatch suggest an attempt to manipulate identity, which aligns with T1548 and T1222 techniques."", ""Behavioural anomaly: failed_call_rate is low, and unique_syscalls is high, suggesting a crafted process with a specific purpose, which is uncommon in benign activity."", ""Benign-explanation test: lifetime_seconds is minimal, and there's no exec_count or shell_from_service, which contradicts typical benign admin activity."", ""Decide: the strong evidence of privilege escalation and anomalous behaviour supports XGBoost's MALICIOUS call over CNN's BENIGN call.""]","[""lifetime_seconds"", ""unique_syscalls"", ""uid_is_root"", ""euid_root"", ""max_uid_euid_delta""]","{""verdict"": ""MALICIOUS"", ""confidence"": 0.92, ""rationale_steps"": [""Privilege state: uid_is_root and euid_root are set, max_uid_euid_delta is extremely high, indicating a significant privilege escalation."", ""Mechanism: uid_changed and auid_euid_mismatch suggest an attempt to manipulate identity, which aligns with T1548 and T1222 techniques."", ""Behavioural anomaly: failed_call_rate is low, and unique_syscalls is high, suggesting a crafted process with a specific purpose, which is uncommon in benign activity."", ""Benign-explanation test: lifetime_seconds is minimal, and there's no exec_count or shell_from_service, which contradicts typical benign admin activity."", ""Decide: the strong evidence of privilege escalation and anomalous behaviour supports XGBoost's MALICIOUS call over CNN's BENIGN call.""], ""key_features"": [""lifetime_seconds"", ""unique_syscalls"", ""uid_is_root"", ""euid_root"", ""max_uid_euid_delta""], ""agrees_with"": ""xgb""}"
81672,3,1,T1548,1,0,0.999918818473816,0.8624439835548401,xgb_malicious_cnn_benign,MALICIOUS,1,0.92,xgb,ok,"[""Privilege state: uid_is_root and euid_root are set, max_uid_euid_delta is extremely high, indicating a significant privilege escalation."", ""Mechanism: uid_changed and auid_euid_mismatch suggest an attempt to manipulate identity, which aligns with T1548 and T1222 techniques."", ""Behavioural anomaly: failed_call_rate is low, and unique_syscalls is high, suggesting a crafted process with a specific purpose, which is uncommon in benign activity."", ""Benign-explanation test: lifetime_seconds is minimal, and there's no exec_count or shell_from_service, which contradicts typical benign admin activity."", ""Decide: the strong evidence of privilege escalation and anomalous behaviour supports XGBoost's MALICIOUS call over CNN's BENIGN call.""]","[""lifetime_seconds"", ""unique_syscalls"", ""uid_is_root"", ""euid_root"", ""max_uid_euid_delta""]","{""verdict"": ""MALICIOUS"", ""confidence"": 0.92, ""rationale_steps"": [""Privilege state: uid_is_root and euid_root are set, max_uid_euid_delta is extremely high, indicating a significant privilege escalation."", ""Mechanism: uid_changed and auid_euid_mismatch suggest an attempt to manipulate identity, which aligns with T1548 and T1222 techniques."", ""Behavioural anomaly: failed_call_rate is low, and unique_syscalls is high, suggesting a crafted process with a specific purpose, which is uncommon in benign activity."", ""Benign-explanation test: lifetime_seconds is minimal, and there's no exec_count or shell_from_service, which contradicts typical benign admin activity."", ""Decide: the strong evidence of privilege escalation and anomalous behaviour supports XGBoost's MALICIOUS call over CNN's BENIGN call.""], ""key_features"": [""lifetime_seconds"", ""unique_syscalls"", ""uid_is_root"", ""euid_root"", ""max_uid_euid_delta""], ""agrees_with"": ""xgb""}"
82316,3,1,T1548,1,0,0.999918818473816,0.8624439835548401,xgb_malicious_cnn_benign,MALICIOUS,1,0.92,xgb,ok,"[""Privilege state: uid_is_root and euid_root are set, max_uid_euid_delta is extremely high, indicating a significant privilege escalation."", ""Mechanism: uid_changed and auid_euid_mismatch suggest an attempt to manipulate identity, which aligns with T1548 and T1222 techniques."", ""Behavioural anomaly: failed_call_rate is low, and unique_syscalls is high, suggesting a crafted process with a specific purpose, which is uncommon in benign activity."", ""Benign-explanation test: lifetime_seconds is minimal, and there's no exec_count or shell_from_service, which contradicts typical benign admin activity."", ""Decide: the strong evidence of privilege escalation and anomalous behaviour supports XGBoost's MALICIOUS call over CNN's BENIGN call.""]","[""lifetime_seconds"", ""unique_syscalls"", ""uid_is_root"", ""euid_root"", ""max_uid_euid_delta""]","{""verdict"": ""MALICIOUS"", ""confidence"": 0.92, ""rationale_steps"": [""Privilege state: uid_is_root and euid_root are set, max_uid_euid_delta is extremely high, indicating a significant privilege escalation."", ""Mechanism: uid_changed and auid_euid_mismatch suggest an attempt to manipulate identity, which aligns with T1548 and T1222 techniques."", ""Behavioural anomaly: failed_call_rate is low, and unique_syscalls is high, suggesting a crafted process with a specific purpose, which is uncommon in benign activity."", ""Benign-explanation test: lifetime_seconds is minimal, and there's no exec_count or shell_from_service, which contradicts typical benign admin activity."", ""Decide: the strong evidence of privilege escalation and anomalous behaviour supports XGBoost's MALICIOUS call over CNN's BENIGN call.""], ""key_features"": [""lifetime_seconds"", ""unique_syscalls"", ""uid_is_root"", ""euid_root"", ""max_uid_euid_delta""], ""agrees_with"": ""xgb""}"
82333,2,1,T1548,0,1,0.964673638343811,0.9870211482048036,xgb_benign_cnn_malicious,MALICIOUS,1,0.92,cnn,ok,"[""Privilege state: uid_is_root and euid_root are both set, with max_uid_euid_delta being 0, indicating a direct root transition."", ""Mechanism: unique_syscalls at p99+ suggests an unusual or potentially malicious script execution, and uid_changed indicates a change in user identity which is often associated with privilege escalation."", ""Behavioural anomaly: failed_call_rate at p99+ indicates a high rate of failed syscalls, which can be a sign of a process struggling or attempting to perform unauthorized operations."", ""Benign-explanation test: lifetime_seconds at p99+ and no clear benign explanation like admin scripting or health-check, given the high failed_call_rate and unique_syscalls."", ""Decide: the strong privilege escalation signals (uid_is_root, euid_root, uid_changed) and unusual behaviour (failed_call_rate, unique_syscalls) support the CNN's classification over XGBoost's benign call.""]","[""lifetime_seconds"", ""unique_syscalls"", ""uid_is_root"", ""uid_changed"", ""euid_root""]","{""verdict"": ""MALICIOUS"", ""confidence"": 0.92, ""rationale_steps"": [""Privilege state: uid_is_root and euid_root are both set, with max_uid_euid_delta being 0, indicating a direct root transition."", ""Mechanism: unique_syscalls at p99+ suggests an unusual or potentially malicious script execution, and uid_changed indicates a change in user identity which is often associated with privilege escalation."", ""Behavioural anomaly: failed_call_rate at p99+ indicates a high rate of failed syscalls, which can be a sign of a process struggling or attempting to perform unauthorized operations."", ""Benign-explanation test: lifetime_seconds at p99+ and no clear benign explanation like admin scripting or health-check, given the high failed_call_rate and unique_syscalls."", ""Decide: the strong privilege escalation signals (uid_is_root, euid_root, uid_changed) and unusual behaviour (failed_call_rate, unique_syscalls) support the CNN's classification over XGBoost's benign call.""], ""key_features"": [""lifetime_seconds"", ""unique_syscalls"", ""uid_is_root"", ""uid_changed"", ""euid_root""], ""agrees_with"": ""cnn""}"
82424,2,1,T1548,0,1,0.964673638343811,0.9870211482048036,xgb_benign_cnn_malicious,MALICIOUS,1,0.92,cnn,ok,"[""Privilege state: uid_is_root and euid_root are both set, with max_uid_euid_delta being 0, indicating a direct root transition."", ""Mechanism: unique_syscalls at p99+ suggests an unusual or potentially malicious script execution, and uid_changed indicates a change in user identity which is often associated with privilege escalation."", ""Behavioural anomaly: failed_call_rate at p99+ indicates a high rate of failed syscalls, which can be a sign of a process struggling or attempting to perform unauthorized operations."", ""Benign-explanation test: lifetime_seconds at p99+ and no clear benign explanation like admin scripting or health-check, given the high failed_call_rate and unique_syscalls."", ""Decide: the strong privilege escalation signals (uid_is_root, euid_root, uid_changed) and unusual behaviour (failed_call_rate, unique_syscalls) support the CNN's classification over XGBoost's benign call.""]","[""lifetime_seconds"", ""unique_syscalls"", ""uid_is_root"", ""uid_changed"", ""euid_root""]","{""verdict"": ""MALICIOUS"", ""confidence"": 0.92, ""rationale_steps"": [""Privilege state: uid_is_root and euid_root are both set, with max_uid_euid_delta being 0, indicating a direct root transition."", ""Mechanism: unique_syscalls at p99+ suggests an unusual or potentially malicious script execution, and uid_changed indicates a change in user identity which is often associated with privilege escalation."", ""Behavioural anomaly: failed_call_rate at p99+ indicates a high rate of failed syscalls, which can be a sign of a process struggling or attempting to perform unauthorized operations."", ""Benign-explanation test: lifetime_seconds at p99+ and no clear benign explanation like admin scripting or health-check, given the high failed_call_rate and unique_syscalls."", ""Decide: the strong privilege escalation signals (uid_is_root, euid_root, uid_changed) and unusual behaviour (failed_call_rate, unique_syscalls) support the CNN's classification over XGBoost's benign call.""], ""key_features"": [""lifetime_seconds"", ""unique_syscalls"", ""uid_is_root"", ""uid_changed"", ""euid_root""], ""agrees_with"": ""cnn""}"
82426,3,1,T1548,1,0,0.999918818473816,0.8624439835548401,xgb_malicious_cnn_benign,MALICIOUS,1,0.92,xgb,ok,"[""Privilege state: uid_is_root and euid_root are set, max_uid_euid_delta is extremely high, indicating a significant privilege escalation."", ""Mechanism: uid_changed and auid_euid_mismatch suggest an attempt to manipulate identity, which aligns with T1548 and T1222 techniques."", ""Behavioural anomaly: failed_call_rate is low, suggesting successful syscalls, and unique_syscalls is high, indicating unusual behavior not typical of benign processes."", ""Benign-explanation test: lifetime_seconds at p99+ and no exec_count suggest a short-lived, singular operation inconsistent with benign admin scripting or health-checks."", ""Decide: the strong evidence of privilege escalation and unusual behavior supports XGBoost's MALICIOUS call over CNN's BENIGN call.""]","[""lifetime_seconds"", ""unique_syscalls"", ""uid_is_root"", ""euid_root"", ""max_uid_euid_delta""]","{""verdict"": ""MALICIOUS"", ""confidence"": 0.92, ""rationale_steps"": [""Privilege state: uid_is_root and euid_root are set, max_uid_euid_delta is extremely high, indicating a significant privilege escalation."", ""Mechanism: uid_changed and auid_euid_mismatch suggest an attempt to manipulate identity, which aligns with T1548 and T1222 techniques."", ""Behavioural anomaly: failed_call_rate is low, suggesting successful syscalls, and unique_syscalls is high, indicating unusual behavior not typical of benign processes."", ""Benign-explanation test: lifetime_seconds at p99+ and no exec_count suggest a short-lived, singular operation inconsistent with benign admin scripting or health-checks."", ""Decide: the strong evidence of privilege escalation and unusual behavior supports XGBoost's MALICIOUS call over CNN's BENIGN call.""], ""key_features"": [""lifetime_seconds"", ""unique_syscalls"", ""uid_is_root"", ""euid_root"", ""max_uid_euid_delta""], ""agrees_with"": ""xgb""}"
83084,2,1,T1548,0,1,0.964673638343811,0.9870211482048036,xgb_benign_cnn_malicious,MALICIOUS,1,0.92,cnn,ok,"[""Privilege state: uid_is_root and euid_root are both set, with max_uid_euid_delta being 0, indicating a direct root transition."", ""Mechanism: unique_syscalls at p99+ suggests an unusual or potentially malicious script execution, and uid_changed indicates a change in user identity which is often associated with privilege escalation."", ""Behavioural anomaly: failed_call_rate at p99+ indicates a high rate of failed syscalls, which can be a sign of a process struggling or attempting to perform unauthorized operations."", ""Benign-explanation test: lifetime_seconds at p99+ and no clear benign explanation like admin scripting or health-check, given the high failed_call_rate and unique_syscalls."", ""Decide: the strong privilege escalation signals (uid_is_root, euid_root, uid_changed) and unusual behaviour (failed_call_rate, unique_syscalls) support the CNN's classification over XGBoost's benign call.""]","[""lifetime_seconds"", ""unique_syscalls"", ""uid_is_root"", ""uid_changed"", ""euid_root""]","{""verdict"": ""MALICIOUS"", ""confidence"": 0.92, ""rationale_steps"": [""Privilege state: uid_is_root and euid_root are both set, with max_uid_euid_delta being 0, indicating a direct root transition."", ""Mechanism: unique_syscalls at p99+ suggests an unusual or potentially malicious script execution, and uid_changed indicates a change in user identity which is often associated with privilege escalation."", ""Behavioural anomaly: failed_call_rate at p99+ indicates a high rate of failed syscalls, which can be a sign of a process struggling or attempting to perform unauthorized operations."", ""Benign-explanation test: lifetime_seconds at p99+ and no clear benign explanation like admin scripting or health-check, given the high failed_call_rate and unique_syscalls."", ""Decide: the strong privilege escalation signals (uid_is_root, euid_root, uid_changed) and unusual behaviour (failed_call_rate, unique_syscalls) support the CNN's classification over XGBoost's benign call.""], ""key_features"": [""lifetime_seconds"", ""unique_syscalls"", ""uid_is_root"", ""uid_changed"", ""euid_root""], ""agrees_with"": ""cnn""}"
83260,3,1,T1548,1,0,0.999918818473816,0.8624513745307922,xgb_malicious_cnn_benign,MALICIOUS,1,0.92,xgb,ok,"[""Privilege state: uid_is_root and euid_root are set, max_uid_euid_delta is extremely high, indicating a significant privilege escalation."", ""Mechanism: uid_changed and auid_euid_mismatch suggest an attempt to manipulate identity, which aligns with T1548 and T1222 techniques."", ""Behavioural anomaly: failed_call_rate is low, and unique_syscalls is high, suggesting a crafted process with a specific purpose, not typical benign activity."", ""Benign-explanation test: lifetime_seconds is minimal, and there's no exec_count or shell_from_service, which contradicts typical benign admin scripting."", ""Decide: the strong evidence of privilege escalation and anomalous behaviour supports XGBoost's MALICIOUS call over CNN's BENIGN call.""]","[""lifetime_seconds"", ""unique_syscalls"", ""uid_is_root"", ""euid_root"", ""max_uid_euid_delta""]","{""verdict"": ""MALICIOUS"", ""confidence"": 0.92, ""rationale_steps"": [""Privilege state: uid_is_root and euid_root are set, max_uid_euid_delta is extremely high, indicating a significant privilege escalation."", ""Mechanism: uid_changed and auid_euid_mismatch suggest an attempt to manipulate identity, which aligns with T1548 and T1222 techniques."", ""Behavioural anomaly: failed_call_rate is low, and unique_syscalls is high, suggesting a crafted process with a specific purpose, not typical benign activity."", ""Benign-explanation test: lifetime_seconds is minimal, and there's no exec_count or shell_from_service, which contradicts typical benign admin scripting."", ""Decide: the strong evidence of privilege escalation and anomalous behaviour supports XGBoost's MALICIOUS call over CNN's BENIGN call.""], ""key_features"": [""lifetime_seconds"", ""unique_syscalls"", ""uid_is_root"", ""euid_root"", ""max_uid_euid_delta""], ""agrees_with"": ""xgb""}"
83272,2,1,T1595,0,1,0.001278604613617,0.999983251094818,xgb_benign_cnn_malicious,MALICIOUS,1,0.92,cnn,ok,"[""Privilege state: uid_is_root and euid_root are both set, with max_uid_euid_delta indicating a significant privilege transition."", ""Mechanism: unique_syscalls at p99+ suggests unusual behavior, and uid_changed indicates a change in privilege level during execution."", ""Behavioural anomaly: failed_call_rate is high, indicating potential syscall failures that could be indicative of malicious activity."", ""Benign-explanation test: lifetime_seconds at p99+ and no clear benign explanation like admin scripting or cron jobs, given the short and singular execution."", ""Decide: the strong privilege escalation signals (uid_is_root, euid_root, max_uid_euid_delta) and unusual syscall behavior (unique_syscalls, failed_call_rate) support the CNN's MALICIOUS classification over XGBoost's BENIGN call.""]","[""lifetime_seconds"", ""unique_syscalls"", ""uid_is_root"", ""uid_changed"", ""euid_root""]","{""verdict"": ""MALICIOUS"", ""confidence"": 0.92, ""rationale_steps"": [""Privilege state: uid_is_root and euid_root are both set, with max_uid_euid_delta indicating a significant privilege transition."", ""Mechanism: unique_syscalls at p99+ suggests unusual behavior, and uid_changed indicates a change in privilege level during execution."", ""Behavioural anomaly: failed_call_rate is high, indicating potential syscall failures that could be indicative of malicious activity."", ""Benign-explanation test: lifetime_seconds at p99+ and no clear benign explanation like admin scripting or cron jobs, given the short and singular execution."", ""Decide: the strong privilege escalation signals (uid_is_root, euid_root, max_uid_euid_delta) and unusual syscall behavior (unique_syscalls, failed_call_rate) support the CNN's MALICIOUS classification over XGBoost's BENIGN call.""], ""key_features"": [""lifetime_seconds"", ""unique_syscalls"", ""uid_is_root"", ""uid_changed"", ""euid_root""], ""agrees_with"": ""cnn""}"
83281,2,1,T1595,0,1,0.001278604613617,0.999983251094818,xgb_benign_cnn_malicious,MALICIOUS,1,0.92,cnn,ok,"[""Privilege state: uid_is_root and euid_root are both set, with max_uid_euid_delta indicating a significant privilege transition."", ""Mechanism: unique_syscalls at p99+ suggests unusual behavior, and uid_changed indicates a change in privilege level during execution."", ""Behavioural anomaly: failed_call_rate is high, indicating potential syscall failures that could be indicative of malicious activity."", ""Benign-explanation test: lifetime_seconds at p99+ and no clear benign explanation like admin scripting or cron jobs, given the short and singular execution."", ""Decide: the strong privilege escalation signals (uid_is_root, euid_root, max_uid_euid_delta) and unusual syscall behavior (unique_syscalls, failed_call_rate) support the CNN's MALICIOUS classification over XGBoost's BENIGN call.""]","[""lifetime_seconds"", ""unique_syscalls"", ""uid_is_root"", ""uid_changed"", ""euid_root""]","{""verdict"": ""MALICIOUS"", ""confidence"": 0.92, ""rationale_steps"": [""Privilege state: uid_is_root and euid_root are both set, with max_uid_euid_delta indicating a significant privilege transition."", ""Mechanism: unique_syscalls at p99+ suggests unusual behavior, and uid_changed indicates a change in privilege level during execution."", ""Behavioural anomaly: failed_call_rate is high, indicating potential syscall failures that could be indicative of malicious activity."", ""Benign-explanation test: lifetime_seconds at p99+ and no clear benign explanation like admin scripting or cron jobs, given the short and singular execution."", ""Decide: the strong privilege escalation signals (uid_is_root, euid_root, max_uid_euid_delta) and unusual syscall behavior (unique_syscalls, failed_call_rate) support the CNN's MALICIOUS classification over XGBoost's BENIGN call.""], ""key_features"": [""lifetime_seconds"", ""unique_syscalls"", ""uid_is_root"", ""uid_changed"", ""euid_root""], ""agrees_with"": ""cnn""}"
83547,2,1,T1595,0,1,0.001278604613617,0.999983251094818,xgb_benign_cnn_malicious,MALICIOUS,1,0.92,cnn,ok,"[""Privilege state: uid_is_root and euid_root are both set, with max_uid_euid_delta indicating a significant privilege transition."", ""Mechanism: unique_syscalls at p99+ suggests unusual behavior, and uid_changed indicates a change in privilege level during execution."", ""Behavioural anomaly: failed_call_rate is high, indicating potential syscall failures that could be indicative of malicious activity."", ""Benign-explanation test: lifetime_seconds at p99+ and no clear benign explanation like admin scripting or cron jobs, given the short and singular execution."", ""Decide: the strong privilege escalation signals (uid_is_root, euid_root, max_uid_euid_delta) and unusual syscall behavior (unique_syscalls, failed_call_rate) support the CNN's MALICIOUS classification over XGBoost's BENIGN call.""]","[""lifetime_seconds"", ""unique_syscalls"", ""uid_is_root"", ""uid_changed"", ""euid_root""]","{""verdict"": ""MALICIOUS"", ""confidence"": 0.92, ""rationale_steps"": [""Privilege state: uid_is_root and euid_root are both set, with max_uid_euid_delta indicating a significant privilege transition."", ""Mechanism: unique_syscalls at p99+ suggests unusual behavior, and uid_changed indicates a change in privilege level during execution."", ""Behavioural anomaly: failed_call_rate is high, indicating potential syscall failures that could be indicative of malicious activity."", ""Benign-explanation test: lifetime_seconds at p99+ and no clear benign explanation like admin scripting or cron jobs, given the short and singular execution."", ""Decide: the strong privilege escalation signals (uid_is_root, euid_root, max_uid_euid_delta) and unusual syscall behavior (unique_syscalls, failed_call_rate) support the CNN's MALICIOUS classification over XGBoost's BENIGN call.""], ""key_features"": [""lifetime_seconds"", ""unique_syscalls"", ""uid_is_root"", ""uid_changed"", ""euid_root""], ""agrees_with"": ""cnn""}"
84890,2,1,T1548,0,1,0.964673638343811,0.9870211482048036,xgb_benign_cnn_malicious,MALICIOUS,1,0.92,cnn,ok,"[""Privilege state: uid_is_root and euid_root are both set, with max_uid_euid_delta being 0, indicating a direct root transition."", ""Mechanism: unique_syscalls at p99+ suggests an unusual or potentially malicious script execution, and uid_changed indicates a change in privileges."", ""Behavioural anomaly: failed_call_rate at p99+ and lifetime_seconds at p99+ suggest a short-lived, high-failure process, which is uncommon for benign activity."", ""Benign-explanation test: The process's short lifetime and high failure rate do not align with typical admin scripting or health-check behavior."", ""Decide: The strong privilege escalation signals (uid_is_root, euid_root, uid_changed) and unusual behavior (failed_call_rate, unique_syscalls) support the CNN's classification over XGBoost's.""]","[""lifetime_seconds"", ""unique_syscalls"", ""uid_is_root"", ""uid_changed"", ""euid_root""]","{""verdict"": ""MALICIOUS"", ""confidence"": 0.92, ""rationale_steps"": [""Privilege state: uid_is_root and euid_root are both set, with max_uid_euid_delta being 0, indicating a direct root transition."", ""Mechanism: unique_syscalls at p99+ suggests an unusual or potentially malicious script execution, and uid_changed indicates a change in privileges."", ""Behavioural anomaly: failed_call_rate at p99+ and lifetime_seconds at p99+ suggest a short-lived, high-failure process, which is uncommon for benign activity."", ""Benign-explanation test: The process's short lifetime and high failure rate do not align with typical admin scripting or health-check behavior."", ""Decide: The strong privilege escalation signals (uid_is_root, euid_root, uid_changed) and unusual behavior (failed_call_rate, unique_syscalls) support the CNN's classification over XGBoost's.""], ""key_features"": [""lifetime_seconds"", ""unique_syscalls"", ""uid_is_root"", ""uid_changed"", ""euid_root""], ""agrees_with"": ""cnn""}"
84918,3,1,T1548,1,0,0.999918818473816,0.8624513745307922,xgb_malicious_cnn_benign,MALICIOUS,1,0.92,xgb,ok,"[""Privilege state: uid_is_root and euid_root are set, max_uid_euid_delta is extremely high, indicating a significant privilege escalation."", ""Mechanism: uid_changed and auid_euid_mismatch suggest an attempt to manipulate identity, which aligns with T1548 and T1222 techniques."", ""Behavioural anomaly: failed_call_rate is low, and unique_syscalls is high, suggesting a crafted process with a specific purpose, not typical benign activity."", ""Benign-explanation test: lifetime_seconds is minimal, and there's no exec_count or shell_from_service, which contradicts typical benign admin scripting."", ""Decide: the strong evidence of privilege escalation and anomalous behaviour supports XGBoost's MALICIOUS call over CNN's BENIGN call.""]","[""lifetime_seconds"", ""unique_syscalls"", ""uid_is_root"", ""euid_root"", ""max_uid_euid_delta""]","{""verdict"": ""MALICIOUS"", ""confidence"": 0.92, ""rationale_steps"": [""Privilege state: uid_is_root and euid_root are set, max_uid_euid_delta is extremely high, indicating a significant privilege escalation."", ""Mechanism: uid_changed and auid_euid_mismatch suggest an attempt to manipulate identity, which aligns with T1548 and T1222 techniques."", ""Behavioural anomaly: failed_call_rate is low, and unique_syscalls is high, suggesting a crafted process with a specific purpose, not typical benign activity."", ""Benign-explanation test: lifetime_seconds is minimal, and there's no exec_count or shell_from_service, which contradicts typical benign admin scripting."", ""Decide: the strong evidence of privilege escalation and anomalous behaviour supports XGBoost's MALICIOUS call over CNN's BENIGN call.""], ""key_features"": [""lifetime_seconds"", ""unique_syscalls"", ""uid_is_root"", ""euid_root"", ""max_uid_euid_delta""], ""agrees_with"": ""xgb""}"
84921,2,1,T1548,0,1,0.964673638343811,0.9870211482048036,xgb_benign_cnn_malicious,MALICIOUS,1,0.92,cnn,ok,"[""Privilege state: uid_is_root and euid_root are both set, with max_uid_euid_delta being 0, indicating a direct root transition."", ""Mechanism: unique_syscalls at p99+ suggests an unusual or potentially malicious script execution, and uid_changed indicates a change in user identity which is often associated with privilege escalation."", ""Behavioural anomaly: failed_call_rate at p99+ indicates a high rate of failed syscalls, which can be a sign of a process struggling or attempting to perform unauthorized operations."", ""Benign-explanation test: lifetime_seconds at p99+ and no clear benign explanation like admin scripting or health-check, given the high failed_call_rate and unique_syscalls."", ""Decide: the strong privilege escalation signals (uid_is_root, euid_root, uid_changed) and unusual behaviour (failed_call_rate, unique_syscalls) support the CNN's classification over XGBoost's benign call.""]","[""lifetime_seconds"", ""unique_syscalls"", ""uid_is_root"", ""uid_changed"", ""euid_root""]","{""verdict"": ""MALICIOUS"", ""confidence"": 0.92, ""rationale_steps"": [""Privilege state: uid_is_root and euid_root are both set, with max_uid_euid_delta being 0, indicating a direct root transition."", ""Mechanism: unique_syscalls at p99+ suggests an unusual or potentially malicious script execution, and uid_changed indicates a change in user identity which is often associated with privilege escalation."", ""Behavioural anomaly: failed_call_rate at p99+ indicates a high rate of failed syscalls, which can be a sign of a process struggling or attempting to perform unauthorized operations."", ""Benign-explanation test: lifetime_seconds at p99+ and no clear benign explanation like admin scripting or health-check, given the high failed_call_rate and unique_syscalls."", ""Decide: the strong privilege escalation signals (uid_is_root, euid_root, uid_changed) and unusual behaviour (failed_call_rate, unique_syscalls) support the CNN's classification over XGBoost's benign call.""], ""key_features"": [""lifetime_seconds"", ""unique_syscalls"", ""uid_is_root"", ""uid_changed"", ""euid_root""], ""agrees_with"": ""cnn""}"
85544,4,1,T1222,0,1,0.8476836681365967,0.9919057488441468,xgb_benign_cnn_malicious,MALICIOUS,1,0.92,cnn,ok,"[""Privilege state: uid_is_root and euid_root are set, with a max_uid_euid_delta of 0 indicating a direct root transition, which is a strong indicator of malicious activity."", ""Mechanism: The process has a high syscall throughput (events_per_second) and a long syscall sequence (seq_length) with a high number of unique_syscalls, suggesting complex and potentially malicious behavior."", ""Behavioural anomaly: The process has a very short lifetime (lifetime_seconds at p99+), which is unusual for benign activity and could indicate a quick privilege escalation attempt."", ""Benign-explanation test: The absence of auid_euid_mismatch and the high unique_syscalls make it unlikely that this is a routine admin script or health-check."", ""Decide: The strong privilege escalation indicators and unusual behavior outweigh XGBoost's benign call; this supports the CNN's high confidence in malicious activity.""]","[""uid_is_root"", ""euid_root"", ""max_uid_euid_delta"", ""events_per_second"", ""lifetime_seconds""]","{""verdict"": ""MALICIOUS"", ""confidence"": 0.92, ""rationale_steps"": [""Privilege state: uid_is_root and euid_root are set, with a max_uid_euid_delta of 0 indicating a direct root transition, which is a strong indicator of malicious activity."", ""Mechanism: The process has a high syscall throughput (events_per_second) and a long syscall sequence (seq_length) with a high number of unique_syscalls, suggesting complex and potentially malicious behavior."", ""Behavioural anomaly: The process has a very short lifetime (lifetime_seconds at p99+), which is unusual for benign activity and could indicate a quick privilege escalation attempt."", ""Benign-explanation test: The absence of auid_euid_mismatch and the high unique_syscalls make it unlikely that this is a routine admin script or health-check."", ""Decide: The strong privilege escalation indicators and unusual behavior outweigh XGBoost's benign call; this supports the CNN's high confidence in malicious activity.""], ""key_features"": [""uid_is_root"", ""euid_root"", ""max_uid_euid_delta"", ""events_per_second"", ""lifetime_seconds""], ""agrees_with"": ""cnn""}"
85550,3,1,T1548,1,0,0.999918818473816,0.8624513745307922,xgb_malicious_cnn_benign,MALICIOUS,1,0.92,xgb,ok,"[""Privilege state: uid_is_root and euid_root are set, max_uid_euid_delta is extremely high, indicating a significant privilege escalation."", ""Mechanism: uid_changed and auid_euid_mismatch suggest an attempt to manipulate identity, which aligns with T1548 and T1222 techniques."", ""Behavioural anomaly: failed_call_rate is low, and unique_syscalls is high, suggesting a crafted process with a specific purpose, not typical benign activity."", ""Benign-explanation test: lifetime_seconds is minimal, and there's no exec_count or shell_from_service, which contradicts typical benign admin scripting."", ""Decide: the strong evidence of privilege escalation and anomalous behaviour supports XGBoost's MALICIOUS call over CNN's BENIGN call.""]","[""lifetime_seconds"", ""unique_syscalls"", ""uid_is_root"", ""euid_root"", ""max_uid_euid_delta""]","{""verdict"": ""MALICIOUS"", ""confidence"": 0.92, ""rationale_steps"": [""Privilege state: uid_is_root and euid_root are set, max_uid_euid_delta is extremely high, indicating a significant privilege escalation."", ""Mechanism: uid_changed and auid_euid_mismatch suggest an attempt to manipulate identity, which aligns with T1548 and T1222 techniques."", ""Behavioural anomaly: failed_call_rate is low, and unique_syscalls is high, suggesting a crafted process with a specific purpose, not typical benign activity."", ""Benign-explanation test: lifetime_seconds is minimal, and there's no exec_count or shell_from_service, which contradicts typical benign admin scripting."", ""Decide: the strong evidence of privilege escalation and anomalous behaviour supports XGBoost's MALICIOUS call over CNN's BENIGN call.""], ""key_features"": [""lifetime_seconds"", ""unique_syscalls"", ""uid_is_root"", ""euid_root"", ""max_uid_euid_delta""], ""agrees_with"": ""xgb""}"
85590,3,1,T1548,1,0,0.999918818473816,0.8624513745307922,xgb_malicious_cnn_benign,MALICIOUS,1,0.92,xgb,ok,"[""Privilege state: uid_is_root and euid_root are set, max_uid_euid_delta is extremely high, indicating a significant privilege escalation."", ""Mechanism: uid_changed and auid_euid_mismatch suggest an attempt to manipulate identity, which aligns with T1548 and T1222 techniques."", ""Behavioural anomaly: failed_call_rate is low, and unique_syscalls is high, suggesting a crafted process with a specific purpose, which is uncommon in benign activity."", ""Benign-explanation test: lifetime_seconds is minimal, and there's no exec_count or shell_from_service, which contradicts typical benign admin activity."", ""Decide: the strong evidence of privilege escalation and anomalous behaviour supports XGBoost's MALICIOUS call over CNN's BENIGN call.""]","[""lifetime_seconds"", ""unique_syscalls"", ""uid_is_root"", ""euid_root"", ""max_uid_euid_delta""]","{""verdict"": ""MALICIOUS"", ""confidence"": 0.92, ""rationale_steps"": [""Privilege state: uid_is_root and euid_root are set, max_uid_euid_delta is extremely high, indicating a significant privilege escalation."", ""Mechanism: uid_changed and auid_euid_mismatch suggest an attempt to manipulate identity, which aligns with T1548 and T1222 techniques."", ""Behavioural anomaly: failed_call_rate is low, and unique_syscalls is high, suggesting a crafted process with a specific purpose, which is uncommon in benign activity."", ""Benign-explanation test: lifetime_seconds is minimal, and there's no exec_count or shell_from_service, which contradicts typical benign admin activity."", ""Decide: the strong evidence of privilege escalation and anomalous behaviour supports XGBoost's MALICIOUS call over CNN's BENIGN call.""], ""key_features"": [""lifetime_seconds"", ""unique_syscalls"", ""uid_is_root"", ""euid_root"", ""max_uid_euid_delta""], ""agrees_with"": ""xgb""}"
85591,3,1,T1548,1,0,0.999918818473816,0.8624513745307922,xgb_malicious_cnn_benign,MALICIOUS,1,0.92,xgb,ok,"[""Privilege state: uid_is_root and euid_root are set, max_uid_euid_delta is extremely high, indicating a significant privilege escalation."", ""Mechanism: uid_changed and auid_euid_mismatch suggest an attempt to manipulate identity, which aligns with T1548 and T1222 techniques."", ""Behavioural anomaly: failed_call_rate is low, and unique_syscalls is high, suggesting a crafted process with a specific purpose, which is uncommon in benign activity."", ""Benign-explanation test: lifetime_seconds is minimal, and there's no exec_count or shell_from_service, which contradicts typical benign admin activity."", ""Decide: the strong evidence of privilege escalation and anomalous behaviour supports XGBoost's MALICIOUS call over CNN's BENIGN call.""]","[""lifetime_seconds"", ""unique_syscalls"", ""uid_is_root"", ""euid_root"", ""max_uid_euid_delta""]","{""verdict"": ""MALICIOUS"", ""confidence"": 0.92, ""rationale_steps"": [""Privilege state: uid_is_root and euid_root are set, max_uid_euid_delta is extremely high, indicating a significant privilege escalation."", ""Mechanism: uid_changed and auid_euid_mismatch suggest an attempt to manipulate identity, which aligns with T1548 and T1222 techniques."", ""Behavioural anomaly: failed_call_rate is low, and unique_syscalls is high, suggesting a crafted process with a specific purpose, which is uncommon in benign activity."", ""Benign-explanation test: lifetime_seconds is minimal, and there's no exec_count or shell_from_service, which contradicts typical benign admin activity."", ""Decide: the strong evidence of privilege escalation and anomalous behaviour supports XGBoost's MALICIOUS call over CNN's BENIGN call.""], ""key_features"": [""lifetime_seconds"", ""unique_syscalls"", ""uid_is_root"", ""euid_root"", ""max_uid_euid_delta""], ""agrees_with"": ""xgb""}"
85595,3,1,T1548,1,0,0.999918818473816,0.8624513745307922,xgb_malicious_cnn_benign,MALICIOUS,1,0.92,xgb,ok,"[""Privilege state: uid_is_root and euid_root are set, max_uid_euid_delta is extremely high, indicating a significant privilege escalation."", ""Mechanism: uid_changed and auid_euid_mismatch suggest an attempt to manipulate identity, which aligns with T1548 and T1222 techniques."", ""Behavioural anomaly: failed_call_rate is low, and unique_syscalls is high, suggesting a crafted process with a specific purpose, which is uncommon in benign activity."", ""Benign-explanation test: lifetime_seconds is minimal, and there's no exec_count or shell_from_service, which contradicts typical benign admin activity."", ""Decide: the strong evidence of privilege escalation and anomalous behaviour supports XGBoost's MALICIOUS call over CNN's BENIGN call.""]","[""lifetime_seconds"", ""unique_syscalls"", ""uid_is_root"", ""euid_root"", ""max_uid_euid_delta""]","{""verdict"": ""MALICIOUS"", ""confidence"": 0.92, ""rationale_steps"": [""Privilege state: uid_is_root and euid_root are set, max_uid_euid_delta is extremely high, indicating a significant privilege escalation."", ""Mechanism: uid_changed and auid_euid_mismatch suggest an attempt to manipulate identity, which aligns with T1548 and T1222 techniques."", ""Behavioural anomaly: failed_call_rate is low, and unique_syscalls is high, suggesting a crafted process with a specific purpose, which is uncommon in benign activity."", ""Benign-explanation test: lifetime_seconds is minimal, and there's no exec_count or shell_from_service, which contradicts typical benign admin activity."", ""Decide: the strong evidence of privilege escalation and anomalous behaviour supports XGBoost's MALICIOUS call over CNN's BENIGN call.""], ""key_features"": [""lifetime_seconds"", ""unique_syscalls"", ""uid_is_root"", ""euid_root"", ""max_uid_euid_delta""], ""agrees_with"": ""xgb""}"
85596,3,1,T1548,1,0,0.999918818473816,0.8624513745307922,xgb_malicious_cnn_benign,MALICIOUS,1,0.92,xgb,ok,"[""Privilege state: uid_is_root and euid_root are set, max_uid_euid_delta is extremely high, indicating a significant privilege escalation."", ""Mechanism: uid_changed and auid_euid_mismatch suggest an attempt to manipulate identity, which aligns with T1548 and T1222 techniques."", ""Behavioural anomaly: failed_call_rate is low, and unique_syscalls is high, suggesting a crafted process with a specific purpose, which is uncommon in benign activity."", ""Benign-explanation test: lifetime_seconds is minimal, and there's no exec_count or shell_from_service, which contradicts typical benign admin activity."", ""Decide: the strong evidence of privilege escalation and anomalous behaviour supports XGBoost's MALICIOUS call over CNN's BENIGN call.""]","[""lifetime_seconds"", ""unique_syscalls"", ""uid_is_root"", ""euid_root"", ""max_uid_euid_delta""]","{""verdict"": ""MALICIOUS"", ""confidence"": 0.92, ""rationale_steps"": [""Privilege state: uid_is_root and euid_root are set, max_uid_euid_delta is extremely high, indicating a significant privilege escalation."", ""Mechanism: uid_changed and auid_euid_mismatch suggest an attempt to manipulate identity, which aligns with T1548 and T1222 techniques."", ""Behavioural anomaly: failed_call_rate is low, and unique_syscalls is high, suggesting a crafted process with a specific purpose, which is uncommon in benign activity."", ""Benign-explanation test: lifetime_seconds is minimal, and there's no exec_count or shell_from_service, which contradicts typical benign admin activity."", ""Decide: the strong evidence of privilege escalation and anomalous behaviour supports XGBoost's MALICIOUS call over CNN's BENIGN call.""], ""key_features"": [""lifetime_seconds"", ""unique_syscalls"", ""uid_is_root"", ""euid_root"", ""max_uid_euid_delta""], ""agrees_with"": ""xgb""}"
85597,3,1,T1548,1,0,0.999918818473816,0.8624513745307922,xgb_malicious_cnn_benign,MALICIOUS,1,0.92,xgb,ok,"[""Privilege state: uid_is_root and euid_root are set, max_uid_euid_delta is extremely high, indicating a significant privilege escalation."", ""Mechanism: uid_changed and auid_euid_mismatch suggest an attempt to manipulate identity, which aligns with T1548 and T1222 techniques."", ""Behavioural anomaly: failed_call_rate is low, and unique_syscalls is high, suggesting a crafted process with a specific purpose, which is uncommon in benign activity."", ""Benign-explanation test: lifetime_seconds is minimal, and there's no exec_count or shell_from_service, which contradicts typical benign admin activity."", ""Decide: the strong evidence of privilege escalation and anomalous behaviour supports XGBoost's MALICIOUS call over CNN's BENIGN call.""]","[""lifetime_seconds"", ""unique_syscalls"", ""uid_is_root"", ""euid_root"", ""max_uid_euid_delta""]","{""verdict"": ""MALICIOUS"", ""confidence"": 0.92, ""rationale_steps"": [""Privilege state: uid_is_root and euid_root are set, max_uid_euid_delta is extremely high, indicating a significant privilege escalation."", ""Mechanism: uid_changed and auid_euid_mismatch suggest an attempt to manipulate identity, which aligns with T1548 and T1222 techniques."", ""Behavioural anomaly: failed_call_rate is low, and unique_syscalls is high, suggesting a crafted process with a specific purpose, which is uncommon in benign activity."", ""Benign-explanation test: lifetime_seconds is minimal, and there's no exec_count or shell_from_service, which contradicts typical benign admin activity."", ""Decide: the strong evidence of privilege escalation and anomalous behaviour supports XGBoost's MALICIOUS call over CNN's BENIGN call.""], ""key_features"": [""lifetime_seconds"", ""unique_syscalls"", ""uid_is_root"", ""euid_root"", ""max_uid_euid_delta""], ""agrees_with"": ""xgb""}"
85598,3,1,T1548,1,0,0.999918818473816,0.8624513745307922,xgb_malicious_cnn_benign,MALICIOUS,1,0.92,xgb,ok,"[""Privilege state: uid_is_root and euid_root are set, max_uid_euid_delta is extremely high, indicating a significant privilege escalation."", ""Mechanism: uid_changed and auid_euid_mismatch suggest an attempt to manipulate identity, which aligns with T1548 and T1222 techniques."", ""Behavioural anomaly: failed_call_rate is low, and unique_syscalls is high, suggesting a crafted process with a specific purpose, which is uncommon in benign activity."", ""Benign-explanation test: lifetime_seconds is minimal, and there's no exec_count or shell_from_service, which contradicts typical benign admin activity."", ""Decide: the strong evidence of privilege escalation and anomalous behaviour supports XGBoost's MALICIOUS call over CNN's BENIGN call.""]","[""lifetime_seconds"", ""unique_syscalls"", ""uid_is_root"", ""euid_root"", ""max_uid_euid_delta""]","{""verdict"": ""MALICIOUS"", ""confidence"": 0.92, ""rationale_steps"": [""Privilege state: uid_is_root and euid_root are set, max_uid_euid_delta is extremely high, indicating a significant privilege escalation."", ""Mechanism: uid_changed and auid_euid_mismatch suggest an attempt to manipulate identity, which aligns with T1548 and T1222 techniques."", ""Behavioural anomaly: failed_call_rate is low, and unique_syscalls is high, suggesting a crafted process with a specific purpose, which is uncommon in benign activity."", ""Benign-explanation test: lifetime_seconds is minimal, and there's no exec_count or shell_from_service, which contradicts typical benign admin activity."", ""Decide: the strong evidence of privilege escalation and anomalous behaviour supports XGBoost's MALICIOUS call over CNN's BENIGN call.""], ""key_features"": [""lifetime_seconds"", ""unique_syscalls"", ""uid_is_root"", ""euid_root"", ""max_uid_euid_delta""], ""agrees_with"": ""xgb""}"
85610,3,1,T1548,1,0,0.999918818473816,0.8624513745307922,xgb_malicious_cnn_benign,MALICIOUS,1,0.92,xgb,ok,"[""Privilege state: uid_is_root and euid_root are set, max_uid_euid_delta is extremely high, indicating a significant privilege escalation."", ""Mechanism: uid_changed and auid_euid_mismatch suggest an attempt to manipulate identity, which aligns with T1548 and T1222 techniques."", ""Behavioural anomaly: failed_call_rate is low, and unique_syscalls is high, suggesting a crafted process with a specific purpose, which is uncommon in benign activity."", ""Benign-explanation test: lifetime_seconds is minimal, and there's no exec_count or shell_from_service, which contradicts typical benign admin activity."", ""Decide: the strong evidence of privilege escalation and anomalous behaviour supports XGBoost's MALICIOUS call over CNN's BENIGN call.""]","[""lifetime_seconds"", ""unique_syscalls"", ""uid_is_root"", ""euid_root"", ""max_uid_euid_delta""]","{""verdict"": ""MALICIOUS"", ""confidence"": 0.92, ""rationale_steps"": [""Privilege state: uid_is_root and euid_root are set, max_uid_euid_delta is extremely high, indicating a significant privilege escalation."", ""Mechanism: uid_changed and auid_euid_mismatch suggest an attempt to manipulate identity, which aligns with T1548 and T1222 techniques."", ""Behavioural anomaly: failed_call_rate is low, and unique_syscalls is high, suggesting a crafted process with a specific purpose, which is uncommon in benign activity."", ""Benign-explanation test: lifetime_seconds is minimal, and there's no exec_count or shell_from_service, which contradicts typical benign admin activity."", ""Decide: the strong evidence of privilege escalation and anomalous behaviour supports XGBoost's MALICIOUS call over CNN's BENIGN call.""], ""key_features"": [""lifetime_seconds"", ""unique_syscalls"", ""uid_is_root"", ""euid_root"", ""max_uid_euid_delta""], ""agrees_with"": ""xgb""}"
85616,3,1,T1548,1,0,0.999918818473816,0.8624513745307922,xgb_malicious_cnn_benign,MALICIOUS,1,0.92,xgb,ok,"[""Privilege state: uid_is_root and euid_root are set, max_uid_euid_delta is extremely high, indicating a significant privilege escalation."", ""Mechanism: uid_changed and auid_euid_mismatch suggest an attempt to manipulate identity, which aligns with T1548 and T1222 techniques."", ""Behavioural anomaly: failed_call_rate is low, and unique_syscalls is high, suggesting a crafted process with a specific purpose, which is uncommon in benign activity."", ""Benign-explanation test: lifetime_seconds is minimal, and there's no exec_count or shell_from_service, which contradicts typical benign admin activity."", ""Decide: the strong evidence of privilege escalation and anomalous behaviour supports XGBoost's MALICIOUS call over CNN's BENIGN call.""]","[""lifetime_seconds"", ""unique_syscalls"", ""uid_is_root"", ""euid_root"", ""max_uid_euid_delta""]","{""verdict"": ""MALICIOUS"", ""confidence"": 0.92, ""rationale_steps"": [""Privilege state: uid_is_root and euid_root are set, max_uid_euid_delta is extremely high, indicating a significant privilege escalation."", ""Mechanism: uid_changed and auid_euid_mismatch suggest an attempt to manipulate identity, which aligns with T1548 and T1222 techniques."", ""Behavioural anomaly: failed_call_rate is low, and unique_syscalls is high, suggesting a crafted process with a specific purpose, which is uncommon in benign activity."", ""Benign-explanation test: lifetime_seconds is minimal, and there's no exec_count or shell_from_service, which contradicts typical benign admin activity."", ""Decide: the strong evidence of privilege escalation and anomalous behaviour supports XGBoost's MALICIOUS call over CNN's BENIGN call.""], ""key_features"": [""lifetime_seconds"", ""unique_syscalls"", ""uid_is_root"", ""euid_root"", ""max_uid_euid_delta""], ""agrees_with"": ""xgb""}"
85619,3,1,T1548,1,0,0.999918818473816,0.8624513745307922,xgb_malicious_cnn_benign,MALICIOUS,1,0.92,xgb,ok,"[""Privilege state: uid_is_root and euid_root are set, max_uid_euid_delta is extremely high, indicating a significant privilege escalation."", ""Mechanism: uid_changed and auid_euid_mismatch suggest an attempt to manipulate identity, which aligns with T1548 and T1222 techniques."", ""Behavioural anomaly: failed_call_rate is low, and unique_syscalls is high, suggesting a crafted process with a specific purpose, which is uncommon in benign activity."", ""Benign-explanation test: lifetime_seconds is minimal, and there's no exec_count or shell_from_service, which contradicts typical benign admin activity."", ""Decide: the strong evidence of privilege escalation and anomalous behaviour supports XGBoost's MALICIOUS call over CNN's BENIGN call.""]","[""lifetime_seconds"", ""unique_syscalls"", ""uid_is_root"", ""euid_root"", ""max_uid_euid_delta""]","{""verdict"": ""MALICIOUS"", ""confidence"": 0.92, ""rationale_steps"": [""Privilege state: uid_is_root and euid_root are set, max_uid_euid_delta is extremely high, indicating a significant privilege escalation."", ""Mechanism: uid_changed and auid_euid_mismatch suggest an attempt to manipulate identity, which aligns with T1548 and T1222 techniques."", ""Behavioural anomaly: failed_call_rate is low, and unique_syscalls is high, suggesting a crafted process with a specific purpose, which is uncommon in benign activity."", ""Benign-explanation test: lifetime_seconds is minimal, and there's no exec_count or shell_from_service, which contradicts typical benign admin activity."", ""Decide: the strong evidence of privilege escalation and anomalous behaviour supports XGBoost's MALICIOUS call over CNN's BENIGN call.""], ""key_features"": [""lifetime_seconds"", ""unique_syscalls"", ""uid_is_root"", ""euid_root"", ""max_uid_euid_delta""], ""agrees_with"": ""xgb""}"
85623,3,1,T1548,1,0,0.999918818473816,0.8624513745307922,xgb_malicious_cnn_benign,MALICIOUS,1,0.92,xgb,ok,"[""Privilege state: uid_is_root and euid_root are set, max_uid_euid_delta is extremely high, indicating a significant privilege escalation."", ""Mechanism: uid_changed and auid_euid_mismatch suggest an attempt to manipulate identity, which aligns with T1548 and T1222 techniques."", ""Behavioural anomaly: failed_call_rate is low, and unique_syscalls is high, suggesting a crafted process with a specific purpose, which is uncommon in benign activity."", ""Benign-explanation test: lifetime_seconds is minimal, and there's no exec_count or shell_from_service, which contradicts typical benign admin activity."", ""Decide: the strong evidence of privilege escalation and anomalous behaviour supports XGBoost's MALICIOUS call over CNN's BENIGN call.""]","[""lifetime_seconds"", ""unique_syscalls"", ""uid_is_root"", ""euid_root"", ""max_uid_euid_delta""]","{""verdict"": ""MALICIOUS"", ""confidence"": 0.92, ""rationale_steps"": [""Privilege state: uid_is_root and euid_root are set, max_uid_euid_delta is extremely high, indicating a significant privilege escalation."", ""Mechanism: uid_changed and auid_euid_mismatch suggest an attempt to manipulate identity, which aligns with T1548 and T1222 techniques."", ""Behavioural anomaly: failed_call_rate is low, and unique_syscalls is high, suggesting a crafted process with a specific purpose, which is uncommon in benign activity."", ""Benign-explanation test: lifetime_seconds is minimal, and there's no exec_count or shell_from_service, which contradicts typical benign admin activity."", ""Decide: the strong evidence of privilege escalation and anomalous behaviour supports XGBoost's MALICIOUS call over CNN's BENIGN call.""], ""key_features"": [""lifetime_seconds"", ""unique_syscalls"", ""uid_is_root"", ""euid_root"", ""max_uid_euid_delta""], ""agrees_with"": ""xgb""}"
85628,3,1,T1548,1,0,0.999918818473816,0.8624513745307922,xgb_malicious_cnn_benign,MALICIOUS,1,0.92,xgb,ok,"[""Privilege state: uid_is_root and euid_root are set, max_uid_euid_delta is extremely high, indicating a significant privilege escalation."", ""Mechanism: uid_changed and auid_euid_mismatch suggest an attempt to manipulate identity, which aligns with T1548 and T1222 techniques."", ""Behavioural anomaly: failed_call_rate is low, and unique_syscalls is high, suggesting a crafted process with a specific purpose, which is uncommon in benign activity."", ""Benign-explanation test: lifetime_seconds is minimal, and there's no exec_count or shell_from_service, which contradicts typical benign admin activity."", ""Decide: the strong evidence of privilege escalation and anomalous behaviour supports XGBoost's MALICIOUS call over CNN's BENIGN call.""]","[""lifetime_seconds"", ""unique_syscalls"", ""uid_is_root"", ""euid_root"", ""max_uid_euid_delta""]","{""verdict"": ""MALICIOUS"", ""confidence"": 0.92, ""rationale_steps"": [""Privilege state: uid_is_root and euid_root are set, max_uid_euid_delta is extremely high, indicating a significant privilege escalation."", ""Mechanism: uid_changed and auid_euid_mismatch suggest an attempt to manipulate identity, which aligns with T1548 and T1222 techniques."", ""Behavioural anomaly: failed_call_rate is low, and unique_syscalls is high, suggesting a crafted process with a specific purpose, which is uncommon in benign activity."", ""Benign-explanation test: lifetime_seconds is minimal, and there's no exec_count or shell_from_service, which contradicts typical benign admin activity."", ""Decide: the strong evidence of privilege escalation and anomalous behaviour supports XGBoost's MALICIOUS call over CNN's BENIGN call.""], ""key_features"": [""lifetime_seconds"", ""unique_syscalls"", ""uid_is_root"", ""euid_root"", ""max_uid_euid_delta""], ""agrees_with"": ""xgb""}"
85634,3,1,T1548,1,0,0.999918818473816,0.8624513745307922,xgb_malicious_cnn_benign,MALICIOUS,1,0.92,xgb,ok,"[""Privilege state: uid_is_root and euid_root are set, max_uid_euid_delta is extremely high, indicating a significant privilege escalation."", ""Mechanism: uid_changed and auid_euid_mismatch suggest an attempt to manipulate identity, which aligns with T1548 and T1222 techniques."", ""Behavioural anomaly: failed_call_rate is low, and unique_syscalls is high, suggesting a crafted process with a specific purpose, which is uncommon in benign activity."", ""Benign-explanation test: lifetime_seconds is minimal, and there's no exec_count or shell_from_service, which contradicts typical benign admin activity."", ""Decide: the strong evidence of privilege escalation and anomalous behaviour supports XGBoost's MALICIOUS call over CNN's BENIGN call.""]","[""lifetime_seconds"", ""unique_syscalls"", ""uid_is_root"", ""euid_root"", ""max_uid_euid_delta""]","{""verdict"": ""MALICIOUS"", ""confidence"": 0.92, ""rationale_steps"": [""Privilege state: uid_is_root and euid_root are set, max_uid_euid_delta is extremely high, indicating a significant privilege escalation."", ""Mechanism: uid_changed and auid_euid_mismatch suggest an attempt to manipulate identity, which aligns with T1548 and T1222 techniques."", ""Behavioural anomaly: failed_call_rate is low, and unique_syscalls is high, suggesting a crafted process with a specific purpose, which is uncommon in benign activity."", ""Benign-explanation test: lifetime_seconds is minimal, and there's no exec_count or shell_from_service, which contradicts typical benign admin activity."", ""Decide: the strong evidence of privilege escalation and anomalous behaviour supports XGBoost's MALICIOUS call over CNN's BENIGN call.""], ""key_features"": [""lifetime_seconds"", ""unique_syscalls"", ""uid_is_root"", ""euid_root"", ""max_uid_euid_delta""], ""agrees_with"": ""xgb""}"
85645,3,1,T1548,1,0,0.999918818473816,0.8624513745307922,xgb_malicious_cnn_benign,MALICIOUS,1,0.92,xgb,ok,"[""Privilege state: uid_is_root and euid_root are set, max_uid_euid_delta is extremely high, indicating a significant privilege escalation."", ""Mechanism: uid_changed and auid_euid_mismatch suggest an attempt to manipulate identity, which aligns with T1548 and T1222 techniques."", ""Behavioural anomaly: failed_call_rate is low, and unique_syscalls is high, suggesting a crafted process with a specific purpose, which is uncommon in benign activity."", ""Benign-explanation test: lifetime_seconds is minimal, and there's no exec_count or shell_from_service, which contradicts typical benign admin activity."", ""Decide: the strong evidence of privilege escalation and anomalous behaviour supports XGBoost's MALICIOUS call over CNN's BENIGN call.""]","[""lifetime_seconds"", ""unique_syscalls"", ""uid_is_root"", ""euid_root"", ""max_uid_euid_delta""]","{""verdict"": ""MALICIOUS"", ""confidence"": 0.92, ""rationale_steps"": [""Privilege state: uid_is_root and euid_root are set, max_uid_euid_delta is extremely high, indicating a significant privilege escalation."", ""Mechanism: uid_changed and auid_euid_mismatch suggest an attempt to manipulate identity, which aligns with T1548 and T1222 techniques."", ""Behavioural anomaly: failed_call_rate is low, and unique_syscalls is high, suggesting a crafted process with a specific purpose, which is uncommon in benign activity."", ""Benign-explanation test: lifetime_seconds is minimal, and there's no exec_count or shell_from_service, which contradicts typical benign admin activity."", ""Decide: the strong evidence of privilege escalation and anomalous behaviour supports XGBoost's MALICIOUS call over CNN's BENIGN call.""], ""key_features"": [""lifetime_seconds"", ""unique_syscalls"", ""uid_is_root"", ""euid_root"", ""max_uid_euid_delta""], ""agrees_with"": ""xgb""}"
85657,3,1,T1548,1,0,0.999918818473816,0.8624513745307922,xgb_malicious_cnn_benign,MALICIOUS,1,0.92,xgb,ok,"[""Privilege state: uid_is_root and euid_root are set, max_uid_euid_delta is extremely high, indicating a significant privilege escalation."", ""Mechanism: uid_changed and auid_euid_mismatch suggest an attempt to manipulate identity, which aligns with T1548 and T1222 techniques."", ""Behavioural anomaly: failed_call_rate is low, and unique_syscalls is high, suggesting a crafted process with a specific purpose, which is uncommon in benign activity."", ""Benign-explanation test: lifetime_seconds is minimal, and there's no exec_count or shell_from_service, which contradicts typical benign admin activity."", ""Decide: the strong evidence of privilege escalation and anomalous behaviour supports XGBoost's MALICIOUS call over CNN's BENIGN call.""]","[""lifetime_seconds"", ""unique_syscalls"", ""uid_is_root"", ""euid_root"", ""max_uid_euid_delta""]","{""verdict"": ""MALICIOUS"", ""confidence"": 0.92, ""rationale_steps"": [""Privilege state: uid_is_root and euid_root are set, max_uid_euid_delta is extremely high, indicating a significant privilege escalation."", ""Mechanism: uid_changed and auid_euid_mismatch suggest an attempt to manipulate identity, which aligns with T1548 and T1222 techniques."", ""Behavioural anomaly: failed_call_rate is low, and unique_syscalls is high, suggesting a crafted process with a specific purpose, which is uncommon in benign activity."", ""Benign-explanation test: lifetime_seconds is minimal, and there's no exec_count or shell_from_service, which contradicts typical benign admin activity."", ""Decide: the strong evidence of privilege escalation and anomalous behaviour supports XGBoost's MALICIOUS call over CNN's BENIGN call.""], ""key_features"": [""lifetime_seconds"", ""unique_syscalls"", ""uid_is_root"", ""euid_root"", ""max_uid_euid_delta""], ""agrees_with"": ""xgb""}"
85664,3,1,T1548,1,0,0.999918818473816,0.8624513745307922,xgb_malicious_cnn_benign,MALICIOUS,1,0.92,xgb,ok,"[""Privilege state: uid_is_root and euid_root are set, max_uid_euid_delta is extremely high, indicating a significant privilege escalation."", ""Mechanism: uid_changed and auid_euid_mismatch suggest an attempt to manipulate identity, which aligns with T1548 and T1222 techniques."", ""Behavioural anomaly: failed_call_rate is low, and unique_syscalls is high, suggesting a crafted process with a specific purpose, which is uncommon in benign activity."", ""Benign-explanation test: lifetime_seconds is minimal, and there's no exec_count or shell_from_service, which contradicts typical benign admin activity."", ""Decide: the strong evidence of privilege escalation and anomalous behaviour supports XGBoost's MALICIOUS call over CNN's BENIGN call.""]","[""lifetime_seconds"", ""unique_syscalls"", ""uid_is_root"", ""euid_root"", ""max_uid_euid_delta""]","{""verdict"": ""MALICIOUS"", ""confidence"": 0.92, ""rationale_steps"": [""Privilege state: uid_is_root and euid_root are set, max_uid_euid_delta is extremely high, indicating a significant privilege escalation."", ""Mechanism: uid_changed and auid_euid_mismatch suggest an attempt to manipulate identity, which aligns with T1548 and T1222 techniques."", ""Behavioural anomaly: failed_call_rate is low, and unique_syscalls is high, suggesting a crafted process with a specific purpose, which is uncommon in benign activity."", ""Benign-explanation test: lifetime_seconds is minimal, and there's no exec_count or shell_from_service, which contradicts typical benign admin activity."", ""Decide: the strong evidence of privilege escalation and anomalous behaviour supports XGBoost's MALICIOUS call over CNN's BENIGN call.""], ""key_features"": [""lifetime_seconds"", ""unique_syscalls"", ""uid_is_root"", ""euid_root"", ""max_uid_euid_delta""], ""agrees_with"": ""xgb""}"
85666,3,1,T1548,1,0,0.999918818473816,0.8624513745307922,xgb_malicious_cnn_benign,MALICIOUS,1,0.92,xgb,ok,"[""Privilege state: uid_is_root and euid_root are set, max_uid_euid_delta is extremely high, indicating a significant privilege escalation."", ""Mechanism: uid_changed and auid_euid_mismatch suggest an attempt to manipulate identity, which aligns with T1548 and T1222 techniques."", ""Behavioural anomaly: failed_call_rate is low, and unique_syscalls is high, suggesting a crafted process with a specific purpose, which is uncommon in benign activity."", ""Benign-explanation test: lifetime_seconds is minimal, and there's no exec_count or shell_from_service, which contradicts typical benign admin activity."", ""Decide: the strong evidence of privilege escalation and anomalous behaviour supports XGBoost's MALICIOUS call over CNN's BENIGN call.""]","[""lifetime_seconds"", ""unique_syscalls"", ""uid_is_root"", ""euid_root"", ""max_uid_euid_delta""]","{""verdict"": ""MALICIOUS"", ""confidence"": 0.92, ""rationale_steps"": [""Privilege state: uid_is_root and euid_root are set, max_uid_euid_delta is extremely high, indicating a significant privilege escalation."", ""Mechanism: uid_changed and auid_euid_mismatch suggest an attempt to manipulate identity, which aligns with T1548 and T1222 techniques."", ""Behavioural anomaly: failed_call_rate is low, and unique_syscalls is high, suggesting a crafted process with a specific purpose, which is uncommon in benign activity."", ""Benign-explanation test: lifetime_seconds is minimal, and there's no exec_count or shell_from_service, which contradicts typical benign admin activity."", ""Decide: the strong evidence of privilege escalation and anomalous behaviour supports XGBoost's MALICIOUS call over CNN's BENIGN call.""], ""key_features"": [""lifetime_seconds"", ""unique_syscalls"", ""uid_is_root"", ""euid_root"", ""max_uid_euid_delta""], ""agrees_with"": ""xgb""}"
85675,3,1,T1548,1,0,0.999918818473816,0.8624513745307922,xgb_malicious_cnn_benign,MALICIOUS,1,0.92,xgb,ok,"[""Privilege state: uid_is_root and euid_root are set, max_uid_euid_delta is extremely high, indicating a significant privilege escalation."", ""Mechanism: uid_changed and auid_euid_mismatch suggest an attempt to manipulate identity, which aligns with T1548 and T1222 techniques."", ""Behavioural anomaly: failed_call_rate is low, and unique_syscalls is high, suggesting a crafted process with a specific purpose, which is uncommon in benign activity."", ""Benign-explanation test: lifetime_seconds is minimal, and there's no exec_count or shell_from_service, which contradicts typical benign admin activity."", ""Decide: the strong evidence of privilege escalation and anomalous behaviour supports XGBoost's MALICIOUS call over CNN's BENIGN call.""]","[""lifetime_seconds"", ""unique_syscalls"", ""uid_is_root"", ""euid_root"", ""max_uid_euid_delta""]","{""verdict"": ""MALICIOUS"", ""confidence"": 0.92, ""rationale_steps"": [""Privilege state: uid_is_root and euid_root are set, max_uid_euid_delta is extremely high, indicating a significant privilege escalation."", ""Mechanism: uid_changed and auid_euid_mismatch suggest an attempt to manipulate identity, which aligns with T1548 and T1222 techniques."", ""Behavioural anomaly: failed_call_rate is low, and unique_syscalls is high, suggesting a crafted process with a specific purpose, which is uncommon in benign activity."", ""Benign-explanation test: lifetime_seconds is minimal, and there's no exec_count or shell_from_service, which contradicts typical benign admin activity."", ""Decide: the strong evidence of privilege escalation and anomalous behaviour supports XGBoost's MALICIOUS call over CNN's BENIGN call.""], ""key_features"": [""lifetime_seconds"", ""unique_syscalls"", ""uid_is_root"", ""euid_root"", ""max_uid_euid_delta""], ""agrees_with"": ""xgb""}"
85693,3,1,T1548,1,0,0.999918818473816,0.8624513745307922,xgb_malicious_cnn_benign,MALICIOUS,1,0.92,xgb,ok,"[""Privilege state: uid_is_root and euid_root are set, max_uid_euid_delta is extremely high, indicating a significant privilege escalation."", ""Mechanism: uid_changed and auid_euid_mismatch suggest an attempt to manipulate identity, which aligns with T1548 and T1222 techniques."", ""Behavioural anomaly: failed_call_rate is low, and unique_syscalls is high, suggesting a crafted process with a specific purpose, which is uncommon in benign activity."", ""Benign-explanation test: lifetime_seconds is minimal, and there's no exec_count or shell_from_service, which contradicts typical benign admin activity."", ""Decide: the strong evidence of privilege escalation and anomalous behaviour supports XGBoost's MALICIOUS call over CNN's BENIGN call.""]","[""lifetime_seconds"", ""unique_syscalls"", ""uid_is_root"", ""euid_root"", ""max_uid_euid_delta""]","{""verdict"": ""MALICIOUS"", ""confidence"": 0.92, ""rationale_steps"": [""Privilege state: uid_is_root and euid_root are set, max_uid_euid_delta is extremely high, indicating a significant privilege escalation."", ""Mechanism: uid_changed and auid_euid_mismatch suggest an attempt to manipulate identity, which aligns with T1548 and T1222 techniques."", ""Behavioural anomaly: failed_call_rate is low, and unique_syscalls is high, suggesting a crafted process with a specific purpose, which is uncommon in benign activity."", ""Benign-explanation test: lifetime_seconds is minimal, and there's no exec_count or shell_from_service, which contradicts typical benign admin activity."", ""Decide: the strong evidence of privilege escalation and anomalous behaviour supports XGBoost's MALICIOUS call over CNN's BENIGN call.""], ""key_features"": [""lifetime_seconds"", ""unique_syscalls"", ""uid_is_root"", ""euid_root"", ""max_uid_euid_delta""], ""agrees_with"": ""xgb""}"
85702,3,1,T1548,1,0,0.999918818473816,0.8624513745307922,xgb_malicious_cnn_benign,MALICIOUS,1,0.92,xgb,ok,"[""Privilege state: uid_is_root and euid_root are set, max_uid_euid_delta is extremely high, indicating a significant privilege escalation."", ""Mechanism: uid_changed and auid_euid_mismatch suggest an attempt to manipulate identity, which aligns with T1548 and T1222 techniques."", ""Behavioural anomaly: failed_call_rate is low, and unique_syscalls is high, suggesting a crafted process with a specific purpose, which is uncommon in benign activity."", ""Benign-explanation test: lifetime_seconds is minimal, and there's no exec_count or shell_from_service, which contradicts typical benign admin activity."", ""Decide: the strong evidence of privilege escalation and anomalous behaviour supports XGBoost's MALICIOUS call over CNN's BENIGN call.""]","[""lifetime_seconds"", ""unique_syscalls"", ""uid_is_root"", ""euid_root"", ""max_uid_euid_delta""]","{""verdict"": ""MALICIOUS"", ""confidence"": 0.92, ""rationale_steps"": [""Privilege state: uid_is_root and euid_root are set, max_uid_euid_delta is extremely high, indicating a significant privilege escalation."", ""Mechanism: uid_changed and auid_euid_mismatch suggest an attempt to manipulate identity, which aligns with T1548 and T1222 techniques."", ""Behavioural anomaly: failed_call_rate is low, and unique_syscalls is high, suggesting a crafted process with a specific purpose, which is uncommon in benign activity."", ""Benign-explanation test: lifetime_seconds is minimal, and there's no exec_count or shell_from_service, which contradicts typical benign admin activity."", ""Decide: the strong evidence of privilege escalation and anomalous behaviour supports XGBoost's MALICIOUS call over CNN's BENIGN call.""], ""key_features"": [""lifetime_seconds"", ""unique_syscalls"", ""uid_is_root"", ""euid_root"", ""max_uid_euid_delta""], ""agrees_with"": ""xgb""}"
85741,3,1,T1548,1,0,0.999918818473816,0.8624513745307922,xgb_malicious_cnn_benign,MALICIOUS,1,0.92,xgb,ok,"[""Privilege state: uid_is_root and euid_root are set, max_uid_euid_delta is extremely high, indicating a significant privilege escalation."", ""Mechanism: uid_changed and auid_euid_mismatch suggest an attempt to manipulate identity, which aligns with T1548 and T1222 techniques."", ""Behavioural anomaly: failed_call_rate is low, and unique_syscalls is high, suggesting a crafted process with a specific purpose, which is uncommon in benign activity."", ""Benign-explanation test: lifetime_seconds is minimal, and there's no exec_count or shell_from_service, which contradicts typical benign admin activity."", ""Decide: the strong evidence of privilege escalation and anomalous behaviour supports XGBoost's MALICIOUS call over CNN's BENIGN call.""]","[""lifetime_seconds"", ""unique_syscalls"", ""uid_is_root"", ""euid_root"", ""max_uid_euid_delta""]","{""verdict"": ""MALICIOUS"", ""confidence"": 0.92, ""rationale_steps"": [""Privilege state: uid_is_root and euid_root are set, max_uid_euid_delta is extremely high, indicating a significant privilege escalation."", ""Mechanism: uid_changed and auid_euid_mismatch suggest an attempt to manipulate identity, which aligns with T1548 and T1222 techniques."", ""Behavioural anomaly: failed_call_rate is low, and unique_syscalls is high, suggesting a crafted process with a specific purpose, which is uncommon in benign activity."", ""Benign-explanation test: lifetime_seconds is minimal, and there's no exec_count or shell_from_service, which contradicts typical benign admin activity."", ""Decide: the strong evidence of privilege escalation and anomalous behaviour supports XGBoost's MALICIOUS call over CNN's BENIGN call.""], ""key_features"": [""lifetime_seconds"", ""unique_syscalls"", ""uid_is_root"", ""euid_root"", ""max_uid_euid_delta""], ""agrees_with"": ""xgb""}"
85744,3,1,T1548,1,0,0.999918818473816,0.8624513745307922,xgb_malicious_cnn_benign,MALICIOUS,1,0.92,xgb,ok,"[""Privilege state: uid_is_root and euid_root are set, max_uid_euid_delta is extremely high, indicating a significant privilege escalation."", ""Mechanism: uid_changed and auid_euid_mismatch suggest an attempt to manipulate identity, which aligns with T1548 and T1222 techniques."", ""Behavioural anomaly: failed_call_rate is low, and unique_syscalls is high, suggesting a crafted process with a specific purpose, which is uncommon in benign activity."", ""Benign-explanation test: lifetime_seconds is minimal, and there's no exec_count or shell_from_service, which contradicts typical benign admin activity."", ""Decide: the strong evidence of privilege escalation and anomalous behaviour supports XGBoost's MALICIOUS call over CNN's BENIGN call.""]","[""lifetime_seconds"", ""unique_syscalls"", ""uid_is_root"", ""euid_root"", ""max_uid_euid_delta""]","{""verdict"": ""MALICIOUS"", ""confidence"": 0.92, ""rationale_steps"": [""Privilege state: uid_is_root and euid_root are set, max_uid_euid_delta is extremely high, indicating a significant privilege escalation."", ""Mechanism: uid_changed and auid_euid_mismatch suggest an attempt to manipulate identity, which aligns with T1548 and T1222 techniques."", ""Behavioural anomaly: failed_call_rate is low, and unique_syscalls is high, suggesting a crafted process with a specific purpose, which is uncommon in benign activity."", ""Benign-explanation test: lifetime_seconds is minimal, and there's no exec_count or shell_from_service, which contradicts typical benign admin activity."", ""Decide: the strong evidence of privilege escalation and anomalous behaviour supports XGBoost's MALICIOUS call over CNN's BENIGN call.""], ""key_features"": [""lifetime_seconds"", ""unique_syscalls"", ""uid_is_root"", ""euid_root"", ""max_uid_euid_delta""], ""agrees_with"": ""xgb""}"
85760,3,1,T1548,1,0,0.999918818473816,0.8624513745307922,xgb_malicious_cnn_benign,MALICIOUS,1,0.92,xgb,ok,"[""Privilege state: uid_is_root and euid_root are set, max_uid_euid_delta is extremely high, indicating a significant privilege escalation."", ""Mechanism: uid_changed and auid_euid_mismatch suggest an attempt to manipulate identity, which aligns with T1548 and T1222 techniques."", ""Behavioural anomaly: failed_call_rate is low, and unique_syscalls is high, suggesting a crafted process with a specific purpose, which is uncommon in benign activity."", ""Benign-explanation test: lifetime_seconds is minimal, and there's no exec_count or shell_from_service, which contradicts typical benign admin activity."", ""Decide: the strong evidence of privilege escalation and anomalous behaviour supports XGBoost's MALICIOUS call over CNN's BENIGN call.""]","[""lifetime_seconds"", ""unique_syscalls"", ""uid_is_root"", ""euid_root"", ""max_uid_euid_delta""]","{""verdict"": ""MALICIOUS"", ""confidence"": 0.92, ""rationale_steps"": [""Privilege state: uid_is_root and euid_root are set, max_uid_euid_delta is extremely high, indicating a significant privilege escalation."", ""Mechanism: uid_changed and auid_euid_mismatch suggest an attempt to manipulate identity, which aligns with T1548 and T1222 techniques."", ""Behavioural anomaly: failed_call_rate is low, and unique_syscalls is high, suggesting a crafted process with a specific purpose, which is uncommon in benign activity."", ""Benign-explanation test: lifetime_seconds is minimal, and there's no exec_count or shell_from_service, which contradicts typical benign admin activity."", ""Decide: the strong evidence of privilege escalation and anomalous behaviour supports XGBoost's MALICIOUS call over CNN's BENIGN call.""], ""key_features"": [""lifetime_seconds"", ""unique_syscalls"", ""uid_is_root"", ""euid_root"", ""max_uid_euid_delta""], ""agrees_with"": ""xgb""}"
85778,3,1,T1548,1,0,0.999918818473816,0.8624513745307922,xgb_malicious_cnn_benign,MALICIOUS,1,0.92,xgb,ok,"[""Privilege state: uid_is_root and euid_root are set, max_uid_euid_delta is extremely high, indicating a significant privilege escalation."", ""Mechanism: uid_changed and auid_euid_mismatch suggest an attempt to manipulate identity, which aligns with T1548 and T1222 techniques."", ""Behavioural anomaly: failed_call_rate is low, and unique_syscalls is high, suggesting a crafted process with a specific purpose, which is uncommon in benign activity."", ""Benign-explanation test: lifetime_seconds is minimal, and there's no exec_count or shell_from_service, which contradicts typical benign admin activity."", ""Decide: the strong evidence of privilege escalation and anomalous behaviour supports XGBoost's MALICIOUS call over CNN's BENIGN call.""]","[""lifetime_seconds"", ""unique_syscalls"", ""uid_is_root"", ""euid_root"", ""max_uid_euid_delta""]","{""verdict"": ""MALICIOUS"", ""confidence"": 0.92, ""rationale_steps"": [""Privilege state: uid_is_root and euid_root are set, max_uid_euid_delta is extremely high, indicating a significant privilege escalation."", ""Mechanism: uid_changed and auid_euid_mismatch suggest an attempt to manipulate identity, which aligns with T1548 and T1222 techniques."", ""Behavioural anomaly: failed_call_rate is low, and unique_syscalls is high, suggesting a crafted process with a specific purpose, which is uncommon in benign activity."", ""Benign-explanation test: lifetime_seconds is minimal, and there's no exec_count or shell_from_service, which contradicts typical benign admin activity."", ""Decide: the strong evidence of privilege escalation and anomalous behaviour supports XGBoost's MALICIOUS call over CNN's BENIGN call.""], ""key_features"": [""lifetime_seconds"", ""unique_syscalls"", ""uid_is_root"", ""euid_root"", ""max_uid_euid_delta""], ""agrees_with"": ""xgb""}"
85787,3,1,T1548,1,0,0.999918818473816,0.8624513745307922,xgb_malicious_cnn_benign,MALICIOUS,1,0.92,xgb,ok,"[""Privilege state: uid_is_root and euid_root are set, max_uid_euid_delta is extremely high, indicating a significant privilege escalation."", ""Mechanism: uid_changed and auid_euid_mismatch suggest an attempt to manipulate identity, which aligns with T1548 and T1222 techniques."", ""Behavioural anomaly: failed_call_rate is low, and unique_syscalls is high, suggesting a crafted process with a specific purpose, which is uncommon in benign activity."", ""Benign-explanation test: lifetime_seconds is minimal, and there's no exec_count or shell_from_service, which contradicts typical benign admin activity."", ""Decide: the strong evidence of privilege escalation and anomalous behaviour supports XGBoost's MALICIOUS call over CNN's BENIGN call.""]","[""lifetime_seconds"", ""unique_syscalls"", ""uid_is_root"", ""euid_root"", ""max_uid_euid_delta""]","{""verdict"": ""MALICIOUS"", ""confidence"": 0.92, ""rationale_steps"": [""Privilege state: uid_is_root and euid_root are set, max_uid_euid_delta is extremely high, indicating a significant privilege escalation."", ""Mechanism: uid_changed and auid_euid_mismatch suggest an attempt to manipulate identity, which aligns with T1548 and T1222 techniques."", ""Behavioural anomaly: failed_call_rate is low, and unique_syscalls is high, suggesting a crafted process with a specific purpose, which is uncommon in benign activity."", ""Benign-explanation test: lifetime_seconds is minimal, and there's no exec_count or shell_from_service, which contradicts typical benign admin activity."", ""Decide: the strong evidence of privilege escalation and anomalous behaviour supports XGBoost's MALICIOUS call over CNN's BENIGN call.""], ""key_features"": [""lifetime_seconds"", ""unique_syscalls"", ""uid_is_root"", ""euid_root"", ""max_uid_euid_delta""], ""agrees_with"": ""xgb""}"
85805,3,1,T1548,1,0,0.999918818473816,0.8624513745307922,xgb_malicious_cnn_benign,MALICIOUS,1,0.92,xgb,ok,"[""Privilege state: uid_is_root and euid_root are set, max_uid_euid_delta is extremely high, indicating a significant privilege escalation."", ""Mechanism: uid_changed and auid_euid_mismatch suggest an attempt to manipulate identity, which aligns with T1548 and T1222 techniques."", ""Behavioural anomaly: failed_call_rate is low, and unique_syscalls is high, suggesting a crafted process with a specific purpose, which is uncommon in benign activity."", ""Benign-explanation test: lifetime_seconds is minimal, and there's no exec_count or shell_from_service, which contradicts typical benign admin activity."", ""Decide: the strong evidence of privilege escalation and anomalous behaviour supports XGBoost's MALICIOUS call over CNN's BENIGN call.""]","[""lifetime_seconds"", ""unique_syscalls"", ""uid_is_root"", ""euid_root"", ""max_uid_euid_delta""]","{""verdict"": ""MALICIOUS"", ""confidence"": 0.92, ""rationale_steps"": [""Privilege state: uid_is_root and euid_root are set, max_uid_euid_delta is extremely high, indicating a significant privilege escalation."", ""Mechanism: uid_changed and auid_euid_mismatch suggest an attempt to manipulate identity, which aligns with T1548 and T1222 techniques."", ""Behavioural anomaly: failed_call_rate is low, and unique_syscalls is high, suggesting a crafted process with a specific purpose, which is uncommon in benign activity."", ""Benign-explanation test: lifetime_seconds is minimal, and there's no exec_count or shell_from_service, which contradicts typical benign admin activity."", ""Decide: the strong evidence of privilege escalation and anomalous behaviour supports XGBoost's MALICIOUS call over CNN's BENIGN call.""], ""key_features"": [""lifetime_seconds"", ""unique_syscalls"", ""uid_is_root"", ""euid_root"", ""max_uid_euid_delta""], ""agrees_with"": ""xgb""}"
85810,3,1,T1548,1,0,0.999918818473816,0.8624513745307922,xgb_malicious_cnn_benign,MALICIOUS,1,0.92,xgb,ok,"[""Privilege state: uid_is_root and euid_root are set, max_uid_euid_delta is extremely high, indicating a significant privilege escalation."", ""Mechanism: uid_changed and auid_euid_mismatch suggest an attempt to manipulate identity, which aligns with T1548 and T1222 techniques."", ""Behavioural anomaly: failed_call_rate is low, and unique_syscalls is high, suggesting a crafted process with a specific purpose, which is uncommon in benign activity."", ""Benign-explanation test: lifetime_seconds is minimal, and there's no exec_count or shell_from_service, which contradicts typical benign admin activity."", ""Decide: the strong evidence of privilege escalation and anomalous behaviour supports XGBoost's MALICIOUS call over CNN's BENIGN call.""]","[""lifetime_seconds"", ""unique_syscalls"", ""uid_is_root"", ""euid_root"", ""max_uid_euid_delta""]","{""verdict"": ""MALICIOUS"", ""confidence"": 0.92, ""rationale_steps"": [""Privilege state: uid_is_root and euid_root are set, max_uid_euid_delta is extremely high, indicating a significant privilege escalation."", ""Mechanism: uid_changed and auid_euid_mismatch suggest an attempt to manipulate identity, which aligns with T1548 and T1222 techniques."", ""Behavioural anomaly: failed_call_rate is low, and unique_syscalls is high, suggesting a crafted process with a specific purpose, which is uncommon in benign activity."", ""Benign-explanation test: lifetime_seconds is minimal, and there's no exec_count or shell_from_service, which contradicts typical benign admin activity."", ""Decide: the strong evidence of privilege escalation and anomalous behaviour supports XGBoost's MALICIOUS call over CNN's BENIGN call.""], ""key_features"": [""lifetime_seconds"", ""unique_syscalls"", ""uid_is_root"", ""euid_root"", ""max_uid_euid_delta""], ""agrees_with"": ""xgb""}"
85813,3,1,T1548,1,0,0.999918818473816,0.8624513745307922,xgb_malicious_cnn_benign,MALICIOUS,1,0.92,xgb,ok,"[""Privilege state: uid_is_root and euid_root are set, max_uid_euid_delta is extremely high, indicating a significant privilege escalation."", ""Mechanism: uid_changed and auid_euid_mismatch suggest an attempt to manipulate identity, which aligns with T1548 and T1222 techniques."", ""Behavioural anomaly: failed_call_rate is low, and unique_syscalls is high, suggesting a crafted process with a specific purpose, which is uncommon in benign activity."", ""Benign-explanation test: lifetime_seconds is minimal, and there's no exec_count or shell_from_service, which contradicts typical benign admin activity."", ""Decide: the strong evidence of privilege escalation and anomalous behaviour supports XGBoost's MALICIOUS call over CNN's BENIGN call.""]","[""lifetime_seconds"", ""unique_syscalls"", ""uid_is_root"", ""euid_root"", ""max_uid_euid_delta""]","{""verdict"": ""MALICIOUS"", ""confidence"": 0.92, ""rationale_steps"": [""Privilege state: uid_is_root and euid_root are set, max_uid_euid_delta is extremely high, indicating a significant privilege escalation."", ""Mechanism: uid_changed and auid_euid_mismatch suggest an attempt to manipulate identity, which aligns with T1548 and T1222 techniques."", ""Behavioural anomaly: failed_call_rate is low, and unique_syscalls is high, suggesting a crafted process with a specific purpose, which is uncommon in benign activity."", ""Benign-explanation test: lifetime_seconds is minimal, and there's no exec_count or shell_from_service, which contradicts typical benign admin activity."", ""Decide: the strong evidence of privilege escalation and anomalous behaviour supports XGBoost's MALICIOUS call over CNN's BENIGN call.""], ""key_features"": [""lifetime_seconds"", ""unique_syscalls"", ""uid_is_root"", ""euid_root"", ""max_uid_euid_delta""], ""agrees_with"": ""xgb""}"
85816,3,1,T1548,1,0,0.999918818473816,0.8624513745307922,xgb_malicious_cnn_benign,MALICIOUS,1,0.92,xgb,ok,"[""Privilege state: uid_is_root and euid_root are set, max_uid_euid_delta is extremely high, indicating a significant privilege escalation."", ""Mechanism: uid_changed and auid_euid_mismatch suggest an attempt to manipulate identity, which aligns with T1548 and T1222 techniques."", ""Behavioural anomaly: failed_call_rate is low, and unique_syscalls is high, suggesting a crafted process with a specific purpose, which is uncommon in benign activity."", ""Benign-explanation test: lifetime_seconds is minimal, and there's no exec_count or shell_from_service, which contradicts typical benign admin activity."", ""Decide: the strong evidence of privilege escalation and anomalous behaviour supports XGBoost's MALICIOUS call over CNN's BENIGN call.""]","[""lifetime_seconds"", ""unique_syscalls"", ""uid_is_root"", ""euid_root"", ""max_uid_euid_delta""]","{""verdict"": ""MALICIOUS"", ""confidence"": 0.92, ""rationale_steps"": [""Privilege state: uid_is_root and euid_root are set, max_uid_euid_delta is extremely high, indicating a significant privilege escalation."", ""Mechanism: uid_changed and auid_euid_mismatch suggest an attempt to manipulate identity, which aligns with T1548 and T1222 techniques."", ""Behavioural anomaly: failed_call_rate is low, and unique_syscalls is high, suggesting a crafted process with a specific purpose, which is uncommon in benign activity."", ""Benign-explanation test: lifetime_seconds is minimal, and there's no exec_count or shell_from_service, which contradicts typical benign admin activity."", ""Decide: the strong evidence of privilege escalation and anomalous behaviour supports XGBoost's MALICIOUS call over CNN's BENIGN call.""], ""key_features"": [""lifetime_seconds"", ""unique_syscalls"", ""uid_is_root"", ""euid_root"", ""max_uid_euid_delta""], ""agrees_with"": ""xgb""}"
85824,3,1,T1548,1,0,0.999918818473816,0.8624513745307922,xgb_malicious_cnn_benign,MALICIOUS,1,0.92,xgb,ok,"[""Privilege state: uid_is_root and euid_root are set, max_uid_euid_delta is extremely high, indicating a significant privilege escalation."", ""Mechanism: uid_changed and auid_euid_mismatch suggest an attempt to manipulate identity, which aligns with T1548 and T1222 techniques."", ""Behavioural anomaly: failed_call_rate is low, and unique_syscalls is high, suggesting a crafted process with a specific purpose, which is uncommon in benign activity."", ""Benign-explanation test: lifetime_seconds is minimal, and there's no exec_count or shell_from_service, which contradicts typical benign admin activity."", ""Decide: the strong evidence of privilege escalation and anomalous behaviour supports XGBoost's MALICIOUS call over CNN's BENIGN call.""]","[""lifetime_seconds"", ""unique_syscalls"", ""uid_is_root"", ""euid_root"", ""max_uid_euid_delta""]","{""verdict"": ""MALICIOUS"", ""confidence"": 0.92, ""rationale_steps"": [""Privilege state: uid_is_root and euid_root are set, max_uid_euid_delta is extremely high, indicating a significant privilege escalation."", ""Mechanism: uid_changed and auid_euid_mismatch suggest an attempt to manipulate identity, which aligns with T1548 and T1222 techniques."", ""Behavioural anomaly: failed_call_rate is low, and unique_syscalls is high, suggesting a crafted process with a specific purpose, which is uncommon in benign activity."", ""Benign-explanation test: lifetime_seconds is minimal, and there's no exec_count or shell_from_service, which contradicts typical benign admin activity."", ""Decide: the strong evidence of privilege escalation and anomalous behaviour supports XGBoost's MALICIOUS call over CNN's BENIGN call.""], ""key_features"": [""lifetime_seconds"", ""unique_syscalls"", ""uid_is_root"", ""euid_root"", ""max_uid_euid_delta""], ""agrees_with"": ""xgb""}"
85830,3,1,T1548,1,0,0.999918818473816,0.8624513745307922,xgb_malicious_cnn_benign,MALICIOUS,1,0.92,xgb,ok,"[""Privilege state: uid_is_root and euid_root are set, max_uid_euid_delta is extremely high, indicating a significant privilege escalation."", ""Mechanism: uid_changed and auid_euid_mismatch suggest an attempt to manipulate identity, which aligns with T1548 and T1222 techniques."", ""Behavioural anomaly: failed_call_rate is low, and unique_syscalls is high, suggesting a crafted process with a specific purpose, which is uncommon in benign activity."", ""Benign-explanation test: lifetime_seconds is minimal, and there's no exec_count or shell_from_service, which contradicts typical benign admin activity."", ""Decide: the strong evidence of privilege escalation and anomalous behaviour supports XGBoost's MALICIOUS call over CNN's BENIGN call.""]","[""lifetime_seconds"", ""unique_syscalls"", ""uid_is_root"", ""euid_root"", ""max_uid_euid_delta""]","{""verdict"": ""MALICIOUS"", ""confidence"": 0.92, ""rationale_steps"": [""Privilege state: uid_is_root and euid_root are set, max_uid_euid_delta is extremely high, indicating a significant privilege escalation."", ""Mechanism: uid_changed and auid_euid_mismatch suggest an attempt to manipulate identity, which aligns with T1548 and T1222 techniques."", ""Behavioural anomaly: failed_call_rate is low, and unique_syscalls is high, suggesting a crafted process with a specific purpose, which is uncommon in benign activity."", ""Benign-explanation test: lifetime_seconds is minimal, and there's no exec_count or shell_from_service, which contradicts typical benign admin activity."", ""Decide: the strong evidence of privilege escalation and anomalous behaviour supports XGBoost's MALICIOUS call over CNN's BENIGN call.""], ""key_features"": [""lifetime_seconds"", ""unique_syscalls"", ""uid_is_root"", ""euid_root"", ""max_uid_euid_delta""], ""agrees_with"": ""xgb""}"
85832,3,1,T1548,1,0,0.999918818473816,0.8624513745307922,xgb_malicious_cnn_benign,MALICIOUS,1,0.92,xgb,ok,"[""Privilege state: uid_is_root and euid_root are set, max_uid_euid_delta is extremely high, indicating a significant privilege escalation."", ""Mechanism: uid_changed and auid_euid_mismatch suggest an attempt to manipulate identity, which aligns with T1548 and T1222 techniques."", ""Behavioural anomaly: failed_call_rate is low, and unique_syscalls is high, suggesting a crafted process with a specific purpose, which is uncommon in benign activity."", ""Benign-explanation test: lifetime_seconds is minimal, and there's no exec_count or shell_from_service, which contradicts typical benign admin activity."", ""Decide: the strong evidence of privilege escalation and anomalous behaviour supports XGBoost's MALICIOUS call over CNN's BENIGN call.""]","[""lifetime_seconds"", ""unique_syscalls"", ""uid_is_root"", ""euid_root"", ""max_uid_euid_delta""]","{""verdict"": ""MALICIOUS"", ""confidence"": 0.92, ""rationale_steps"": [""Privilege state: uid_is_root and euid_root are set, max_uid_euid_delta is extremely high, indicating a significant privilege escalation."", ""Mechanism: uid_changed and auid_euid_mismatch suggest an attempt to manipulate identity, which aligns with T1548 and T1222 techniques."", ""Behavioural anomaly: failed_call_rate is low, and unique_syscalls is high, suggesting a crafted process with a specific purpose, which is uncommon in benign activity."", ""Benign-explanation test: lifetime_seconds is minimal, and there's no exec_count or shell_from_service, which contradicts typical benign admin activity."", ""Decide: the strong evidence of privilege escalation and anomalous behaviour supports XGBoost's MALICIOUS call over CNN's BENIGN call.""], ""key_features"": [""lifetime_seconds"", ""unique_syscalls"", ""uid_is_root"", ""euid_root"", ""max_uid_euid_delta""], ""agrees_with"": ""xgb""}"
85838,3,1,T1548,1,0,0.999918818473816,0.8624513745307922,xgb_malicious_cnn_benign,MALICIOUS,1,0.92,xgb,ok,"[""Privilege state: uid_is_root and euid_root are set, max_uid_euid_delta is extremely high, indicating a significant privilege escalation."", ""Mechanism: uid_changed and auid_euid_mismatch suggest an attempt to manipulate identity, which aligns with T1548 and T1222 techniques."", ""Behavioural anomaly: failed_call_rate is low, and unique_syscalls is high, suggesting a crafted process with a specific purpose, which is uncommon in benign activity."", ""Benign-explanation test: lifetime_seconds is minimal, and there's no exec_count or shell_from_service, which contradicts typical benign admin activity."", ""Decide: the strong evidence of privilege escalation and anomalous behaviour supports XGBoost's MALICIOUS call over CNN's BENIGN call.""]","[""lifetime_seconds"", ""unique_syscalls"", ""uid_is_root"", ""euid_root"", ""max_uid_euid_delta""]","{""verdict"": ""MALICIOUS"", ""confidence"": 0.92, ""rationale_steps"": [""Privilege state: uid_is_root and euid_root are set, max_uid_euid_delta is extremely high, indicating a significant privilege escalation."", ""Mechanism: uid_changed and auid_euid_mismatch suggest an attempt to manipulate identity, which aligns with T1548 and T1222 techniques."", ""Behavioural anomaly: failed_call_rate is low, and unique_syscalls is high, suggesting a crafted process with a specific purpose, which is uncommon in benign activity."", ""Benign-explanation test: lifetime_seconds is minimal, and there's no exec_count or shell_from_service, which contradicts typical benign admin activity."", ""Decide: the strong evidence of privilege escalation and anomalous behaviour supports XGBoost's MALICIOUS call over CNN's BENIGN call.""], ""key_features"": [""lifetime_seconds"", ""unique_syscalls"", ""uid_is_root"", ""euid_root"", ""max_uid_euid_delta""], ""agrees_with"": ""xgb""}"
85846,3,1,T1548,1,0,0.999918818473816,0.8624513745307922,xgb_malicious_cnn_benign,MALICIOUS,1,0.92,xgb,ok,"[""Privilege state: uid_is_root and euid_root are set, max_uid_euid_delta is extremely high, indicating a significant privilege escalation."", ""Mechanism: uid_changed and auid_euid_mismatch suggest an attempt to manipulate identity, which aligns with T1548 and T1222 techniques."", ""Behavioural anomaly: failed_call_rate is low, and unique_syscalls is high, suggesting a crafted process with a specific purpose, which is uncommon in benign activity."", ""Benign-explanation test: lifetime_seconds is minimal, and there's no exec_count or shell_from_service, which contradicts typical benign admin activity."", ""Decide: the strong evidence of privilege escalation and anomalous behaviour supports XGBoost's MALICIOUS call over CNN's BENIGN call.""]","[""lifetime_seconds"", ""unique_syscalls"", ""uid_is_root"", ""euid_root"", ""max_uid_euid_delta""]","{""verdict"": ""MALICIOUS"", ""confidence"": 0.92, ""rationale_steps"": [""Privilege state: uid_is_root and euid_root are set, max_uid_euid_delta is extremely high, indicating a significant privilege escalation."", ""Mechanism: uid_changed and auid_euid_mismatch suggest an attempt to manipulate identity, which aligns with T1548 and T1222 techniques."", ""Behavioural anomaly: failed_call_rate is low, and unique_syscalls is high, suggesting a crafted process with a specific purpose, which is uncommon in benign activity."", ""Benign-explanation test: lifetime_seconds is minimal, and there's no exec_count or shell_from_service, which contradicts typical benign admin activity."", ""Decide: the strong evidence of privilege escalation and anomalous behaviour supports XGBoost's MALICIOUS call over CNN's BENIGN call.""], ""key_features"": [""lifetime_seconds"", ""unique_syscalls"", ""uid_is_root"", ""euid_root"", ""max_uid_euid_delta""], ""agrees_with"": ""xgb""}"
85858,3,1,T1548,1,0,0.999918818473816,0.8624513745307922,xgb_malicious_cnn_benign,MALICIOUS,1,0.92,xgb,ok,"[""Privilege state: uid_is_root and euid_root are set, max_uid_euid_delta is extremely high, indicating a significant privilege escalation."", ""Mechanism: uid_changed and auid_euid_mismatch suggest an attempt to manipulate identity, which aligns with T1548 and T1222 techniques."", ""Behavioural anomaly: failed_call_rate is low, and unique_syscalls is high, suggesting a crafted process with a specific purpose, which is uncommon in benign activity."", ""Benign-explanation test: lifetime_seconds is minimal, and there's no exec_count or shell_from_service, which contradicts typical benign admin activity."", ""Decide: the strong evidence of privilege escalation and anomalous behaviour supports XGBoost's MALICIOUS call over CNN's BENIGN call.""]","[""lifetime_seconds"", ""unique_syscalls"", ""uid_is_root"", ""euid_root"", ""max_uid_euid_delta""]","{""verdict"": ""MALICIOUS"", ""confidence"": 0.92, ""rationale_steps"": [""Privilege state: uid_is_root and euid_root are set, max_uid_euid_delta is extremely high, indicating a significant privilege escalation."", ""Mechanism: uid_changed and auid_euid_mismatch suggest an attempt to manipulate identity, which aligns with T1548 and T1222 techniques."", ""Behavioural anomaly: failed_call_rate is low, and unique_syscalls is high, suggesting a crafted process with a specific purpose, which is uncommon in benign activity."", ""Benign-explanation test: lifetime_seconds is minimal, and there's no exec_count or shell_from_service, which contradicts typical benign admin activity."", ""Decide: the strong evidence of privilege escalation and anomalous behaviour supports XGBoost's MALICIOUS call over CNN's BENIGN call.""], ""key_features"": [""lifetime_seconds"", ""unique_syscalls"", ""uid_is_root"", ""euid_root"", ""max_uid_euid_delta""], ""agrees_with"": ""xgb""}"
85859,3,1,T1548,1,0,0.999918818473816,0.8624513745307922,xgb_malicious_cnn_benign,MALICIOUS,1,0.92,xgb,ok,"[""Privilege state: uid_is_root and euid_root are set, max_uid_euid_delta is extremely high, indicating a significant privilege escalation."", ""Mechanism: uid_changed and auid_euid_mismatch suggest an attempt to manipulate identity, which aligns with T1548 and T1222 techniques."", ""Behavioural anomaly: failed_call_rate is low, and unique_syscalls is high, suggesting a crafted process with a specific purpose, which is uncommon in benign activity."", ""Benign-explanation test: lifetime_seconds is minimal, and there's no exec_count or shell_from_service, which contradicts typical benign admin activity."", ""Decide: the strong evidence of privilege escalation and anomalous behaviour supports XGBoost's MALICIOUS call over CNN's BENIGN call.""]","[""lifetime_seconds"", ""unique_syscalls"", ""uid_is_root"", ""euid_root"", ""max_uid_euid_delta""]","{""verdict"": ""MALICIOUS"", ""confidence"": 0.92, ""rationale_steps"": [""Privilege state: uid_is_root and euid_root are set, max_uid_euid_delta is extremely high, indicating a significant privilege escalation."", ""Mechanism: uid_changed and auid_euid_mismatch suggest an attempt to manipulate identity, which aligns with T1548 and T1222 techniques."", ""Behavioural anomaly: failed_call_rate is low, and unique_syscalls is high, suggesting a crafted process with a specific purpose, which is uncommon in benign activity."", ""Benign-explanation test: lifetime_seconds is minimal, and there's no exec_count or shell_from_service, which contradicts typical benign admin activity."", ""Decide: the strong evidence of privilege escalation and anomalous behaviour supports XGBoost's MALICIOUS call over CNN's BENIGN call.""], ""key_features"": [""lifetime_seconds"", ""unique_syscalls"", ""uid_is_root"", ""euid_root"", ""max_uid_euid_delta""], ""agrees_with"": ""xgb""}"
85866,3,1,T1548,1,0,0.999918818473816,0.8624513745307922,xgb_malicious_cnn_benign,MALICIOUS,1,0.92,xgb,ok,"[""Privilege state: uid_is_root and euid_root are set, max_uid_euid_delta is extremely high, indicating a significant privilege escalation."", ""Mechanism: uid_changed and auid_euid_mismatch suggest an attempt to manipulate identity, which aligns with T1548 and T1222 techniques."", ""Behavioural anomaly: failed_call_rate is low, and unique_syscalls is high, suggesting a crafted process with a specific purpose, which is uncommon in benign activity."", ""Benign-explanation test: lifetime_seconds is minimal, and there's no exec_count or shell_from_service, which contradicts typical benign admin activity."", ""Decide: the strong evidence of privilege escalation and anomalous behaviour supports XGBoost's MALICIOUS call over CNN's BENIGN call.""]","[""lifetime_seconds"", ""unique_syscalls"", ""uid_is_root"", ""euid_root"", ""max_uid_euid_delta""]","{""verdict"": ""MALICIOUS"", ""confidence"": 0.92, ""rationale_steps"": [""Privilege state: uid_is_root and euid_root are set, max_uid_euid_delta is extremely high, indicating a significant privilege escalation."", ""Mechanism: uid_changed and auid_euid_mismatch suggest an attempt to manipulate identity, which aligns with T1548 and T1222 techniques."", ""Behavioural anomaly: failed_call_rate is low, and unique_syscalls is high, suggesting a crafted process with a specific purpose, which is uncommon in benign activity."", ""Benign-explanation test: lifetime_seconds is minimal, and there's no exec_count or shell_from_service, which contradicts typical benign admin activity."", ""Decide: the strong evidence of privilege escalation and anomalous behaviour supports XGBoost's MALICIOUS call over CNN's BENIGN call.""], ""key_features"": [""lifetime_seconds"", ""unique_syscalls"", ""uid_is_root"", ""euid_root"", ""max_uid_euid_delta""], ""agrees_with"": ""xgb""}"
85890,3,1,T1548,1,0,0.999918818473816,0.8624513745307922,xgb_malicious_cnn_benign,MALICIOUS,1,0.92,xgb,ok,"[""Privilege state: uid_is_root and euid_root are set, max_uid_euid_delta is extremely high, indicating a significant privilege escalation."", ""Mechanism: uid_changed and auid_euid_mismatch suggest an attempt to manipulate identity, which aligns with T1548 and T1222 techniques."", ""Behavioural anomaly: failed_call_rate is low, and unique_syscalls is high, suggesting a crafted process with a specific purpose, which is uncommon in benign activity."", ""Benign-explanation test: lifetime_seconds is minimal, and there's no exec_count or shell_from_service, which contradicts typical benign admin activity."", ""Decide: the strong evidence of privilege escalation and anomalous behaviour supports XGBoost's MALICIOUS call over CNN's BENIGN call.""]","[""lifetime_seconds"", ""unique_syscalls"", ""uid_is_root"", ""euid_root"", ""max_uid_euid_delta""]","{""verdict"": ""MALICIOUS"", ""confidence"": 0.92, ""rationale_steps"": [""Privilege state: uid_is_root and euid_root are set, max_uid_euid_delta is extremely high, indicating a significant privilege escalation."", ""Mechanism: uid_changed and auid_euid_mismatch suggest an attempt to manipulate identity, which aligns with T1548 and T1222 techniques."", ""Behavioural anomaly: failed_call_rate is low, and unique_syscalls is high, suggesting a crafted process with a specific purpose, which is uncommon in benign activity."", ""Benign-explanation test: lifetime_seconds is minimal, and there's no exec_count or shell_from_service, which contradicts typical benign admin activity."", ""Decide: the strong evidence of privilege escalation and anomalous behaviour supports XGBoost's MALICIOUS call over CNN's BENIGN call.""], ""key_features"": [""lifetime_seconds"", ""unique_syscalls"", ""uid_is_root"", ""euid_root"", ""max_uid_euid_delta""], ""agrees_with"": ""xgb""}"
85901,3,1,T1548,1,0,0.999918818473816,0.8624513745307922,xgb_malicious_cnn_benign,MALICIOUS,1,0.92,xgb,ok,"[""Privilege state: uid_is_root and euid_root are set, max_uid_euid_delta is extremely high, indicating a significant privilege escalation."", ""Mechanism: uid_changed and auid_euid_mismatch suggest an attempt to manipulate identity, which aligns with T1548 and T1222 techniques."", ""Behavioural anomaly: failed_call_rate is low, and unique_syscalls is high, suggesting a crafted process with a specific purpose, which is uncommon in benign activity."", ""Benign-explanation test: lifetime_seconds is minimal, and there's no exec_count or shell_from_service, which contradicts typical benign admin activity."", ""Decide: the strong evidence of privilege escalation and anomalous behaviour supports XGBoost's MALICIOUS call over CNN's BENIGN call.""]","[""lifetime_seconds"", ""unique_syscalls"", ""uid_is_root"", ""euid_root"", ""max_uid_euid_delta""]","{""verdict"": ""MALICIOUS"", ""confidence"": 0.92, ""rationale_steps"": [""Privilege state: uid_is_root and euid_root are set, max_uid_euid_delta is extremely high, indicating a significant privilege escalation."", ""Mechanism: uid_changed and auid_euid_mismatch suggest an attempt to manipulate identity, which aligns with T1548 and T1222 techniques."", ""Behavioural anomaly: failed_call_rate is low, and unique_syscalls is high, suggesting a crafted process with a specific purpose, which is uncommon in benign activity."", ""Benign-explanation test: lifetime_seconds is minimal, and there's no exec_count or shell_from_service, which contradicts typical benign admin activity."", ""Decide: the strong evidence of privilege escalation and anomalous behaviour supports XGBoost's MALICIOUS call over CNN's BENIGN call.""], ""key_features"": [""lifetime_seconds"", ""unique_syscalls"", ""uid_is_root"", ""euid_root"", ""max_uid_euid_delta""], ""agrees_with"": ""xgb""}"
85921,3,1,T1548,1,0,0.999918818473816,0.8624513745307922,xgb_malicious_cnn_benign,MALICIOUS,1,0.92,xgb,ok,"[""Privilege state: uid_is_root and euid_root are set, max_uid_euid_delta is extremely high, indicating a significant privilege escalation."", ""Mechanism: uid_changed and auid_euid_mismatch suggest an attempt to manipulate identity, which aligns with T1548 and T1222 techniques."", ""Behavioural anomaly: failed_call_rate is low, and unique_syscalls is high, suggesting a crafted process with a specific purpose, which is uncommon in benign activity."", ""Benign-explanation test: lifetime_seconds is minimal, and there's no exec_count or shell_from_service, which contradicts typical benign admin activity."", ""Decide: the strong evidence of privilege escalation and anomalous behaviour supports XGBoost's MALICIOUS call over CNN's BENIGN call.""]","[""lifetime_seconds"", ""unique_syscalls"", ""uid_is_root"", ""euid_root"", ""max_uid_euid_delta""]","{""verdict"": ""MALICIOUS"", ""confidence"": 0.92, ""rationale_steps"": [""Privilege state: uid_is_root and euid_root are set, max_uid_euid_delta is extremely high, indicating a significant privilege escalation."", ""Mechanism: uid_changed and auid_euid_mismatch suggest an attempt to manipulate identity, which aligns with T1548 and T1222 techniques."", ""Behavioural anomaly: failed_call_rate is low, and unique_syscalls is high, suggesting a crafted process with a specific purpose, which is uncommon in benign activity."", ""Benign-explanation test: lifetime_seconds is minimal, and there's no exec_count or shell_from_service, which contradicts typical benign admin activity."", ""Decide: the strong evidence of privilege escalation and anomalous behaviour supports XGBoost's MALICIOUS call over CNN's BENIGN call.""], ""key_features"": [""lifetime_seconds"", ""unique_syscalls"", ""uid_is_root"", ""euid_root"", ""max_uid_euid_delta""], ""agrees_with"": ""xgb""}"
85927,3,1,T1548,1,0,0.999918818473816,0.8624513745307922,xgb_malicious_cnn_benign,MALICIOUS,1,0.92,xgb,ok,"[""Privilege state: uid_is_root and euid_root are set, max_uid_euid_delta is extremely high, indicating a significant privilege escalation."", ""Mechanism: uid_changed and auid_euid_mismatch suggest an attempt to manipulate identity, which aligns with T1548 and T1222 techniques."", ""Behavioural anomaly: failed_call_rate is low, and unique_syscalls is high, suggesting a crafted process with a specific purpose, which is uncommon in benign activity."", ""Benign-explanation test: lifetime_seconds is minimal, and there's no exec_count or shell_from_service, which contradicts typical benign admin activity."", ""Decide: the strong evidence of privilege escalation and anomalous behaviour supports XGBoost's MALICIOUS call over CNN's BENIGN call.""]","[""lifetime_seconds"", ""unique_syscalls"", ""uid_is_root"", ""euid_root"", ""max_uid_euid_delta""]","{""verdict"": ""MALICIOUS"", ""confidence"": 0.92, ""rationale_steps"": [""Privilege state: uid_is_root and euid_root are set, max_uid_euid_delta is extremely high, indicating a significant privilege escalation."", ""Mechanism: uid_changed and auid_euid_mismatch suggest an attempt to manipulate identity, which aligns with T1548 and T1222 techniques."", ""Behavioural anomaly: failed_call_rate is low, and unique_syscalls is high, suggesting a crafted process with a specific purpose, which is uncommon in benign activity."", ""Benign-explanation test: lifetime_seconds is minimal, and there's no exec_count or shell_from_service, which contradicts typical benign admin activity."", ""Decide: the strong evidence of privilege escalation and anomalous behaviour supports XGBoost's MALICIOUS call over CNN's BENIGN call.""], ""key_features"": [""lifetime_seconds"", ""unique_syscalls"", ""uid_is_root"", ""euid_root"", ""max_uid_euid_delta""], ""agrees_with"": ""xgb""}"
85932,3,1,T1548,1,0,0.999918818473816,0.8624513745307922,xgb_malicious_cnn_benign,MALICIOUS,1,0.92,xgb,ok,"[""Privilege state: uid_is_root and euid_root are set, max_uid_euid_delta is extremely high, indicating a significant privilege escalation."", ""Mechanism: uid_changed and auid_euid_mismatch suggest an attempt to manipulate identity, which aligns with T1548 and T1222 techniques."", ""Behavioural anomaly: failed_call_rate is low, and unique_syscalls is high, suggesting a crafted process with a specific purpose, which is uncommon in benign activity."", ""Benign-explanation test: lifetime_seconds is minimal, and there's no exec_count or shell_from_service, which contradicts typical benign admin activity."", ""Decide: the strong evidence of privilege escalation and anomalous behaviour supports XGBoost's MALICIOUS call over CNN's BENIGN call.""]","[""lifetime_seconds"", ""unique_syscalls"", ""uid_is_root"", ""euid_root"", ""max_uid_euid_delta""]","{""verdict"": ""MALICIOUS"", ""confidence"": 0.92, ""rationale_steps"": [""Privilege state: uid_is_root and euid_root are set, max_uid_euid_delta is extremely high, indicating a significant privilege escalation."", ""Mechanism: uid_changed and auid_euid_mismatch suggest an attempt to manipulate identity, which aligns with T1548 and T1222 techniques."", ""Behavioural anomaly: failed_call_rate is low, and unique_syscalls is high, suggesting a crafted process with a specific purpose, which is uncommon in benign activity."", ""Benign-explanation test: lifetime_seconds is minimal, and there's no exec_count or shell_from_service, which contradicts typical benign admin activity."", ""Decide: the strong evidence of privilege escalation and anomalous behaviour supports XGBoost's MALICIOUS call over CNN's BENIGN call.""], ""key_features"": [""lifetime_seconds"", ""unique_syscalls"", ""uid_is_root"", ""euid_root"", ""max_uid_euid_delta""], ""agrees_with"": ""xgb""}"
85934,3,1,T1548,1,0,0.999918818473816,0.8624513745307922,xgb_malicious_cnn_benign,MALICIOUS,1,0.92,xgb,ok,"[""Privilege state: uid_is_root and euid_root are set, max_uid_euid_delta is extremely high, indicating a significant privilege escalation."", ""Mechanism: uid_changed and auid_euid_mismatch suggest an attempt to manipulate identity, which aligns with T1548 and T1222 techniques."", ""Behavioural anomaly: failed_call_rate is low, and unique_syscalls is high, suggesting a crafted process with a specific purpose, which is uncommon in benign activity."", ""Benign-explanation test: lifetime_seconds is minimal, and there's no exec_count or shell_from_service, which contradicts typical benign admin activity."", ""Decide: the strong evidence of privilege escalation and anomalous behaviour supports XGBoost's MALICIOUS call over CNN's BENIGN call.""]","[""lifetime_seconds"", ""unique_syscalls"", ""uid_is_root"", ""euid_root"", ""max_uid_euid_delta""]","{""verdict"": ""MALICIOUS"", ""confidence"": 0.92, ""rationale_steps"": [""Privilege state: uid_is_root and euid_root are set, max_uid_euid_delta is extremely high, indicating a significant privilege escalation."", ""Mechanism: uid_changed and auid_euid_mismatch suggest an attempt to manipulate identity, which aligns with T1548 and T1222 techniques."", ""Behavioural anomaly: failed_call_rate is low, and unique_syscalls is high, suggesting a crafted process with a specific purpose, which is uncommon in benign activity."", ""Benign-explanation test: lifetime_seconds is minimal, and there's no exec_count or shell_from_service, which contradicts typical benign admin activity."", ""Decide: the strong evidence of privilege escalation and anomalous behaviour supports XGBoost's MALICIOUS call over CNN's BENIGN call.""], ""key_features"": [""lifetime_seconds"", ""unique_syscalls"", ""uid_is_root"", ""euid_root"", ""max_uid_euid_delta""], ""agrees_with"": ""xgb""}"
85960,3,1,T1548,1,0,0.999918818473816,0.8624513745307922,xgb_malicious_cnn_benign,MALICIOUS,1,0.92,xgb,ok,"[""Privilege state: uid_is_root and euid_root are set, max_uid_euid_delta is extremely high, indicating a significant privilege escalation."", ""Mechanism: uid_changed and auid_euid_mismatch suggest an attempt to manipulate identity, which aligns with T1548 and T1222 techniques."", ""Behavioural anomaly: failed_call_rate is low, and unique_syscalls is high, suggesting a crafted process with a specific purpose, which is uncommon in benign activity."", ""Benign-explanation test: lifetime_seconds is minimal, and there's no exec_count or shell_from_service, which contradicts typical benign admin activity."", ""Decide: the strong evidence of privilege escalation and anomalous behaviour supports XGBoost's MALICIOUS call over CNN's BENIGN call.""]","[""lifetime_seconds"", ""unique_syscalls"", ""uid_is_root"", ""euid_root"", ""max_uid_euid_delta""]","{""verdict"": ""MALICIOUS"", ""confidence"": 0.92, ""rationale_steps"": [""Privilege state: uid_is_root and euid_root are set, max_uid_euid_delta is extremely high, indicating a significant privilege escalation."", ""Mechanism: uid_changed and auid_euid_mismatch suggest an attempt to manipulate identity, which aligns with T1548 and T1222 techniques."", ""Behavioural anomaly: failed_call_rate is low, and unique_syscalls is high, suggesting a crafted process with a specific purpose, which is uncommon in benign activity."", ""Benign-explanation test: lifetime_seconds is minimal, and there's no exec_count or shell_from_service, which contradicts typical benign admin activity."", ""Decide: the strong evidence of privilege escalation and anomalous behaviour supports XGBoost's MALICIOUS call over CNN's BENIGN call.""], ""key_features"": [""lifetime_seconds"", ""unique_syscalls"", ""uid_is_root"", ""euid_root"", ""max_uid_euid_delta""], ""agrees_with"": ""xgb""}"
85967,3,1,T1548,1,0,0.999918818473816,0.8624513745307922,xgb_malicious_cnn_benign,MALICIOUS,1,0.92,xgb,ok,"[""Privilege state: uid_is_root and euid_root are set, max_uid_euid_delta is extremely high, indicating a significant privilege escalation."", ""Mechanism: uid_changed and auid_euid_mismatch suggest an attempt to manipulate identity, which aligns with T1548 and T1222 techniques."", ""Behavioural anomaly: failed_call_rate is low, and unique_syscalls is high, suggesting a crafted process with a specific purpose, which is uncommon in benign activity."", ""Benign-explanation test: lifetime_seconds is minimal, and there's no exec_count or shell_from_service, which contradicts typical benign admin activity."", ""Decide: the strong evidence of privilege escalation and anomalous behaviour supports XGBoost's MALICIOUS call over CNN's BENIGN call.""]","[""lifetime_seconds"", ""unique_syscalls"", ""uid_is_root"", ""euid_root"", ""max_uid_euid_delta""]","{""verdict"": ""MALICIOUS"", ""confidence"": 0.92, ""rationale_steps"": [""Privilege state: uid_is_root and euid_root are set, max_uid_euid_delta is extremely high, indicating a significant privilege escalation."", ""Mechanism: uid_changed and auid_euid_mismatch suggest an attempt to manipulate identity, which aligns with T1548 and T1222 techniques."", ""Behavioural anomaly: failed_call_rate is low, and unique_syscalls is high, suggesting a crafted process with a specific purpose, which is uncommon in benign activity."", ""Benign-explanation test: lifetime_seconds is minimal, and there's no exec_count or shell_from_service, which contradicts typical benign admin activity."", ""Decide: the strong evidence of privilege escalation and anomalous behaviour supports XGBoost's MALICIOUS call over CNN's BENIGN call.""], ""key_features"": [""lifetime_seconds"", ""unique_syscalls"", ""uid_is_root"", ""euid_root"", ""max_uid_euid_delta""], ""agrees_with"": ""xgb""}"
85978,3,1,T1548,1,0,0.999918818473816,0.8624513745307922,xgb_malicious_cnn_benign,MALICIOUS,1,0.92,xgb,ok,"[""Privilege state: uid_is_root and euid_root are set, max_uid_euid_delta is extremely high, indicating a significant privilege escalation."", ""Mechanism: uid_changed and auid_euid_mismatch suggest an attempt to manipulate identity, which aligns with T1548 and T1222 techniques."", ""Behavioural anomaly: failed_call_rate is low, and unique_syscalls is high, suggesting a crafted process with a specific purpose, which is uncommon in benign activity."", ""Benign-explanation test: lifetime_seconds is minimal, and there's no exec_count or shell_from_service, which contradicts typical benign admin activity."", ""Decide: the strong evidence of privilege escalation and anomalous behaviour supports XGBoost's MALICIOUS call over CNN's BENIGN call.""]","[""lifetime_seconds"", ""unique_syscalls"", ""uid_is_root"", ""euid_root"", ""max_uid_euid_delta""]","{""verdict"": ""MALICIOUS"", ""confidence"": 0.92, ""rationale_steps"": [""Privilege state: uid_is_root and euid_root are set, max_uid_euid_delta is extremely high, indicating a significant privilege escalation."", ""Mechanism: uid_changed and auid_euid_mismatch suggest an attempt to manipulate identity, which aligns with T1548 and T1222 techniques."", ""Behavioural anomaly: failed_call_rate is low, and unique_syscalls is high, suggesting a crafted process with a specific purpose, which is uncommon in benign activity."", ""Benign-explanation test: lifetime_seconds is minimal, and there's no exec_count or shell_from_service, which contradicts typical benign admin activity."", ""Decide: the strong evidence of privilege escalation and anomalous behaviour supports XGBoost's MALICIOUS call over CNN's BENIGN call.""], ""key_features"": [""lifetime_seconds"", ""unique_syscalls"", ""uid_is_root"", ""euid_root"", ""max_uid_euid_delta""], ""agrees_with"": ""xgb""}"
85990,3,1,T1548,1,0,0.999918818473816,0.8624513745307922,xgb_malicious_cnn_benign,MALICIOUS,1,0.92,xgb,ok,"[""Privilege state: uid_is_root and euid_root are set, max_uid_euid_delta is extremely high, indicating a significant privilege escalation."", ""Mechanism: uid_changed and auid_euid_mismatch suggest an attempt to manipulate identity, which aligns with T1548 and T1222 techniques."", ""Behavioural anomaly: failed_call_rate is low, and unique_syscalls is high, suggesting a crafted process with a specific purpose, which is uncommon in benign activity."", ""Benign-explanation test: lifetime_seconds is minimal, and there's no exec_count or shell_from_service, which contradicts typical benign admin activity."", ""Decide: the strong evidence of privilege escalation and anomalous behaviour supports XGBoost's MALICIOUS call over CNN's BENIGN call.""]","[""lifetime_seconds"", ""unique_syscalls"", ""uid_is_root"", ""euid_root"", ""max_uid_euid_delta""]","{""verdict"": ""MALICIOUS"", ""confidence"": 0.92, ""rationale_steps"": [""Privilege state: uid_is_root and euid_root are set, max_uid_euid_delta is extremely high, indicating a significant privilege escalation."", ""Mechanism: uid_changed and auid_euid_mismatch suggest an attempt to manipulate identity, which aligns with T1548 and T1222 techniques."", ""Behavioural anomaly: failed_call_rate is low, and unique_syscalls is high, suggesting a crafted process with a specific purpose, which is uncommon in benign activity."", ""Benign-explanation test: lifetime_seconds is minimal, and there's no exec_count or shell_from_service, which contradicts typical benign admin activity."", ""Decide: the strong evidence of privilege escalation and anomalous behaviour supports XGBoost's MALICIOUS call over CNN's BENIGN call.""], ""key_features"": [""lifetime_seconds"", ""unique_syscalls"", ""uid_is_root"", ""euid_root"", ""max_uid_euid_delta""], ""agrees_with"": ""xgb""}"
85999,3,1,T1548,1,0,0.999918818473816,0.8624513745307922,xgb_malicious_cnn_benign,MALICIOUS,1,0.92,xgb,ok,"[""Privilege state: uid_is_root and euid_root are set, max_uid_euid_delta is extremely high, indicating a significant privilege escalation."", ""Mechanism: uid_changed and auid_euid_mismatch suggest an attempt to manipulate identity, which aligns with T1548 and T1222 techniques."", ""Behavioural anomaly: failed_call_rate is low, and unique_syscalls is high, suggesting a crafted process with a specific purpose, which is uncommon in benign activity."", ""Benign-explanation test: lifetime_seconds is minimal, and there's no exec_count or shell_from_service, which contradicts typical benign admin activity."", ""Decide: the strong evidence of privilege escalation and anomalous behaviour supports XGBoost's MALICIOUS call over CNN's BENIGN call.""]","[""lifetime_seconds"", ""unique_syscalls"", ""uid_is_root"", ""euid_root"", ""max_uid_euid_delta""]","{""verdict"": ""MALICIOUS"", ""confidence"": 0.92, ""rationale_steps"": [""Privilege state: uid_is_root and euid_root are set, max_uid_euid_delta is extremely high, indicating a significant privilege escalation."", ""Mechanism: uid_changed and auid_euid_mismatch suggest an attempt to manipulate identity, which aligns with T1548 and T1222 techniques."", ""Behavioural anomaly: failed_call_rate is low, and unique_syscalls is high, suggesting a crafted process with a specific purpose, which is uncommon in benign activity."", ""Benign-explanation test: lifetime_seconds is minimal, and there's no exec_count or shell_from_service, which contradicts typical benign admin activity."", ""Decide: the strong evidence of privilege escalation and anomalous behaviour supports XGBoost's MALICIOUS call over CNN's BENIGN call.""], ""key_features"": [""lifetime_seconds"", ""unique_syscalls"", ""uid_is_root"", ""euid_root"", ""max_uid_euid_delta""], ""agrees_with"": ""xgb""}"
86000,3,1,T1548,1,0,0.999918818473816,0.8624513745307922,xgb_malicious_cnn_benign,MALICIOUS,1,0.92,xgb,ok,"[""Privilege state: uid_is_root and euid_root are set, max_uid_euid_delta is extremely high, indicating a significant privilege escalation."", ""Mechanism: uid_changed and auid_euid_mismatch suggest an attempt to manipulate identity, which aligns with T1548 and T1222 techniques."", ""Behavioural anomaly: failed_call_rate is low, and unique_syscalls is high, suggesting a crafted process with a specific purpose, which is uncommon in benign activity."", ""Benign-explanation test: lifetime_seconds is minimal, and there's no exec_count or shell_from_service, which contradicts typical benign admin activity."", ""Decide: the strong evidence of privilege escalation and anomalous behaviour supports XGBoost's MALICIOUS call over CNN's BENIGN call.""]","[""lifetime_seconds"", ""unique_syscalls"", ""uid_is_root"", ""euid_root"", ""max_uid_euid_delta""]","{""verdict"": ""MALICIOUS"", ""confidence"": 0.92, ""rationale_steps"": [""Privilege state: uid_is_root and euid_root are set, max_uid_euid_delta is extremely high, indicating a significant privilege escalation."", ""Mechanism: uid_changed and auid_euid_mismatch suggest an attempt to manipulate identity, which aligns with T1548 and T1222 techniques."", ""Behavioural anomaly: failed_call_rate is low, and unique_syscalls is high, suggesting a crafted process with a specific purpose, which is uncommon in benign activity."", ""Benign-explanation test: lifetime_seconds is minimal, and there's no exec_count or shell_from_service, which contradicts typical benign admin activity."", ""Decide: the strong evidence of privilege escalation and anomalous behaviour supports XGBoost's MALICIOUS call over CNN's BENIGN call.""], ""key_features"": [""lifetime_seconds"", ""unique_syscalls"", ""uid_is_root"", ""euid_root"", ""max_uid_euid_delta""], ""agrees_with"": ""xgb""}"
86002,3,1,T1548,1,0,0.999918818473816,0.8624513745307922,xgb_malicious_cnn_benign,MALICIOUS,1,0.92,xgb,ok,"[""Privilege state: uid_is_root and euid_root are set, max_uid_euid_delta is extremely high, indicating a significant privilege escalation."", ""Mechanism: uid_changed and auid_euid_mismatch suggest an attempt to manipulate identity, which aligns with T1548 and T1222 techniques."", ""Behavioural anomaly: failed_call_rate is low, and unique_syscalls is high, suggesting a crafted process with a specific purpose, which is uncommon in benign activity."", ""Benign-explanation test: lifetime_seconds is minimal, and there's no exec_count or shell_from_service, which contradicts typical benign admin activity."", ""Decide: the strong evidence of privilege escalation and anomalous behaviour supports XGBoost's MALICIOUS call over CNN's BENIGN call.""]","[""lifetime_seconds"", ""unique_syscalls"", ""uid_is_root"", ""euid_root"", ""max_uid_euid_delta""]","{""verdict"": ""MALICIOUS"", ""confidence"": 0.92, ""rationale_steps"": [""Privilege state: uid_is_root and euid_root are set, max_uid_euid_delta is extremely high, indicating a significant privilege escalation."", ""Mechanism: uid_changed and auid_euid_mismatch suggest an attempt to manipulate identity, which aligns with T1548 and T1222 techniques."", ""Behavioural anomaly: failed_call_rate is low, and unique_syscalls is high, suggesting a crafted process with a specific purpose, which is uncommon in benign activity."", ""Benign-explanation test: lifetime_seconds is minimal, and there's no exec_count or shell_from_service, which contradicts typical benign admin activity."", ""Decide: the strong evidence of privilege escalation and anomalous behaviour supports XGBoost's MALICIOUS call over CNN's BENIGN call.""], ""key_features"": [""lifetime_seconds"", ""unique_syscalls"", ""uid_is_root"", ""euid_root"", ""max_uid_euid_delta""], ""agrees_with"": ""xgb""}"
86020,3,1,T1548,1,0,0.999918818473816,0.8624513745307922,xgb_malicious_cnn_benign,MALICIOUS,1,0.92,xgb,ok,"[""Privilege state: uid_is_root and euid_root are set, max_uid_euid_delta is extremely high, indicating a significant privilege escalation."", ""Mechanism: uid_changed and auid_euid_mismatch suggest an attempt to manipulate identity, which aligns with T1548 and T1222 techniques."", ""Behavioural anomaly: failed_call_rate is low, and unique_syscalls is high, suggesting a crafted process with a specific purpose, which is uncommon in benign activity."", ""Benign-explanation test: lifetime_seconds is minimal, and there's no exec_count or shell_from_service, which contradicts typical benign admin activity."", ""Decide: the strong evidence of privilege escalation and anomalous behaviour supports XGBoost's MALICIOUS call over CNN's BENIGN call.""]","[""lifetime_seconds"", ""unique_syscalls"", ""uid_is_root"", ""euid_root"", ""max_uid_euid_delta""]","{""verdict"": ""MALICIOUS"", ""confidence"": 0.92, ""rationale_steps"": [""Privilege state: uid_is_root and euid_root are set, max_uid_euid_delta is extremely high, indicating a significant privilege escalation."", ""Mechanism: uid_changed and auid_euid_mismatch suggest an attempt to manipulate identity, which aligns with T1548 and T1222 techniques."", ""Behavioural anomaly: failed_call_rate is low, and unique_syscalls is high, suggesting a crafted process with a specific purpose, which is uncommon in benign activity."", ""Benign-explanation test: lifetime_seconds is minimal, and there's no exec_count or shell_from_service, which contradicts typical benign admin activity."", ""Decide: the strong evidence of privilege escalation and anomalous behaviour supports XGBoost's MALICIOUS call over CNN's BENIGN call.""], ""key_features"": [""lifetime_seconds"", ""unique_syscalls"", ""uid_is_root"", ""euid_root"", ""max_uid_euid_delta""], ""agrees_with"": ""xgb""}"
86033,3,1,T1548,1,0,0.999918818473816,0.8624513745307922,xgb_malicious_cnn_benign,MALICIOUS,1,0.92,xgb,ok,"[""Privilege state: uid_is_root and euid_root are set, max_uid_euid_delta is extremely high, indicating a significant privilege escalation."", ""Mechanism: uid_changed and auid_euid_mismatch suggest an attempt to manipulate identity, which aligns with T1548 and T1222 techniques."", ""Behavioural anomaly: failed_call_rate is low, and unique_syscalls is high, suggesting a crafted process with a specific purpose, which is uncommon in benign activity."", ""Benign-explanation test: lifetime_seconds is minimal, and there's no exec_count or shell_from_service, which contradicts typical benign admin activity."", ""Decide: the strong evidence of privilege escalation and anomalous behaviour supports XGBoost's MALICIOUS call over CNN's BENIGN call.""]","[""lifetime_seconds"", ""unique_syscalls"", ""uid_is_root"", ""euid_root"", ""max_uid_euid_delta""]","{""verdict"": ""MALICIOUS"", ""confidence"": 0.92, ""rationale_steps"": [""Privilege state: uid_is_root and euid_root are set, max_uid_euid_delta is extremely high, indicating a significant privilege escalation."", ""Mechanism: uid_changed and auid_euid_mismatch suggest an attempt to manipulate identity, which aligns with T1548 and T1222 techniques."", ""Behavioural anomaly: failed_call_rate is low, and unique_syscalls is high, suggesting a crafted process with a specific purpose, which is uncommon in benign activity."", ""Benign-explanation test: lifetime_seconds is minimal, and there's no exec_count or shell_from_service, which contradicts typical benign admin activity."", ""Decide: the strong evidence of privilege escalation and anomalous behaviour supports XGBoost's MALICIOUS call over CNN's BENIGN call.""], ""key_features"": [""lifetime_seconds"", ""unique_syscalls"", ""uid_is_root"", ""euid_root"", ""max_uid_euid_delta""], ""agrees_with"": ""xgb""}"
86050,3,1,T1548,1,0,0.999918818473816,0.8624513745307922,xgb_malicious_cnn_benign,MALICIOUS,1,0.92,xgb,ok,"[""Privilege state: uid_is_root and euid_root are set, max_uid_euid_delta is extremely high, indicating a significant privilege escalation."", ""Mechanism: uid_changed and auid_euid_mismatch suggest an attempt to manipulate identity, which aligns with T1548 and T1222 techniques."", ""Behavioural anomaly: failed_call_rate is low, and unique_syscalls is high, suggesting a crafted process with a specific purpose, which is uncommon in benign activity."", ""Benign-explanation test: lifetime_seconds is minimal, and there's no exec_count or shell_from_service, which contradicts typical benign admin activity."", ""Decide: the strong evidence of privilege escalation and anomalous behaviour supports XGBoost's MALICIOUS call over CNN's BENIGN call.""]","[""lifetime_seconds"", ""unique_syscalls"", ""uid_is_root"", ""euid_root"", ""max_uid_euid_delta""]","{""verdict"": ""MALICIOUS"", ""confidence"": 0.92, ""rationale_steps"": [""Privilege state: uid_is_root and euid_root are set, max_uid_euid_delta is extremely high, indicating a significant privilege escalation."", ""Mechanism: uid_changed and auid_euid_mismatch suggest an attempt to manipulate identity, which aligns with T1548 and T1222 techniques."", ""Behavioural anomaly: failed_call_rate is low, and unique_syscalls is high, suggesting a crafted process with a specific purpose, which is uncommon in benign activity."", ""Benign-explanation test: lifetime_seconds is minimal, and there's no exec_count or shell_from_service, which contradicts typical benign admin activity."", ""Decide: the strong evidence of privilege escalation and anomalous behaviour supports XGBoost's MALICIOUS call over CNN's BENIGN call.""], ""key_features"": [""lifetime_seconds"", ""unique_syscalls"", ""uid_is_root"", ""euid_root"", ""max_uid_euid_delta""], ""agrees_with"": ""xgb""}"
86072,3,1,T1548,1,0,0.999918818473816,0.8624513745307922,xgb_malicious_cnn_benign,MALICIOUS,1,0.92,xgb,ok,"[""Privilege state: uid_is_root and euid_root are set, max_uid_euid_delta is extremely high, indicating a significant privilege escalation."", ""Mechanism: uid_changed and auid_euid_mismatch suggest an attempt to manipulate identity, which aligns with T1548 and T1222 techniques."", ""Behavioural anomaly: failed_call_rate is low, and unique_syscalls is high, suggesting a crafted process with a specific purpose, which is uncommon in benign activity."", ""Benign-explanation test: lifetime_seconds is minimal, and there's no exec_count or shell_from_service, which contradicts typical benign admin activity."", ""Decide: the strong evidence of privilege escalation and anomalous behaviour supports XGBoost's MALICIOUS call over CNN's BENIGN call.""]","[""lifetime_seconds"", ""unique_syscalls"", ""uid_is_root"", ""euid_root"", ""max_uid_euid_delta""]","{""verdict"": ""MALICIOUS"", ""confidence"": 0.92, ""rationale_steps"": [""Privilege state: uid_is_root and euid_root are set, max_uid_euid_delta is extremely high, indicating a significant privilege escalation."", ""Mechanism: uid_changed and auid_euid_mismatch suggest an attempt to manipulate identity, which aligns with T1548 and T1222 techniques."", ""Behavioural anomaly: failed_call_rate is low, and unique_syscalls is high, suggesting a crafted process with a specific purpose, which is uncommon in benign activity."", ""Benign-explanation test: lifetime_seconds is minimal, and there's no exec_count or shell_from_service, which contradicts typical benign admin activity."", ""Decide: the strong evidence of privilege escalation and anomalous behaviour supports XGBoost's MALICIOUS call over CNN's BENIGN call.""], ""key_features"": [""lifetime_seconds"", ""unique_syscalls"", ""uid_is_root"", ""euid_root"", ""max_uid_euid_delta""], ""agrees_with"": ""xgb""}"
86090,3,1,T1548,1,0,0.999918818473816,0.8624513745307922,xgb_malicious_cnn_benign,MALICIOUS,1,0.92,xgb,ok,"[""Privilege state: uid_is_root and euid_root are set, max_uid_euid_delta is extremely high, indicating a significant privilege escalation."", ""Mechanism: uid_changed and auid_euid_mismatch suggest an attempt to manipulate identity, which aligns with T1548 and T1222 techniques."", ""Behavioural anomaly: failed_call_rate is low, and unique_syscalls is high, suggesting a crafted process with a specific purpose, which is uncommon in benign activity."", ""Benign-explanation test: lifetime_seconds is minimal, and there's no exec_count or shell_from_service, which contradicts typical benign admin activity."", ""Decide: the strong evidence of privilege escalation and anomalous behaviour supports XGBoost's MALICIOUS call over CNN's BENIGN call.""]","[""lifetime_seconds"", ""unique_syscalls"", ""uid_is_root"", ""euid_root"", ""max_uid_euid_delta""]","{""verdict"": ""MALICIOUS"", ""confidence"": 0.92, ""rationale_steps"": [""Privilege state: uid_is_root and euid_root are set, max_uid_euid_delta is extremely high, indicating a significant privilege escalation."", ""Mechanism: uid_changed and auid_euid_mismatch suggest an attempt to manipulate identity, which aligns with T1548 and T1222 techniques."", ""Behavioural anomaly: failed_call_rate is low, and unique_syscalls is high, suggesting a crafted process with a specific purpose, which is uncommon in benign activity."", ""Benign-explanation test: lifetime_seconds is minimal, and there's no exec_count or shell_from_service, which contradicts typical benign admin activity."", ""Decide: the strong evidence of privilege escalation and anomalous behaviour supports XGBoost's MALICIOUS call over CNN's BENIGN call.""], ""key_features"": [""lifetime_seconds"", ""unique_syscalls"", ""uid_is_root"", ""euid_root"", ""max_uid_euid_delta""], ""agrees_with"": ""xgb""}"
86097,3,1,T1548,1,0,0.999918818473816,0.8624513745307922,xgb_malicious_cnn_benign,MALICIOUS,1,0.92,xgb,ok,"[""Privilege state: uid_is_root and euid_root are set, max_uid_euid_delta is extremely high, indicating a significant privilege escalation."", ""Mechanism: uid_changed and auid_euid_mismatch suggest an attempt to manipulate identity, which aligns with T1548 and T1222 techniques."", ""Behavioural anomaly: failed_call_rate is low, and unique_syscalls is high, suggesting a crafted process with a specific purpose, which is uncommon in benign activity."", ""Benign-explanation test: lifetime_seconds is minimal, and there's no exec_count or shell_from_service, which contradicts typical benign admin activity."", ""Decide: the strong evidence of privilege escalation and anomalous behaviour supports XGBoost's MALICIOUS call over CNN's BENIGN call.""]","[""lifetime_seconds"", ""unique_syscalls"", ""uid_is_root"", ""euid_root"", ""max_uid_euid_delta""]","{""verdict"": ""MALICIOUS"", ""confidence"": 0.92, ""rationale_steps"": [""Privilege state: uid_is_root and euid_root are set, max_uid_euid_delta is extremely high, indicating a significant privilege escalation."", ""Mechanism: uid_changed and auid_euid_mismatch suggest an attempt to manipulate identity, which aligns with T1548 and T1222 techniques."", ""Behavioural anomaly: failed_call_rate is low, and unique_syscalls is high, suggesting a crafted process with a specific purpose, which is uncommon in benign activity."", ""Benign-explanation test: lifetime_seconds is minimal, and there's no exec_count or shell_from_service, which contradicts typical benign admin activity."", ""Decide: the strong evidence of privilege escalation and anomalous behaviour supports XGBoost's MALICIOUS call over CNN's BENIGN call.""], ""key_features"": [""lifetime_seconds"", ""unique_syscalls"", ""uid_is_root"", ""euid_root"", ""max_uid_euid_delta""], ""agrees_with"": ""xgb""}"
86099,3,1,T1548,1,0,0.999918818473816,0.8624513745307922,xgb_malicious_cnn_benign,MALICIOUS,1,0.92,xgb,ok,"[""Privilege state: uid_is_root and euid_root are set, max_uid_euid_delta is extremely high, indicating a significant privilege escalation."", ""Mechanism: uid_changed and auid_euid_mismatch suggest an attempt to manipulate identity, which aligns with T1548 and T1222 techniques."", ""Behavioural anomaly: failed_call_rate is low, and unique_syscalls is high, suggesting a crafted process with a specific purpose, which is uncommon in benign activity."", ""Benign-explanation test: lifetime_seconds is minimal, and there's no exec_count or shell_from_service, which contradicts typical benign admin activity."", ""Decide: the strong evidence of privilege escalation and anomalous behaviour supports XGBoost's MALICIOUS call over CNN's BENIGN call.""]","[""lifetime_seconds"", ""unique_syscalls"", ""uid_is_root"", ""euid_root"", ""max_uid_euid_delta""]","{""verdict"": ""MALICIOUS"", ""confidence"": 0.92, ""rationale_steps"": [""Privilege state: uid_is_root and euid_root are set, max_uid_euid_delta is extremely high, indicating a significant privilege escalation."", ""Mechanism: uid_changed and auid_euid_mismatch suggest an attempt to manipulate identity, which aligns with T1548 and T1222 techniques."", ""Behavioural anomaly: failed_call_rate is low, and unique_syscalls is high, suggesting a crafted process with a specific purpose, which is uncommon in benign activity."", ""Benign-explanation test: lifetime_seconds is minimal, and there's no exec_count or shell_from_service, which contradicts typical benign admin activity."", ""Decide: the strong evidence of privilege escalation and anomalous behaviour supports XGBoost's MALICIOUS call over CNN's BENIGN call.""], ""key_features"": [""lifetime_seconds"", ""unique_syscalls"", ""uid_is_root"", ""euid_root"", ""max_uid_euid_delta""], ""agrees_with"": ""xgb""}"
86107,3,1,T1548,1,0,0.999918818473816,0.8624513745307922,xgb_malicious_cnn_benign,MALICIOUS,1,0.92,xgb,ok,"[""Privilege state: uid_is_root and euid_root are set, max_uid_euid_delta is extremely high, indicating a significant privilege escalation."", ""Mechanism: uid_changed and auid_euid_mismatch suggest an attempt to manipulate identity, which aligns with T1548 and T1222 techniques."", ""Behavioural anomaly: failed_call_rate is low, and unique_syscalls is high, suggesting a crafted process with a specific purpose, which is uncommon in benign activity."", ""Benign-explanation test: lifetime_seconds is minimal, and there's no exec_count or shell_from_service, which contradicts typical benign admin activity."", ""Decide: the strong evidence of privilege escalation and anomalous behaviour supports XGBoost's MALICIOUS call over CNN's BENIGN call.""]","[""lifetime_seconds"", ""unique_syscalls"", ""uid_is_root"", ""euid_root"", ""max_uid_euid_delta""]","{""verdict"": ""MALICIOUS"", ""confidence"": 0.92, ""rationale_steps"": [""Privilege state: uid_is_root and euid_root are set, max_uid_euid_delta is extremely high, indicating a significant privilege escalation."", ""Mechanism: uid_changed and auid_euid_mismatch suggest an attempt to manipulate identity, which aligns with T1548 and T1222 techniques."", ""Behavioural anomaly: failed_call_rate is low, and unique_syscalls is high, suggesting a crafted process with a specific purpose, which is uncommon in benign activity."", ""Benign-explanation test: lifetime_seconds is minimal, and there's no exec_count or shell_from_service, which contradicts typical benign admin activity."", ""Decide: the strong evidence of privilege escalation and anomalous behaviour supports XGBoost's MALICIOUS call over CNN's BENIGN call.""], ""key_features"": [""lifetime_seconds"", ""unique_syscalls"", ""uid_is_root"", ""euid_root"", ""max_uid_euid_delta""], ""agrees_with"": ""xgb""}"
86118,3,1,T1548,1,0,0.999918818473816,0.8624513745307922,xgb_malicious_cnn_benign,MALICIOUS,1,0.92,xgb,ok,"[""Privilege state: uid_is_root and euid_root are set, max_uid_euid_delta is extremely high, indicating a significant privilege escalation."", ""Mechanism: uid_changed and auid_euid_mismatch suggest an attempt to manipulate identity, which aligns with T1548 and T1222 techniques."", ""Behavioural anomaly: failed_call_rate is low, and unique_syscalls is high, suggesting a crafted process with a specific purpose, which is uncommon in benign activity."", ""Benign-explanation test: lifetime_seconds is minimal, and there's no exec_count or shell_from_service, which contradicts typical benign admin activity."", ""Decide: the strong evidence of privilege escalation and anomalous behaviour supports XGBoost's MALICIOUS call over CNN's BENIGN call.""]","[""lifetime_seconds"", ""unique_syscalls"", ""uid_is_root"", ""euid_root"", ""max_uid_euid_delta""]","{""verdict"": ""MALICIOUS"", ""confidence"": 0.92, ""rationale_steps"": [""Privilege state: uid_is_root and euid_root are set, max_uid_euid_delta is extremely high, indicating a significant privilege escalation."", ""Mechanism: uid_changed and auid_euid_mismatch suggest an attempt to manipulate identity, which aligns with T1548 and T1222 techniques."", ""Behavioural anomaly: failed_call_rate is low, and unique_syscalls is high, suggesting a crafted process with a specific purpose, which is uncommon in benign activity."", ""Benign-explanation test: lifetime_seconds is minimal, and there's no exec_count or shell_from_service, which contradicts typical benign admin activity."", ""Decide: the strong evidence of privilege escalation and anomalous behaviour supports XGBoost's MALICIOUS call over CNN's BENIGN call.""], ""key_features"": [""lifetime_seconds"", ""unique_syscalls"", ""uid_is_root"", ""euid_root"", ""max_uid_euid_delta""], ""agrees_with"": ""xgb""}"
86121,3,1,T1548,1,0,0.999918818473816,0.8624513745307922,xgb_malicious_cnn_benign,MALICIOUS,1,0.92,xgb,ok,"[""Privilege state: uid_is_root and euid_root are set, max_uid_euid_delta is extremely high, indicating a significant privilege escalation."", ""Mechanism: uid_changed and auid_euid_mismatch suggest an attempt to manipulate identity, which aligns with T1548 and T1222 techniques."", ""Behavioural anomaly: failed_call_rate is low, and unique_syscalls is high, suggesting a crafted process with a specific purpose, which is uncommon in benign activity."", ""Benign-explanation test: lifetime_seconds is minimal, and there's no exec_count or shell_from_service, which contradicts typical benign admin activity."", ""Decide: the strong evidence of privilege escalation and anomalous behaviour supports XGBoost's MALICIOUS call over CNN's BENIGN call.""]","[""lifetime_seconds"", ""unique_syscalls"", ""uid_is_root"", ""euid_root"", ""max_uid_euid_delta""]","{""verdict"": ""MALICIOUS"", ""confidence"": 0.92, ""rationale_steps"": [""Privilege state: uid_is_root and euid_root are set, max_uid_euid_delta is extremely high, indicating a significant privilege escalation."", ""Mechanism: uid_changed and auid_euid_mismatch suggest an attempt to manipulate identity, which aligns with T1548 and T1222 techniques."", ""Behavioural anomaly: failed_call_rate is low, and unique_syscalls is high, suggesting a crafted process with a specific purpose, which is uncommon in benign activity."", ""Benign-explanation test: lifetime_seconds is minimal, and there's no exec_count or shell_from_service, which contradicts typical benign admin activity."", ""Decide: the strong evidence of privilege escalation and anomalous behaviour supports XGBoost's MALICIOUS call over CNN's BENIGN call.""], ""key_features"": [""lifetime_seconds"", ""unique_syscalls"", ""uid_is_root"", ""euid_root"", ""max_uid_euid_delta""], ""agrees_with"": ""xgb""}"
86123,3,1,T1548,1,0,0.999918818473816,0.8624513745307922,xgb_malicious_cnn_benign,MALICIOUS,1,0.92,xgb,ok,"[""Privilege state: uid_is_root and euid_root are set, max_uid_euid_delta is extremely high, indicating a significant privilege escalation."", ""Mechanism: uid_changed and auid_euid_mismatch suggest an attempt to manipulate identity, which aligns with T1548 and T1222 techniques."", ""Behavioural anomaly: failed_call_rate is low, and unique_syscalls is high, suggesting a crafted process with a specific purpose, which is uncommon in benign activity."", ""Benign-explanation test: lifetime_seconds is minimal, and there's no exec_count or shell_from_service, which contradicts typical benign admin activity."", ""Decide: the strong evidence of privilege escalation and anomalous behaviour supports XGBoost's MALICIOUS call over CNN's BENIGN call.""]","[""lifetime_seconds"", ""unique_syscalls"", ""uid_is_root"", ""euid_root"", ""max_uid_euid_delta""]","{""verdict"": ""MALICIOUS"", ""confidence"": 0.92, ""rationale_steps"": [""Privilege state: uid_is_root and euid_root are set, max_uid_euid_delta is extremely high, indicating a significant privilege escalation."", ""Mechanism: uid_changed and auid_euid_mismatch suggest an attempt to manipulate identity, which aligns with T1548 and T1222 techniques."", ""Behavioural anomaly: failed_call_rate is low, and unique_syscalls is high, suggesting a crafted process with a specific purpose, which is uncommon in benign activity."", ""Benign-explanation test: lifetime_seconds is minimal, and there's no exec_count or shell_from_service, which contradicts typical benign admin activity."", ""Decide: the strong evidence of privilege escalation and anomalous behaviour supports XGBoost's MALICIOUS call over CNN's BENIGN call.""], ""key_features"": [""lifetime_seconds"", ""unique_syscalls"", ""uid_is_root"", ""euid_root"", ""max_uid_euid_delta""], ""agrees_with"": ""xgb""}"
86128,3,1,T1548,1,0,0.999918818473816,0.8624513745307922,xgb_malicious_cnn_benign,MALICIOUS,1,0.92,xgb,ok,"[""Privilege state: uid_is_root and euid_root are set, max_uid_euid_delta is extremely high, indicating a significant privilege escalation."", ""Mechanism: uid_changed and auid_euid_mismatch suggest an attempt to manipulate identity, which aligns with T1548 and T1222 techniques."", ""Behavioural anomaly: failed_call_rate is low, and unique_syscalls is high, suggesting a crafted process with a specific purpose, which is uncommon in benign activity."", ""Benign-explanation test: lifetime_seconds is minimal, and there's no exec_count or shell_from_service, which contradicts typical benign admin activity."", ""Decide: the strong evidence of privilege escalation and anomalous behaviour supports XGBoost's MALICIOUS call over CNN's BENIGN call.""]","[""lifetime_seconds"", ""unique_syscalls"", ""uid_is_root"", ""euid_root"", ""max_uid_euid_delta""]","{""verdict"": ""MALICIOUS"", ""confidence"": 0.92, ""rationale_steps"": [""Privilege state: uid_is_root and euid_root are set, max_uid_euid_delta is extremely high, indicating a significant privilege escalation."", ""Mechanism: uid_changed and auid_euid_mismatch suggest an attempt to manipulate identity, which aligns with T1548 and T1222 techniques."", ""Behavioural anomaly: failed_call_rate is low, and unique_syscalls is high, suggesting a crafted process with a specific purpose, which is uncommon in benign activity."", ""Benign-explanation test: lifetime_seconds is minimal, and there's no exec_count or shell_from_service, which contradicts typical benign admin activity."", ""Decide: the strong evidence of privilege escalation and anomalous behaviour supports XGBoost's MALICIOUS call over CNN's BENIGN call.""], ""key_features"": [""lifetime_seconds"", ""unique_syscalls"", ""uid_is_root"", ""euid_root"", ""max_uid_euid_delta""], ""agrees_with"": ""xgb""}"
86132,3,1,T1548,1,0,0.999918818473816,0.8624513745307922,xgb_malicious_cnn_benign,MALICIOUS,1,0.92,xgb,ok,"[""Privilege state: uid_is_root and euid_root are set, max_uid_euid_delta is extremely high, indicating a significant privilege escalation."", ""Mechanism: uid_changed and auid_euid_mismatch suggest an attempt to manipulate identity, which aligns with T1548 and T1222 techniques."", ""Behavioural anomaly: failed_call_rate is low, and unique_syscalls is high, suggesting a crafted process with a specific purpose, which is uncommon in benign activity."", ""Benign-explanation test: lifetime_seconds is minimal, and there's no exec_count or shell_from_service, which contradicts typical benign admin activity."", ""Decide: the strong evidence of privilege escalation and anomalous behaviour supports XGBoost's MALICIOUS call over CNN's BENIGN call.""]","[""lifetime_seconds"", ""unique_syscalls"", ""uid_is_root"", ""euid_root"", ""max_uid_euid_delta""]","{""verdict"": ""MALICIOUS"", ""confidence"": 0.92, ""rationale_steps"": [""Privilege state: uid_is_root and euid_root are set, max_uid_euid_delta is extremely high, indicating a significant privilege escalation."", ""Mechanism: uid_changed and auid_euid_mismatch suggest an attempt to manipulate identity, which aligns with T1548 and T1222 techniques."", ""Behavioural anomaly: failed_call_rate is low, and unique_syscalls is high, suggesting a crafted process with a specific purpose, which is uncommon in benign activity."", ""Benign-explanation test: lifetime_seconds is minimal, and there's no exec_count or shell_from_service, which contradicts typical benign admin activity."", ""Decide: the strong evidence of privilege escalation and anomalous behaviour supports XGBoost's MALICIOUS call over CNN's BENIGN call.""], ""key_features"": [""lifetime_seconds"", ""unique_syscalls"", ""uid_is_root"", ""euid_root"", ""max_uid_euid_delta""], ""agrees_with"": ""xgb""}"
86134,3,1,T1548,1,0,0.999918818473816,0.8624513745307922,xgb_malicious_cnn_benign,MALICIOUS,1,0.92,xgb,ok,"[""Privilege state: uid_is_root and euid_root are set, max_uid_euid_delta is extremely high, indicating a significant privilege escalation."", ""Mechanism: uid_changed and auid_euid_mismatch suggest an attempt to manipulate identity, which aligns with T1548 and T1222 techniques."", ""Behavioural anomaly: failed_call_rate is low, and unique_syscalls is high, suggesting a crafted process with a specific purpose, which is uncommon in benign activity."", ""Benign-explanation test: lifetime_seconds is minimal, and there's no exec_count or shell_from_service, which contradicts typical benign admin activity."", ""Decide: the strong evidence of privilege escalation and anomalous behaviour supports XGBoost's MALICIOUS call over CNN's BENIGN call.""]","[""lifetime_seconds"", ""unique_syscalls"", ""uid_is_root"", ""euid_root"", ""max_uid_euid_delta""]","{""verdict"": ""MALICIOUS"", ""confidence"": 0.92, ""rationale_steps"": [""Privilege state: uid_is_root and euid_root are set, max_uid_euid_delta is extremely high, indicating a significant privilege escalation."", ""Mechanism: uid_changed and auid_euid_mismatch suggest an attempt to manipulate identity, which aligns with T1548 and T1222 techniques."", ""Behavioural anomaly: failed_call_rate is low, and unique_syscalls is high, suggesting a crafted process with a specific purpose, which is uncommon in benign activity."", ""Benign-explanation test: lifetime_seconds is minimal, and there's no exec_count or shell_from_service, which contradicts typical benign admin activity."", ""Decide: the strong evidence of privilege escalation and anomalous behaviour supports XGBoost's MALICIOUS call over CNN's BENIGN call.""], ""key_features"": [""lifetime_seconds"", ""unique_syscalls"", ""uid_is_root"", ""euid_root"", ""max_uid_euid_delta""], ""agrees_with"": ""xgb""}"
86138,3,1,T1548,1,0,0.999918818473816,0.8624513745307922,xgb_malicious_cnn_benign,MALICIOUS,1,0.92,xgb,ok,"[""Privilege state: uid_is_root and euid_root are set, max_uid_euid_delta is extremely high, indicating a significant privilege escalation."", ""Mechanism: uid_changed and auid_euid_mismatch suggest an attempt to manipulate identity, which aligns with T1548 and T1222 techniques."", ""Behavioural anomaly: failed_call_rate is low, and unique_syscalls is high, suggesting a crafted process with a specific purpose, which is uncommon in benign activity."", ""Benign-explanation test: lifetime_seconds is minimal, and there's no exec_count or shell_from_service, which contradicts typical benign admin activity."", ""Decide: the strong evidence of privilege escalation and anomalous behaviour supports XGBoost's MALICIOUS call over CNN's BENIGN call.""]","[""lifetime_seconds"", ""unique_syscalls"", ""uid_is_root"", ""euid_root"", ""max_uid_euid_delta""]","{""verdict"": ""MALICIOUS"", ""confidence"": 0.92, ""rationale_steps"": [""Privilege state: uid_is_root and euid_root are set, max_uid_euid_delta is extremely high, indicating a significant privilege escalation."", ""Mechanism: uid_changed and auid_euid_mismatch suggest an attempt to manipulate identity, which aligns with T1548 and T1222 techniques."", ""Behavioural anomaly: failed_call_rate is low, and unique_syscalls is high, suggesting a crafted process with a specific purpose, which is uncommon in benign activity."", ""Benign-explanation test: lifetime_seconds is minimal, and there's no exec_count or shell_from_service, which contradicts typical benign admin activity."", ""Decide: the strong evidence of privilege escalation and anomalous behaviour supports XGBoost's MALICIOUS call over CNN's BENIGN call.""], ""key_features"": [""lifetime_seconds"", ""unique_syscalls"", ""uid_is_root"", ""euid_root"", ""max_uid_euid_delta""], ""agrees_with"": ""xgb""}"
86157,3,1,T1548,1,0,0.999918818473816,0.8624513745307922,xgb_malicious_cnn_benign,MALICIOUS,1,0.92,xgb,ok,"[""Privilege state: uid_is_root and euid_root are set, max_uid_euid_delta is extremely high, indicating a significant privilege escalation."", ""Mechanism: uid_changed and auid_euid_mismatch suggest an attempt to manipulate identity, which aligns with T1548 and T1222 techniques."", ""Behavioural anomaly: failed_call_rate is low, and unique_syscalls is high, suggesting a crafted process with a specific purpose, which is uncommon in benign activity."", ""Benign-explanation test: lifetime_seconds is minimal, and there's no exec_count or shell_from_service, which contradicts typical benign admin activity."", ""Decide: the strong evidence of privilege escalation and anomalous behaviour supports XGBoost's MALICIOUS call over CNN's BENIGN call.""]","[""lifetime_seconds"", ""unique_syscalls"", ""uid_is_root"", ""euid_root"", ""max_uid_euid_delta""]","{""verdict"": ""MALICIOUS"", ""confidence"": 0.92, ""rationale_steps"": [""Privilege state: uid_is_root and euid_root are set, max_uid_euid_delta is extremely high, indicating a significant privilege escalation."", ""Mechanism: uid_changed and auid_euid_mismatch suggest an attempt to manipulate identity, which aligns with T1548 and T1222 techniques."", ""Behavioural anomaly: failed_call_rate is low, and unique_syscalls is high, suggesting a crafted process with a specific purpose, which is uncommon in benign activity."", ""Benign-explanation test: lifetime_seconds is minimal, and there's no exec_count or shell_from_service, which contradicts typical benign admin activity."", ""Decide: the strong evidence of privilege escalation and anomalous behaviour supports XGBoost's MALICIOUS call over CNN's BENIGN call.""], ""key_features"": [""lifetime_seconds"", ""unique_syscalls"", ""uid_is_root"", ""euid_root"", ""max_uid_euid_delta""], ""agrees_with"": ""xgb""}"
86163,3,1,T1548,1,0,0.999918818473816,0.8624513745307922,xgb_malicious_cnn_benign,MALICIOUS,1,0.92,xgb,ok,"[""Privilege state: uid_is_root and euid_root are set, max_uid_euid_delta is extremely high, indicating a significant privilege escalation."", ""Mechanism: uid_changed and auid_euid_mismatch suggest an attempt to manipulate identity, which aligns with T1548 and T1222 techniques."", ""Behavioural anomaly: failed_call_rate is low, and unique_syscalls is high, suggesting a crafted process with a specific purpose, which is uncommon in benign activity."", ""Benign-explanation test: lifetime_seconds is minimal, and there's no exec_count or shell_from_service, which contradicts typical benign admin activity."", ""Decide: the strong evidence of privilege escalation and anomalous behaviour supports XGBoost's MALICIOUS call over CNN's BENIGN call.""]","[""lifetime_seconds"", ""unique_syscalls"", ""uid_is_root"", ""euid_root"", ""max_uid_euid_delta""]","{""verdict"": ""MALICIOUS"", ""confidence"": 0.92, ""rationale_steps"": [""Privilege state: uid_is_root and euid_root are set, max_uid_euid_delta is extremely high, indicating a significant privilege escalation."", ""Mechanism: uid_changed and auid_euid_mismatch suggest an attempt to manipulate identity, which aligns with T1548 and T1222 techniques."", ""Behavioural anomaly: failed_call_rate is low, and unique_syscalls is high, suggesting a crafted process with a specific purpose, which is uncommon in benign activity."", ""Benign-explanation test: lifetime_seconds is minimal, and there's no exec_count or shell_from_service, which contradicts typical benign admin activity."", ""Decide: the strong evidence of privilege escalation and anomalous behaviour supports XGBoost's MALICIOUS call over CNN's BENIGN call.""], ""key_features"": [""lifetime_seconds"", ""unique_syscalls"", ""uid_is_root"", ""euid_root"", ""max_uid_euid_delta""], ""agrees_with"": ""xgb""}"
86170,3,1,T1548,1,0,0.999918818473816,0.8624513745307922,xgb_malicious_cnn_benign,MALICIOUS,1,0.92,xgb,ok,"[""Privilege state: uid_is_root and euid_root are set, max_uid_euid_delta is extremely high, indicating a significant privilege escalation."", ""Mechanism: uid_changed and auid_euid_mismatch suggest an attempt to manipulate identity, which aligns with T1548 and T1222 techniques."", ""Behavioural anomaly: failed_call_rate is low, and unique_syscalls is high, suggesting a crafted process with a specific purpose, which is uncommon in benign activity."", ""Benign-explanation test: lifetime_seconds is minimal, and there's no exec_count or shell_from_service, which contradicts typical benign admin activity."", ""Decide: the strong evidence of privilege escalation and anomalous behaviour supports XGBoost's MALICIOUS call over CNN's BENIGN call.""]","[""lifetime_seconds"", ""unique_syscalls"", ""uid_is_root"", ""euid_root"", ""max_uid_euid_delta""]","{""verdict"": ""MALICIOUS"", ""confidence"": 0.92, ""rationale_steps"": [""Privilege state: uid_is_root and euid_root are set, max_uid_euid_delta is extremely high, indicating a significant privilege escalation."", ""Mechanism: uid_changed and auid_euid_mismatch suggest an attempt to manipulate identity, which aligns with T1548 and T1222 techniques."", ""Behavioural anomaly: failed_call_rate is low, and unique_syscalls is high, suggesting a crafted process with a specific purpose, which is uncommon in benign activity."", ""Benign-explanation test: lifetime_seconds is minimal, and there's no exec_count or shell_from_service, which contradicts typical benign admin activity."", ""Decide: the strong evidence of privilege escalation and anomalous behaviour supports XGBoost's MALICIOUS call over CNN's BENIGN call.""], ""key_features"": [""lifetime_seconds"", ""unique_syscalls"", ""uid_is_root"", ""euid_root"", ""max_uid_euid_delta""], ""agrees_with"": ""xgb""}"
86174,3,1,T1548,1,0,0.999918818473816,0.8624513745307922,xgb_malicious_cnn_benign,MALICIOUS,1,0.92,xgb,ok,"[""Privilege state: uid_is_root and euid_root are set, max_uid_euid_delta is extremely high, indicating a significant privilege escalation."", ""Mechanism: uid_changed and auid_euid_mismatch suggest an attempt to manipulate identity, which aligns with T1548 and T1222 techniques."", ""Behavioural anomaly: failed_call_rate is low, and unique_syscalls is high, suggesting a crafted process with a specific purpose, which is uncommon in benign activity."", ""Benign-explanation test: lifetime_seconds is minimal, and there's no exec_count or shell_from_service, which contradicts typical benign admin activity."", ""Decide: the strong evidence of privilege escalation and anomalous behaviour supports XGBoost's MALICIOUS call over CNN's BENIGN call.""]","[""lifetime_seconds"", ""unique_syscalls"", ""uid_is_root"", ""euid_root"", ""max_uid_euid_delta""]","{""verdict"": ""MALICIOUS"", ""confidence"": 0.92, ""rationale_steps"": [""Privilege state: uid_is_root and euid_root are set, max_uid_euid_delta is extremely high, indicating a significant privilege escalation."", ""Mechanism: uid_changed and auid_euid_mismatch suggest an attempt to manipulate identity, which aligns with T1548 and T1222 techniques."", ""Behavioural anomaly: failed_call_rate is low, and unique_syscalls is high, suggesting a crafted process with a specific purpose, which is uncommon in benign activity."", ""Benign-explanation test: lifetime_seconds is minimal, and there's no exec_count or shell_from_service, which contradicts typical benign admin activity."", ""Decide: the strong evidence of privilege escalation and anomalous behaviour supports XGBoost's MALICIOUS call over CNN's BENIGN call.""], ""key_features"": [""lifetime_seconds"", ""unique_syscalls"", ""uid_is_root"", ""euid_root"", ""max_uid_euid_delta""], ""agrees_with"": ""xgb""}"
86188,3,1,T1548,1,0,0.999918818473816,0.8624513745307922,xgb_malicious_cnn_benign,MALICIOUS,1,0.92,xgb,ok,"[""Privilege state: uid_is_root and euid_root are set, max_uid_euid_delta is extremely high, indicating a significant privilege escalation."", ""Mechanism: uid_changed and auid_euid_mismatch suggest an attempt to manipulate identity, which aligns with T1548 and T1222 techniques."", ""Behavioural anomaly: failed_call_rate is low, and unique_syscalls is high, suggesting a crafted process with a specific purpose, which is uncommon in benign activity."", ""Benign-explanation test: lifetime_seconds is minimal, and there's no exec_count or shell_from_service, which contradicts typical benign admin activity."", ""Decide: the strong evidence of privilege escalation and anomalous behaviour supports XGBoost's MALICIOUS call over CNN's BENIGN call.""]","[""lifetime_seconds"", ""unique_syscalls"", ""uid_is_root"", ""euid_root"", ""max_uid_euid_delta""]","{""verdict"": ""MALICIOUS"", ""confidence"": 0.92, ""rationale_steps"": [""Privilege state: uid_is_root and euid_root are set, max_uid_euid_delta is extremely high, indicating a significant privilege escalation."", ""Mechanism: uid_changed and auid_euid_mismatch suggest an attempt to manipulate identity, which aligns with T1548 and T1222 techniques."", ""Behavioural anomaly: failed_call_rate is low, and unique_syscalls is high, suggesting a crafted process with a specific purpose, which is uncommon in benign activity."", ""Benign-explanation test: lifetime_seconds is minimal, and there's no exec_count or shell_from_service, which contradicts typical benign admin activity."", ""Decide: the strong evidence of privilege escalation and anomalous behaviour supports XGBoost's MALICIOUS call over CNN's BENIGN call.""], ""key_features"": [""lifetime_seconds"", ""unique_syscalls"", ""uid_is_root"", ""euid_root"", ""max_uid_euid_delta""], ""agrees_with"": ""xgb""}"
86201,3,1,T1548,1,0,0.999918818473816,0.8624513745307922,xgb_malicious_cnn_benign,MALICIOUS,1,0.92,xgb,ok,"[""Privilege state: uid_is_root and euid_root are set, max_uid_euid_delta is extremely high, indicating a significant privilege escalation."", ""Mechanism: uid_changed and auid_euid_mismatch suggest an attempt to manipulate identity, which aligns with T1548 and T1222 techniques."", ""Behavioural anomaly: failed_call_rate is low, and unique_syscalls is high, suggesting a crafted process with a specific purpose, which is uncommon in benign activity."", ""Benign-explanation test: lifetime_seconds is minimal, and there's no exec_count or shell_from_service, which contradicts typical benign admin activity."", ""Decide: the strong evidence of privilege escalation and anomalous behaviour supports XGBoost's MALICIOUS call over CNN's BENIGN call.""]","[""lifetime_seconds"", ""unique_syscalls"", ""uid_is_root"", ""euid_root"", ""max_uid_euid_delta""]","{""verdict"": ""MALICIOUS"", ""confidence"": 0.92, ""rationale_steps"": [""Privilege state: uid_is_root and euid_root are set, max_uid_euid_delta is extremely high, indicating a significant privilege escalation."", ""Mechanism: uid_changed and auid_euid_mismatch suggest an attempt to manipulate identity, which aligns with T1548 and T1222 techniques."", ""Behavioural anomaly: failed_call_rate is low, and unique_syscalls is high, suggesting a crafted process with a specific purpose, which is uncommon in benign activity."", ""Benign-explanation test: lifetime_seconds is minimal, and there's no exec_count or shell_from_service, which contradicts typical benign admin activity."", ""Decide: the strong evidence of privilege escalation and anomalous behaviour supports XGBoost's MALICIOUS call over CNN's BENIGN call.""], ""key_features"": [""lifetime_seconds"", ""unique_syscalls"", ""uid_is_root"", ""euid_root"", ""max_uid_euid_delta""], ""agrees_with"": ""xgb""}"
86202,3,1,T1548,1,0,0.999918818473816,0.8624513745307922,xgb_malicious_cnn_benign,MALICIOUS,1,0.92,xgb,ok,"[""Privilege state: uid_is_root and euid_root are set, max_uid_euid_delta is extremely high, indicating a significant privilege escalation."", ""Mechanism: uid_changed and auid_euid_mismatch suggest an attempt to manipulate identity, which aligns with T1548 and T1222 techniques."", ""Behavioural anomaly: failed_call_rate is low, and unique_syscalls is high, suggesting a crafted process with a specific purpose, which is uncommon in benign activity."", ""Benign-explanation test: lifetime_seconds is minimal, and there's no exec_count or shell_from_service, which contradicts typical benign admin activity."", ""Decide: the strong evidence of privilege escalation and anomalous behaviour supports XGBoost's MALICIOUS call over CNN's BENIGN call.""]","[""lifetime_seconds"", ""unique_syscalls"", ""uid_is_root"", ""euid_root"", ""max_uid_euid_delta""]","{""verdict"": ""MALICIOUS"", ""confidence"": 0.92, ""rationale_steps"": [""Privilege state: uid_is_root and euid_root are set, max_uid_euid_delta is extremely high, indicating a significant privilege escalation."", ""Mechanism: uid_changed and auid_euid_mismatch suggest an attempt to manipulate identity, which aligns with T1548 and T1222 techniques."", ""Behavioural anomaly: failed_call_rate is low, and unique_syscalls is high, suggesting a crafted process with a specific purpose, which is uncommon in benign activity."", ""Benign-explanation test: lifetime_seconds is minimal, and there's no exec_count or shell_from_service, which contradicts typical benign admin activity."", ""Decide: the strong evidence of privilege escalation and anomalous behaviour supports XGBoost's MALICIOUS call over CNN's BENIGN call.""], ""key_features"": [""lifetime_seconds"", ""unique_syscalls"", ""uid_is_root"", ""euid_root"", ""max_uid_euid_delta""], ""agrees_with"": ""xgb""}"
86203,3,1,T1548,1,0,0.999918818473816,0.8624513745307922,xgb_malicious_cnn_benign,MALICIOUS,1,0.92,xgb,ok,"[""Privilege state: uid_is_root and euid_root are set, max_uid_euid_delta is extremely high, indicating a significant privilege escalation."", ""Mechanism: uid_changed and auid_euid_mismatch suggest an attempt to manipulate identity, which aligns with T1548 and T1222 techniques."", ""Behavioural anomaly: failed_call_rate is low, and unique_syscalls is high, suggesting a crafted process with a specific purpose, which is uncommon in benign activity."", ""Benign-explanation test: lifetime_seconds is minimal, and there's no exec_count or shell_from_service, which contradicts typical benign admin activity."", ""Decide: the strong evidence of privilege escalation and anomalous behaviour supports XGBoost's MALICIOUS call over CNN's BENIGN call.""]","[""lifetime_seconds"", ""unique_syscalls"", ""uid_is_root"", ""euid_root"", ""max_uid_euid_delta""]","{""verdict"": ""MALICIOUS"", ""confidence"": 0.92, ""rationale_steps"": [""Privilege state: uid_is_root and euid_root are set, max_uid_euid_delta is extremely high, indicating a significant privilege escalation."", ""Mechanism: uid_changed and auid_euid_mismatch suggest an attempt to manipulate identity, which aligns with T1548 and T1222 techniques."", ""Behavioural anomaly: failed_call_rate is low, and unique_syscalls is high, suggesting a crafted process with a specific purpose, which is uncommon in benign activity."", ""Benign-explanation test: lifetime_seconds is minimal, and there's no exec_count or shell_from_service, which contradicts typical benign admin activity."", ""Decide: the strong evidence of privilege escalation and anomalous behaviour supports XGBoost's MALICIOUS call over CNN's BENIGN call.""], ""key_features"": [""lifetime_seconds"", ""unique_syscalls"", ""uid_is_root"", ""euid_root"", ""max_uid_euid_delta""], ""agrees_with"": ""xgb""}"
86218,3,1,T1548,1,0,0.999918818473816,0.8624513745307922,xgb_malicious_cnn_benign,MALICIOUS,1,0.92,xgb,ok,"[""Privilege state: uid_is_root and euid_root are set, max_uid_euid_delta is extremely high, indicating a significant privilege escalation."", ""Mechanism: uid_changed and auid_euid_mismatch suggest an attempt to manipulate identity, which aligns with T1548 and T1222 techniques."", ""Behavioural anomaly: failed_call_rate is low, and unique_syscalls is high, suggesting a crafted process with a specific purpose, which is uncommon in benign activity."", ""Benign-explanation test: lifetime_seconds is minimal, and there's no exec_count or shell_from_service, which contradicts typical benign admin activity."", ""Decide: the strong evidence of privilege escalation and anomalous behaviour supports XGBoost's MALICIOUS call over CNN's BENIGN call.""]","[""lifetime_seconds"", ""unique_syscalls"", ""uid_is_root"", ""euid_root"", ""max_uid_euid_delta""]","{""verdict"": ""MALICIOUS"", ""confidence"": 0.92, ""rationale_steps"": [""Privilege state: uid_is_root and euid_root are set, max_uid_euid_delta is extremely high, indicating a significant privilege escalation."", ""Mechanism: uid_changed and auid_euid_mismatch suggest an attempt to manipulate identity, which aligns with T1548 and T1222 techniques."", ""Behavioural anomaly: failed_call_rate is low, and unique_syscalls is high, suggesting a crafted process with a specific purpose, which is uncommon in benign activity."", ""Benign-explanation test: lifetime_seconds is minimal, and there's no exec_count or shell_from_service, which contradicts typical benign admin activity."", ""Decide: the strong evidence of privilege escalation and anomalous behaviour supports XGBoost's MALICIOUS call over CNN's BENIGN call.""], ""key_features"": [""lifetime_seconds"", ""unique_syscalls"", ""uid_is_root"", ""euid_root"", ""max_uid_euid_delta""], ""agrees_with"": ""xgb""}"
86228,3,1,T1548,1,0,0.999918818473816,0.8624513745307922,xgb_malicious_cnn_benign,MALICIOUS,1,0.92,xgb,ok,"[""Privilege state: uid_is_root and euid_root are set, max_uid_euid_delta is extremely high, indicating a significant privilege escalation."", ""Mechanism: uid_changed and auid_euid_mismatch suggest an attempt to manipulate identity, which aligns with T1548 and T1222 techniques."", ""Behavioural anomaly: failed_call_rate is low, and unique_syscalls is high, suggesting a crafted process with a specific purpose, which is uncommon in benign activity."", ""Benign-explanation test: lifetime_seconds is minimal, and there's no exec_count or shell_from_service, which contradicts typical benign admin activity."", ""Decide: the strong evidence of privilege escalation and anomalous behaviour supports XGBoost's MALICIOUS call over CNN's BENIGN call.""]","[""lifetime_seconds"", ""unique_syscalls"", ""uid_is_root"", ""euid_root"", ""max_uid_euid_delta""]","{""verdict"": ""MALICIOUS"", ""confidence"": 0.92, ""rationale_steps"": [""Privilege state: uid_is_root and euid_root are set, max_uid_euid_delta is extremely high, indicating a significant privilege escalation."", ""Mechanism: uid_changed and auid_euid_mismatch suggest an attempt to manipulate identity, which aligns with T1548 and T1222 techniques."", ""Behavioural anomaly: failed_call_rate is low, and unique_syscalls is high, suggesting a crafted process with a specific purpose, which is uncommon in benign activity."", ""Benign-explanation test: lifetime_seconds is minimal, and there's no exec_count or shell_from_service, which contradicts typical benign admin activity."", ""Decide: the strong evidence of privilege escalation and anomalous behaviour supports XGBoost's MALICIOUS call over CNN's BENIGN call.""], ""key_features"": [""lifetime_seconds"", ""unique_syscalls"", ""uid_is_root"", ""euid_root"", ""max_uid_euid_delta""], ""agrees_with"": ""xgb""}"
86230,3,1,T1548,1,0,0.999918818473816,0.8624513745307922,xgb_malicious_cnn_benign,MALICIOUS,1,0.92,xgb,ok,"[""Privilege state: uid_is_root and euid_root are set, max_uid_euid_delta is extremely high, indicating a significant privilege escalation."", ""Mechanism: uid_changed and auid_euid_mismatch suggest an attempt to manipulate identity, which aligns with T1548 and T1222 techniques."", ""Behavioural anomaly: failed_call_rate is low, and unique_syscalls is high, suggesting a crafted process with a specific purpose, which is uncommon in benign activity."", ""Benign-explanation test: lifetime_seconds is minimal, and there's no exec_count or shell_from_service, which contradicts typical benign admin activity."", ""Decide: the strong evidence of privilege escalation and anomalous behaviour supports XGBoost's MALICIOUS call over CNN's BENIGN call.""]","[""lifetime_seconds"", ""unique_syscalls"", ""uid_is_root"", ""euid_root"", ""max_uid_euid_delta""]","{""verdict"": ""MALICIOUS"", ""confidence"": 0.92, ""rationale_steps"": [""Privilege state: uid_is_root and euid_root are set, max_uid_euid_delta is extremely high, indicating a significant privilege escalation."", ""Mechanism: uid_changed and auid_euid_mismatch suggest an attempt to manipulate identity, which aligns with T1548 and T1222 techniques."", ""Behavioural anomaly: failed_call_rate is low, and unique_syscalls is high, suggesting a crafted process with a specific purpose, which is uncommon in benign activity."", ""Benign-explanation test: lifetime_seconds is minimal, and there's no exec_count or shell_from_service, which contradicts typical benign admin activity."", ""Decide: the strong evidence of privilege escalation and anomalous behaviour supports XGBoost's MALICIOUS call over CNN's BENIGN call.""], ""key_features"": [""lifetime_seconds"", ""unique_syscalls"", ""uid_is_root"", ""euid_root"", ""max_uid_euid_delta""], ""agrees_with"": ""xgb""}"
86231,3,1,T1548,1,0,0.999918818473816,0.8624513745307922,xgb_malicious_cnn_benign,MALICIOUS,1,0.92,xgb,ok,"[""Privilege state: uid_is_root and euid_root are set, max_uid_euid_delta is extremely high, indicating a significant privilege escalation."", ""Mechanism: uid_changed and auid_euid_mismatch suggest an attempt to manipulate identity, which aligns with T1548 and T1222 techniques."", ""Behavioural anomaly: failed_call_rate is low, and unique_syscalls is high, suggesting a crafted process with a specific purpose, which is uncommon in benign activity."", ""Benign-explanation test: lifetime_seconds is minimal, and there's no exec_count or shell_from_service, which contradicts typical benign admin activity."", ""Decide: the strong evidence of privilege escalation and anomalous behaviour supports XGBoost's MALICIOUS call over CNN's BENIGN call.""]","[""lifetime_seconds"", ""unique_syscalls"", ""uid_is_root"", ""euid_root"", ""max_uid_euid_delta""]","{""verdict"": ""MALICIOUS"", ""confidence"": 0.92, ""rationale_steps"": [""Privilege state: uid_is_root and euid_root are set, max_uid_euid_delta is extremely high, indicating a significant privilege escalation."", ""Mechanism: uid_changed and auid_euid_mismatch suggest an attempt to manipulate identity, which aligns with T1548 and T1222 techniques."", ""Behavioural anomaly: failed_call_rate is low, and unique_syscalls is high, suggesting a crafted process with a specific purpose, which is uncommon in benign activity."", ""Benign-explanation test: lifetime_seconds is minimal, and there's no exec_count or shell_from_service, which contradicts typical benign admin activity."", ""Decide: the strong evidence of privilege escalation and anomalous behaviour supports XGBoost's MALICIOUS call over CNN's BENIGN call.""], ""key_features"": [""lifetime_seconds"", ""unique_syscalls"", ""uid_is_root"", ""euid_root"", ""max_uid_euid_delta""], ""agrees_with"": ""xgb""}"
86232,3,1,T1548,1,0,0.999918818473816,0.8624513745307922,xgb_malicious_cnn_benign,MALICIOUS,1,0.92,xgb,ok,"[""Privilege state: uid_is_root and euid_root are set, max_uid_euid_delta is extremely high, indicating a significant privilege escalation."", ""Mechanism: uid_changed and auid_euid_mismatch suggest an attempt to manipulate identity, which aligns with T1548 and T1222 techniques."", ""Behavioural anomaly: failed_call_rate is low, and unique_syscalls is high, suggesting a crafted process with a specific purpose, which is uncommon in benign activity."", ""Benign-explanation test: lifetime_seconds is minimal, and there's no exec_count or shell_from_service, which contradicts typical benign admin activity."", ""Decide: the strong evidence of privilege escalation and anomalous behaviour supports XGBoost's MALICIOUS call over CNN's BENIGN call.""]","[""lifetime_seconds"", ""unique_syscalls"", ""uid_is_root"", ""euid_root"", ""max_uid_euid_delta""]","{""verdict"": ""MALICIOUS"", ""confidence"": 0.92, ""rationale_steps"": [""Privilege state: uid_is_root and euid_root are set, max_uid_euid_delta is extremely high, indicating a significant privilege escalation."", ""Mechanism: uid_changed and auid_euid_mismatch suggest an attempt to manipulate identity, which aligns with T1548 and T1222 techniques."", ""Behavioural anomaly: failed_call_rate is low, and unique_syscalls is high, suggesting a crafted process with a specific purpose, which is uncommon in benign activity."", ""Benign-explanation test: lifetime_seconds is minimal, and there's no exec_count or shell_from_service, which contradicts typical benign admin activity."", ""Decide: the strong evidence of privilege escalation and anomalous behaviour supports XGBoost's MALICIOUS call over CNN's BENIGN call.""], ""key_features"": [""lifetime_seconds"", ""unique_syscalls"", ""uid_is_root"", ""euid_root"", ""max_uid_euid_delta""], ""agrees_with"": ""xgb""}"
86257,3,1,T1548,1,0,0.999918818473816,0.8624513745307922,xgb_malicious_cnn_benign,MALICIOUS,1,0.92,xgb,ok,"[""Privilege state: uid_is_root and euid_root are set, max_uid_euid_delta is extremely high, indicating a significant privilege escalation."", ""Mechanism: uid_changed and auid_euid_mismatch suggest an attempt to manipulate identity, which aligns with T1548 and T1222 techniques."", ""Behavioural anomaly: failed_call_rate is low, and unique_syscalls is high, suggesting a crafted process with a specific purpose, which is uncommon in benign activity."", ""Benign-explanation test: lifetime_seconds is minimal, and there's no exec_count or shell_from_service, which contradicts typical benign admin activity."", ""Decide: the strong evidence of privilege escalation and anomalous behaviour supports XGBoost's MALICIOUS call over CNN's BENIGN call.""]","[""lifetime_seconds"", ""unique_syscalls"", ""uid_is_root"", ""euid_root"", ""max_uid_euid_delta""]","{""verdict"": ""MALICIOUS"", ""confidence"": 0.92, ""rationale_steps"": [""Privilege state: uid_is_root and euid_root are set, max_uid_euid_delta is extremely high, indicating a significant privilege escalation."", ""Mechanism: uid_changed and auid_euid_mismatch suggest an attempt to manipulate identity, which aligns with T1548 and T1222 techniques."", ""Behavioural anomaly: failed_call_rate is low, and unique_syscalls is high, suggesting a crafted process with a specific purpose, which is uncommon in benign activity."", ""Benign-explanation test: lifetime_seconds is minimal, and there's no exec_count or shell_from_service, which contradicts typical benign admin activity."", ""Decide: the strong evidence of privilege escalation and anomalous behaviour supports XGBoost's MALICIOUS call over CNN's BENIGN call.""], ""key_features"": [""lifetime_seconds"", ""unique_syscalls"", ""uid_is_root"", ""euid_root"", ""max_uid_euid_delta""], ""agrees_with"": ""xgb""}"
86264,3,1,T1548,1,0,0.999918818473816,0.8624513745307922,xgb_malicious_cnn_benign,MALICIOUS,1,0.92,xgb,ok,"[""Privilege state: uid_is_root and euid_root are set, max_uid_euid_delta is extremely high, indicating a significant privilege escalation."", ""Mechanism: uid_changed and auid_euid_mismatch suggest an attempt to manipulate identity, which aligns with T1548 and T1222 techniques."", ""Behavioural anomaly: failed_call_rate is low, and unique_syscalls is high, suggesting a crafted process with a specific purpose, which is uncommon in benign activity."", ""Benign-explanation test: lifetime_seconds is minimal, and there's no exec_count or shell_from_service, which contradicts typical benign admin activity."", ""Decide: the strong evidence of privilege escalation and anomalous behaviour supports XGBoost's MALICIOUS call over CNN's BENIGN call.""]","[""lifetime_seconds"", ""unique_syscalls"", ""uid_is_root"", ""euid_root"", ""max_uid_euid_delta""]","{""verdict"": ""MALICIOUS"", ""confidence"": 0.92, ""rationale_steps"": [""Privilege state: uid_is_root and euid_root are set, max_uid_euid_delta is extremely high, indicating a significant privilege escalation."", ""Mechanism: uid_changed and auid_euid_mismatch suggest an attempt to manipulate identity, which aligns with T1548 and T1222 techniques."", ""Behavioural anomaly: failed_call_rate is low, and unique_syscalls is high, suggesting a crafted process with a specific purpose, which is uncommon in benign activity."", ""Benign-explanation test: lifetime_seconds is minimal, and there's no exec_count or shell_from_service, which contradicts typical benign admin activity."", ""Decide: the strong evidence of privilege escalation and anomalous behaviour supports XGBoost's MALICIOUS call over CNN's BENIGN call.""], ""key_features"": [""lifetime_seconds"", ""unique_syscalls"", ""uid_is_root"", ""euid_root"", ""max_uid_euid_delta""], ""agrees_with"": ""xgb""}"
86278,3,1,T1548,1,0,0.999918818473816,0.8624513745307922,xgb_malicious_cnn_benign,MALICIOUS,1,0.92,xgb,ok,"[""Privilege state: uid_is_root and euid_root are set, max_uid_euid_delta is extremely high, indicating a significant privilege escalation."", ""Mechanism: uid_changed and auid_euid_mismatch suggest an attempt to manipulate identity, which aligns with T1548 and T1222 techniques."", ""Behavioural anomaly: failed_call_rate is low, and unique_syscalls is high, suggesting a crafted process with a specific purpose, which is uncommon in benign activity."", ""Benign-explanation test: lifetime_seconds is minimal, and there's no exec_count or shell_from_service, which contradicts typical benign admin activity."", ""Decide: the strong evidence of privilege escalation and anomalous behaviour supports XGBoost's MALICIOUS call over CNN's BENIGN call.""]","[""lifetime_seconds"", ""unique_syscalls"", ""uid_is_root"", ""euid_root"", ""max_uid_euid_delta""]","{""verdict"": ""MALICIOUS"", ""confidence"": 0.92, ""rationale_steps"": [""Privilege state: uid_is_root and euid_root are set, max_uid_euid_delta is extremely high, indicating a significant privilege escalation."", ""Mechanism: uid_changed and auid_euid_mismatch suggest an attempt to manipulate identity, which aligns with T1548 and T1222 techniques."", ""Behavioural anomaly: failed_call_rate is low, and unique_syscalls is high, suggesting a crafted process with a specific purpose, which is uncommon in benign activity."", ""Benign-explanation test: lifetime_seconds is minimal, and there's no exec_count or shell_from_service, which contradicts typical benign admin activity."", ""Decide: the strong evidence of privilege escalation and anomalous behaviour supports XGBoost's MALICIOUS call over CNN's BENIGN call.""], ""key_features"": [""lifetime_seconds"", ""unique_syscalls"", ""uid_is_root"", ""euid_root"", ""max_uid_euid_delta""], ""agrees_with"": ""xgb""}"
86283,3,1,T1548,1,0,0.999918818473816,0.8624513745307922,xgb_malicious_cnn_benign,MALICIOUS,1,0.92,xgb,ok,"[""Privilege state: uid_is_root and euid_root are set, max_uid_euid_delta is extremely high, indicating a significant privilege escalation."", ""Mechanism: uid_changed and auid_euid_mismatch suggest an attempt to manipulate identity, which aligns with T1548 and T1222 techniques."", ""Behavioural anomaly: failed_call_rate is low, and unique_syscalls is high, suggesting a crafted process with a specific purpose, which is uncommon in benign activity."", ""Benign-explanation test: lifetime_seconds is minimal, and there's no exec_count or shell_from_service, which contradicts typical benign admin activity."", ""Decide: the strong evidence of privilege escalation and anomalous behaviour supports XGBoost's MALICIOUS call over CNN's BENIGN call.""]","[""lifetime_seconds"", ""unique_syscalls"", ""uid_is_root"", ""euid_root"", ""max_uid_euid_delta""]","{""verdict"": ""MALICIOUS"", ""confidence"": 0.92, ""rationale_steps"": [""Privilege state: uid_is_root and euid_root are set, max_uid_euid_delta is extremely high, indicating a significant privilege escalation."", ""Mechanism: uid_changed and auid_euid_mismatch suggest an attempt to manipulate identity, which aligns with T1548 and T1222 techniques."", ""Behavioural anomaly: failed_call_rate is low, and unique_syscalls is high, suggesting a crafted process with a specific purpose, which is uncommon in benign activity."", ""Benign-explanation test: lifetime_seconds is minimal, and there's no exec_count or shell_from_service, which contradicts typical benign admin activity."", ""Decide: the strong evidence of privilege escalation and anomalous behaviour supports XGBoost's MALICIOUS call over CNN's BENIGN call.""], ""key_features"": [""lifetime_seconds"", ""unique_syscalls"", ""uid_is_root"", ""euid_root"", ""max_uid_euid_delta""], ""agrees_with"": ""xgb""}"
86287,3,1,T1548,1,0,0.999918818473816,0.8624513745307922,xgb_malicious_cnn_benign,MALICIOUS,1,0.92,xgb,ok,"[""Privilege state: uid_is_root and euid_root are set, max_uid_euid_delta is extremely high, indicating a significant privilege escalation."", ""Mechanism: uid_changed and auid_euid_mismatch suggest an attempt to manipulate identity, which aligns with T1548 and T1222 techniques."", ""Behavioural anomaly: failed_call_rate is low, and unique_syscalls is high, suggesting a crafted process with a specific purpose, which is uncommon in benign activity."", ""Benign-explanation test: lifetime_seconds is minimal, and there's no exec_count or shell_from_service, which contradicts typical benign admin activity."", ""Decide: the strong evidence of privilege escalation and anomalous behaviour supports XGBoost's MALICIOUS call over CNN's BENIGN call.""]","[""lifetime_seconds"", ""unique_syscalls"", ""uid_is_root"", ""euid_root"", ""max_uid_euid_delta""]","{""verdict"": ""MALICIOUS"", ""confidence"": 0.92, ""rationale_steps"": [""Privilege state: uid_is_root and euid_root are set, max_uid_euid_delta is extremely high, indicating a significant privilege escalation."", ""Mechanism: uid_changed and auid_euid_mismatch suggest an attempt to manipulate identity, which aligns with T1548 and T1222 techniques."", ""Behavioural anomaly: failed_call_rate is low, and unique_syscalls is high, suggesting a crafted process with a specific purpose, which is uncommon in benign activity."", ""Benign-explanation test: lifetime_seconds is minimal, and there's no exec_count or shell_from_service, which contradicts typical benign admin activity."", ""Decide: the strong evidence of privilege escalation and anomalous behaviour supports XGBoost's MALICIOUS call over CNN's BENIGN call.""], ""key_features"": [""lifetime_seconds"", ""unique_syscalls"", ""uid_is_root"", ""euid_root"", ""max_uid_euid_delta""], ""agrees_with"": ""xgb""}"
86291,3,1,T1548,1,0,0.999918818473816,0.8624513745307922,xgb_malicious_cnn_benign,MALICIOUS,1,0.92,xgb,ok,"[""Privilege state: uid_is_root and euid_root are set, max_uid_euid_delta is extremely high, indicating a significant privilege escalation."", ""Mechanism: uid_changed and auid_euid_mismatch suggest an attempt to manipulate identity, which aligns with T1548 and T1222 techniques."", ""Behavioural anomaly: failed_call_rate is low, and unique_syscalls is high, suggesting a crafted process with a specific purpose, which is uncommon in benign activity."", ""Benign-explanation test: lifetime_seconds is minimal, and there's no exec_count or shell_from_service, which contradicts typical benign admin activity."", ""Decide: the strong evidence of privilege escalation and anomalous behaviour supports XGBoost's MALICIOUS call over CNN's BENIGN call.""]","[""lifetime_seconds"", ""unique_syscalls"", ""uid_is_root"", ""euid_root"", ""max_uid_euid_delta""]","{""verdict"": ""MALICIOUS"", ""confidence"": 0.92, ""rationale_steps"": [""Privilege state: uid_is_root and euid_root are set, max_uid_euid_delta is extremely high, indicating a significant privilege escalation."", ""Mechanism: uid_changed and auid_euid_mismatch suggest an attempt to manipulate identity, which aligns with T1548 and T1222 techniques."", ""Behavioural anomaly: failed_call_rate is low, and unique_syscalls is high, suggesting a crafted process with a specific purpose, which is uncommon in benign activity."", ""Benign-explanation test: lifetime_seconds is minimal, and there's no exec_count or shell_from_service, which contradicts typical benign admin activity."", ""Decide: the strong evidence of privilege escalation and anomalous behaviour supports XGBoost's MALICIOUS call over CNN's BENIGN call.""], ""key_features"": [""lifetime_seconds"", ""unique_syscalls"", ""uid_is_root"", ""euid_root"", ""max_uid_euid_delta""], ""agrees_with"": ""xgb""}"
86294,3,1,T1548,1,0,0.999918818473816,0.8624513745307922,xgb_malicious_cnn_benign,MALICIOUS,1,0.92,xgb,ok,"[""Privilege state: uid_is_root and euid_root are set, max_uid_euid_delta is extremely high, indicating a significant privilege escalation."", ""Mechanism: uid_changed and auid_euid_mismatch suggest an attempt to manipulate identity, which aligns with T1548 and T1222 techniques."", ""Behavioural anomaly: failed_call_rate is low, and unique_syscalls is high, suggesting a crafted process with a specific purpose, which is uncommon in benign activity."", ""Benign-explanation test: lifetime_seconds is minimal, and there's no exec_count or shell_from_service, which contradicts typical benign admin activity."", ""Decide: the strong evidence of privilege escalation and anomalous behaviour supports XGBoost's MALICIOUS call over CNN's BENIGN call.""]","[""lifetime_seconds"", ""unique_syscalls"", ""uid_is_root"", ""euid_root"", ""max_uid_euid_delta""]","{""verdict"": ""MALICIOUS"", ""confidence"": 0.92, ""rationale_steps"": [""Privilege state: uid_is_root and euid_root are set, max_uid_euid_delta is extremely high, indicating a significant privilege escalation."", ""Mechanism: uid_changed and auid_euid_mismatch suggest an attempt to manipulate identity, which aligns with T1548 and T1222 techniques."", ""Behavioural anomaly: failed_call_rate is low, and unique_syscalls is high, suggesting a crafted process with a specific purpose, which is uncommon in benign activity."", ""Benign-explanation test: lifetime_seconds is minimal, and there's no exec_count or shell_from_service, which contradicts typical benign admin activity."", ""Decide: the strong evidence of privilege escalation and anomalous behaviour supports XGBoost's MALICIOUS call over CNN's BENIGN call.""], ""key_features"": [""lifetime_seconds"", ""unique_syscalls"", ""uid_is_root"", ""euid_root"", ""max_uid_euid_delta""], ""agrees_with"": ""xgb""}"
86301,3,1,T1548,1,0,0.999918818473816,0.8624513745307922,xgb_malicious_cnn_benign,MALICIOUS,1,0.92,xgb,ok,"[""Privilege state: uid_is_root and euid_root are set, max_uid_euid_delta is extremely high, indicating a significant privilege escalation."", ""Mechanism: uid_changed and auid_euid_mismatch suggest an attempt to manipulate identity, which aligns with T1548 and T1222 techniques."", ""Behavioural anomaly: failed_call_rate is low, and unique_syscalls is high, suggesting a crafted process with a specific purpose, which is uncommon in benign activity."", ""Benign-explanation test: lifetime_seconds is minimal, and there's no exec_count or shell_from_service, which contradicts typical benign admin activity."", ""Decide: the strong evidence of privilege escalation and anomalous behaviour supports XGBoost's MALICIOUS call over CNN's BENIGN call.""]","[""lifetime_seconds"", ""unique_syscalls"", ""uid_is_root"", ""euid_root"", ""max_uid_euid_delta""]","{""verdict"": ""MALICIOUS"", ""confidence"": 0.92, ""rationale_steps"": [""Privilege state: uid_is_root and euid_root are set, max_uid_euid_delta is extremely high, indicating a significant privilege escalation."", ""Mechanism: uid_changed and auid_euid_mismatch suggest an attempt to manipulate identity, which aligns with T1548 and T1222 techniques."", ""Behavioural anomaly: failed_call_rate is low, and unique_syscalls is high, suggesting a crafted process with a specific purpose, which is uncommon in benign activity."", ""Benign-explanation test: lifetime_seconds is minimal, and there's no exec_count or shell_from_service, which contradicts typical benign admin activity."", ""Decide: the strong evidence of privilege escalation and anomalous behaviour supports XGBoost's MALICIOUS call over CNN's BENIGN call.""], ""key_features"": [""lifetime_seconds"", ""unique_syscalls"", ""uid_is_root"", ""euid_root"", ""max_uid_euid_delta""], ""agrees_with"": ""xgb""}"
86319,3,1,T1548,1,0,0.999918818473816,0.8624513745307922,xgb_malicious_cnn_benign,MALICIOUS,1,0.92,xgb,ok,"[""Privilege state: uid_is_root and euid_root are set, max_uid_euid_delta is extremely high, indicating a significant privilege escalation."", ""Mechanism: uid_changed and auid_euid_mismatch suggest an attempt to manipulate identity, which aligns with T1548 and T1222 techniques."", ""Behavioural anomaly: failed_call_rate is low, and unique_syscalls is high, suggesting a crafted process with a specific purpose, which is uncommon in benign activity."", ""Benign-explanation test: lifetime_seconds is minimal, and there's no exec_count or shell_from_service, which contradicts typical benign admin activity."", ""Decide: the strong evidence of privilege escalation and anomalous behaviour supports XGBoost's MALICIOUS call over CNN's BENIGN call.""]","[""lifetime_seconds"", ""unique_syscalls"", ""uid_is_root"", ""euid_root"", ""max_uid_euid_delta""]","{""verdict"": ""MALICIOUS"", ""confidence"": 0.92, ""rationale_steps"": [""Privilege state: uid_is_root and euid_root are set, max_uid_euid_delta is extremely high, indicating a significant privilege escalation."", ""Mechanism: uid_changed and auid_euid_mismatch suggest an attempt to manipulate identity, which aligns with T1548 and T1222 techniques."", ""Behavioural anomaly: failed_call_rate is low, and unique_syscalls is high, suggesting a crafted process with a specific purpose, which is uncommon in benign activity."", ""Benign-explanation test: lifetime_seconds is minimal, and there's no exec_count or shell_from_service, which contradicts typical benign admin activity."", ""Decide: the strong evidence of privilege escalation and anomalous behaviour supports XGBoost's MALICIOUS call over CNN's BENIGN call.""], ""key_features"": [""lifetime_seconds"", ""unique_syscalls"", ""uid_is_root"", ""euid_root"", ""max_uid_euid_delta""], ""agrees_with"": ""xgb""}"
86369,3,1,T1548,1,0,0.999918818473816,0.8624513745307922,xgb_malicious_cnn_benign,MALICIOUS,1,0.92,xgb,ok,"[""Privilege state: uid_is_root and euid_root are set, max_uid_euid_delta is extremely high, indicating a significant privilege escalation."", ""Mechanism: uid_changed and auid_euid_mismatch suggest an attempt to manipulate identity, which aligns with T1548 and T1222 techniques."", ""Behavioural anomaly: failed_call_rate is low, and unique_syscalls is high, suggesting a crafted process with a specific purpose, which is uncommon in benign activity."", ""Benign-explanation test: lifetime_seconds is minimal, and there's no exec_count or shell_from_service, which contradicts typical benign admin activity."", ""Decide: the strong evidence of privilege escalation and anomalous behaviour supports XGBoost's MALICIOUS call over CNN's BENIGN call.""]","[""lifetime_seconds"", ""unique_syscalls"", ""uid_is_root"", ""euid_root"", ""max_uid_euid_delta""]","{""verdict"": ""MALICIOUS"", ""confidence"": 0.92, ""rationale_steps"": [""Privilege state: uid_is_root and euid_root are set, max_uid_euid_delta is extremely high, indicating a significant privilege escalation."", ""Mechanism: uid_changed and auid_euid_mismatch suggest an attempt to manipulate identity, which aligns with T1548 and T1222 techniques."", ""Behavioural anomaly: failed_call_rate is low, and unique_syscalls is high, suggesting a crafted process with a specific purpose, which is uncommon in benign activity."", ""Benign-explanation test: lifetime_seconds is minimal, and there's no exec_count or shell_from_service, which contradicts typical benign admin activity."", ""Decide: the strong evidence of privilege escalation and anomalous behaviour supports XGBoost's MALICIOUS call over CNN's BENIGN call.""], ""key_features"": [""lifetime_seconds"", ""unique_syscalls"", ""uid_is_root"", ""euid_root"", ""max_uid_euid_delta""], ""agrees_with"": ""xgb""}"
86378,3,1,T1548,1,0,0.999918818473816,0.8624513745307922,xgb_malicious_cnn_benign,MALICIOUS,1,0.92,xgb,ok,"[""Privilege state: uid_is_root and euid_root are set, max_uid_euid_delta is extremely high, indicating a significant privilege escalation."", ""Mechanism: uid_changed and auid_euid_mismatch suggest an attempt to manipulate identity, which aligns with T1548 and T1222 techniques."", ""Behavioural anomaly: failed_call_rate is low, and unique_syscalls is high, suggesting a crafted process with a specific purpose, which is uncommon in benign activity."", ""Benign-explanation test: lifetime_seconds is minimal, and there's no exec_count or shell_from_service, which contradicts typical benign admin activity."", ""Decide: the strong evidence of privilege escalation and anomalous behaviour supports XGBoost's MALICIOUS call over CNN's BENIGN call.""]","[""lifetime_seconds"", ""unique_syscalls"", ""uid_is_root"", ""euid_root"", ""max_uid_euid_delta""]","{""verdict"": ""MALICIOUS"", ""confidence"": 0.92, ""rationale_steps"": [""Privilege state: uid_is_root and euid_root are set, max_uid_euid_delta is extremely high, indicating a significant privilege escalation."", ""Mechanism: uid_changed and auid_euid_mismatch suggest an attempt to manipulate identity, which aligns with T1548 and T1222 techniques."", ""Behavioural anomaly: failed_call_rate is low, and unique_syscalls is high, suggesting a crafted process with a specific purpose, which is uncommon in benign activity."", ""Benign-explanation test: lifetime_seconds is minimal, and there's no exec_count or shell_from_service, which contradicts typical benign admin activity."", ""Decide: the strong evidence of privilege escalation and anomalous behaviour supports XGBoost's MALICIOUS call over CNN's BENIGN call.""], ""key_features"": [""lifetime_seconds"", ""unique_syscalls"", ""uid_is_root"", ""euid_root"", ""max_uid_euid_delta""], ""agrees_with"": ""xgb""}"
86385,3,1,T1548,1,0,0.999918818473816,0.8624513745307922,xgb_malicious_cnn_benign,MALICIOUS,1,0.92,xgb,ok,"[""Privilege state: uid_is_root and euid_root are set, max_uid_euid_delta is extremely high, indicating a significant privilege escalation."", ""Mechanism: uid_changed and auid_euid_mismatch suggest an attempt to manipulate identity, which aligns with T1548 and T1222 techniques."", ""Behavioural anomaly: failed_call_rate is low, and unique_syscalls is high, suggesting a crafted process with a specific purpose, which is uncommon in benign activity."", ""Benign-explanation test: lifetime_seconds is minimal, and there's no exec_count or shell_from_service, which contradicts typical benign admin activity."", ""Decide: the strong evidence of privilege escalation and anomalous behaviour supports XGBoost's MALICIOUS call over CNN's BENIGN call.""]","[""lifetime_seconds"", ""unique_syscalls"", ""uid_is_root"", ""euid_root"", ""max_uid_euid_delta""]","{""verdict"": ""MALICIOUS"", ""confidence"": 0.92, ""rationale_steps"": [""Privilege state: uid_is_root and euid_root are set, max_uid_euid_delta is extremely high, indicating a significant privilege escalation."", ""Mechanism: uid_changed and auid_euid_mismatch suggest an attempt to manipulate identity, which aligns with T1548 and T1222 techniques."", ""Behavioural anomaly: failed_call_rate is low, and unique_syscalls is high, suggesting a crafted process with a specific purpose, which is uncommon in benign activity."", ""Benign-explanation test: lifetime_seconds is minimal, and there's no exec_count or shell_from_service, which contradicts typical benign admin activity."", ""Decide: the strong evidence of privilege escalation and anomalous behaviour supports XGBoost's MALICIOUS call over CNN's BENIGN call.""], ""key_features"": [""lifetime_seconds"", ""unique_syscalls"", ""uid_is_root"", ""euid_root"", ""max_uid_euid_delta""], ""agrees_with"": ""xgb""}"
86387,3,1,T1548,1,0,0.999918818473816,0.8624513745307922,xgb_malicious_cnn_benign,MALICIOUS,1,0.92,xgb,ok,"[""Privilege state: uid_is_root and euid_root are set, max_uid_euid_delta is extremely high, indicating a significant privilege escalation."", ""Mechanism: uid_changed and auid_euid_mismatch suggest an attempt to manipulate identity, which aligns with T1548 and T1222 techniques."", ""Behavioural anomaly: failed_call_rate is low, and unique_syscalls is high, suggesting a crafted process with a specific purpose, which is uncommon in benign activity."", ""Benign-explanation test: lifetime_seconds is minimal, and there's no exec_count or shell_from_service, which contradicts typical benign admin activity."", ""Decide: the strong evidence of privilege escalation and anomalous behaviour supports XGBoost's MALICIOUS call over CNN's BENIGN call.""]","[""lifetime_seconds"", ""unique_syscalls"", ""uid_is_root"", ""euid_root"", ""max_uid_euid_delta""]","{""verdict"": ""MALICIOUS"", ""confidence"": 0.92, ""rationale_steps"": [""Privilege state: uid_is_root and euid_root are set, max_uid_euid_delta is extremely high, indicating a significant privilege escalation."", ""Mechanism: uid_changed and auid_euid_mismatch suggest an attempt to manipulate identity, which aligns with T1548 and T1222 techniques."", ""Behavioural anomaly: failed_call_rate is low, and unique_syscalls is high, suggesting a crafted process with a specific purpose, which is uncommon in benign activity."", ""Benign-explanation test: lifetime_seconds is minimal, and there's no exec_count or shell_from_service, which contradicts typical benign admin activity."", ""Decide: the strong evidence of privilege escalation and anomalous behaviour supports XGBoost's MALICIOUS call over CNN's BENIGN call.""], ""key_features"": [""lifetime_seconds"", ""unique_syscalls"", ""uid_is_root"", ""euid_root"", ""max_uid_euid_delta""], ""agrees_with"": ""xgb""}"
86403,3,1,T1548,1,0,0.999918818473816,0.8624513745307922,xgb_malicious_cnn_benign,MALICIOUS,1,0.92,xgb,ok,"[""Privilege state: uid_is_root and euid_root are set, max_uid_euid_delta is extremely high, indicating a significant privilege escalation."", ""Mechanism: uid_changed and auid_euid_mismatch suggest an attempt to manipulate identity, which aligns with T1548 and T1222 techniques."", ""Behavioural anomaly: failed_call_rate is low, and unique_syscalls is high, suggesting a crafted process with a specific purpose, which is uncommon in benign activity."", ""Benign-explanation test: lifetime_seconds is minimal, and there's no exec_count or shell_from_service, which contradicts typical benign admin activity."", ""Decide: the strong evidence of privilege escalation and anomalous behaviour supports XGBoost's MALICIOUS call over CNN's BENIGN call.""]","[""lifetime_seconds"", ""unique_syscalls"", ""uid_is_root"", ""euid_root"", ""max_uid_euid_delta""]","{""verdict"": ""MALICIOUS"", ""confidence"": 0.92, ""rationale_steps"": [""Privilege state: uid_is_root and euid_root are set, max_uid_euid_delta is extremely high, indicating a significant privilege escalation."", ""Mechanism: uid_changed and auid_euid_mismatch suggest an attempt to manipulate identity, which aligns with T1548 and T1222 techniques."", ""Behavioural anomaly: failed_call_rate is low, and unique_syscalls is high, suggesting a crafted process with a specific purpose, which is uncommon in benign activity."", ""Benign-explanation test: lifetime_seconds is minimal, and there's no exec_count or shell_from_service, which contradicts typical benign admin activity."", ""Decide: the strong evidence of privilege escalation and anomalous behaviour supports XGBoost's MALICIOUS call over CNN's BENIGN call.""], ""key_features"": [""lifetime_seconds"", ""unique_syscalls"", ""uid_is_root"", ""euid_root"", ""max_uid_euid_delta""], ""agrees_with"": ""xgb""}"
86410,3,1,T1548,1,0,0.999918818473816,0.8624513745307922,xgb_malicious_cnn_benign,MALICIOUS,1,0.92,xgb,ok,"[""Privilege state: uid_is_root and euid_root are set, max_uid_euid_delta is extremely high, indicating a significant privilege escalation."", ""Mechanism: uid_changed and auid_euid_mismatch suggest an attempt to manipulate identity, which aligns with T1548 and T1222 techniques."", ""Behavioural anomaly: failed_call_rate is low, and unique_syscalls is high, suggesting a crafted process with a specific purpose, which is uncommon in benign activity."", ""Benign-explanation test: lifetime_seconds is minimal, and there's no exec_count or shell_from_service, which contradicts typical benign admin activity."", ""Decide: the strong evidence of privilege escalation and anomalous behaviour supports XGBoost's MALICIOUS call over CNN's BENIGN call.""]","[""lifetime_seconds"", ""unique_syscalls"", ""uid_is_root"", ""euid_root"", ""max_uid_euid_delta""]","{""verdict"": ""MALICIOUS"", ""confidence"": 0.92, ""rationale_steps"": [""Privilege state: uid_is_root and euid_root are set, max_uid_euid_delta is extremely high, indicating a significant privilege escalation."", ""Mechanism: uid_changed and auid_euid_mismatch suggest an attempt to manipulate identity, which aligns with T1548 and T1222 techniques."", ""Behavioural anomaly: failed_call_rate is low, and unique_syscalls is high, suggesting a crafted process with a specific purpose, which is uncommon in benign activity."", ""Benign-explanation test: lifetime_seconds is minimal, and there's no exec_count or shell_from_service, which contradicts typical benign admin activity."", ""Decide: the strong evidence of privilege escalation and anomalous behaviour supports XGBoost's MALICIOUS call over CNN's BENIGN call.""], ""key_features"": [""lifetime_seconds"", ""unique_syscalls"", ""uid_is_root"", ""euid_root"", ""max_uid_euid_delta""], ""agrees_with"": ""xgb""}"
86418,3,1,T1548,1,0,0.999918818473816,0.8624513745307922,xgb_malicious_cnn_benign,MALICIOUS,1,0.92,xgb,ok,"[""Privilege state: uid_is_root and euid_root are set, max_uid_euid_delta is extremely high, indicating a significant privilege escalation."", ""Mechanism: uid_changed and auid_euid_mismatch suggest an attempt to manipulate identity, which aligns with T1548 and T1222 techniques."", ""Behavioural anomaly: failed_call_rate is low, and unique_syscalls is high, suggesting a crafted process with a specific purpose, which is uncommon in benign activity."", ""Benign-explanation test: lifetime_seconds is minimal, and there's no exec_count or shell_from_service, which contradicts typical benign admin activity."", ""Decide: the strong evidence of privilege escalation and anomalous behaviour supports XGBoost's MALICIOUS call over CNN's BENIGN call.""]","[""lifetime_seconds"", ""unique_syscalls"", ""uid_is_root"", ""euid_root"", ""max_uid_euid_delta""]","{""verdict"": ""MALICIOUS"", ""confidence"": 0.92, ""rationale_steps"": [""Privilege state: uid_is_root and euid_root are set, max_uid_euid_delta is extremely high, indicating a significant privilege escalation."", ""Mechanism: uid_changed and auid_euid_mismatch suggest an attempt to manipulate identity, which aligns with T1548 and T1222 techniques."", ""Behavioural anomaly: failed_call_rate is low, and unique_syscalls is high, suggesting a crafted process with a specific purpose, which is uncommon in benign activity."", ""Benign-explanation test: lifetime_seconds is minimal, and there's no exec_count or shell_from_service, which contradicts typical benign admin activity."", ""Decide: the strong evidence of privilege escalation and anomalous behaviour supports XGBoost's MALICIOUS call over CNN's BENIGN call.""], ""key_features"": [""lifetime_seconds"", ""unique_syscalls"", ""uid_is_root"", ""euid_root"", ""max_uid_euid_delta""], ""agrees_with"": ""xgb""}"
86428,3,1,T1548,1,0,0.999918818473816,0.8624513745307922,xgb_malicious_cnn_benign,MALICIOUS,1,0.92,xgb,ok,"[""Privilege state: uid_is_root and euid_root are set, max_uid_euid_delta is extremely high, indicating a significant privilege escalation."", ""Mechanism: uid_changed and auid_euid_mismatch suggest an attempt to manipulate identity, which aligns with T1548 and T1222 techniques."", ""Behavioural anomaly: failed_call_rate is low, and unique_syscalls is high, suggesting a crafted process with a specific purpose, which is uncommon in benign activity."", ""Benign-explanation test: lifetime_seconds is minimal, and there's no exec_count or shell_from_service, which contradicts typical benign admin activity."", ""Decide: the strong evidence of privilege escalation and anomalous behaviour supports XGBoost's MALICIOUS call over CNN's BENIGN call.""]","[""lifetime_seconds"", ""unique_syscalls"", ""uid_is_root"", ""euid_root"", ""max_uid_euid_delta""]","{""verdict"": ""MALICIOUS"", ""confidence"": 0.92, ""rationale_steps"": [""Privilege state: uid_is_root and euid_root are set, max_uid_euid_delta is extremely high, indicating a significant privilege escalation."", ""Mechanism: uid_changed and auid_euid_mismatch suggest an attempt to manipulate identity, which aligns with T1548 and T1222 techniques."", ""Behavioural anomaly: failed_call_rate is low, and unique_syscalls is high, suggesting a crafted process with a specific purpose, which is uncommon in benign activity."", ""Benign-explanation test: lifetime_seconds is minimal, and there's no exec_count or shell_from_service, which contradicts typical benign admin activity."", ""Decide: the strong evidence of privilege escalation and anomalous behaviour supports XGBoost's MALICIOUS call over CNN's BENIGN call.""], ""key_features"": [""lifetime_seconds"", ""unique_syscalls"", ""uid_is_root"", ""euid_root"", ""max_uid_euid_delta""], ""agrees_with"": ""xgb""}"
86431,3,1,T1548,1,0,0.999918818473816,0.8624513745307922,xgb_malicious_cnn_benign,MALICIOUS,1,0.92,xgb,ok,"[""Privilege state: uid_is_root and euid_root are set, max_uid_euid_delta is extremely high, indicating a significant privilege escalation."", ""Mechanism: uid_changed and auid_euid_mismatch suggest an attempt to manipulate identity, which aligns with T1548 and T1222 techniques."", ""Behavioural anomaly: failed_call_rate is low, and unique_syscalls is high, suggesting a crafted process with a specific purpose, which is uncommon in benign activity."", ""Benign-explanation test: lifetime_seconds is minimal, and there's no exec_count or shell_from_service, which contradicts typical benign admin activity."", ""Decide: the strong evidence of privilege escalation and anomalous behaviour supports XGBoost's MALICIOUS call over CNN's BENIGN call.""]","[""lifetime_seconds"", ""unique_syscalls"", ""uid_is_root"", ""euid_root"", ""max_uid_euid_delta""]","{""verdict"": ""MALICIOUS"", ""confidence"": 0.92, ""rationale_steps"": [""Privilege state: uid_is_root and euid_root are set, max_uid_euid_delta is extremely high, indicating a significant privilege escalation."", ""Mechanism: uid_changed and auid_euid_mismatch suggest an attempt to manipulate identity, which aligns with T1548 and T1222 techniques."", ""Behavioural anomaly: failed_call_rate is low, and unique_syscalls is high, suggesting a crafted process with a specific purpose, which is uncommon in benign activity."", ""Benign-explanation test: lifetime_seconds is minimal, and there's no exec_count or shell_from_service, which contradicts typical benign admin activity."", ""Decide: the strong evidence of privilege escalation and anomalous behaviour supports XGBoost's MALICIOUS call over CNN's BENIGN call.""], ""key_features"": [""lifetime_seconds"", ""unique_syscalls"", ""uid_is_root"", ""euid_root"", ""max_uid_euid_delta""], ""agrees_with"": ""xgb""}"
86433,3,1,T1548,1,0,0.999918818473816,0.8624513745307922,xgb_malicious_cnn_benign,MALICIOUS,1,0.92,xgb,ok,"[""Privilege state: uid_is_root and euid_root are set, max_uid_euid_delta is extremely high, indicating a significant privilege escalation."", ""Mechanism: uid_changed and auid_euid_mismatch suggest an attempt to manipulate identity, which aligns with T1548 and T1222 techniques."", ""Behavioural anomaly: failed_call_rate is low, and unique_syscalls is high, suggesting a crafted process with a specific purpose, which is uncommon in benign activity."", ""Benign-explanation test: lifetime_seconds is minimal, and there's no exec_count or shell_from_service, which contradicts typical benign admin activity."", ""Decide: the strong evidence of privilege escalation and anomalous behaviour supports XGBoost's MALICIOUS call over CNN's BENIGN call.""]","[""lifetime_seconds"", ""unique_syscalls"", ""uid_is_root"", ""euid_root"", ""max_uid_euid_delta""]","{""verdict"": ""MALICIOUS"", ""confidence"": 0.92, ""rationale_steps"": [""Privilege state: uid_is_root and euid_root are set, max_uid_euid_delta is extremely high, indicating a significant privilege escalation."", ""Mechanism: uid_changed and auid_euid_mismatch suggest an attempt to manipulate identity, which aligns with T1548 and T1222 techniques."", ""Behavioural anomaly: failed_call_rate is low, and unique_syscalls is high, suggesting a crafted process with a specific purpose, which is uncommon in benign activity."", ""Benign-explanation test: lifetime_seconds is minimal, and there's no exec_count or shell_from_service, which contradicts typical benign admin activity."", ""Decide: the strong evidence of privilege escalation and anomalous behaviour supports XGBoost's MALICIOUS call over CNN's BENIGN call.""], ""key_features"": [""lifetime_seconds"", ""unique_syscalls"", ""uid_is_root"", ""euid_root"", ""max_uid_euid_delta""], ""agrees_with"": ""xgb""}"
86439,3,1,T1548,1,0,0.999918818473816,0.8624513745307922,xgb_malicious_cnn_benign,MALICIOUS,1,0.92,xgb,ok,"[""Privilege state: uid_is_root and euid_root are set, max_uid_euid_delta is extremely high, indicating a significant privilege escalation."", ""Mechanism: uid_changed and auid_euid_mismatch suggest an attempt to manipulate identity, which aligns with T1548 and T1222 techniques."", ""Behavioural anomaly: failed_call_rate is low, and unique_syscalls is high, suggesting a crafted process with a specific purpose, which is uncommon in benign activity."", ""Benign-explanation test: lifetime_seconds is minimal, and there's no exec_count or shell_from_service, which contradicts typical benign admin activity."", ""Decide: the strong evidence of privilege escalation and anomalous behaviour supports XGBoost's MALICIOUS call over CNN's BENIGN call.""]","[""lifetime_seconds"", ""unique_syscalls"", ""uid_is_root"", ""euid_root"", ""max_uid_euid_delta""]","{""verdict"": ""MALICIOUS"", ""confidence"": 0.92, ""rationale_steps"": [""Privilege state: uid_is_root and euid_root are set, max_uid_euid_delta is extremely high, indicating a significant privilege escalation."", ""Mechanism: uid_changed and auid_euid_mismatch suggest an attempt to manipulate identity, which aligns with T1548 and T1222 techniques."", ""Behavioural anomaly: failed_call_rate is low, and unique_syscalls is high, suggesting a crafted process with a specific purpose, which is uncommon in benign activity."", ""Benign-explanation test: lifetime_seconds is minimal, and there's no exec_count or shell_from_service, which contradicts typical benign admin activity."", ""Decide: the strong evidence of privilege escalation and anomalous behaviour supports XGBoost's MALICIOUS call over CNN's BENIGN call.""], ""key_features"": [""lifetime_seconds"", ""unique_syscalls"", ""uid_is_root"", ""euid_root"", ""max_uid_euid_delta""], ""agrees_with"": ""xgb""}"
86446,3,1,T1548,1,0,0.999918818473816,0.8624513745307922,xgb_malicious_cnn_benign,MALICIOUS,1,0.92,xgb,ok,"[""Privilege state: uid_is_root and euid_root are set, max_uid_euid_delta is extremely high, indicating a significant privilege escalation."", ""Mechanism: uid_changed and auid_euid_mismatch suggest an attempt to manipulate identity, which aligns with T1548 and T1222 techniques."", ""Behavioural anomaly: failed_call_rate is low, and unique_syscalls is high, suggesting a crafted process with a specific purpose, which is uncommon in benign activity."", ""Benign-explanation test: lifetime_seconds is minimal, and there's no exec_count or shell_from_service, which contradicts typical benign admin activity."", ""Decide: the strong evidence of privilege escalation and anomalous behaviour supports XGBoost's MALICIOUS call over CNN's BENIGN call.""]","[""lifetime_seconds"", ""unique_syscalls"", ""uid_is_root"", ""euid_root"", ""max_uid_euid_delta""]","{""verdict"": ""MALICIOUS"", ""confidence"": 0.92, ""rationale_steps"": [""Privilege state: uid_is_root and euid_root are set, max_uid_euid_delta is extremely high, indicating a significant privilege escalation."", ""Mechanism: uid_changed and auid_euid_mismatch suggest an attempt to manipulate identity, which aligns with T1548 and T1222 techniques."", ""Behavioural anomaly: failed_call_rate is low, and unique_syscalls is high, suggesting a crafted process with a specific purpose, which is uncommon in benign activity."", ""Benign-explanation test: lifetime_seconds is minimal, and there's no exec_count or shell_from_service, which contradicts typical benign admin activity."", ""Decide: the strong evidence of privilege escalation and anomalous behaviour supports XGBoost's MALICIOUS call over CNN's BENIGN call.""], ""key_features"": [""lifetime_seconds"", ""unique_syscalls"", ""uid_is_root"", ""euid_root"", ""max_uid_euid_delta""], ""agrees_with"": ""xgb""}"
86457,3,1,T1548,1,0,0.999918818473816,0.8624513745307922,xgb_malicious_cnn_benign,MALICIOUS,1,0.92,xgb,ok,"[""Privilege state: uid_is_root and euid_root are set, max_uid_euid_delta is extremely high, indicating a significant privilege escalation."", ""Mechanism: uid_changed and auid_euid_mismatch suggest an attempt to manipulate identity, which aligns with T1548 and T1222 techniques."", ""Behavioural anomaly: failed_call_rate is low, and unique_syscalls is high, suggesting a crafted process with a specific purpose, which is uncommon in benign activity."", ""Benign-explanation test: lifetime_seconds is minimal, and there's no exec_count or shell_from_service, which contradicts typical benign admin activity."", ""Decide: the strong evidence of privilege escalation and anomalous behaviour supports XGBoost's MALICIOUS call over CNN's BENIGN call.""]","[""lifetime_seconds"", ""unique_syscalls"", ""uid_is_root"", ""euid_root"", ""max_uid_euid_delta""]","{""verdict"": ""MALICIOUS"", ""confidence"": 0.92, ""rationale_steps"": [""Privilege state: uid_is_root and euid_root are set, max_uid_euid_delta is extremely high, indicating a significant privilege escalation."", ""Mechanism: uid_changed and auid_euid_mismatch suggest an attempt to manipulate identity, which aligns with T1548 and T1222 techniques."", ""Behavioural anomaly: failed_call_rate is low, and unique_syscalls is high, suggesting a crafted process with a specific purpose, which is uncommon in benign activity."", ""Benign-explanation test: lifetime_seconds is minimal, and there's no exec_count or shell_from_service, which contradicts typical benign admin activity."", ""Decide: the strong evidence of privilege escalation and anomalous behaviour supports XGBoost's MALICIOUS call over CNN's BENIGN call.""], ""key_features"": [""lifetime_seconds"", ""unique_syscalls"", ""uid_is_root"", ""euid_root"", ""max_uid_euid_delta""], ""agrees_with"": ""xgb""}"
86461,3,1,T1548,1,0,0.999918818473816,0.8624513745307922,xgb_malicious_cnn_benign,MALICIOUS,1,0.92,xgb,ok,"[""Privilege state: uid_is_root and euid_root are set, max_uid_euid_delta is extremely high, indicating a significant privilege escalation."", ""Mechanism: uid_changed and auid_euid_mismatch suggest an attempt to manipulate identity, which aligns with T1548 and T1222 techniques."", ""Behavioural anomaly: failed_call_rate is low, and unique_syscalls is high, suggesting a crafted process with a specific purpose, which is uncommon in benign activity."", ""Benign-explanation test: lifetime_seconds is minimal, and there's no exec_count or shell_from_service, which contradicts typical benign admin activity."", ""Decide: the strong evidence of privilege escalation and anomalous behaviour supports XGBoost's MALICIOUS call over CNN's BENIGN call.""]","[""lifetime_seconds"", ""unique_syscalls"", ""uid_is_root"", ""euid_root"", ""max_uid_euid_delta""]","{""verdict"": ""MALICIOUS"", ""confidence"": 0.92, ""rationale_steps"": [""Privilege state: uid_is_root and euid_root are set, max_uid_euid_delta is extremely high, indicating a significant privilege escalation."", ""Mechanism: uid_changed and auid_euid_mismatch suggest an attempt to manipulate identity, which aligns with T1548 and T1222 techniques."", ""Behavioural anomaly: failed_call_rate is low, and unique_syscalls is high, suggesting a crafted process with a specific purpose, which is uncommon in benign activity."", ""Benign-explanation test: lifetime_seconds is minimal, and there's no exec_count or shell_from_service, which contradicts typical benign admin activity."", ""Decide: the strong evidence of privilege escalation and anomalous behaviour supports XGBoost's MALICIOUS call over CNN's BENIGN call.""], ""key_features"": [""lifetime_seconds"", ""unique_syscalls"", ""uid_is_root"", ""euid_root"", ""max_uid_euid_delta""], ""agrees_with"": ""xgb""}"
86477,3,1,T1548,1,0,0.999918818473816,0.8624513745307922,xgb_malicious_cnn_benign,MALICIOUS,1,0.92,xgb,ok,"[""Privilege state: uid_is_root and euid_root are set, max_uid_euid_delta is extremely high, indicating a significant privilege escalation."", ""Mechanism: uid_changed and auid_euid_mismatch suggest an attempt to manipulate identity, which aligns with T1548 and T1222 techniques."", ""Behavioural anomaly: failed_call_rate is low, and unique_syscalls is high, suggesting a crafted process with a specific purpose, which is uncommon in benign activity."", ""Benign-explanation test: lifetime_seconds is minimal, and there's no exec_count or shell_from_service, which contradicts typical benign admin activity."", ""Decide: the strong evidence of privilege escalation and anomalous behaviour supports XGBoost's MALICIOUS call over CNN's BENIGN call.""]","[""lifetime_seconds"", ""unique_syscalls"", ""uid_is_root"", ""euid_root"", ""max_uid_euid_delta""]","{""verdict"": ""MALICIOUS"", ""confidence"": 0.92, ""rationale_steps"": [""Privilege state: uid_is_root and euid_root are set, max_uid_euid_delta is extremely high, indicating a significant privilege escalation."", ""Mechanism: uid_changed and auid_euid_mismatch suggest an attempt to manipulate identity, which aligns with T1548 and T1222 techniques."", ""Behavioural anomaly: failed_call_rate is low, and unique_syscalls is high, suggesting a crafted process with a specific purpose, which is uncommon in benign activity."", ""Benign-explanation test: lifetime_seconds is minimal, and there's no exec_count or shell_from_service, which contradicts typical benign admin activity."", ""Decide: the strong evidence of privilege escalation and anomalous behaviour supports XGBoost's MALICIOUS call over CNN's BENIGN call.""], ""key_features"": [""lifetime_seconds"", ""unique_syscalls"", ""uid_is_root"", ""euid_root"", ""max_uid_euid_delta""], ""agrees_with"": ""xgb""}"
86508,3,1,T1548,1,0,0.999918818473816,0.8624513745307922,xgb_malicious_cnn_benign,MALICIOUS,1,0.92,xgb,ok,"[""Privilege state: uid_is_root and euid_root are set, max_uid_euid_delta is extremely high, indicating a significant privilege escalation."", ""Mechanism: uid_changed and auid_euid_mismatch suggest an attempt to manipulate identity, which aligns with T1548 and T1222 techniques."", ""Behavioural anomaly: failed_call_rate is low, and unique_syscalls is high, suggesting a crafted process with a specific purpose, which is uncommon in benign activity."", ""Benign-explanation test: lifetime_seconds is minimal, and there's no exec_count or shell_from_service, which contradicts typical benign admin activity."", ""Decide: the strong evidence of privilege escalation and anomalous behaviour supports XGBoost's MALICIOUS call over CNN's BENIGN call.""]","[""lifetime_seconds"", ""unique_syscalls"", ""uid_is_root"", ""euid_root"", ""max_uid_euid_delta""]","{""verdict"": ""MALICIOUS"", ""confidence"": 0.92, ""rationale_steps"": [""Privilege state: uid_is_root and euid_root are set, max_uid_euid_delta is extremely high, indicating a significant privilege escalation."", ""Mechanism: uid_changed and auid_euid_mismatch suggest an attempt to manipulate identity, which aligns with T1548 and T1222 techniques."", ""Behavioural anomaly: failed_call_rate is low, and unique_syscalls is high, suggesting a crafted process with a specific purpose, which is uncommon in benign activity."", ""Benign-explanation test: lifetime_seconds is minimal, and there's no exec_count or shell_from_service, which contradicts typical benign admin activity."", ""Decide: the strong evidence of privilege escalation and anomalous behaviour supports XGBoost's MALICIOUS call over CNN's BENIGN call.""], ""key_features"": [""lifetime_seconds"", ""unique_syscalls"", ""uid_is_root"", ""euid_root"", ""max_uid_euid_delta""], ""agrees_with"": ""xgb""}"
86562,3,1,T1548,1,0,0.999918818473816,0.8624513745307922,xgb_malicious_cnn_benign,MALICIOUS,1,0.92,xgb,ok,"[""Privilege state: uid_is_root and euid_root are set, max_uid_euid_delta is extremely high, indicating a significant privilege escalation."", ""Mechanism: uid_changed and auid_euid_mismatch suggest an attempt to manipulate identity, which aligns with T1548 and T1222 techniques."", ""Behavioural anomaly: failed_call_rate is low, and unique_syscalls is high, suggesting a crafted process with a specific purpose, which is uncommon in benign activity."", ""Benign-explanation test: lifetime_seconds is minimal, and there's no exec_count or shell_from_service, which contradicts typical benign admin activity."", ""Decide: the strong evidence of privilege escalation and anomalous behaviour supports XGBoost's MALICIOUS call over CNN's BENIGN call.""]","[""lifetime_seconds"", ""unique_syscalls"", ""uid_is_root"", ""euid_root"", ""max_uid_euid_delta""]","{""verdict"": ""MALICIOUS"", ""confidence"": 0.92, ""rationale_steps"": [""Privilege state: uid_is_root and euid_root are set, max_uid_euid_delta is extremely high, indicating a significant privilege escalation."", ""Mechanism: uid_changed and auid_euid_mismatch suggest an attempt to manipulate identity, which aligns with T1548 and T1222 techniques."", ""Behavioural anomaly: failed_call_rate is low, and unique_syscalls is high, suggesting a crafted process with a specific purpose, which is uncommon in benign activity."", ""Benign-explanation test: lifetime_seconds is minimal, and there's no exec_count or shell_from_service, which contradicts typical benign admin activity."", ""Decide: the strong evidence of privilege escalation and anomalous behaviour supports XGBoost's MALICIOUS call over CNN's BENIGN call.""], ""key_features"": [""lifetime_seconds"", ""unique_syscalls"", ""uid_is_root"", ""euid_root"", ""max_uid_euid_delta""], ""agrees_with"": ""xgb""}"
86594,3,1,T1548,1,0,0.999918818473816,0.8624513745307922,xgb_malicious_cnn_benign,MALICIOUS,1,0.92,xgb,ok,"[""Privilege state: uid_is_root and euid_root are set, max_uid_euid_delta is extremely high, indicating a significant privilege escalation."", ""Mechanism: uid_changed and auid_euid_mismatch suggest an attempt to manipulate identity, which aligns with T1548 and T1222 techniques."", ""Behavioural anomaly: failed_call_rate is low, and unique_syscalls is high, suggesting a crafted process with a specific purpose, which is uncommon in benign activity."", ""Benign-explanation test: lifetime_seconds is minimal, and there's no exec_count or shell_from_service, which contradicts typical benign admin activity."", ""Decide: the strong evidence of privilege escalation and anomalous behaviour supports XGBoost's MALICIOUS call over CNN's BENIGN call.""]","[""lifetime_seconds"", ""unique_syscalls"", ""uid_is_root"", ""euid_root"", ""max_uid_euid_delta""]","{""verdict"": ""MALICIOUS"", ""confidence"": 0.92, ""rationale_steps"": [""Privilege state: uid_is_root and euid_root are set, max_uid_euid_delta is extremely high, indicating a significant privilege escalation."", ""Mechanism: uid_changed and auid_euid_mismatch suggest an attempt to manipulate identity, which aligns with T1548 and T1222 techniques."", ""Behavioural anomaly: failed_call_rate is low, and unique_syscalls is high, suggesting a crafted process with a specific purpose, which is uncommon in benign activity."", ""Benign-explanation test: lifetime_seconds is minimal, and there's no exec_count or shell_from_service, which contradicts typical benign admin activity."", ""Decide: the strong evidence of privilege escalation and anomalous behaviour supports XGBoost's MALICIOUS call over CNN's BENIGN call.""], ""key_features"": [""lifetime_seconds"", ""unique_syscalls"", ""uid_is_root"", ""euid_root"", ""max_uid_euid_delta""], ""agrees_with"": ""xgb""}"
86598,3,1,T1548,1,0,0.999918818473816,0.8624513745307922,xgb_malicious_cnn_benign,MALICIOUS,1,0.92,xgb,ok,"[""Privilege state: uid_is_root and euid_root are set, max_uid_euid_delta is extremely high, indicating a significant privilege escalation."", ""Mechanism: uid_changed and auid_euid_mismatch suggest an attempt to manipulate identity, which aligns with T1548 and T1222 techniques."", ""Behavioural anomaly: failed_call_rate is low, and unique_syscalls is high, suggesting a crafted process with a specific purpose, which is uncommon in benign activity."", ""Benign-explanation test: lifetime_seconds is minimal, and there's no exec_count or shell_from_service, which contradicts typical benign admin activity."", ""Decide: the strong evidence of privilege escalation and anomalous behaviour supports XGBoost's MALICIOUS call over CNN's BENIGN call.""]","[""lifetime_seconds"", ""unique_syscalls"", ""uid_is_root"", ""euid_root"", ""max_uid_euid_delta""]","{""verdict"": ""MALICIOUS"", ""confidence"": 0.92, ""rationale_steps"": [""Privilege state: uid_is_root and euid_root are set, max_uid_euid_delta is extremely high, indicating a significant privilege escalation."", ""Mechanism: uid_changed and auid_euid_mismatch suggest an attempt to manipulate identity, which aligns with T1548 and T1222 techniques."", ""Behavioural anomaly: failed_call_rate is low, and unique_syscalls is high, suggesting a crafted process with a specific purpose, which is uncommon in benign activity."", ""Benign-explanation test: lifetime_seconds is minimal, and there's no exec_count or shell_from_service, which contradicts typical benign admin activity."", ""Decide: the strong evidence of privilege escalation and anomalous behaviour supports XGBoost's MALICIOUS call over CNN's BENIGN call.""], ""key_features"": [""lifetime_seconds"", ""unique_syscalls"", ""uid_is_root"", ""euid_root"", ""max_uid_euid_delta""], ""agrees_with"": ""xgb""}"
86618,3,1,T1548,1,0,0.999918818473816,0.8624513745307922,xgb_malicious_cnn_benign,MALICIOUS,1,0.92,xgb,ok,"[""Privilege state: uid_is_root and euid_root are set, max_uid_euid_delta is extremely high, indicating a significant privilege escalation."", ""Mechanism: uid_changed and auid_euid_mismatch suggest an attempt to manipulate identity, which aligns with T1548 and T1222 techniques."", ""Behavioural anomaly: failed_call_rate is low, and unique_syscalls is high, suggesting a crafted process with a specific purpose, which is uncommon in benign activity."", ""Benign-explanation test: lifetime_seconds is minimal, and there's no exec_count or shell_from_service, which contradicts typical benign admin activity."", ""Decide: the strong evidence of privilege escalation and anomalous behaviour supports XGBoost's MALICIOUS call over CNN's BENIGN call.""]","[""lifetime_seconds"", ""unique_syscalls"", ""uid_is_root"", ""euid_root"", ""max_uid_euid_delta""]","{""verdict"": ""MALICIOUS"", ""confidence"": 0.92, ""rationale_steps"": [""Privilege state: uid_is_root and euid_root are set, max_uid_euid_delta is extremely high, indicating a significant privilege escalation."", ""Mechanism: uid_changed and auid_euid_mismatch suggest an attempt to manipulate identity, which aligns with T1548 and T1222 techniques."", ""Behavioural anomaly: failed_call_rate is low, and unique_syscalls is high, suggesting a crafted process with a specific purpose, which is uncommon in benign activity."", ""Benign-explanation test: lifetime_seconds is minimal, and there's no exec_count or shell_from_service, which contradicts typical benign admin activity."", ""Decide: the strong evidence of privilege escalation and anomalous behaviour supports XGBoost's MALICIOUS call over CNN's BENIGN call.""], ""key_features"": [""lifetime_seconds"", ""unique_syscalls"", ""uid_is_root"", ""euid_root"", ""max_uid_euid_delta""], ""agrees_with"": ""xgb""}"
86621,3,1,T1548,1,0,0.999918818473816,0.8624513745307922,xgb_malicious_cnn_benign,MALICIOUS,1,0.92,xgb,ok,"[""Privilege state: uid_is_root and euid_root are set, max_uid_euid_delta is extremely high, indicating a significant privilege escalation."", ""Mechanism: uid_changed and auid_euid_mismatch suggest an attempt to manipulate identity, which aligns with T1548 and T1222 techniques."", ""Behavioural anomaly: failed_call_rate is low, and unique_syscalls is high, suggesting a crafted process with a specific purpose, which is uncommon in benign activity."", ""Benign-explanation test: lifetime_seconds is minimal, and there's no exec_count or shell_from_service, which contradicts typical benign admin activity."", ""Decide: the strong evidence of privilege escalation and anomalous behaviour supports XGBoost's MALICIOUS call over CNN's BENIGN call.""]","[""lifetime_seconds"", ""unique_syscalls"", ""uid_is_root"", ""euid_root"", ""max_uid_euid_delta""]","{""verdict"": ""MALICIOUS"", ""confidence"": 0.92, ""rationale_steps"": [""Privilege state: uid_is_root and euid_root are set, max_uid_euid_delta is extremely high, indicating a significant privilege escalation."", ""Mechanism: uid_changed and auid_euid_mismatch suggest an attempt to manipulate identity, which aligns with T1548 and T1222 techniques."", ""Behavioural anomaly: failed_call_rate is low, and unique_syscalls is high, suggesting a crafted process with a specific purpose, which is uncommon in benign activity."", ""Benign-explanation test: lifetime_seconds is minimal, and there's no exec_count or shell_from_service, which contradicts typical benign admin activity."", ""Decide: the strong evidence of privilege escalation and anomalous behaviour supports XGBoost's MALICIOUS call over CNN's BENIGN call.""], ""key_features"": [""lifetime_seconds"", ""unique_syscalls"", ""uid_is_root"", ""euid_root"", ""max_uid_euid_delta""], ""agrees_with"": ""xgb""}"
86633,3,1,T1548,1,0,0.999918818473816,0.8624513745307922,xgb_malicious_cnn_benign,MALICIOUS,1,0.92,xgb,ok,"[""Privilege state: uid_is_root and euid_root are set, max_uid_euid_delta is extremely high, indicating a significant privilege escalation."", ""Mechanism: uid_changed and auid_euid_mismatch suggest an attempt to manipulate identity, which aligns with T1548 and T1222 techniques."", ""Behavioural anomaly: failed_call_rate is low, and unique_syscalls is high, suggesting a crafted process with a specific purpose, which is uncommon in benign activity."", ""Benign-explanation test: lifetime_seconds is minimal, and there's no exec_count or shell_from_service, which contradicts typical benign admin activity."", ""Decide: the strong evidence of privilege escalation and anomalous behaviour supports XGBoost's MALICIOUS call over CNN's BENIGN call.""]","[""lifetime_seconds"", ""unique_syscalls"", ""uid_is_root"", ""euid_root"", ""max_uid_euid_delta""]","{""verdict"": ""MALICIOUS"", ""confidence"": 0.92, ""rationale_steps"": [""Privilege state: uid_is_root and euid_root are set, max_uid_euid_delta is extremely high, indicating a significant privilege escalation."", ""Mechanism: uid_changed and auid_euid_mismatch suggest an attempt to manipulate identity, which aligns with T1548 and T1222 techniques."", ""Behavioural anomaly: failed_call_rate is low, and unique_syscalls is high, suggesting a crafted process with a specific purpose, which is uncommon in benign activity."", ""Benign-explanation test: lifetime_seconds is minimal, and there's no exec_count or shell_from_service, which contradicts typical benign admin activity."", ""Decide: the strong evidence of privilege escalation and anomalous behaviour supports XGBoost's MALICIOUS call over CNN's BENIGN call.""], ""key_features"": [""lifetime_seconds"", ""unique_syscalls"", ""uid_is_root"", ""euid_root"", ""max_uid_euid_delta""], ""agrees_with"": ""xgb""}"
86637,3,1,T1548,1,0,0.999918818473816,0.8624513745307922,xgb_malicious_cnn_benign,MALICIOUS,1,0.92,xgb,ok,"[""Privilege state: uid_is_root and euid_root are set, max_uid_euid_delta is extremely high, indicating a significant privilege escalation."", ""Mechanism: uid_changed and auid_euid_mismatch suggest an attempt to manipulate identity, which aligns with T1548 and T1222 techniques."", ""Behavioural anomaly: failed_call_rate is low, and unique_syscalls is high, suggesting a crafted process with a specific purpose, which is uncommon in benign activity."", ""Benign-explanation test: lifetime_seconds is minimal, and there's no exec_count or shell_from_service, which contradicts typical benign admin activity."", ""Decide: the strong evidence of privilege escalation and anomalous behaviour supports XGBoost's MALICIOUS call over CNN's BENIGN call.""]","[""lifetime_seconds"", ""unique_syscalls"", ""uid_is_root"", ""euid_root"", ""max_uid_euid_delta""]","{""verdict"": ""MALICIOUS"", ""confidence"": 0.92, ""rationale_steps"": [""Privilege state: uid_is_root and euid_root are set, max_uid_euid_delta is extremely high, indicating a significant privilege escalation."", ""Mechanism: uid_changed and auid_euid_mismatch suggest an attempt to manipulate identity, which aligns with T1548 and T1222 techniques."", ""Behavioural anomaly: failed_call_rate is low, and unique_syscalls is high, suggesting a crafted process with a specific purpose, which is uncommon in benign activity."", ""Benign-explanation test: lifetime_seconds is minimal, and there's no exec_count or shell_from_service, which contradicts typical benign admin activity."", ""Decide: the strong evidence of privilege escalation and anomalous behaviour supports XGBoost's MALICIOUS call over CNN's BENIGN call.""], ""key_features"": [""lifetime_seconds"", ""unique_syscalls"", ""uid_is_root"", ""euid_root"", ""max_uid_euid_delta""], ""agrees_with"": ""xgb""}"
86645,3,1,T1548,1,0,0.999918818473816,0.8624513745307922,xgb_malicious_cnn_benign,MALICIOUS,1,0.92,xgb,ok,"[""Privilege state: uid_is_root and euid_root are set, max_uid_euid_delta is extremely high, indicating a significant privilege escalation."", ""Mechanism: uid_changed and auid_euid_mismatch suggest an attempt to manipulate identity, which aligns with T1548 and T1222 techniques."", ""Behavioural anomaly: failed_call_rate is low, and unique_syscalls is high, suggesting a crafted process with a specific purpose, which is uncommon in benign activity."", ""Benign-explanation test: lifetime_seconds is minimal, and there's no exec_count or shell_from_service, which contradicts typical benign admin activity."", ""Decide: the strong evidence of privilege escalation and anomalous behaviour supports XGBoost's MALICIOUS call over CNN's BENIGN call.""]","[""lifetime_seconds"", ""unique_syscalls"", ""uid_is_root"", ""euid_root"", ""max_uid_euid_delta""]","{""verdict"": ""MALICIOUS"", ""confidence"": 0.92, ""rationale_steps"": [""Privilege state: uid_is_root and euid_root are set, max_uid_euid_delta is extremely high, indicating a significant privilege escalation."", ""Mechanism: uid_changed and auid_euid_mismatch suggest an attempt to manipulate identity, which aligns with T1548 and T1222 techniques."", ""Behavioural anomaly: failed_call_rate is low, and unique_syscalls is high, suggesting a crafted process with a specific purpose, which is uncommon in benign activity."", ""Benign-explanation test: lifetime_seconds is minimal, and there's no exec_count or shell_from_service, which contradicts typical benign admin activity."", ""Decide: the strong evidence of privilege escalation and anomalous behaviour supports XGBoost's MALICIOUS call over CNN's BENIGN call.""], ""key_features"": [""lifetime_seconds"", ""unique_syscalls"", ""uid_is_root"", ""euid_root"", ""max_uid_euid_delta""], ""agrees_with"": ""xgb""}"
86659,3,1,T1548,1,0,0.999918818473816,0.8624513745307922,xgb_malicious_cnn_benign,MALICIOUS,1,0.92,xgb,ok,"[""Privilege state: uid_is_root and euid_root are set, max_uid_euid_delta is extremely high, indicating a significant privilege escalation."", ""Mechanism: uid_changed and auid_euid_mismatch suggest an attempt to manipulate identity, which aligns with T1548 and T1222 techniques."", ""Behavioural anomaly: failed_call_rate is low, and unique_syscalls is high, suggesting a crafted process with a specific purpose, which is uncommon in benign activity."", ""Benign-explanation test: lifetime_seconds is minimal, and there's no exec_count or shell_from_service, which contradicts typical benign admin activity."", ""Decide: the strong evidence of privilege escalation and anomalous behaviour supports XGBoost's MALICIOUS call over CNN's BENIGN call.""]","[""lifetime_seconds"", ""unique_syscalls"", ""uid_is_root"", ""euid_root"", ""max_uid_euid_delta""]","{""verdict"": ""MALICIOUS"", ""confidence"": 0.92, ""rationale_steps"": [""Privilege state: uid_is_root and euid_root are set, max_uid_euid_delta is extremely high, indicating a significant privilege escalation."", ""Mechanism: uid_changed and auid_euid_mismatch suggest an attempt to manipulate identity, which aligns with T1548 and T1222 techniques."", ""Behavioural anomaly: failed_call_rate is low, and unique_syscalls is high, suggesting a crafted process with a specific purpose, which is uncommon in benign activity."", ""Benign-explanation test: lifetime_seconds is minimal, and there's no exec_count or shell_from_service, which contradicts typical benign admin activity."", ""Decide: the strong evidence of privilege escalation and anomalous behaviour supports XGBoost's MALICIOUS call over CNN's BENIGN call.""], ""key_features"": [""lifetime_seconds"", ""unique_syscalls"", ""uid_is_root"", ""euid_root"", ""max_uid_euid_delta""], ""agrees_with"": ""xgb""}"
86678,3,1,T1548,1,0,0.999918818473816,0.8624513745307922,xgb_malicious_cnn_benign,MALICIOUS,1,0.92,xgb,ok,"[""Privilege state: uid_is_root and euid_root are set, max_uid_euid_delta is extremely high, indicating a significant privilege escalation."", ""Mechanism: uid_changed and auid_euid_mismatch suggest an attempt to manipulate identity, which aligns with T1548 and T1222 techniques."", ""Behavioural anomaly: failed_call_rate is low, and unique_syscalls is high, suggesting a crafted process with a specific purpose, which is uncommon in benign activity."", ""Benign-explanation test: lifetime_seconds is minimal, and there's no exec_count or shell_from_service, which contradicts typical benign admin activity."", ""Decide: the strong evidence of privilege escalation and anomalous behaviour supports XGBoost's MALICIOUS call over CNN's BENIGN call.""]","[""lifetime_seconds"", ""unique_syscalls"", ""uid_is_root"", ""euid_root"", ""max_uid_euid_delta""]","{""verdict"": ""MALICIOUS"", ""confidence"": 0.92, ""rationale_steps"": [""Privilege state: uid_is_root and euid_root are set, max_uid_euid_delta is extremely high, indicating a significant privilege escalation."", ""Mechanism: uid_changed and auid_euid_mismatch suggest an attempt to manipulate identity, which aligns with T1548 and T1222 techniques."", ""Behavioural anomaly: failed_call_rate is low, and unique_syscalls is high, suggesting a crafted process with a specific purpose, which is uncommon in benign activity."", ""Benign-explanation test: lifetime_seconds is minimal, and there's no exec_count or shell_from_service, which contradicts typical benign admin activity."", ""Decide: the strong evidence of privilege escalation and anomalous behaviour supports XGBoost's MALICIOUS call over CNN's BENIGN call.""], ""key_features"": [""lifetime_seconds"", ""unique_syscalls"", ""uid_is_root"", ""euid_root"", ""max_uid_euid_delta""], ""agrees_with"": ""xgb""}"
86694,3,1,T1548,1,0,0.999918818473816,0.8624513745307922,xgb_malicious_cnn_benign,MALICIOUS,1,0.92,xgb,ok,"[""Privilege state: uid_is_root and euid_root are set, max_uid_euid_delta is extremely high, indicating a significant privilege escalation."", ""Mechanism: uid_changed and auid_euid_mismatch suggest an attempt to manipulate identity, which aligns with T1548 and T1222 techniques."", ""Behavioural anomaly: failed_call_rate is low, and unique_syscalls is high, suggesting a crafted process with a specific purpose, which is uncommon in benign activity."", ""Benign-explanation test: lifetime_seconds is minimal, and there's no exec_count or shell_from_service, which contradicts typical benign admin activity."", ""Decide: the strong evidence of privilege escalation and anomalous behaviour supports XGBoost's MALICIOUS call over CNN's BENIGN call.""]","[""lifetime_seconds"", ""unique_syscalls"", ""uid_is_root"", ""euid_root"", ""max_uid_euid_delta""]","{""verdict"": ""MALICIOUS"", ""confidence"": 0.92, ""rationale_steps"": [""Privilege state: uid_is_root and euid_root are set, max_uid_euid_delta is extremely high, indicating a significant privilege escalation."", ""Mechanism: uid_changed and auid_euid_mismatch suggest an attempt to manipulate identity, which aligns with T1548 and T1222 techniques."", ""Behavioural anomaly: failed_call_rate is low, and unique_syscalls is high, suggesting a crafted process with a specific purpose, which is uncommon in benign activity."", ""Benign-explanation test: lifetime_seconds is minimal, and there's no exec_count or shell_from_service, which contradicts typical benign admin activity."", ""Decide: the strong evidence of privilege escalation and anomalous behaviour supports XGBoost's MALICIOUS call over CNN's BENIGN call.""], ""key_features"": [""lifetime_seconds"", ""unique_syscalls"", ""uid_is_root"", ""euid_root"", ""max_uid_euid_delta""], ""agrees_with"": ""xgb""}"
86699,3,1,T1548,1,0,0.999918818473816,0.8624513745307922,xgb_malicious_cnn_benign,MALICIOUS,1,0.92,xgb,ok,"[""Privilege state: uid_is_root and euid_root are set, max_uid_euid_delta is extremely high, indicating a significant privilege escalation."", ""Mechanism: uid_changed and auid_euid_mismatch suggest an attempt to manipulate identity, which aligns with T1548 and T1222 techniques."", ""Behavioural anomaly: failed_call_rate is low, and unique_syscalls is high, suggesting a crafted process with a specific purpose, which is uncommon in benign activity."", ""Benign-explanation test: lifetime_seconds is minimal, and there's no exec_count or shell_from_service, which contradicts typical benign admin activity."", ""Decide: the strong evidence of privilege escalation and anomalous behaviour supports XGBoost's MALICIOUS call over CNN's BENIGN call.""]","[""lifetime_seconds"", ""unique_syscalls"", ""uid_is_root"", ""euid_root"", ""max_uid_euid_delta""]","{""verdict"": ""MALICIOUS"", ""confidence"": 0.92, ""rationale_steps"": [""Privilege state: uid_is_root and euid_root are set, max_uid_euid_delta is extremely high, indicating a significant privilege escalation."", ""Mechanism: uid_changed and auid_euid_mismatch suggest an attempt to manipulate identity, which aligns with T1548 and T1222 techniques."", ""Behavioural anomaly: failed_call_rate is low, and unique_syscalls is high, suggesting a crafted process with a specific purpose, which is uncommon in benign activity."", ""Benign-explanation test: lifetime_seconds is minimal, and there's no exec_count or shell_from_service, which contradicts typical benign admin activity."", ""Decide: the strong evidence of privilege escalation and anomalous behaviour supports XGBoost's MALICIOUS call over CNN's BENIGN call.""], ""key_features"": [""lifetime_seconds"", ""unique_syscalls"", ""uid_is_root"", ""euid_root"", ""max_uid_euid_delta""], ""agrees_with"": ""xgb""}"
86700,3,1,T1548,1,0,0.999918818473816,0.8624513745307922,xgb_malicious_cnn_benign,MALICIOUS,1,0.92,xgb,ok,"[""Privilege state: uid_is_root and euid_root are set, max_uid_euid_delta is extremely high, indicating a significant privilege escalation."", ""Mechanism: uid_changed and auid_euid_mismatch suggest an attempt to manipulate identity, which aligns with T1548 and T1222 techniques."", ""Behavioural anomaly: failed_call_rate is low, and unique_syscalls is high, suggesting a crafted process with a specific purpose, which is uncommon in benign activity."", ""Benign-explanation test: lifetime_seconds is minimal, and there's no exec_count or shell_from_service, which contradicts typical benign admin activity."", ""Decide: the strong evidence of privilege escalation and anomalous behaviour supports XGBoost's MALICIOUS call over CNN's BENIGN call.""]","[""lifetime_seconds"", ""unique_syscalls"", ""uid_is_root"", ""euid_root"", ""max_uid_euid_delta""]","{""verdict"": ""MALICIOUS"", ""confidence"": 0.92, ""rationale_steps"": [""Privilege state: uid_is_root and euid_root are set, max_uid_euid_delta is extremely high, indicating a significant privilege escalation."", ""Mechanism: uid_changed and auid_euid_mismatch suggest an attempt to manipulate identity, which aligns with T1548 and T1222 techniques."", ""Behavioural anomaly: failed_call_rate is low, and unique_syscalls is high, suggesting a crafted process with a specific purpose, which is uncommon in benign activity."", ""Benign-explanation test: lifetime_seconds is minimal, and there's no exec_count or shell_from_service, which contradicts typical benign admin activity."", ""Decide: the strong evidence of privilege escalation and anomalous behaviour supports XGBoost's MALICIOUS call over CNN's BENIGN call.""], ""key_features"": [""lifetime_seconds"", ""unique_syscalls"", ""uid_is_root"", ""euid_root"", ""max_uid_euid_delta""], ""agrees_with"": ""xgb""}"
86704,3,1,T1548,1,0,0.999918818473816,0.8624513745307922,xgb_malicious_cnn_benign,MALICIOUS,1,0.92,xgb,ok,"[""Privilege state: uid_is_root and euid_root are set, max_uid_euid_delta is extremely high, indicating a significant privilege escalation."", ""Mechanism: uid_changed and auid_euid_mismatch suggest an attempt to manipulate identity, which aligns with T1548 and T1222 techniques."", ""Behavioural anomaly: failed_call_rate is low, and unique_syscalls is high, suggesting a crafted process with a specific purpose, which is uncommon in benign activity."", ""Benign-explanation test: lifetime_seconds is minimal, and there's no exec_count or shell_from_service, which contradicts typical benign admin activity."", ""Decide: the strong evidence of privilege escalation and anomalous behaviour supports XGBoost's MALICIOUS call over CNN's BENIGN call.""]","[""lifetime_seconds"", ""unique_syscalls"", ""uid_is_root"", ""euid_root"", ""max_uid_euid_delta""]","{""verdict"": ""MALICIOUS"", ""confidence"": 0.92, ""rationale_steps"": [""Privilege state: uid_is_root and euid_root are set, max_uid_euid_delta is extremely high, indicating a significant privilege escalation."", ""Mechanism: uid_changed and auid_euid_mismatch suggest an attempt to manipulate identity, which aligns with T1548 and T1222 techniques."", ""Behavioural anomaly: failed_call_rate is low, and unique_syscalls is high, suggesting a crafted process with a specific purpose, which is uncommon in benign activity."", ""Benign-explanation test: lifetime_seconds is minimal, and there's no exec_count or shell_from_service, which contradicts typical benign admin activity."", ""Decide: the strong evidence of privilege escalation and anomalous behaviour supports XGBoost's MALICIOUS call over CNN's BENIGN call.""], ""key_features"": [""lifetime_seconds"", ""unique_syscalls"", ""uid_is_root"", ""euid_root"", ""max_uid_euid_delta""], ""agrees_with"": ""xgb""}"
86706,3,1,T1548,1,0,0.999918818473816,0.8624513745307922,xgb_malicious_cnn_benign,MALICIOUS,1,0.92,xgb,ok,"[""Privilege state: uid_is_root and euid_root are set, max_uid_euid_delta is extremely high, indicating a significant privilege escalation."", ""Mechanism: uid_changed and auid_euid_mismatch suggest an attempt to manipulate identity, which aligns with T1548 and T1222 techniques."", ""Behavioural anomaly: failed_call_rate is low, and unique_syscalls is high, suggesting a crafted process with a specific purpose, which is uncommon in benign activity."", ""Benign-explanation test: lifetime_seconds is minimal, and there's no exec_count or shell_from_service, which contradicts typical benign admin activity."", ""Decide: the strong evidence of privilege escalation and anomalous behaviour supports XGBoost's MALICIOUS call over CNN's BENIGN call.""]","[""lifetime_seconds"", ""unique_syscalls"", ""uid_is_root"", ""euid_root"", ""max_uid_euid_delta""]","{""verdict"": ""MALICIOUS"", ""confidence"": 0.92, ""rationale_steps"": [""Privilege state: uid_is_root and euid_root are set, max_uid_euid_delta is extremely high, indicating a significant privilege escalation."", ""Mechanism: uid_changed and auid_euid_mismatch suggest an attempt to manipulate identity, which aligns with T1548 and T1222 techniques."", ""Behavioural anomaly: failed_call_rate is low, and unique_syscalls is high, suggesting a crafted process with a specific purpose, which is uncommon in benign activity."", ""Benign-explanation test: lifetime_seconds is minimal, and there's no exec_count or shell_from_service, which contradicts typical benign admin activity."", ""Decide: the strong evidence of privilege escalation and anomalous behaviour supports XGBoost's MALICIOUS call over CNN's BENIGN call.""], ""key_features"": [""lifetime_seconds"", ""unique_syscalls"", ""uid_is_root"", ""euid_root"", ""max_uid_euid_delta""], ""agrees_with"": ""xgb""}"
86716,3,1,T1548,1,0,0.999918818473816,0.8624513745307922,xgb_malicious_cnn_benign,MALICIOUS,1,0.92,xgb,ok,"[""Privilege state: uid_is_root and euid_root are set, max_uid_euid_delta is extremely high, indicating a significant privilege escalation."", ""Mechanism: uid_changed and auid_euid_mismatch suggest an attempt to manipulate identity, which aligns with T1548 and T1222 techniques."", ""Behavioural anomaly: failed_call_rate is low, and unique_syscalls is high, suggesting a crafted process with a specific purpose, which is uncommon in benign activity."", ""Benign-explanation test: lifetime_seconds is minimal, and there's no exec_count or shell_from_service, which contradicts typical benign admin activity."", ""Decide: the strong evidence of privilege escalation and anomalous behaviour supports XGBoost's MALICIOUS call over CNN's BENIGN call.""]","[""lifetime_seconds"", ""unique_syscalls"", ""uid_is_root"", ""euid_root"", ""max_uid_euid_delta""]","{""verdict"": ""MALICIOUS"", ""confidence"": 0.92, ""rationale_steps"": [""Privilege state: uid_is_root and euid_root are set, max_uid_euid_delta is extremely high, indicating a significant privilege escalation."", ""Mechanism: uid_changed and auid_euid_mismatch suggest an attempt to manipulate identity, which aligns with T1548 and T1222 techniques."", ""Behavioural anomaly: failed_call_rate is low, and unique_syscalls is high, suggesting a crafted process with a specific purpose, which is uncommon in benign activity."", ""Benign-explanation test: lifetime_seconds is minimal, and there's no exec_count or shell_from_service, which contradicts typical benign admin activity."", ""Decide: the strong evidence of privilege escalation and anomalous behaviour supports XGBoost's MALICIOUS call over CNN's BENIGN call.""], ""key_features"": [""lifetime_seconds"", ""unique_syscalls"", ""uid_is_root"", ""euid_root"", ""max_uid_euid_delta""], ""agrees_with"": ""xgb""}"
86721,3,1,T1548,1,0,0.999918818473816,0.8624513745307922,xgb_malicious_cnn_benign,MALICIOUS,1,0.92,xgb,ok,"[""Privilege state: uid_is_root and euid_root are set, max_uid_euid_delta is extremely high, indicating a significant privilege escalation."", ""Mechanism: uid_changed and auid_euid_mismatch suggest an attempt to manipulate identity, which aligns with T1548 and T1222 techniques."", ""Behavioural anomaly: failed_call_rate is low, and unique_syscalls is high, suggesting a crafted process with a specific purpose, which is uncommon in benign activity."", ""Benign-explanation test: lifetime_seconds is minimal, and there's no exec_count or shell_from_service, which contradicts typical benign admin activity."", ""Decide: the strong evidence of privilege escalation and anomalous behaviour supports XGBoost's MALICIOUS call over CNN's BENIGN call.""]","[""lifetime_seconds"", ""unique_syscalls"", ""uid_is_root"", ""euid_root"", ""max_uid_euid_delta""]","{""verdict"": ""MALICIOUS"", ""confidence"": 0.92, ""rationale_steps"": [""Privilege state: uid_is_root and euid_root are set, max_uid_euid_delta is extremely high, indicating a significant privilege escalation."", ""Mechanism: uid_changed and auid_euid_mismatch suggest an attempt to manipulate identity, which aligns with T1548 and T1222 techniques."", ""Behavioural anomaly: failed_call_rate is low, and unique_syscalls is high, suggesting a crafted process with a specific purpose, which is uncommon in benign activity."", ""Benign-explanation test: lifetime_seconds is minimal, and there's no exec_count or shell_from_service, which contradicts typical benign admin activity."", ""Decide: the strong evidence of privilege escalation and anomalous behaviour supports XGBoost's MALICIOUS call over CNN's BENIGN call.""], ""key_features"": [""lifetime_seconds"", ""unique_syscalls"", ""uid_is_root"", ""euid_root"", ""max_uid_euid_delta""], ""agrees_with"": ""xgb""}"
86728,3,1,T1548,1,0,0.999918818473816,0.8624513745307922,xgb_malicious_cnn_benign,MALICIOUS,1,0.92,xgb,ok,"[""Privilege state: uid_is_root and euid_root are set, max_uid_euid_delta is extremely high, indicating a significant privilege escalation."", ""Mechanism: uid_changed and auid_euid_mismatch suggest an attempt to manipulate identity, which aligns with T1548 and T1222 techniques."", ""Behavioural anomaly: failed_call_rate is low, and unique_syscalls is high, suggesting a crafted process with a specific purpose, which is uncommon in benign activity."", ""Benign-explanation test: lifetime_seconds is minimal, and there's no exec_count or shell_from_service, which contradicts typical benign admin activity."", ""Decide: the strong evidence of privilege escalation and anomalous behaviour supports XGBoost's MALICIOUS call over CNN's BENIGN call.""]","[""lifetime_seconds"", ""unique_syscalls"", ""uid_is_root"", ""euid_root"", ""max_uid_euid_delta""]","{""verdict"": ""MALICIOUS"", ""confidence"": 0.92, ""rationale_steps"": [""Privilege state: uid_is_root and euid_root are set, max_uid_euid_delta is extremely high, indicating a significant privilege escalation."", ""Mechanism: uid_changed and auid_euid_mismatch suggest an attempt to manipulate identity, which aligns with T1548 and T1222 techniques."", ""Behavioural anomaly: failed_call_rate is low, and unique_syscalls is high, suggesting a crafted process with a specific purpose, which is uncommon in benign activity."", ""Benign-explanation test: lifetime_seconds is minimal, and there's no exec_count or shell_from_service, which contradicts typical benign admin activity."", ""Decide: the strong evidence of privilege escalation and anomalous behaviour supports XGBoost's MALICIOUS call over CNN's BENIGN call.""], ""key_features"": [""lifetime_seconds"", ""unique_syscalls"", ""uid_is_root"", ""euid_root"", ""max_uid_euid_delta""], ""agrees_with"": ""xgb""}"
86742,3,1,T1548,1,0,0.999918818473816,0.8624513745307922,xgb_malicious_cnn_benign,MALICIOUS,1,0.92,xgb,ok,"[""Privilege state: uid_is_root and euid_root are set, max_uid_euid_delta is extremely high, indicating a significant privilege escalation."", ""Mechanism: uid_changed and auid_euid_mismatch suggest an attempt to manipulate identity, which aligns with T1548 and T1222 techniques."", ""Behavioural anomaly: failed_call_rate is low, and unique_syscalls is high, suggesting a crafted process with a specific purpose, which is uncommon in benign activity."", ""Benign-explanation test: lifetime_seconds is minimal, and there's no exec_count or shell_from_service, which contradicts typical benign admin activity."", ""Decide: the strong evidence of privilege escalation and anomalous behaviour supports XGBoost's MALICIOUS call over CNN's BENIGN call.""]","[""lifetime_seconds"", ""unique_syscalls"", ""uid_is_root"", ""euid_root"", ""max_uid_euid_delta""]","{""verdict"": ""MALICIOUS"", ""confidence"": 0.92, ""rationale_steps"": [""Privilege state: uid_is_root and euid_root are set, max_uid_euid_delta is extremely high, indicating a significant privilege escalation."", ""Mechanism: uid_changed and auid_euid_mismatch suggest an attempt to manipulate identity, which aligns with T1548 and T1222 techniques."", ""Behavioural anomaly: failed_call_rate is low, and unique_syscalls is high, suggesting a crafted process with a specific purpose, which is uncommon in benign activity."", ""Benign-explanation test: lifetime_seconds is minimal, and there's no exec_count or shell_from_service, which contradicts typical benign admin activity."", ""Decide: the strong evidence of privilege escalation and anomalous behaviour supports XGBoost's MALICIOUS call over CNN's BENIGN call.""], ""key_features"": [""lifetime_seconds"", ""unique_syscalls"", ""uid_is_root"", ""euid_root"", ""max_uid_euid_delta""], ""agrees_with"": ""xgb""}"
86763,3,1,T1548,1,0,0.999918818473816,0.8624513745307922,xgb_malicious_cnn_benign,MALICIOUS,1,0.92,xgb,ok,"[""Privilege state: uid_is_root and euid_root are set, max_uid_euid_delta is extremely high, indicating a significant privilege escalation."", ""Mechanism: uid_changed and auid_euid_mismatch suggest an attempt to manipulate identity, which aligns with T1548 and T1222 techniques."", ""Behavioural anomaly: failed_call_rate is low, and unique_syscalls is high, suggesting a crafted process with a specific purpose, which is uncommon in benign activity."", ""Benign-explanation test: lifetime_seconds is minimal, and there's no exec_count or shell_from_service, which contradicts typical benign admin activity."", ""Decide: the strong evidence of privilege escalation and anomalous behaviour supports XGBoost's MALICIOUS call over CNN's BENIGN call.""]","[""lifetime_seconds"", ""unique_syscalls"", ""uid_is_root"", ""euid_root"", ""max_uid_euid_delta""]","{""verdict"": ""MALICIOUS"", ""confidence"": 0.92, ""rationale_steps"": [""Privilege state: uid_is_root and euid_root are set, max_uid_euid_delta is extremely high, indicating a significant privilege escalation."", ""Mechanism: uid_changed and auid_euid_mismatch suggest an attempt to manipulate identity, which aligns with T1548 and T1222 techniques."", ""Behavioural anomaly: failed_call_rate is low, and unique_syscalls is high, suggesting a crafted process with a specific purpose, which is uncommon in benign activity."", ""Benign-explanation test: lifetime_seconds is minimal, and there's no exec_count or shell_from_service, which contradicts typical benign admin activity."", ""Decide: the strong evidence of privilege escalation and anomalous behaviour supports XGBoost's MALICIOUS call over CNN's BENIGN call.""], ""key_features"": [""lifetime_seconds"", ""unique_syscalls"", ""uid_is_root"", ""euid_root"", ""max_uid_euid_delta""], ""agrees_with"": ""xgb""}"
86802,3,1,T1548,1,0,0.999918818473816,0.8624513745307922,xgb_malicious_cnn_benign,MALICIOUS,1,0.92,xgb,ok,"[""Privilege state: uid_is_root and euid_root are set, max_uid_euid_delta is extremely high, indicating a significant privilege escalation."", ""Mechanism: uid_changed and auid_euid_mismatch suggest an attempt to manipulate identity, which aligns with T1548 and T1222 techniques."", ""Behavioural anomaly: failed_call_rate is low, and unique_syscalls is high, suggesting a crafted process with a specific purpose, which is uncommon in benign activity."", ""Benign-explanation test: lifetime_seconds is minimal, and there's no exec_count or shell_from_service, which contradicts typical benign admin activity."", ""Decide: the strong evidence of privilege escalation and anomalous behaviour supports XGBoost's MALICIOUS call over CNN's BENIGN call.""]","[""lifetime_seconds"", ""unique_syscalls"", ""uid_is_root"", ""euid_root"", ""max_uid_euid_delta""]","{""verdict"": ""MALICIOUS"", ""confidence"": 0.92, ""rationale_steps"": [""Privilege state: uid_is_root and euid_root are set, max_uid_euid_delta is extremely high, indicating a significant privilege escalation."", ""Mechanism: uid_changed and auid_euid_mismatch suggest an attempt to manipulate identity, which aligns with T1548 and T1222 techniques."", ""Behavioural anomaly: failed_call_rate is low, and unique_syscalls is high, suggesting a crafted process with a specific purpose, which is uncommon in benign activity."", ""Benign-explanation test: lifetime_seconds is minimal, and there's no exec_count or shell_from_service, which contradicts typical benign admin activity."", ""Decide: the strong evidence of privilege escalation and anomalous behaviour supports XGBoost's MALICIOUS call over CNN's BENIGN call.""], ""key_features"": [""lifetime_seconds"", ""unique_syscalls"", ""uid_is_root"", ""euid_root"", ""max_uid_euid_delta""], ""agrees_with"": ""xgb""}"
87696,2,1,T1548,0,1,0.964673638343811,0.9870211482048036,xgb_benign_cnn_malicious,MALICIOUS,1,0.92,cnn,ok,"[""Privilege state: uid_is_root and euid_root are both set, with max_uid_euid_delta being 0, indicating a direct root transition."", ""Mechanism: unique_syscalls at p99+ suggests an unusual or potentially malicious script execution, and uid_changed indicates a change in user identity which is often associated with privilege escalation."", ""Behavioural anomaly: failed_call_rate at p99+ indicates a high rate of failed syscalls, which can be a sign of a process struggling or attempting to perform unauthorized operations."", ""Benign-explanation test: lifetime_seconds at p99+ and no clear benign explanation like admin scripting or health-check, given the high failed_call_rate and unique_syscalls."", ""Decide: the strong privilege escalation signals (uid_is_root, euid_root, uid_changed) and unusual behaviour (failed_call_rate, unique_syscalls) support the CNN's classification over XGBoost's benign call.""]","[""lifetime_seconds"", ""unique_syscalls"", ""uid_is_root"", ""uid_changed"", ""euid_root""]","{""verdict"": ""MALICIOUS"", ""confidence"": 0.92, ""rationale_steps"": [""Privilege state: uid_is_root and euid_root are both set, with max_uid_euid_delta being 0, indicating a direct root transition."", ""Mechanism: unique_syscalls at p99+ suggests an unusual or potentially malicious script execution, and uid_changed indicates a change in user identity which is often associated with privilege escalation."", ""Behavioural anomaly: failed_call_rate at p99+ indicates a high rate of failed syscalls, which can be a sign of a process struggling or attempting to perform unauthorized operations."", ""Benign-explanation test: lifetime_seconds at p99+ and no clear benign explanation like admin scripting or health-check, given the high failed_call_rate and unique_syscalls."", ""Decide: the strong privilege escalation signals (uid_is_root, euid_root, uid_changed) and unusual behaviour (failed_call_rate, unique_syscalls) support the CNN's classification over XGBoost's benign call.""], ""key_features"": [""lifetime_seconds"", ""unique_syscalls"", ""uid_is_root"", ""uid_changed"", ""euid_root""], ""agrees_with"": ""cnn""}"
87809,2,1,T1548,0,1,0.964673638343811,0.9870211482048036,xgb_benign_cnn_malicious,MALICIOUS,1,0.92,cnn,ok,"[""Privilege state: uid_is_root and euid_root are both set, with max_uid_euid_delta being 0, indicating a direct root transition."", ""Mechanism: unique_syscalls at p99+ suggests an unusual or potentially malicious script execution, and uid_changed indicates a change in user identity which is often associated with privilege escalation."", ""Behavioural anomaly: failed_call_rate at p99+ indicates a high rate of failed syscalls, which can be a sign of a process struggling or attempting to perform unauthorized operations."", ""Benign-explanation test: lifetime_seconds at p99+ and no clear benign explanation like admin scripting or health-check, given the high failed_call_rate and unique_syscalls."", ""Decide: the strong privilege escalation signals (uid_is_root, euid_root, uid_changed) and unusual behaviour (failed_call_rate, unique_syscalls) support the CNN's classification over XGBoost's benign call.""]","[""lifetime_seconds"", ""unique_syscalls"", ""uid_is_root"", ""uid_changed"", ""euid_root""]","{""verdict"": ""MALICIOUS"", ""confidence"": 0.92, ""rationale_steps"": [""Privilege state: uid_is_root and euid_root are both set, with max_uid_euid_delta being 0, indicating a direct root transition."", ""Mechanism: unique_syscalls at p99+ suggests an unusual or potentially malicious script execution, and uid_changed indicates a change in user identity which is often associated with privilege escalation."", ""Behavioural anomaly: failed_call_rate at p99+ indicates a high rate of failed syscalls, which can be a sign of a process struggling or attempting to perform unauthorized operations."", ""Benign-explanation test: lifetime_seconds at p99+ and no clear benign explanation like admin scripting or health-check, given the high failed_call_rate and unique_syscalls."", ""Decide: the strong privilege escalation signals (uid_is_root, euid_root, uid_changed) and unusual behaviour (failed_call_rate, unique_syscalls) support the CNN's classification over XGBoost's benign call.""], ""key_features"": [""lifetime_seconds"", ""unique_syscalls"", ""uid_is_root"", ""uid_changed"", ""euid_root""], ""agrees_with"": ""cnn""}"
88527,3,1,T1548,1,0,0.999918818473816,0.8624439835548401,xgb_malicious_cnn_benign,MALICIOUS,1,0.92,xgb,ok,"[""Privilege state: uid_is_root and euid_root are set, max_uid_euid_delta is extremely high, indicating a significant privilege escalation."", ""Mechanism: uid_changed and auid_euid_mismatch suggest an attempt to manipulate identity, which aligns with T1548 and T1222 techniques."", ""Behavioural anomaly: failed_call_rate is low, suggesting successful syscalls, and unique_syscalls is high, indicating unusual behavior not typical of benign processes."", ""Benign-explanation test: lifetime_seconds at p99+ and no exec_count suggest a short-lived, singular operation inconsistent with benign admin scripting or health-checks."", ""Decide: the strong evidence of privilege escalation and unusual behavior supports XGBoost's MALICIOUS call over CNN's BENIGN call.""]","[""lifetime_seconds"", ""unique_syscalls"", ""uid_is_root"", ""euid_root"", ""max_uid_euid_delta""]","{""verdict"": ""MALICIOUS"", ""confidence"": 0.92, ""rationale_steps"": [""Privilege state: uid_is_root and euid_root are set, max_uid_euid_delta is extremely high, indicating a significant privilege escalation."", ""Mechanism: uid_changed and auid_euid_mismatch suggest an attempt to manipulate identity, which aligns with T1548 and T1222 techniques."", ""Behavioural anomaly: failed_call_rate is low, suggesting successful syscalls, and unique_syscalls is high, indicating unusual behavior not typical of benign processes."", ""Benign-explanation test: lifetime_seconds at p99+ and no exec_count suggest a short-lived, singular operation inconsistent with benign admin scripting or health-checks."", ""Decide: the strong evidence of privilege escalation and unusual behavior supports XGBoost's MALICIOUS call over CNN's BENIGN call.""], ""key_features"": [""lifetime_seconds"", ""unique_syscalls"", ""uid_is_root"", ""euid_root"", ""max_uid_euid_delta""], ""agrees_with"": ""xgb""}"
88548,3,1,T1548,1,0,0.999918818473816,0.8624439835548401,xgb_malicious_cnn_benign,MALICIOUS,1,0.92,xgb,ok,"[""Privilege state: uid_is_root and euid_root are set, max_uid_euid_delta is extremely high, indicating a significant privilege escalation."", ""Mechanism: uid_changed and auid_euid_mismatch suggest an attempt to manipulate identity, which aligns with T1548 and T1222 techniques."", ""Behavioural anomaly: failed_call_rate is low, and unique_syscalls is high, suggesting a crafted process with a specific purpose, which is uncommon in benign activity."", ""Benign-explanation test: lifetime_seconds is minimal, and there's no exec_count or shell_from_service, which contradicts typical benign admin activity."", ""Decide: the strong evidence of privilege escalation and anomalous behaviour supports XGBoost's MALICIOUS call over CNN's BENIGN call.""]","[""lifetime_seconds"", ""unique_syscalls"", ""uid_is_root"", ""euid_root"", ""max_uid_euid_delta""]","{""verdict"": ""MALICIOUS"", ""confidence"": 0.92, ""rationale_steps"": [""Privilege state: uid_is_root and euid_root are set, max_uid_euid_delta is extremely high, indicating a significant privilege escalation."", ""Mechanism: uid_changed and auid_euid_mismatch suggest an attempt to manipulate identity, which aligns with T1548 and T1222 techniques."", ""Behavioural anomaly: failed_call_rate is low, and unique_syscalls is high, suggesting a crafted process with a specific purpose, which is uncommon in benign activity."", ""Benign-explanation test: lifetime_seconds is minimal, and there's no exec_count or shell_from_service, which contradicts typical benign admin activity."", ""Decide: the strong evidence of privilege escalation and anomalous behaviour supports XGBoost's MALICIOUS call over CNN's BENIGN call.""], ""key_features"": [""lifetime_seconds"", ""unique_syscalls"", ""uid_is_root"", ""euid_root"", ""max_uid_euid_delta""], ""agrees_with"": ""xgb""}"
88562,2,1,T1548,0,1,0.9779095649719238,0.9780508279800416,xgb_benign_cnn_malicious,MALICIOUS,1,0.92,cnn,ok,"[""Privilege state: uid_is_root and euid_root are set, max_uid_euid_delta is low, indicating a potential privilege escalation."", ""Mechanism: uid_changed is set, suggesting a transition in user identity, and unique_syscalls is high, which could indicate an unusual command or script."", ""Behavioural anomaly: lifetime_seconds is very short (p99+), which is unusual for privilege escalation attempts that often take longer to execute."", ""Benign-explanation test: The high events_per_second and unique_syscalls, along with uid_is_root, argue against a benign admin script or cron job."", ""Decide: The evidence of privilege escalation (uid_is_root, euid_root, uid_changed) and unusual behaviour (unique_syscalls, short lifetime) supports the CNN's classification over XGBoost's.""]","[""uid_is_root"", ""euid_root"", ""uid_changed"", ""unique_syscalls"", ""lifetime_seconds""]","{
  ""verdict"": ""MALICIOUS"",
  ""confidence"": 0.92,
  ""rationale_steps"": [
    ""Privilege state: uid_is_root and euid_root are set, max_uid_euid_delta is low, indicating a potential privilege escalation."",
    ""Mechanism: uid_changed is set, suggesting a transition in user identity, and unique_syscalls is high, which could indicate an unusual command or script."",
    ""Behavioural anomaly: lifetime_seconds is very short (p99+), which is unusual for privilege escalation attempts that often take longer to execute."",
    ""Benign-explanation test: The high events_per_second and unique_syscalls, along with uid_is_root, argue against a benign admin script or cron job."",
    ""Decide: The evidence of privilege escalation (uid_is_root, euid_root, uid_changed) and unusual behaviour (unique_syscalls, short lifetime) supports the CNN's classification over XGBoost's.""
  ],
  ""key_features"": [""uid_is_root"", ""euid_root"", ""uid_changed"", ""unique_syscalls"", ""lifetime_seconds""],
  ""agrees_with"": ""cnn""
}"
88639,2,1,T1548,0,1,0.964673638343811,0.9870211482048036,xgb_benign_cnn_malicious,MALICIOUS,1,0.92,cnn,ok,"[""Privilege state: uid_is_root and euid_root are both set, with max_uid_euid_delta being 0, indicating a direct root transition."", ""Mechanism: unique_syscalls at p99+ suggests an unusual or potentially malicious script execution, and uid_changed indicates a change in privileges."", ""Behavioural anomaly: failed_call_rate at p99+ and lifetime_seconds at p99+ suggest a short-lived, high-failure process, which is uncommon for benign activity."", ""Benign-explanation test: The process's short lifetime and high failure rate do not align with typical admin scripting or health-check behavior."", ""Decide: The strong privilege escalation signals (uid_is_root, euid_root, uid_changed) and unusual behavior (failed_call_rate, unique_syscalls) support the CNN's classification over XGBoost's.""]","[""lifetime_seconds"", ""unique_syscalls"", ""uid_is_root"", ""uid_changed"", ""euid_root""]","{""verdict"": ""MALICIOUS"", ""confidence"": 0.92, ""rationale_steps"": [""Privilege state: uid_is_root and euid_root are both set, with max_uid_euid_delta being 0, indicating a direct root transition."", ""Mechanism: unique_syscalls at p99+ suggests an unusual or potentially malicious script execution, and uid_changed indicates a change in privileges."", ""Behavioural anomaly: failed_call_rate at p99+ and lifetime_seconds at p99+ suggest a short-lived, high-failure process, which is uncommon for benign activity."", ""Benign-explanation test: The process's short lifetime and high failure rate do not align with typical admin scripting or health-check behavior."", ""Decide: The strong privilege escalation signals (uid_is_root, euid_root, uid_changed) and unusual behavior (failed_call_rate, unique_syscalls) support the CNN's classification over XGBoost's.""], ""key_features"": [""lifetime_seconds"", ""unique_syscalls"", ""uid_is_root"", ""uid_changed"", ""euid_root""], ""agrees_with"": ""cnn""}"
89310,4,1,T1222,0,1,0.8476836681365967,0.9919057488441468,xgb_benign_cnn_malicious,MALICIOUS,1,0.92,cnn,ok,"[""Privilege state: uid_is_root and euid_root are set, with a max_uid_euid_delta of 0 indicating a direct root transition, which is a strong indicator of malicious activity."", ""Mechanism: The process has a high syscall throughput (events_per_second) and a long syscall sequence (seq_length) with a high number of unique_syscalls, suggesting complex and potentially malicious behavior."", ""Behavioural anomaly: The process has a very short lifetime (lifetime_seconds at p99+), which is unusual for benign activity and could indicate a quick privilege escalation attempt."", ""Benign-explanation test: The absence of auid_euid_mismatch and the high unique_syscalls make it unlikely that this is a routine admin script or health-check."", ""Decide: The strong privilege escalation indicators and unusual behavior outweigh XGBoost's benign call; this supports the CNN's high confidence in malicious activity.""]","[""uid_is_root"", ""euid_root"", ""max_uid_euid_delta"", ""events_per_second"", ""lifetime_seconds""]","{""verdict"": ""MALICIOUS"", ""confidence"": 0.92, ""rationale_steps"": [""Privilege state: uid_is_root and euid_root are set, with a max_uid_euid_delta of 0 indicating a direct root transition, which is a strong indicator of malicious activity."", ""Mechanism: The process has a high syscall throughput (events_per_second) and a long syscall sequence (seq_length) with a high number of unique_syscalls, suggesting complex and potentially malicious behavior."", ""Behavioural anomaly: The process has a very short lifetime (lifetime_seconds at p99+), which is unusual for benign activity and could indicate a quick privilege escalation attempt."", ""Benign-explanation test: The absence of auid_euid_mismatch and the high unique_syscalls make it unlikely that this is a routine admin script or health-check."", ""Decide: The strong privilege escalation indicators and unusual behavior outweigh XGBoost's benign call; this supports the CNN's high confidence in malicious activity.""], ""key_features"": [""uid_is_root"", ""euid_root"", ""max_uid_euid_delta"", ""events_per_second"", ""lifetime_seconds""], ""agrees_with"": ""cnn""}"
89317,4,1,T1222,1,0,0.9651243686676024,0.983751654624939,xgb_malicious_cnn_benign,MALICIOUS,1,0.92,xgb,ok,"[""Privilege state: uid_is_root and euid_root are both set, with max_uid_euid_delta indicating a significant privilege transition."", ""Mechanism: unique_syscalls at p99+ suggests unusual behavior, and uid_changed indicates a change in privilege level during execution."", ""Behavioural anomaly: failed_call_rate is high, indicating potential syscall failures that could be indicative of malicious activity."", ""Benign-explanation test: lifetime_seconds at p99+ and no clear benign explanation like admin scripting or cron jobs, given the short and singular execution."", ""Decide: the strong privilege escalation signals (uid_is_root, euid_root, max_uid_euid_delta) and unusual syscall behavior (unique_syscalls, failed_call_rate) support XGBoost's MALICIOUS call over CNN's BENIGN call.""]","[""lifetime_seconds"", ""unique_syscalls"", ""uid_is_root"", ""uid_changed"", ""euid_root""]","{""verdict"": ""MALICIOUS"", ""confidence"": 0.92, ""rationale_steps"": [""Privilege state: uid_is_root and euid_root are both set, with max_uid_euid_delta indicating a significant privilege transition."", ""Mechanism: unique_syscalls at p99+ suggests unusual behavior, and uid_changed indicates a change in privilege level during execution."", ""Behavioural anomaly: failed_call_rate is high, indicating potential syscall failures that could be indicative of malicious activity."", ""Benign-explanation test: lifetime_seconds at p99+ and no clear benign explanation like admin scripting or cron jobs, given the short and singular execution."", ""Decide: the strong privilege escalation signals (uid_is_root, euid_root, max_uid_euid_delta) and unusual syscall behavior (unique_syscalls, failed_call_rate) support XGBoost's MALICIOUS call over CNN's BENIGN call.""], ""key_features"": [""lifetime_seconds"", ""unique_syscalls"", ""uid_is_root"", ""uid_changed"", ""euid_root""], ""agrees_with"": ""xgb""}"
89421,3,1,T1548,1,0,0.999918818473816,0.8624513745307922,xgb_malicious_cnn_benign,MALICIOUS,1,0.92,xgb,ok,"[""Privilege state: uid_is_root and euid_root are set, max_uid_euid_delta is extremely high, indicating a significant privilege escalation."", ""Mechanism: uid_changed and auid_euid_mismatch suggest an attempt to manipulate identity, which aligns with T1548 and T1222 techniques."", ""Behavioural anomaly: failed_call_rate is low, and unique_syscalls is high, suggesting a crafted process with a specific purpose, not typical benign activity."", ""Benign-explanation test: lifetime_seconds at p99+ and no exec_count suggest a one-off, short-lived process, inconsistent with benign admin scripting or health-checks."", ""Decide: the strong evidence of privilege escalation and anomalous behaviour supports XGBoost's MALICIOUS call over CNN's BENIGN call.""]","[""lifetime_seconds"", ""unique_syscalls"", ""uid_is_root"", ""euid_root"", ""max_uid_euid_delta""]","{""verdict"": ""MALICIOUS"", ""confidence"": 0.92, ""rationale_steps"": [""Privilege state: uid_is_root and euid_root are set, max_uid_euid_delta is extremely high, indicating a significant privilege escalation."", ""Mechanism: uid_changed and auid_euid_mismatch suggest an attempt to manipulate identity, which aligns with T1548 and T1222 techniques."", ""Behavioural anomaly: failed_call_rate is low, and unique_syscalls is high, suggesting a crafted process with a specific purpose, not typical benign activity."", ""Benign-explanation test: lifetime_seconds at p99+ and no exec_count suggest a one-off, short-lived process, inconsistent with benign admin scripting or health-checks."", ""Decide: the strong evidence of privilege escalation and anomalous behaviour supports XGBoost's MALICIOUS call over CNN's BENIGN call.""], ""key_features"": [""lifetime_seconds"", ""unique_syscalls"", ""uid_is_root"", ""euid_root"", ""max_uid_euid_delta""], ""agrees_with"": ""xgb""}"
89444,2,1,T1548,0,1,0.964673638343811,0.9870211482048036,xgb_benign_cnn_malicious,MALICIOUS,1,0.92,cnn,ok,"[""Privilege state: uid_is_root and euid_root are both set, with max_uid_euid_delta being 0, indicating a direct root transition."", ""Mechanism: unique_syscalls at p99+ suggests an unusual or potentially malicious script execution, and uid_changed indicates a change in user identity which is often associated with privilege escalation."", ""Behavioural anomaly: failed_call_rate at p99+ indicates a high rate of failed syscalls, which can be a sign of a process struggling or attempting to perform unauthorized operations."", ""Benign-explanation test: lifetime_seconds at p99+ and no clear benign explanation like admin scripting or health-check, given the high failed_call_rate and unique_syscalls."", ""Decide: the strong privilege escalation signals (uid_is_root, euid_root, uid_changed) and unusual behaviour (failed_call_rate, unique_syscalls) support the CNN's classification over XGBoost's benign call.""]","[""lifetime_seconds"", ""unique_syscalls"", ""uid_is_root"", ""uid_changed"", ""euid_root""]","{""verdict"": ""MALICIOUS"", ""confidence"": 0.92, ""rationale_steps"": [""Privilege state: uid_is_root and euid_root are both set, with max_uid_euid_delta being 0, indicating a direct root transition."", ""Mechanism: unique_syscalls at p99+ suggests an unusual or potentially malicious script execution, and uid_changed indicates a change in user identity which is often associated with privilege escalation."", ""Behavioural anomaly: failed_call_rate at p99+ indicates a high rate of failed syscalls, which can be a sign of a process struggling or attempting to perform unauthorized operations."", ""Benign-explanation test: lifetime_seconds at p99+ and no clear benign explanation like admin scripting or health-check, given the high failed_call_rate and unique_syscalls."", ""Decide: the strong privilege escalation signals (uid_is_root, euid_root, uid_changed) and unusual behaviour (failed_call_rate, unique_syscalls) support the CNN's classification over XGBoost's benign call.""], ""key_features"": [""lifetime_seconds"", ""unique_syscalls"", ""uid_is_root"", ""uid_changed"", ""euid_root""], ""agrees_with"": ""cnn""}"
89603,2,0,benign,0,1,0.001278604613617,0.999983251094818,xgb_benign_cnn_malicious,MALICIOUS,1,0.92,cnn,ok,"[""Privilege state: uid_is_root and euid_root are both set, with max_uid_euid_delta indicating a significant privilege transition."", ""Mechanism: unique_syscalls at p99+ suggests unusual behavior, and uid_changed indicates a change in privilege level during execution."", ""Behavioural anomaly: failed_call_rate is high, indicating potential syscall failures that could be indicative of malicious activity."", ""Benign-explanation test: lifetime_seconds at p99+ and no clear benign explanation like admin scripting or cron jobs, given the short and singular execution."", ""Decide: the strong privilege escalation signals (uid_is_root, euid_root, max_uid_euid_delta) and unusual syscall behavior (unique_syscalls, failed_call_rate) support the CNN's classification over XGBoost's benign call.""]","[""lifetime_seconds"", ""unique_syscalls"", ""uid_is_root"", ""euid_root"", ""max_uid_euid_delta""]","{""verdict"": ""MALICIOUS"", ""confidence"": 0.92, ""rationale_steps"": [""Privilege state: uid_is_root and euid_root are both set, with max_uid_euid_delta indicating a significant privilege transition."", ""Mechanism: unique_syscalls at p99+ suggests unusual behavior, and uid_changed indicates a change in privilege level during execution."", ""Behavioural anomaly: failed_call_rate is high, indicating potential syscall failures that could be indicative of malicious activity."", ""Benign-explanation test: lifetime_seconds at p99+ and no clear benign explanation like admin scripting or cron jobs, given the short and singular execution."", ""Decide: the strong privilege escalation signals (uid_is_root, euid_root, max_uid_euid_delta) and unusual syscall behavior (unique_syscalls, failed_call_rate) support the CNN's classification over XGBoost's benign call.""], ""key_features"": [""lifetime_seconds"", ""unique_syscalls"", ""uid_is_root"", ""euid_root"", ""max_uid_euid_delta""], ""agrees_with"": ""cnn""}"
89646,2,0,benign,0,1,0.001278604613617,0.999983251094818,xgb_benign_cnn_malicious,MALICIOUS,1,0.92,cnn,ok,"[""Privilege state: uid_is_root and euid_root are both set, with max_uid_euid_delta indicating a significant privilege transition."", ""Mechanism: unique_syscalls at p99+ suggests unusual behavior, and uid_changed indicates a change in privilege level during execution."", ""Behavioural anomaly: failed_call_rate is high, indicating potential syscall failures that could be indicative of malicious activity."", ""Benign-explanation test: lifetime_seconds at p99+ and no clear benign explanation like admin scripting or cron jobs, given the short and singular execution."", ""Decide: the strong privilege escalation signals (uid_is_root, euid_root, max_uid_euid_delta) and unusual syscall behavior (unique_syscalls, failed_call_rate) support the CNN's classification over XGBoost's benign call.""]","[""lifetime_seconds"", ""unique_syscalls"", ""uid_is_root"", ""uid_changed"", ""euid_root""]","{""verdict"": ""MALICIOUS"", ""confidence"": 0.92, ""rationale_steps"": [""Privilege state: uid_is_root and euid_root are both set, with max_uid_euid_delta indicating a significant privilege transition."", ""Mechanism: unique_syscalls at p99+ suggests unusual behavior, and uid_changed indicates a change in privilege level during execution."", ""Behavioural anomaly: failed_call_rate is high, indicating potential syscall failures that could be indicative of malicious activity."", ""Benign-explanation test: lifetime_seconds at p99+ and no clear benign explanation like admin scripting or cron jobs, given the short and singular execution."", ""Decide: the strong privilege escalation signals (uid_is_root, euid_root, max_uid_euid_delta) and unusual syscall behavior (unique_syscalls, failed_call_rate) support the CNN's classification over XGBoost's benign call.""], ""key_features"": [""lifetime_seconds"", ""unique_syscalls"", ""uid_is_root"", ""uid_changed"", ""euid_root""], ""agrees_with"": ""cnn""}"
90172,3,1,T1548,1,0,0.999918818473816,0.8624513745307922,xgb_malicious_cnn_benign,MALICIOUS,1,0.92,xgb,ok,"[""Privilege state: uid_is_root and euid_root are set, max_uid_euid_delta is extremely high, indicating a significant privilege escalation."", ""Mechanism: uid_changed and auid_euid_mismatch suggest an attempt to manipulate identity, which aligns with T1548 and T1222 techniques."", ""Behavioural anomaly: failed_call_rate is low, and unique_syscalls is high, suggesting a crafted process with a specific purpose, not typical benign activity."", ""Benign-explanation test: lifetime_seconds is minimal, and there's no exec_count or shell_from_service, which contradicts typical benign admin scripting."", ""Decide: the strong evidence of privilege escalation and anomalous behaviour supports XGBoost's MALICIOUS call over CNN's BENIGN call.""]","[""lifetime_seconds"", ""unique_syscalls"", ""uid_is_root"", ""euid_root"", ""max_uid_euid_delta""]","{""verdict"": ""MALICIOUS"", ""confidence"": 0.92, ""rationale_steps"": [""Privilege state: uid_is_root and euid_root are set, max_uid_euid_delta is extremely high, indicating a significant privilege escalation."", ""Mechanism: uid_changed and auid_euid_mismatch suggest an attempt to manipulate identity, which aligns with T1548 and T1222 techniques."", ""Behavioural anomaly: failed_call_rate is low, and unique_syscalls is high, suggesting a crafted process with a specific purpose, not typical benign activity."", ""Benign-explanation test: lifetime_seconds is minimal, and there's no exec_count or shell_from_service, which contradicts typical benign admin scripting."", ""Decide: the strong evidence of privilege escalation and anomalous behaviour supports XGBoost's MALICIOUS call over CNN's BENIGN call.""], ""key_features"": [""lifetime_seconds"", ""unique_syscalls"", ""uid_is_root"", ""euid_root"", ""max_uid_euid_delta""], ""agrees_with"": ""xgb""}"
90261,2,1,T1548,0,1,0.964673638343811,0.9870211482048036,xgb_benign_cnn_malicious,MALICIOUS,1,0.92,cnn,ok,"[""Privilege state: uid_is_root and euid_root are both set, with max_uid_euid_delta being 0, indicating a direct root transition."", ""Mechanism: unique_syscalls at p99+ suggests an unusual or potentially malicious script execution, and uid_changed indicates a change in user identity which is often associated with privilege escalation."", ""Behavioural anomaly: failed_call_rate at p99+ indicates a high rate of failed syscalls, which can be a sign of a process struggling or attempting to perform unauthorized operations."", ""Benign-explanation test: lifetime_seconds at p99+ and no clear benign explanation like admin scripting or health-check, given the high failed_call_rate and unique_syscalls."", ""Decide: the strong privilege escalation signals (uid_is_root, euid_root, uid_changed) and unusual behaviour (failed_call_rate, unique_syscalls) support the CNN's classification over XGBoost's benign call.""]","[""lifetime_seconds"", ""unique_syscalls"", ""uid_is_root"", ""uid_changed"", ""euid_root""]","{""verdict"": ""MALICIOUS"", ""confidence"": 0.92, ""rationale_steps"": [""Privilege state: uid_is_root and euid_root are both set, with max_uid_euid_delta being 0, indicating a direct root transition."", ""Mechanism: unique_syscalls at p99+ suggests an unusual or potentially malicious script execution, and uid_changed indicates a change in user identity which is often associated with privilege escalation."", ""Behavioural anomaly: failed_call_rate at p99+ indicates a high rate of failed syscalls, which can be a sign of a process struggling or attempting to perform unauthorized operations."", ""Benign-explanation test: lifetime_seconds at p99+ and no clear benign explanation like admin scripting or health-check, given the high failed_call_rate and unique_syscalls."", ""Decide: the strong privilege escalation signals (uid_is_root, euid_root, uid_changed) and unusual behaviour (failed_call_rate, unique_syscalls) support the CNN's classification over XGBoost's benign call.""], ""key_features"": [""lifetime_seconds"", ""unique_syscalls"", ""uid_is_root"", ""uid_changed"", ""euid_root""], ""agrees_with"": ""cnn""}"
90276,4,1,T1222,1,0,0.9520105123519896,0.9857449531555176,xgb_malicious_cnn_benign,MALICIOUS,1,0.92,xgb,ok,"[""Privilege state: uid_is_root and euid_root are both set, with max_uid_euid_delta indicating a significant privilege transition."", ""Mechanism: uid_changed and auid_euid_mismatch suggest an attempt to manipulate identity, which aligns with T1548 and T1222."", ""Behavioural anomaly: failed_call_rate is low, and unique_syscalls is high, indicating a potentially novel or malicious process behavior."", ""Benign-explanation test: lifetime_seconds at p99+ and no exec_count suggest a short-lived, focused activity not typical of benign admin scripts."", ""Decide: the strong privilege escalation signals (uid_is_root, euid_root, uid_changed, auid_euid_mismatch) and the atypical behavior (failed_call_rate, unique_syscalls) support the XGBoost model's malicious classification over CNN's benign call.""]","[""lifetime_seconds"", ""unique_syscalls"", ""uid_is_root"", ""uid_changed"", ""euid_root""]","{""verdict"": ""MALICIOUS"", ""confidence"": 0.92, ""rationale_steps"": [""Privilege state: uid_is_root and euid_root are both set, with max_uid_euid_delta indicating a significant privilege transition."", ""Mechanism: uid_changed and auid_euid_mismatch suggest an attempt to manipulate identity, which aligns with T1548 and T1222."", ""Behavioural anomaly: failed_call_rate is low, and unique_syscalls is high, indicating a potentially novel or malicious process behavior."", ""Benign-explanation test: lifetime_seconds at p99+ and no exec_count suggest a short-lived, focused activity not typical of benign admin scripts."", ""Decide: the strong privilege escalation signals (uid_is_root, euid_root, uid_changed, auid_euid_mismatch) and the atypical behavior (failed_call_rate, unique_syscalls) support the XGBoost model's malicious classification over CNN's benign call.""], ""key_features"": [""lifetime_seconds"", ""unique_syscalls"", ""uid_is_root"", ""uid_changed"", ""euid_root""], ""agrees_with"": ""xgb""}"
90285,2,1,T1548,0,1,0.964673638343811,0.9870211482048036,xgb_benign_cnn_malicious,MALICIOUS,1,0.92,cnn,ok,"[""Privilege state: uid_is_root and euid_root are both set, with max_uid_euid_delta being 0, indicating a direct root transition."", ""Mechanism: unique_syscalls at p99+ suggests an unusual or potentially malicious script execution, and uid_changed indicates a change in user identity which is often associated with privilege escalation."", ""Behavioural anomaly: failed_call_rate at p99+ indicates a high rate of failed syscalls, which can be a sign of a process struggling or attempting to perform unauthorized operations."", ""Benign-explanation test: lifetime_seconds at p99+ and no clear benign explanation like admin scripting or health-check, given the high failed_call_rate and unique_syscalls."", ""Decide: the strong privilege escalation signals (uid_is_root, euid_root, uid_changed) and unusual behaviour (failed_call_rate, unique_syscalls) support the CNN's classification over XGBoost's benign call.""]","[""lifetime_seconds"", ""unique_syscalls"", ""uid_is_root"", ""uid_changed"", ""euid_root""]","{""verdict"": ""MALICIOUS"", ""confidence"": 0.92, ""rationale_steps"": [""Privilege state: uid_is_root and euid_root are both set, with max_uid_euid_delta being 0, indicating a direct root transition."", ""Mechanism: unique_syscalls at p99+ suggests an unusual or potentially malicious script execution, and uid_changed indicates a change in user identity which is often associated with privilege escalation."", ""Behavioural anomaly: failed_call_rate at p99+ indicates a high rate of failed syscalls, which can be a sign of a process struggling or attempting to perform unauthorized operations."", ""Benign-explanation test: lifetime_seconds at p99+ and no clear benign explanation like admin scripting or health-check, given the high failed_call_rate and unique_syscalls."", ""Decide: the strong privilege escalation signals (uid_is_root, euid_root, uid_changed) and unusual behaviour (failed_call_rate, unique_syscalls) support the CNN's classification over XGBoost's benign call.""], ""key_features"": [""lifetime_seconds"", ""unique_syscalls"", ""uid_is_root"", ""uid_changed"", ""euid_root""], ""agrees_with"": ""cnn""}"
90965,3,1,T1548,1,0,0.999918818473816,0.8624513745307922,xgb_malicious_cnn_benign,MALICIOUS,1,0.92,xgb,ok,"[""Privilege state: uid_is_root and euid_root are set, max_uid_euid_delta is extremely high, indicating a significant privilege escalation."", ""Mechanism: uid_changed and auid_euid_mismatch suggest an attempt to manipulate identity, which aligns with T1548 and T1222 techniques."", ""Behavioural anomaly: failed_call_rate is low, and unique_syscalls is high, suggesting a crafted process with a specific purpose, not typical benign activity."", ""Benign-explanation test: lifetime_seconds is minimal, and there's no exec_count or shell_from_service, which contradicts typical benign admin scripting."", ""Decide: the strong evidence of privilege escalation and anomalous behaviour supports XGBoost's MALICIOUS call over CNN's BENIGN call.""]","[""lifetime_seconds"", ""unique_syscalls"", ""uid_is_root"", ""euid_root"", ""max_uid_euid_delta""]","{""verdict"": ""MALICIOUS"", ""confidence"": 0.92, ""rationale_steps"": [""Privilege state: uid_is_root and euid_root are set, max_uid_euid_delta is extremely high, indicating a significant privilege escalation."", ""Mechanism: uid_changed and auid_euid_mismatch suggest an attempt to manipulate identity, which aligns with T1548 and T1222 techniques."", ""Behavioural anomaly: failed_call_rate is low, and unique_syscalls is high, suggesting a crafted process with a specific purpose, not typical benign activity."", ""Benign-explanation test: lifetime_seconds is minimal, and there's no exec_count or shell_from_service, which contradicts typical benign admin scripting."", ""Decide: the strong evidence of privilege escalation and anomalous behaviour supports XGBoost's MALICIOUS call over CNN's BENIGN call.""], ""key_features"": [""lifetime_seconds"", ""unique_syscalls"", ""uid_is_root"", ""euid_root"", ""max_uid_euid_delta""], ""agrees_with"": ""xgb""}"
90966,2,1,T1548,0,1,0.964673638343811,0.9870211482048036,xgb_benign_cnn_malicious,MALICIOUS,1,0.92,cnn,ok,"[""Privilege state: uid_is_root and euid_root are both set, with max_uid_euid_delta being 0, indicating a direct root transition."", ""Mechanism: unique_syscalls at p99+ suggests an unusual or potentially malicious script execution, and uid_changed indicates a change in user identity which is often associated with privilege escalation."", ""Behavioural anomaly: failed_call_rate at p99+ indicates a high rate of failed syscalls, which can be a sign of a process struggling or attempting to perform unauthorized operations."", ""Benign-explanation test: lifetime_seconds at p99+ and no clear benign explanation like admin scripting or health-check, given the high failed_call_rate and unique_syscalls."", ""Decide: the strong privilege escalation signals (uid_is_root, euid_root, uid_changed) and unusual behaviour (failed_call_rate, unique_syscalls) support the CNN's classification over XGBoost's benign call.""]","[""lifetime_seconds"", ""unique_syscalls"", ""uid_is_root"", ""uid_changed"", ""euid_root""]","{""verdict"": ""MALICIOUS"", ""confidence"": 0.92, ""rationale_steps"": [""Privilege state: uid_is_root and euid_root are both set, with max_uid_euid_delta being 0, indicating a direct root transition."", ""Mechanism: unique_syscalls at p99+ suggests an unusual or potentially malicious script execution, and uid_changed indicates a change in user identity which is often associated with privilege escalation."", ""Behavioural anomaly: failed_call_rate at p99+ indicates a high rate of failed syscalls, which can be a sign of a process struggling or attempting to perform unauthorized operations."", ""Benign-explanation test: lifetime_seconds at p99+ and no clear benign explanation like admin scripting or health-check, given the high failed_call_rate and unique_syscalls."", ""Decide: the strong privilege escalation signals (uid_is_root, euid_root, uid_changed) and unusual behaviour (failed_call_rate, unique_syscalls) support the CNN's classification over XGBoost's benign call.""], ""key_features"": [""lifetime_seconds"", ""unique_syscalls"", ""uid_is_root"", ""uid_changed"", ""euid_root""], ""agrees_with"": ""cnn""}"
90967,3,1,T1548,1,0,0.999918818473816,0.8624513745307922,xgb_malicious_cnn_benign,MALICIOUS,1,0.92,xgb,ok,"[""Privilege state: uid_is_root and euid_root are set, max_uid_euid_delta is extremely high, indicating a significant privilege escalation."", ""Mechanism: uid_changed and auid_euid_mismatch suggest an attempt to manipulate identity, which aligns with T1548 and T1222 techniques."", ""Behavioural anomaly: failed_call_rate is low, and unique_syscalls is high, suggesting a crafted process with a specific purpose, not typical benign activity."", ""Benign-explanation test: lifetime_seconds is minimal, and there's no exec_count or shell_from_service, which contradicts typical benign admin scripting."", ""Decide: the strong evidence of privilege escalation and anomalous behaviour supports XGBoost's MALICIOUS call over CNN's BENIGN call.""]","[""lifetime_seconds"", ""unique_syscalls"", ""uid_is_root"", ""euid_root"", ""max_uid_euid_delta""]","{""verdict"": ""MALICIOUS"", ""confidence"": 0.92, ""rationale_steps"": [""Privilege state: uid_is_root and euid_root are set, max_uid_euid_delta is extremely high, indicating a significant privilege escalation."", ""Mechanism: uid_changed and auid_euid_mismatch suggest an attempt to manipulate identity, which aligns with T1548 and T1222 techniques."", ""Behavioural anomaly: failed_call_rate is low, and unique_syscalls is high, suggesting a crafted process with a specific purpose, not typical benign activity."", ""Benign-explanation test: lifetime_seconds is minimal, and there's no exec_count or shell_from_service, which contradicts typical benign admin scripting."", ""Decide: the strong evidence of privilege escalation and anomalous behaviour supports XGBoost's MALICIOUS call over CNN's BENIGN call.""], ""key_features"": [""lifetime_seconds"", ""unique_syscalls"", ""uid_is_root"", ""euid_root"", ""max_uid_euid_delta""], ""agrees_with"": ""xgb""}"
91032,3,1,T1548,1,0,0.999918818473816,0.8624439835548401,xgb_malicious_cnn_benign,MALICIOUS,1,0.92,xgb,ok,"[""Privilege state: uid_is_root and euid_root are set, max_uid_euid_delta is extremely high, indicating a significant privilege escalation."", ""Mechanism: uid_changed and auid_euid_mismatch suggest an attempt to manipulate identity, which aligns with T1548 and T1222 techniques."", ""Behavioural anomaly: failed_call_rate is low, and unique_syscalls is high, suggesting a crafted process with a specific purpose, not typical benign activity."", ""Benign-explanation test: lifetime_seconds at p99+ and no exec_count suggest a one-off, short-lived process, inconsistent with benign admin scripting."", ""Decide: the strong evidence of privilege escalation and anomalous behaviour supports XGBoost's MALICIOUS call over CNN's BENIGN call.""]","[""lifetime_seconds"", ""unique_syscalls"", ""uid_is_root"", ""euid_root"", ""max_uid_euid_delta""]","{""verdict"": ""MALICIOUS"", ""confidence"": 0.92, ""rationale_steps"": [""Privilege state: uid_is_root and euid_root are set, max_uid_euid_delta is extremely high, indicating a significant privilege escalation."", ""Mechanism: uid_changed and auid_euid_mismatch suggest an attempt to manipulate identity, which aligns with T1548 and T1222 techniques."", ""Behavioural anomaly: failed_call_rate is low, and unique_syscalls is high, suggesting a crafted process with a specific purpose, not typical benign activity."", ""Benign-explanation test: lifetime_seconds at p99+ and no exec_count suggest a one-off, short-lived process, inconsistent with benign admin scripting."", ""Decide: the strong evidence of privilege escalation and anomalous behaviour supports XGBoost's MALICIOUS call over CNN's BENIGN call.""], ""key_features"": [""lifetime_seconds"", ""unique_syscalls"", ""uid_is_root"", ""euid_root"", ""max_uid_euid_delta""], ""agrees_with"": ""xgb""}"
