row_id,fold,true_label,technique,pred_xgb,pred_cnn,proba_xgb,proba_cnn,disagreement_direction,llm_verdict,llm_pred,llm_confidence,llm_agrees_with,parse_status,rationale_steps,key_features,raw
69,3,1,T1222,1,0,0.9765482544898988,0.8522466421127319,xgb_malicious_cnn_benign,MALICIOUS,1,0.98,cnn,ok,"[""Privilege state: root context with uid_is_root and euid_root set -- a clear indication of elevated privileges."", ""Mechanism: no setuid/setgid execution or unusual exec chain, but a high exec_count with euid_root/uid_is_root set -- a potential escalation mechanism."", ""Behavioural anomaly: high syscall throughput (events_per_second) and a long process lifetime (lifetime_seconds) -- unusual for a benign process."", ""Benign-explanation test: the high throughput and long lifetime make it unlikely to be a routine admin script, cron job, or health-check."", ""Decide: the privilege state and mechanism outweigh XGBoost's malicious call; this supports the CNN.""]","[""uid_is_root"", ""euid_root"", ""events_per_second"", ""lifetime_seconds"", ""exec_count""]","{
  ""verdict"": ""MALICIOUS"",
  ""confidence"": 0.98,
  ""rationale_steps"": [
    ""Privilege state: root context with uid_is_root and euid_root set -- a clear indication of elevated privileges."",
    ""Mechanism: no setuid/setgid execution or unusual exec chain, but a high exec_count with euid_root/uid_is_root set -- a potential escalation mechanism."",
    ""Behavioural anomaly: high syscall throughput (events_per_second) and a long process lifetime (lifetime_seconds) -- unusual for a benign process."",
    ""Benign-explanation test: the high throughput and long lifetime make it unlikely to be a routine admin script, cron job, or health-check."",
    ""Decide: the privilege state and mechanism outweigh XGBoost's malicious call; this supports the CNN.""
  ],
  ""key_features"": [""uid_is_root"", ""euid_root"", ""events_per_second"", ""lifetime_seconds"", ""exec_count""],
  ""agrees_with"": ""cnn""
}"
843,2,1,T1595,0,1,0.001278604613617,0.999983251094818,xgb_benign_cnn_malicious,MALICIOUS,1,0.95,cnn,ok,"[""Privilege state: no genuine UID/EUID transition or root context; euid_root and uid_is_root are unset, and max_uid_euid_delta is 0."", ""Mechanism: no setuid/setgid execution, unusual exec chain, or shell spawned by a service; exec_count is 0, and shell_from_service is unset."", ""Behavioural anomaly: high syscall throughput (events_per_second=1) and short lifetime (lifetime_seconds=1) are unusual for benign activity."", ""Benign-explanation test: the short lifetime and high syscall throughput make it unlikely to be an admin scripting, cron job, or health-check."", ""Decide: the high syscall throughput and short lifetime outweigh XGBoost's benign call; this supports the CNN.""]","[""lifetime_seconds"", ""events_per_second"", ""unique_syscalls"", ""uid_is_root"", ""auid_euid_mismatch""]","{
  ""verdict"": ""MALICIOUS"",
  ""confidence"": 0.95,
  ""rationale_steps"": [
    ""Privilege state: no genuine UID/EUID transition or root context; euid_root and uid_is_root are unset, and max_uid_euid_delta is 0."",
    ""Mechanism: no setuid/setgid execution, unusual exec chain, or shell spawned by a service; exec_count is 0, and shell_from_service is unset."",
    ""Behavioural anomaly: high syscall throughput (events_per_second=1) and short lifetime (lifetime_seconds=1) are unusual for benign activity."",
    ""Benign-explanation test: the short lifetime and high syscall throughput make it unlikely to be an admin scripting, cron job, or health-check."",
    ""Decide: the high syscall throughput and short lifetime outweigh XGBoost's benign call; this supports the CNN.""
  ],
  ""key_features"": [""lifetime_seconds"", ""events_per_second"", ""unique_syscalls"", ""uid_is_root"", ""auid_euid_mismatch""],
  ""agrees_with"": ""cnn""
}"
1427,2,1,T1548,0,1,0.964673638343811,0.9870211482048036,xgb_benign_cnn_malicious,MALICIOUS,1,0.99,cnn,ok,"[""Privilege state: root context with uid_is_root and euid_root set -- a clear indication of elevated privileges."", ""Mechanism: exec_count is elevated with euid_root and uid_is_root set -- a classic sign of a setuid-shell escalation."", ""Behavioural anomaly: failed_call_rate is 1 with failed_call_count elevated -- a high rate of failed syscalls."", ""Benign-explanation test: very short lifetime (p99+) and high throughput argue against a routine admin script, cron job, or health-check."", ""Decide: the escalation mechanism and high failed_call_rate outweigh XGBoost's benign call; this supports the CNN.""]","[""uid_is_root"", ""euid_root"", ""exec_count"", ""failed_call_rate"", ""failed_call_count""]","{
  ""verdict"": ""MALICIOUS"",
  ""confidence"": 0.99,
  ""rationale_steps"": [
    ""Privilege state: root context with uid_is_root and euid_root set -- a clear indication of elevated privileges."",
    ""Mechanism: exec_count is elevated with euid_root and uid_is_root set -- a classic sign of a setuid-shell escalation."",
    ""Behavioural anomaly: failed_call_rate is 1 with failed_call_count elevated -- a high rate of failed syscalls."",
    ""Benign-explanation test: very short lifetime (p99+) and high throughput argue against a routine admin script, cron job, or health-check."",
    ""Decide: the escalation mechanism and high failed_call_rate outweigh XGBoost's benign call; this supports the CNN.""
  ],
  ""key_features"": [""uid_is_root"", ""euid_root"", ""exec_count"", ""failed_call_rate"", ""failed_call_count""],
  ""agrees_with"": ""cnn""
}"
1508,3,1,T1548,1,0,0.999918818473816,0.8624439835548401,xgb_malicious_cnn_benign,MALICIOUS,1,0.93,cnn,ok,"[""Privilege state: root context with max_uid_euid_delta at p99+ and auid_euid_mismatch set -- a real identity inconsistency and privilege transition."", ""Mechanism: exec_count is elevated with euid_root/uid_is_root set but auid_euid_mismatch absent -- a classic setuid-shell escalation."", ""Behavioural anomaly: very short lifetime (p99+) and high throughput argue for a malicious process."", ""Benign-explanation test: the absence of shell_from_service and uid_is_root unset argue against a routine admin script, cron job, or health-check."", ""Decide: the escalation mechanism and high throughput outweigh XGBoost's malicious call; this supports the CNN.""]","[""lifetime_seconds"", ""unique_syscalls"", ""uid_is_root"", ""euid_root"", ""max_uid_euid_delta""]","{
  ""verdict"": ""MALICIOUS"",
  ""confidence"": 0.93,
  ""rationale_steps"": [
    ""Privilege state: root context with max_uid_euid_delta at p99+ and auid_euid_mismatch set -- a real identity inconsistency and privilege transition."",
    ""Mechanism: exec_count is elevated with euid_root/uid_is_root set but auid_euid_mismatch absent -- a classic setuid-shell escalation."",
    ""Behavioural anomaly: very short lifetime (p99+) and high throughput argue for a malicious process."",
    ""Benign-explanation test: the absence of shell_from_service and uid_is_root unset argue against a routine admin script, cron job, or health-check."",
    ""Decide: the escalation mechanism and high throughput outweigh XGBoost's malicious call; this supports the CNN.""
  ],
  ""key_features"": [""lifetime_seconds"", ""unique_syscalls"", ""uid_is_root"", ""euid_root"", ""max_uid_euid_delta""],
  ""agrees_with"": ""cnn""
}"
2281,3,1,T1548,1,0,0.999918818473816,0.8624513745307922,xgb_malicious_cnn_benign,MALICIOUS,1,0.93,cnn,ok,"[""Privilege state: root context with max_uid_euid_delta at p99+ and auid_euid_mismatch set -- a real identity inconsistency and privilege transition."", ""Mechanism: exec_count is elevated with euid_root/uid_is_root set but auid_euid_mismatch absent -- a classic setuid-shell escalation."", ""Behavioural anomaly: very short lifetime (p99+) and high throughput argue for a malicious process."", ""Benign-explanation test: the absence of shell_from_service and uid_is_root unset argue against a routine admin script, cron job, or health-check."", ""Decide: the escalation mechanism and behavioural anomalies outweigh XGBoost's malicious call; this supports the CNN.""]","[""lifetime_seconds"", ""unique_syscalls"", ""uid_is_root"", ""euid_root"", ""max_uid_euid_delta""]","{
  ""verdict"": ""MALICIOUS"",
  ""confidence"": 0.93,
  ""rationale_steps"": [
    ""Privilege state: root context with max_uid_euid_delta at p99+ and auid_euid_mismatch set -- a real identity inconsistency and privilege transition."",
    ""Mechanism: exec_count is elevated with euid_root/uid_is_root set but auid_euid_mismatch absent -- a classic setuid-shell escalation."",
    ""Behavioural anomaly: very short lifetime (p99+) and high throughput argue for a malicious process."",
    ""Benign-explanation test: the absence of shell_from_service and uid_is_root unset argue against a routine admin script, cron job, or health-check."",
    ""Decide: the escalation mechanism and behavioural anomalies outweigh XGBoost's malicious call; this supports the CNN.""
  ],
  ""key_features"": [""lifetime_seconds"", ""unique_syscalls"", ""uid_is_root"", ""euid_root"", ""max_uid_euid_delta""],
  ""agrees_with"": ""cnn""
}"
2855,2,1,T1548,0,1,0.964673638343811,0.9870211482048036,xgb_benign_cnn_malicious,MALICIOUS,1,0.99,cnn,ok,"[""Privilege state: root context with uid_is_root and euid_root set -- a clear indication of elevated privileges."", ""Mechanism: exec_count is elevated with euid_root/uid_is_root set but auid_euid_mismatch absent -- a classic setuid-shell escalation."", ""Behavioural anomaly: failed_call_rate is 1 with failed_call_count elevated -- a high rate of failed syscalls."", ""Benign-explanation test: very short lifetime (p99+) and high throughput argue against a routine admin script, cron job, or health-check."", ""Decide: the escalation mechanism and high failed_call_rate outweigh XGBoost's benign call; this supports the CNN.""]","[""uid_is_root"", ""euid_root"", ""exec_count"", ""failed_call_rate"", ""failed_call_count""]","{
  ""verdict"": ""MALICIOUS"",
  ""confidence"": 0.99,
  ""rationale_steps"": [
    ""Privilege state: root context with uid_is_root and euid_root set -- a clear indication of elevated privileges."",
    ""Mechanism: exec_count is elevated with euid_root/uid_is_root set but auid_euid_mismatch absent -- a classic setuid-shell escalation."",
    ""Behavioural anomaly: failed_call_rate is 1 with failed_call_count elevated -- a high rate of failed syscalls."",
    ""Benign-explanation test: very short lifetime (p99+) and high throughput argue against a routine admin script, cron job, or health-check."",
    ""Decide: the escalation mechanism and high failed_call_rate outweigh XGBoost's benign call; this supports the CNN.""
  ],
  ""key_features"": [""uid_is_root"", ""euid_root"", ""exec_count"", ""failed_call_rate"", ""failed_call_count""],
  ""agrees_with"": ""cnn""
}"
3653,2,1,T1548,0,1,0.964673638343811,0.9870211482048036,xgb_benign_cnn_malicious,MALICIOUS,1,0.99,cnn,ok,"[""Privilege state: root context with uid_is_root and euid_root set -- a clear indication of elevated privileges."", ""Mechanism: exec_count is elevated with euid_root/uid_is_root set but auid_euid_mismatch absent -- a classic setuid-shell escalation."", ""Behavioural anomaly: failed_call_rate is 1 with failed_call_count elevated -- a high rate of failed syscalls."", ""Benign-explanation test: very short lifetime (p99+) and high throughput argue against a routine admin script, cron job, or health-check."", ""Decide: the escalation mechanism and high failed_call_rate outweigh XGBoost's benign call; this supports the CNN.""]","[""uid_is_root"", ""euid_root"", ""exec_count"", ""failed_call_rate"", ""failed_call_count""]","{
  ""verdict"": ""MALICIOUS"",
  ""confidence"": 0.99,
  ""rationale_steps"": [
    ""Privilege state: root context with uid_is_root and euid_root set -- a clear indication of elevated privileges."",
    ""Mechanism: exec_count is elevated with euid_root/uid_is_root set but auid_euid_mismatch absent -- a classic setuid-shell escalation."",
    ""Behavioural anomaly: failed_call_rate is 1 with failed_call_count elevated -- a high rate of failed syscalls."",
    ""Benign-explanation test: very short lifetime (p99+) and high throughput argue against a routine admin script, cron job, or health-check."",
    ""Decide: the escalation mechanism and high failed_call_rate outweigh XGBoost's benign call; this supports the CNN.""
  ],
  ""key_features"": [""uid_is_root"", ""euid_root"", ""exec_count"", ""failed_call_rate"", ""failed_call_count""],
  ""agrees_with"": ""cnn""
}"
6594,4,1,T1222,0,1,0.8476836681365967,0.991692304611206,xgb_benign_cnn_malicious,MALICIOUS,1,0.99,cnn,ok,"[""Privilege state: root context with euid_root and uid_is_root set -- a real identity and privilege transition."", ""Mechanism: no setuid/setgid execution, but a high syscall throughput (events_per_second at p99+) and a long syscall sequence (seq_length at p99+); these are indicative of a malicious process."", ""Behavioural anomaly: no failed syscalls, but a high network-related syscall count (network_count at p99+) -- this is unusual for a benign process."", ""Benign-explanation test: the process lifetime is very short (p99+), which argues against a routine admin script, cron job, or health-check."", ""Decide: the privilege transition and high syscall throughput outweigh XGBoost's benign call; this supports the CNN.""]","[""lifetime_seconds"", ""events_per_second"", ""seq_length"", ""unique_syscalls"", ""uid_is_root""]","{
  ""verdict"": ""MALICIOUS"",
  ""confidence"": 0.99,
  ""rationale_steps"": [
    ""Privilege state: root context with euid_root and uid_is_root set -- a real identity and privilege transition."",
    ""Mechanism: no setuid/setgid execution, but a high syscall throughput (events_per_second at p99+) and a long syscall sequence (seq_length at p99+); these are indicative of a malicious process."",
    ""Behavioural anomaly: no failed syscalls, but a high network-related syscall count (network_count at p99+) -- this is unusual for a benign process."",
    ""Benign-explanation test: the process lifetime is very short (p99+), which argues against a routine admin script, cron job, or health-check."",
    ""Decide: the privilege transition and high syscall throughput outweigh XGBoost's benign call; this supports the CNN.""
  ],
  ""key_features"": [""lifetime_seconds"", ""events_per_second"", ""seq_length"", ""unique_syscalls"", ""uid_is_root""],
  ""agrees_with"": ""cnn""
}"
6596,2,1,T1548,0,1,0.964673638343811,0.9870211482048036,xgb_benign_cnn_malicious,MALICIOUS,1,0.99,cnn,ok,"[""Privilege state: root context with uid_is_root and euid_root set -- a clear indication of elevated privileges."", ""Mechanism: exec_count is elevated with euid_root and uid_is_root set -- a classic sign of a setuid-shell escalation."", ""Behavioural anomaly: failed_call_rate is 1 with failed_call_count elevated -- a high rate of failed syscalls."", ""Benign-explanation test: very short lifetime (p99+) and high throughput argue against a routine admin script, cron job, or health-check."", ""Decide: the escalation mechanism and high failed_call_rate outweigh XGBoost's benign call; this supports the CNN.""]","[""uid_is_root"", ""euid_root"", ""exec_count"", ""failed_call_rate"", ""failed_call_count""]","{
  ""verdict"": ""MALICIOUS"",
  ""confidence"": 0.99,
  ""rationale_steps"": [
    ""Privilege state: root context with uid_is_root and euid_root set -- a clear indication of elevated privileges."",
    ""Mechanism: exec_count is elevated with euid_root and uid_is_root set -- a classic sign of a setuid-shell escalation."",
    ""Behavioural anomaly: failed_call_rate is 1 with failed_call_count elevated -- a high rate of failed syscalls."",
    ""Benign-explanation test: very short lifetime (p99+) and high throughput argue against a routine admin script, cron job, or health-check."",
    ""Decide: the escalation mechanism and high failed_call_rate outweigh XGBoost's benign call; this supports the CNN.""
  ],
  ""key_features"": [""uid_is_root"", ""euid_root"", ""exec_count"", ""failed_call_rate"", ""failed_call_count""],
  ""agrees_with"": ""cnn""
}"
7993,4,1,T1222,0,1,0.8476836681365967,0.9919057488441468,xgb_benign_cnn_malicious,MALICIOUS,1,0.99,cnn,ok,"[""Privilege state: root context with euid_root and uid_is_root set -- a real identity consistency and privilege transition."", ""Mechanism: no setuid/setgid execution, unusual exec chain, or shell spawned by a service -- no classic escalation mechanism."", ""Behavioural anomaly: high syscall throughput (events_per_second at p99+) and a long syscall sequence (seq_length at p99+) -- unusual activity."", ""Benign-explanation test: very high throughput and long syscall sequence argue against a routine admin script, cron job, or health-check."", ""Decide: the privilege transition and unusual activity outweigh XGBoost's benign call; this supports the CNN.""]","[""lifetime_seconds"", ""events_per_second"", ""seq_length"", ""unique_syscalls"", ""uid_is_root""]","{
  ""verdict"": ""MALICIOUS"",
  ""confidence"": 0.99,
  ""rationale_steps"": [
    ""Privilege state: root context with euid_root and uid_is_root set -- a real identity consistency and privilege transition."",
    ""Mechanism: no setuid/setgid execution, unusual exec chain, or shell spawned by a service -- no classic escalation mechanism."",
    ""Behavioural anomaly: high syscall throughput (events_per_second at p99+) and a long syscall sequence (seq_length at p99+) -- unusual activity."",
    ""Benign-explanation test: very high throughput and long syscall sequence argue against a routine admin script, cron job, or health-check."",
    ""Decide: the privilege transition and unusual activity outweigh XGBoost's benign call; this supports the CNN.""
  ],
  ""key_features"": [""lifetime_seconds"", ""events_per_second"", ""seq_length"", ""unique_syscalls"", ""uid_is_root""],
  ""agrees_with"": ""cnn""
}"
8047,3,1,T1548,1,0,0.999918818473816,0.8624439835548401,xgb_malicious_cnn_benign,MALICIOUS,1,0.93,cnn,ok,"[""Privilege state: root context with max_uid_euid_delta at p99+ and auid_euid_mismatch set -- a real identity inconsistency and privilege transition."", ""Mechanism: exec_count is elevated with euid_root/uid_is_root set but auid_euid_mismatch absent -- a classic setuid-shell escalation."", ""Behavioural anomaly: very short lifetime (p99+) and high throughput argue for a malicious process."", ""Benign-explanation test: the absence of shell_from_service and uid_is_root unset argue against a routine admin script, cron job, or health-check."", ""Decide: the escalation mechanism and high throughput outweigh XGBoost's malicious call; this supports the CNN.""]","[""lifetime_seconds"", ""unique_syscalls"", ""uid_is_root"", ""euid_root"", ""max_uid_euid_delta""]","{
  ""verdict"": ""MALICIOUS"",
  ""confidence"": 0.93,
  ""rationale_steps"": [
    ""Privilege state: root context with max_uid_euid_delta at p99+ and auid_euid_mismatch set -- a real identity inconsistency and privilege transition."",
    ""Mechanism: exec_count is elevated with euid_root/uid_is_root set but auid_euid_mismatch absent -- a classic setuid-shell escalation."",
    ""Behavioural anomaly: very short lifetime (p99+) and high throughput argue for a malicious process."",
    ""Benign-explanation test: the absence of shell_from_service and uid_is_root unset argue against a routine admin script, cron job, or health-check."",
    ""Decide: the escalation mechanism and high throughput outweigh XGBoost's malicious call; this supports the CNN.""
  ],
  ""key_features"": [""lifetime_seconds"", ""unique_syscalls"", ""uid_is_root"", ""euid_root"", ""max_uid_euid_delta""],
  ""agrees_with"": ""cnn""
}"
8064,2,1,T1548,0,1,0.964673638343811,0.9870211482048036,xgb_benign_cnn_malicious,MALICIOUS,1,0.99,cnn,ok,"[""Privilege state: root context with uid_is_root and euid_root set -- a clear indication of elevated privileges."", ""Mechanism: exec_count is elevated with euid_root/uid_is_root set but auid_euid_mismatch absent -- a classic setuid-shell escalation."", ""Behavioural anomaly: failed_call_rate is 1 with failed_call_count elevated -- a high rate of failed syscalls."", ""Benign-explanation test: very short lifetime (p99+) and high throughput argue against a routine admin script, cron job, or health-check."", ""Decide: the escalation mechanism and high failed_call_rate outweigh XGBoost's benign call; this supports the CNN.""]","[""uid_is_root"", ""euid_root"", ""exec_count"", ""failed_call_rate"", ""failed_call_count""]","{
  ""verdict"": ""MALICIOUS"",
  ""confidence"": 0.99,
  ""rationale_steps"": [
    ""Privilege state: root context with uid_is_root and euid_root set -- a clear indication of elevated privileges."",
    ""Mechanism: exec_count is elevated with euid_root/uid_is_root set but auid_euid_mismatch absent -- a classic setuid-shell escalation."",
    ""Behavioural anomaly: failed_call_rate is 1 with failed_call_count elevated -- a high rate of failed syscalls."",
    ""Benign-explanation test: very short lifetime (p99+) and high throughput argue against a routine admin script, cron job, or health-check."",
    ""Decide: the escalation mechanism and high failed_call_rate outweigh XGBoost's benign call; this supports the CNN.""
  ],
  ""key_features"": [""uid_is_root"", ""euid_root"", ""exec_count"", ""failed_call_rate"", ""failed_call_count""],
  ""agrees_with"": ""cnn""
}"
8065,2,1,T1548,0,1,0.964673638343811,0.9870211482048036,xgb_benign_cnn_malicious,MALICIOUS,1,0.99,cnn,ok,"[""Privilege state: root context with uid_is_root and euid_root set -- a clear indication of elevated privileges."", ""Mechanism: exec_count is elevated with euid_root/uid_is_root set but auid_euid_mismatch absent -- a classic setuid-shell escalation."", ""Behavioural anomaly: failed_call_rate is 1 with failed_call_count elevated -- a high rate of failed syscalls."", ""Benign-explanation test: very short lifetime (p99+) and high throughput argue against a routine admin script, cron job, or health-check."", ""Decide: the escalation mechanism and high failed_call_rate outweigh XGBoost's benign call; this supports the CNN.""]","[""uid_is_root"", ""euid_root"", ""exec_count"", ""failed_call_rate"", ""failed_call_count""]","{
  ""verdict"": ""MALICIOUS"",
  ""confidence"": 0.99,
  ""rationale_steps"": [
    ""Privilege state: root context with uid_is_root and euid_root set -- a clear indication of elevated privileges."",
    ""Mechanism: exec_count is elevated with euid_root/uid_is_root set but auid_euid_mismatch absent -- a classic setuid-shell escalation."",
    ""Behavioural anomaly: failed_call_rate is 1 with failed_call_count elevated -- a high rate of failed syscalls."",
    ""Benign-explanation test: very short lifetime (p99+) and high throughput argue against a routine admin script, cron job, or health-check."",
    ""Decide: the escalation mechanism and high failed_call_rate outweigh XGBoost's benign call; this supports the CNN.""
  ],
  ""key_features"": [""uid_is_root"", ""euid_root"", ""exec_count"", ""failed_call_rate"", ""failed_call_count""],
  ""agrees_with"": ""cnn""
}"
9507,3,1,T1548,1,0,0.999918818473816,0.8624439835548401,xgb_malicious_cnn_benign,MALICIOUS,1,0.93,cnn,ok,"[""Privilege state: root context with max_uid_euid_delta at p99+ and auid_euid_mismatch set -- a real identity inconsistency and privilege transition."", ""Mechanism: exec_count is elevated with euid_root/uid_is_root set but auid_euid_mismatch absent -- a classic setuid-shell escalation."", ""Behavioural anomaly: very short lifetime (p99+) and high throughput argue for a malicious process."", ""Benign-explanation test: the absence of shell_from_service and uid_is_root unset argue against a routine admin script, cron job, or health-check."", ""Decide: the escalation mechanism and high throughput outweigh XGBoost's malicious call; this supports the CNN.""]","[""lifetime_seconds"", ""unique_syscalls"", ""uid_is_root"", ""euid_root"", ""max_uid_euid_delta""]","{
  ""verdict"": ""MALICIOUS"",
  ""confidence"": 0.93,
  ""rationale_steps"": [
    ""Privilege state: root context with max_uid_euid_delta at p99+ and auid_euid_mismatch set -- a real identity inconsistency and privilege transition."",
    ""Mechanism: exec_count is elevated with euid_root/uid_is_root set but auid_euid_mismatch absent -- a classic setuid-shell escalation."",
    ""Behavioural anomaly: very short lifetime (p99+) and high throughput argue for a malicious process."",
    ""Benign-explanation test: the absence of shell_from_service and uid_is_root unset argue against a routine admin script, cron job, or health-check."",
    ""Decide: the escalation mechanism and high throughput outweigh XGBoost's malicious call; this supports the CNN.""
  ],
  ""key_features"": [""lifetime_seconds"", ""unique_syscalls"", ""uid_is_root"", ""euid_root"", ""max_uid_euid_delta""],
  ""agrees_with"": ""cnn""
}"
9514,3,1,T1548,1,0,0.999918818473816,0.8624439835548401,xgb_malicious_cnn_benign,MALICIOUS,1,0.93,cnn,ok,"[""Privilege state: root context with max_uid_euid_delta at p99+ and auid_euid_mismatch set -- a real identity inconsistency and privilege transition."", ""Mechanism: exec_count is elevated with euid_root/uid_is_root set but auid_euid_mismatch absent -- a classic setuid-shell escalation."", ""Behavioural anomaly: very short lifetime (p99+) and high throughput argue for a potential attack."", ""Benign-explanation test: the absence of shell_from_service and uid_is_root unset argue against a routine admin script, cron job, or health-check."", ""Decide: the escalation mechanism and behavioural anomalies outweigh XGBoost's malicious call; this supports the CNN.""]","[""max_uid_euid_delta"", ""auid_euid_mismatch"", ""exec_count"", ""euid_root"", ""uid_is_root""]","{
  ""verdict"": ""MALICIOUS"",
  ""confidence"": 0.93,
  ""rationale_steps"": [
    ""Privilege state: root context with max_uid_euid_delta at p99+ and auid_euid_mismatch set -- a real identity inconsistency and privilege transition."",
    ""Mechanism: exec_count is elevated with euid_root/uid_is_root set but auid_euid_mismatch absent -- a classic setuid-shell escalation."",
    ""Behavioural anomaly: very short lifetime (p99+) and high throughput argue for a potential attack."",
    ""Benign-explanation test: the absence of shell_from_service and uid_is_root unset argue against a routine admin script, cron job, or health-check."",
    ""Decide: the escalation mechanism and behavioural anomalies outweigh XGBoost's malicious call; this supports the CNN.""
  ],
  ""key_features"": [""max_uid_euid_delta"", ""auid_euid_mismatch"", ""exec_count"", ""euid_root"", ""uid_is_root""],
  ""agrees_with"": ""cnn""
}"
10218,3,1,T1548,1,0,0.999918818473816,0.8624439835548401,xgb_malicious_cnn_benign,MALICIOUS,1,0.93,cnn,ok,"[""Privilege state: root context with max_uid_euid_delta at p99+ and auid_euid_mismatch set -- a real identity inconsistency and privilege transition."", ""Mechanism: exec_count is elevated with euid_root/uid_is_root set but auid_euid_mismatch absent -- a classic setuid-shell escalation."", ""Behavioural anomaly: very short lifetime (p99+) and high throughput argue for a potential attack."", ""Benign-explanation test: the absence of shell_from_service and uid_is_root unset argue against a routine admin script, cron job, or health-check."", ""Decide: the escalation mechanism and behavioural anomalies outweigh XGBoost's malicious call; this supports the CNN.""]","[""max_uid_euid_delta"", ""auid_euid_mismatch"", ""exec_count"", ""euid_root"", ""uid_is_root""]","{
  ""verdict"": ""MALICIOUS"",
  ""confidence"": 0.93,
  ""rationale_steps"": [
    ""Privilege state: root context with max_uid_euid_delta at p99+ and auid_euid_mismatch set -- a real identity inconsistency and privilege transition."",
    ""Mechanism: exec_count is elevated with euid_root/uid_is_root set but auid_euid_mismatch absent -- a classic setuid-shell escalation."",
    ""Behavioural anomaly: very short lifetime (p99+) and high throughput argue for a potential attack."",
    ""Benign-explanation test: the absence of shell_from_service and uid_is_root unset argue against a routine admin script, cron job, or health-check."",
    ""Decide: the escalation mechanism and behavioural anomalies outweigh XGBoost's malicious call; this supports the CNN.""
  ],
  ""key_features"": [""max_uid_euid_delta"", ""auid_euid_mismatch"", ""exec_count"", ""euid_root"", ""uid_is_root""],
  ""agrees_with"": ""cnn""
}"
10949,2,1,T1548,0,1,0.964673638343811,0.9870211482048036,xgb_benign_cnn_malicious,MALICIOUS,1,0.99,cnn,ok,"[""Privilege state: root context with uid_is_root and euid_root set -- a clear indication of elevated privileges."", ""Mechanism: exec_count is elevated with euid_root/uid_is_root set but auid_euid_mismatch absent -- a classic setuid-shell escalation."", ""Behavioural anomaly: failed_call_rate is 1 with failed_call_count elevated -- a high rate of failed syscalls."", ""Benign-explanation test: very short lifetime (p99+) and high throughput argue against a routine admin script, cron job, or health-check."", ""Decide: the escalation mechanism and high failed_call_rate outweigh XGBoost's benign call; this supports the CNN.""]","[""uid_is_root"", ""euid_root"", ""exec_count"", ""failed_call_rate"", ""failed_call_count""]","{
  ""verdict"": ""MALICIOUS"",
  ""confidence"": 0.99,
  ""rationale_steps"": [
    ""Privilege state: root context with uid_is_root and euid_root set -- a clear indication of elevated privileges."",
    ""Mechanism: exec_count is elevated with euid_root/uid_is_root set but auid_euid_mismatch absent -- a classic setuid-shell escalation."",
    ""Behavioural anomaly: failed_call_rate is 1 with failed_call_count elevated -- a high rate of failed syscalls."",
    ""Benign-explanation test: very short lifetime (p99+) and high throughput argue against a routine admin script, cron job, or health-check."",
    ""Decide: the escalation mechanism and high failed_call_rate outweigh XGBoost's benign call; this supports the CNN.""
  ],
  ""key_features"": [""uid_is_root"", ""euid_root"", ""exec_count"", ""failed_call_rate"", ""failed_call_count""],
  ""agrees_with"": ""cnn""
}"
11683,3,1,T1548,1,0,0.999918818473816,0.8624439835548401,xgb_malicious_cnn_benign,MALICIOUS,1,0.93,cnn,ok,"[""Privilege state: root context with max_uid_euid_delta at p99+ and auid_euid_mismatch set -- a real identity inconsistency and privilege transition."", ""Mechanism: exec_count is elevated with euid_root/uid_is_root set but auid_euid_mismatch absent -- a classic setuid-shell escalation."", ""Behavioural anomaly: very short lifetime (p99+) and high throughput argue for a malicious process."", ""Benign-explanation test: the absence of shell_from_service and uid_is_root unset argue against a routine admin script, cron job, or health-check."", ""Decide: the escalation mechanism and high throughput outweigh XGBoost's malicious call; this supports the CNN.""]","[""lifetime_seconds"", ""unique_syscalls"", ""uid_is_root"", ""euid_root"", ""max_uid_euid_delta""]","{
  ""verdict"": ""MALICIOUS"",
  ""confidence"": 0.93,
  ""rationale_steps"": [
    ""Privilege state: root context with max_uid_euid_delta at p99+ and auid_euid_mismatch set -- a real identity inconsistency and privilege transition."",
    ""Mechanism: exec_count is elevated with euid_root/uid_is_root set but auid_euid_mismatch absent -- a classic setuid-shell escalation."",
    ""Behavioural anomaly: very short lifetime (p99+) and high throughput argue for a malicious process."",
    ""Benign-explanation test: the absence of shell_from_service and uid_is_root unset argue against a routine admin script, cron job, or health-check."",
    ""Decide: the escalation mechanism and high throughput outweigh XGBoost's malicious call; this supports the CNN.""
  ],
  ""key_features"": [""lifetime_seconds"", ""unique_syscalls"", ""uid_is_root"", ""euid_root"", ""max_uid_euid_delta""],
  ""agrees_with"": ""cnn""
}"
11747,2,1,T1548,0,1,0.964673638343811,0.9870211482048036,xgb_benign_cnn_malicious,MALICIOUS,1,0.99,cnn,ok,"[""Privilege state: root context with uid_is_root and euid_root set -- a clear indication of elevated privileges."", ""Mechanism: exec_count is elevated with euid_root/uid_is_root set but auid_euid_mismatch absent -- a classic setuid-shell escalation."", ""Behavioural anomaly: failed_call_rate is 1 with failed_call_count elevated -- a high rate of failed syscalls."", ""Benign-explanation test: very short lifetime (p99+) and high throughput argue against a routine admin script, cron job, or health-check."", ""Decide: the escalation mechanism and high failed_call_rate outweigh XGBoost's benign call; this supports the CNN.""]","[""uid_is_root"", ""euid_root"", ""exec_count"", ""failed_call_rate"", ""failed_call_count""]","{
  ""verdict"": ""MALICIOUS"",
  ""confidence"": 0.99,
  ""rationale_steps"": [
    ""Privilege state: root context with uid_is_root and euid_root set -- a clear indication of elevated privileges."",
    ""Mechanism: exec_count is elevated with euid_root/uid_is_root set but auid_euid_mismatch absent -- a classic setuid-shell escalation."",
    ""Behavioural anomaly: failed_call_rate is 1 with failed_call_count elevated -- a high rate of failed syscalls."",
    ""Benign-explanation test: very short lifetime (p99+) and high throughput argue against a routine admin script, cron job, or health-check."",
    ""Decide: the escalation mechanism and high failed_call_rate outweigh XGBoost's benign call; this supports the CNN.""
  ],
  ""key_features"": [""uid_is_root"", ""euid_root"", ""exec_count"", ""failed_call_rate"", ""failed_call_count""],
  ""agrees_with"": ""cnn""
}"
11757,4,1,T1222,1,0,0.9651243686676024,0.983751654624939,xgb_malicious_cnn_benign,MALICIOUS,1,0.97,xgb,ok,"[""Privilege state: no genuine UID/EUID transition or root context; euid_root and uid_is_root are unset, and max_uid_euid_delta is 0."", ""Mechanism: no setuid/setgid execution, unusual exec chain, or shell spawned by a service; is_suid_exec, exec_count, and shell_from_service are unset."", ""Behavioural anomaly: no failed-syscall rate, rare parent->child pair, ephemeral privileged process, sensitive-path access, or network activity; failed_call_rate, parent_child_rarity, ephemeral_privileged, sensitive_path_access, and network_count are all 0."", ""Benign-explanation test: very short lifetime (p99+) and high throughput argue against a routine admin script, cron job, or health-check; lifetime_seconds is 1 and events_per_second is 1."", ""Decide: the high confidence in maliciousness from XGBoost and the absence of benign indicators outweigh the CNN's benign call; this supports the XGBoost.""]","[""lifetime_seconds"", ""events_per_second"", ""seq_length"", ""unique_syscalls"", ""priv_op_count""]","{
  ""verdict"": ""MALICIOUS"",
  ""confidence"": 0.97,
  ""rationale_steps"": [
    ""Privilege state: no genuine UID/EUID transition or root context; euid_root and uid_is_root are unset, and max_uid_euid_delta is 0."",
    ""Mechanism: no setuid/setgid execution, unusual exec chain, or shell spawned by a service; is_suid_exec, exec_count, and shell_from_service are unset."",
    ""Behavioural anomaly: no failed-syscall rate, rare parent->child pair, ephemeral privileged process, sensitive-path access, or network activity; failed_call_rate, parent_child_rarity, ephemeral_privileged, sensitive_path_access, and network_count are all 0."",
    ""Benign-explanation test: very short lifetime (p99+) and high throughput argue against a routine admin script, cron job, or health-check; lifetime_seconds is 1 and events_per_second is 1."",
    ""Decide: the high confidence in maliciousness from XGBoost and the absence of benign indicators outweigh the CNN's benign call; this supports the XGBoost.""
  ],
  ""key_features"": [""lifetime_seconds"", ""events_per_second"", ""seq_length"", ""unique_syscalls"", ""priv_op_count""],
  ""agrees_with"": ""xgb""
}"
12357,2,1,T1548,0,1,0.964673638343811,0.9870211482048036,xgb_benign_cnn_malicious,MALICIOUS,1,0.99,cnn,ok,"[""Privilege state: root context with uid_is_root and euid_root set -- a clear indication of elevated privileges."", ""Mechanism: exec_count is elevated with euid_root/uid_is_root set but auid_euid_mismatch absent -- a classic setuid-shell escalation."", ""Behavioural anomaly: failed_call_rate is 1 with failed_call_count elevated -- a high rate of failed syscalls."", ""Benign-explanation test: very short lifetime (p99+) and high throughput argue against a routine admin script, cron job, or health-check."", ""Decide: the escalation mechanism and high failed_call_rate outweigh XGBoost's benign call; this supports the CNN.""]","[""uid_is_root"", ""euid_root"", ""exec_count"", ""failed_call_rate"", ""failed_call_count""]","{
  ""verdict"": ""MALICIOUS"",
  ""confidence"": 0.99,
  ""rationale_steps"": [
    ""Privilege state: root context with uid_is_root and euid_root set -- a clear indication of elevated privileges."",
    ""Mechanism: exec_count is elevated with euid_root/uid_is_root set but auid_euid_mismatch absent -- a classic setuid-shell escalation."",
    ""Behavioural anomaly: failed_call_rate is 1 with failed_call_count elevated -- a high rate of failed syscalls."",
    ""Benign-explanation test: very short lifetime (p99+) and high throughput argue against a routine admin script, cron job, or health-check."",
    ""Decide: the escalation mechanism and high failed_call_rate outweigh XGBoost's benign call; this supports the CNN.""
  ],
  ""key_features"": [""uid_is_root"", ""euid_root"", ""exec_count"", ""failed_call_rate"", ""failed_call_count""],
  ""agrees_with"": ""cnn""
}"
12372,3,1,T1595,1,0,0.999918818473816,0.8624513745307922,xgb_malicious_cnn_benign,MALICIOUS,1,0.93,cnn,ok,"[""Privilege state: root context with max_uid_euid_delta at p99+ and auid_euid_mismatch set -- a real identity inconsistency and privilege transition."", ""Mechanism: exec_count is elevated with euid_root/uid_is_root set but auid_euid_mismatch absent -- a classic setuid-shell escalation."", ""Behavioural anomaly: very short lifetime (p99+) and high throughput argue for a malicious process."", ""Benign-explanation test: the absence of shell_from_service and low failed_call_rate argue against a routine admin script, cron job, or health-check."", ""Decide: the escalation mechanism and high throughput outweigh XGBoost's malicious call; this supports the CNN.""]","[""max_uid_euid_delta"", ""auid_euid_mismatch"", ""exec_count"", ""euid_root"", ""uid_is_root""]","{
  ""verdict"": ""MALICIOUS"",
  ""confidence"": 0.93,
  ""rationale_steps"": [
    ""Privilege state: root context with max_uid_euid_delta at p99+ and auid_euid_mismatch set -- a real identity inconsistency and privilege transition."",
    ""Mechanism: exec_count is elevated with euid_root/uid_is_root set but auid_euid_mismatch absent -- a classic setuid-shell escalation."",
    ""Behavioural anomaly: very short lifetime (p99+) and high throughput argue for a malicious process."",
    ""Benign-explanation test: the absence of shell_from_service and low failed_call_rate argue against a routine admin script, cron job, or health-check."",
    ""Decide: the escalation mechanism and high throughput outweigh XGBoost's malicious call; this supports the CNN.""
  ],
  ""key_features"": [""max_uid_euid_delta"", ""auid_euid_mismatch"", ""exec_count"", ""euid_root"", ""uid_is_root""],
  ""agrees_with"": ""cnn""
}"
12374,3,1,T1548,1,0,0.999918818473816,0.8624513745307922,xgb_malicious_cnn_benign,MALICIOUS,1,0.93,cnn,ok,"[""Privilege state: root context with max_uid_euid_delta at p99+ and auid_euid_mismatch set -- a real identity inconsistency and privilege transition."", ""Mechanism: exec_count is elevated with euid_root/uid_is_root set but auid_euid_mismatch absent -- a classic setuid-shell escalation."", ""Behavioural anomaly: very short lifetime (p99+) and high throughput argue for a malicious process."", ""Benign-explanation test: the absence of shell_from_service and low failed_call_rate argue against a routine admin script, cron job, or health-check."", ""Decide: the escalation mechanism and high throughput outweigh XGBoost's malicious call; this supports the CNN.""]","[""max_uid_euid_delta"", ""auid_euid_mismatch"", ""exec_count"", ""euid_root"", ""uid_is_root""]","{
  ""verdict"": ""MALICIOUS"",
  ""confidence"": 0.93,
  ""rationale_steps"": [
    ""Privilege state: root context with max_uid_euid_delta at p99+ and auid_euid_mismatch set -- a real identity inconsistency and privilege transition."",
    ""Mechanism: exec_count is elevated with euid_root/uid_is_root set but auid_euid_mismatch absent -- a classic setuid-shell escalation."",
    ""Behavioural anomaly: very short lifetime (p99+) and high throughput argue for a malicious process."",
    ""Benign-explanation test: the absence of shell_from_service and low failed_call_rate argue against a routine admin script, cron job, or health-check."",
    ""Decide: the escalation mechanism and high throughput outweigh XGBoost's malicious call; this supports the CNN.""
  ],
  ""key_features"": [""max_uid_euid_delta"", ""auid_euid_mismatch"", ""exec_count"", ""euid_root"", ""uid_is_root""],
  ""agrees_with"": ""cnn""
}"
13162,2,1,T1548,0,1,0.964673638343811,0.9870211482048036,xgb_benign_cnn_malicious,MALICIOUS,1,0.99,cnn,ok,"[""Privilege state: root context with uid_is_root and euid_root set -- a clear indication of elevated privileges."", ""Mechanism: exec_count is elevated with euid_root/uid_is_root set but auid_euid_mismatch absent -- a classic setuid-shell escalation."", ""Behavioural anomaly: failed_call_rate is 1 with failed_call_count elevated -- a high rate of failed syscalls."", ""Benign-explanation test: very short lifetime (p99+) and high throughput argue against a routine admin script, cron job, or health-check."", ""Decide: the escalation mechanism and high failed_call_rate outweigh XGBoost's benign call; this supports the CNN.""]","[""uid_is_root"", ""euid_root"", ""exec_count"", ""failed_call_rate"", ""failed_call_count""]","{
  ""verdict"": ""MALICIOUS"",
  ""confidence"": 0.99,
  ""rationale_steps"": [
    ""Privilege state: root context with uid_is_root and euid_root set -- a clear indication of elevated privileges."",
    ""Mechanism: exec_count is elevated with euid_root/uid_is_root set but auid_euid_mismatch absent -- a classic setuid-shell escalation."",
    ""Behavioural anomaly: failed_call_rate is 1 with failed_call_count elevated -- a high rate of failed syscalls."",
    ""Benign-explanation test: very short lifetime (p99+) and high throughput argue against a routine admin script, cron job, or health-check."",
    ""Decide: the escalation mechanism and high failed_call_rate outweigh XGBoost's benign call; this supports the CNN.""
  ],
  ""key_features"": [""uid_is_root"", ""euid_root"", ""exec_count"", ""failed_call_rate"", ""failed_call_count""],
  ""agrees_with"": ""cnn""
}"
13164,3,1,T1548,1,0,0.999918818473816,0.8624439835548401,xgb_malicious_cnn_benign,MALICIOUS,1,0.93,cnn,ok,"[""Privilege state: root context with max_uid_euid_delta at p99+ and auid_euid_mismatch set -- a real identity inconsistency and privilege transition."", ""Mechanism: exec_count is elevated with euid_root/uid_is_root set but auid_euid_mismatch absent -- a classic setuid-shell escalation."", ""Behavioural anomaly: very short lifetime (p99+) and high throughput argue for a malicious process."", ""Benign-explanation test: the absence of shell_from_service and uid_is_root unset argue against a routine admin script, cron job, or health-check."", ""Decide: the escalation mechanism and high throughput outweigh XGBoost's malicious call; this supports the CNN.""]","[""lifetime_seconds"", ""unique_syscalls"", ""uid_is_root"", ""euid_root"", ""max_uid_euid_delta""]","{
  ""verdict"": ""MALICIOUS"",
  ""confidence"": 0.93,
  ""rationale_steps"": [
    ""Privilege state: root context with max_uid_euid_delta at p99+ and auid_euid_mismatch set -- a real identity inconsistency and privilege transition."",
    ""Mechanism: exec_count is elevated with euid_root/uid_is_root set but auid_euid_mismatch absent -- a classic setuid-shell escalation."",
    ""Behavioural anomaly: very short lifetime (p99+) and high throughput argue for a malicious process."",
    ""Benign-explanation test: the absence of shell_from_service and uid_is_root unset argue against a routine admin script, cron job, or health-check."",
    ""Decide: the escalation mechanism and high throughput outweigh XGBoost's malicious call; this supports the CNN.""
  ],
  ""key_features"": [""lifetime_seconds"", ""unique_syscalls"", ""uid_is_root"", ""euid_root"", ""max_uid_euid_delta""],
  ""agrees_with"": ""cnn""
}"
13181,2,1,T1548,0,1,0.964673638343811,0.9870211482048036,xgb_benign_cnn_malicious,MALICIOUS,1,0.99,cnn,ok,"[""Privilege state: root context with uid_is_root and euid_root set -- a clear indication of elevated privileges."", ""Mechanism: exec_count is elevated with euid_root/uid_is_root set but auid_euid_mismatch absent -- a classic setuid-shell escalation."", ""Behavioural anomaly: failed_call_rate is 1 with failed_call_count elevated -- a high rate of failed syscalls."", ""Benign-explanation test: very short lifetime (p99+) and high throughput argue against a routine admin script, cron job, or health-check."", ""Decide: the escalation mechanism and high failed_call_rate outweigh XGBoost's benign call; this supports the CNN.""]","[""uid_is_root"", ""euid_root"", ""exec_count"", ""failed_call_rate"", ""failed_call_count""]","{
  ""verdict"": ""MALICIOUS"",
  ""confidence"": 0.99,
  ""rationale_steps"": [
    ""Privilege state: root context with uid_is_root and euid_root set -- a clear indication of elevated privileges."",
    ""Mechanism: exec_count is elevated with euid_root/uid_is_root set but auid_euid_mismatch absent -- a classic setuid-shell escalation."",
    ""Behavioural anomaly: failed_call_rate is 1 with failed_call_count elevated -- a high rate of failed syscalls."",
    ""Benign-explanation test: very short lifetime (p99+) and high throughput argue against a routine admin script, cron job, or health-check."",
    ""Decide: the escalation mechanism and high failed_call_rate outweigh XGBoost's benign call; this supports the CNN.""
  ],
  ""key_features"": [""uid_is_root"", ""euid_root"", ""exec_count"", ""failed_call_rate"", ""failed_call_count""],
  ""agrees_with"": ""cnn""
}"
13877,2,1,T1548,0,1,0.964673638343811,0.9870211482048036,xgb_benign_cnn_malicious,MALICIOUS,1,0.99,cnn,ok,"[""Privilege state: root context with uid_is_root and euid_root set -- a clear indication of elevated privileges."", ""Mechanism: exec_count is elevated with euid_root/uid_is_root set but auid_euid_mismatch absent -- a classic setuid-shell escalation."", ""Behavioural anomaly: failed_call_rate is 1 with failed_call_count elevated -- a high rate of failed syscalls."", ""Benign-explanation test: very short lifetime (p99+) and high throughput argue against a routine admin script, cron job, or health-check."", ""Decide: the escalation mechanism and high failed_call_rate outweigh XGBoost's benign call; this supports the CNN.""]","[""uid_is_root"", ""euid_root"", ""exec_count"", ""failed_call_rate"", ""failed_call_count""]","{
  ""verdict"": ""MALICIOUS"",
  ""confidence"": 0.99,
  ""rationale_steps"": [
    ""Privilege state: root context with uid_is_root and euid_root set -- a clear indication of elevated privileges."",
    ""Mechanism: exec_count is elevated with euid_root/uid_is_root set but auid_euid_mismatch absent -- a classic setuid-shell escalation."",
    ""Behavioural anomaly: failed_call_rate is 1 with failed_call_count elevated -- a high rate of failed syscalls."",
    ""Benign-explanation test: very short lifetime (p99+) and high throughput argue against a routine admin script, cron job, or health-check."",
    ""Decide: the escalation mechanism and high failed_call_rate outweigh XGBoost's benign call; this supports the CNN.""
  ],
  ""key_features"": [""uid_is_root"", ""euid_root"", ""exec_count"", ""failed_call_rate"", ""failed_call_count""],
  ""agrees_with"": ""cnn""
}"
13922,3,1,T1548,1,0,0.999918818473816,0.8624439835548401,xgb_malicious_cnn_benign,MALICIOUS,1,0.93,cnn,ok,"[""Privilege state: root context with max_uid_euid_delta at p99+ and auid_euid_mismatch set -- a real identity inconsistency and privilege transition."", ""Mechanism: exec_count is elevated with euid_root/uid_is_root set but auid_euid_mismatch absent -- a classic setuid-shell escalation."", ""Behavioural anomaly: very short lifetime (p99+) and high throughput argue for a malicious process."", ""Benign-explanation test: the absence of shell_from_service and uid_is_root unset argue against a routine admin script, cron job, or health-check."", ""Decide: the escalation mechanism and high throughput outweigh XGBoost's malicious call; this supports the CNN.""]","[""lifetime_seconds"", ""unique_syscalls"", ""uid_is_root"", ""euid_root"", ""max_uid_euid_delta""]","{
  ""verdict"": ""MALICIOUS"",
  ""confidence"": 0.93,
  ""rationale_steps"": [
    ""Privilege state: root context with max_uid_euid_delta at p99+ and auid_euid_mismatch set -- a real identity inconsistency and privilege transition."",
    ""Mechanism: exec_count is elevated with euid_root/uid_is_root set but auid_euid_mismatch absent -- a classic setuid-shell escalation."",
    ""Behavioural anomaly: very short lifetime (p99+) and high throughput argue for a malicious process."",
    ""Benign-explanation test: the absence of shell_from_service and uid_is_root unset argue against a routine admin script, cron job, or health-check."",
    ""Decide: the escalation mechanism and high throughput outweigh XGBoost's malicious call; this supports the CNN.""
  ],
  ""key_features"": [""lifetime_seconds"", ""unique_syscalls"", ""uid_is_root"", ""euid_root"", ""max_uid_euid_delta""],
  ""agrees_with"": ""cnn""
}"
13929,2,1,T1548,0,1,0.964673638343811,0.9870211482048036,xgb_benign_cnn_malicious,MALICIOUS,1,0.99,cnn,ok,"[""Privilege state: root context with uid_is_root and euid_root set -- a clear indication of elevated privileges."", ""Mechanism: exec_count is elevated with euid_root/uid_is_root set but auid_euid_mismatch absent -- a classic setuid-shell escalation."", ""Behavioural anomaly: failed_call_rate is 1 with failed_call_count elevated -- a high rate of failed syscalls."", ""Benign-explanation test: very short lifetime (p99+) and high throughput argue against a routine admin script, cron job, or health-check."", ""Decide: the escalation mechanism and high failed_call_rate outweigh XGBoost's benign call; this supports the CNN.""]","[""uid_is_root"", ""euid_root"", ""exec_count"", ""failed_call_rate"", ""failed_call_count""]","{
  ""verdict"": ""MALICIOUS"",
  ""confidence"": 0.99,
  ""rationale_steps"": [
    ""Privilege state: root context with uid_is_root and euid_root set -- a clear indication of elevated privileges."",
    ""Mechanism: exec_count is elevated with euid_root/uid_is_root set but auid_euid_mismatch absent -- a classic setuid-shell escalation."",
    ""Behavioural anomaly: failed_call_rate is 1 with failed_call_count elevated -- a high rate of failed syscalls."",
    ""Benign-explanation test: very short lifetime (p99+) and high throughput argue against a routine admin script, cron job, or health-check."",
    ""Decide: the escalation mechanism and high failed_call_rate outweigh XGBoost's benign call; this supports the CNN.""
  ],
  ""key_features"": [""uid_is_root"", ""euid_root"", ""exec_count"", ""failed_call_rate"", ""failed_call_count""],
  ""agrees_with"": ""cnn""
}"
13989,2,1,T1548,0,1,0.964673638343811,0.9870211482048036,xgb_benign_cnn_malicious,MALICIOUS,1,0.99,cnn,ok,"[""Privilege state: root context with uid_is_root and euid_root set -- a clear indication of elevated privileges."", ""Mechanism: exec_count is elevated with euid_root/uid_is_root set but auid_euid_mismatch absent -- a classic setuid-shell escalation."", ""Behavioural anomaly: failed_call_rate is 1 with failed_call_count elevated -- a high rate of failed syscalls."", ""Benign-explanation test: very short lifetime (p99+) and high throughput argue against a routine admin script, cron job, or health-check."", ""Decide: the escalation mechanism and high failed_call_rate outweigh XGBoost's benign call; this supports the CNN.""]","[""uid_is_root"", ""euid_root"", ""exec_count"", ""failed_call_rate"", ""failed_call_count""]","{
  ""verdict"": ""MALICIOUS"",
  ""confidence"": 0.99,
  ""rationale_steps"": [
    ""Privilege state: root context with uid_is_root and euid_root set -- a clear indication of elevated privileges."",
    ""Mechanism: exec_count is elevated with euid_root/uid_is_root set but auid_euid_mismatch absent -- a classic setuid-shell escalation."",
    ""Behavioural anomaly: failed_call_rate is 1 with failed_call_count elevated -- a high rate of failed syscalls."",
    ""Benign-explanation test: very short lifetime (p99+) and high throughput argue against a routine admin script, cron job, or health-check."",
    ""Decide: the escalation mechanism and high failed_call_rate outweigh XGBoost's benign call; this supports the CNN.""
  ],
  ""key_features"": [""uid_is_root"", ""euid_root"", ""exec_count"", ""failed_call_rate"", ""failed_call_count""],
  ""agrees_with"": ""cnn""
}"
15367,2,1,T1548,0,1,0.964673638343811,0.9870211482048036,xgb_benign_cnn_malicious,MALICIOUS,1,0.99,cnn,ok,"[""Privilege state: root context with uid_is_root and euid_root set -- a clear indication of elevated privileges."", ""Mechanism: exec_count is elevated with euid_root/uid_is_root set but auid_euid_mismatch absent -- a classic setuid-shell escalation."", ""Behavioural anomaly: failed_call_rate is 1 with failed_call_count elevated -- a high rate of failed syscalls."", ""Benign-explanation test: very short lifetime (p99+) and high throughput argue against a routine admin script, cron job, or health-check."", ""Decide: the escalation mechanism and high failed_call_rate outweigh XGBoost's benign call; this supports the CNN.""]","[""uid_is_root"", ""euid_root"", ""exec_count"", ""failed_call_rate"", ""failed_call_count""]","{
  ""verdict"": ""MALICIOUS"",
  ""confidence"": 0.99,
  ""rationale_steps"": [
    ""Privilege state: root context with uid_is_root and euid_root set -- a clear indication of elevated privileges."",
    ""Mechanism: exec_count is elevated with euid_root/uid_is_root set but auid_euid_mismatch absent -- a classic setuid-shell escalation."",
    ""Behavioural anomaly: failed_call_rate is 1 with failed_call_count elevated -- a high rate of failed syscalls."",
    ""Benign-explanation test: very short lifetime (p99+) and high throughput argue against a routine admin script, cron job, or health-check."",
    ""Decide: the escalation mechanism and high failed_call_rate outweigh XGBoost's benign call; this supports the CNN.""
  ],
  ""key_features"": [""uid_is_root"", ""euid_root"", ""exec_count"", ""failed_call_rate"", ""failed_call_count""],
  ""agrees_with"": ""cnn""
}"
15370,3,1,T1548,1,0,0.999918818473816,0.8624439835548401,xgb_malicious_cnn_benign,MALICIOUS,1,0.93,cnn,ok,"[""Privilege state: root context with max_uid_euid_delta at p99+ and auid_euid_mismatch set -- a real identity inconsistency and privilege transition."", ""Mechanism: exec_count is elevated with euid_root/uid_is_root set but auid_euid_mismatch absent -- a classic setuid-shell escalation."", ""Behavioural anomaly: very short lifetime (p99+) and high throughput argue for a malicious process."", ""Benign-explanation test: the absence of shell_from_service and uid_is_root unset argue against a routine admin script, cron job, or health-check."", ""Decide: the escalation mechanism and high throughput outweigh XGBoost's malicious call; this supports the CNN.""]","[""lifetime_seconds"", ""unique_syscalls"", ""uid_is_root"", ""euid_root"", ""max_uid_euid_delta""]","{
  ""verdict"": ""MALICIOUS"",
  ""confidence"": 0.93,
  ""rationale_steps"": [
    ""Privilege state: root context with max_uid_euid_delta at p99+ and auid_euid_mismatch set -- a real identity inconsistency and privilege transition."",
    ""Mechanism: exec_count is elevated with euid_root/uid_is_root set but auid_euid_mismatch absent -- a classic setuid-shell escalation."",
    ""Behavioural anomaly: very short lifetime (p99+) and high throughput argue for a malicious process."",
    ""Benign-explanation test: the absence of shell_from_service and uid_is_root unset argue against a routine admin script, cron job, or health-check."",
    ""Decide: the escalation mechanism and high throughput outweigh XGBoost's malicious call; this supports the CNN.""
  ],
  ""key_features"": [""lifetime_seconds"", ""unique_syscalls"", ""uid_is_root"", ""euid_root"", ""max_uid_euid_delta""],
  ""agrees_with"": ""cnn""
}"
15434,2,1,T1595,0,1,0.001278604613617,0.999983251094818,xgb_benign_cnn_malicious,MALICIOUS,1,0.95,cnn,ok,"[""Privilege state: no genuine UID/EUID transition or root context; euid_root and uid_is_root are unset, and max_uid_euid_delta is 0."", ""Mechanism: no setuid/setgid execution, unusual exec chain, or shell spawned by a service; exec_count is 0, and shell_from_service is unset."", ""Behavioural anomaly: high syscall throughput (events_per_second=1) and short lifetime (lifetime_seconds=1) are unusual for benign activity."", ""Benign-explanation test: the short lifetime and high syscall throughput make it unlikely to be an admin scripting, cron job, or health-check."", ""Decide: the high syscall throughput and short lifetime outweigh XGBoost's benign call; this supports the CNN.""]","[""lifetime_seconds"", ""events_per_second"", ""unique_syscalls"", ""uid_is_root"", ""auid_euid_mismatch""]","{
  ""verdict"": ""MALICIOUS"",
  ""confidence"": 0.95,
  ""rationale_steps"": [
    ""Privilege state: no genuine UID/EUID transition or root context; euid_root and uid_is_root are unset, and max_uid_euid_delta is 0."",
    ""Mechanism: no setuid/setgid execution, unusual exec chain, or shell spawned by a service; exec_count is 0, and shell_from_service is unset."",
    ""Behavioural anomaly: high syscall throughput (events_per_second=1) and short lifetime (lifetime_seconds=1) are unusual for benign activity."",
    ""Benign-explanation test: the short lifetime and high syscall throughput make it unlikely to be an admin scripting, cron job, or health-check."",
    ""Decide: the high syscall throughput and short lifetime outweigh XGBoost's benign call; this supports the CNN.""
  ],
  ""key_features"": [""lifetime_seconds"", ""events_per_second"", ""unique_syscalls"", ""uid_is_root"", ""auid_euid_mismatch""],
  ""agrees_with"": ""cnn""
}"
16070,2,1,T1548,0,1,0.97784423828125,0.9784812331199646,xgb_benign_cnn_malicious,MALICIOUS,1,0.98,cnn,ok,"[""Privilege state: root context with auid_euid_mismatch set -- a real identity inconsistency."", ""Mechanism: exec_count is elevated with euid_root/uid_is_root set -- a classic escalation mechanism."", ""Behavioural anomaly: failed_call_rate is low with priv_op_count elevated -- a missed attack pattern."", ""Benign-explanation test: very high throughput and short lifetime argue against a routine admin script, cron job, or health-check."", ""Decide: the escalation mechanism and low failed_call_rate outweigh XGBoost's benign call; this supports the CNN.""]","[""uid_is_root"", ""euid_root"", ""exec_count"", ""failed_call_rate"", ""priv_op_count""]","{
  ""verdict"": ""MALICIOUS"",
  ""confidence"": 0.98,
  ""rationale_steps"": [
    ""Privilege state: root context with auid_euid_mismatch set -- a real identity inconsistency."",
    ""Mechanism: exec_count is elevated with euid_root/uid_is_root set -- a classic escalation mechanism."",
    ""Behavioural anomaly: failed_call_rate is low with priv_op_count elevated -- a missed attack pattern."",
    ""Benign-explanation test: very high throughput and short lifetime argue against a routine admin script, cron job, or health-check."",
    ""Decide: the escalation mechanism and low failed_call_rate outweigh XGBoost's benign call; this supports the CNN.""
  ],
  ""key_features"": [""uid_is_root"", ""euid_root"", ""exec_count"", ""failed_call_rate"", ""priv_op_count""],
  ""agrees_with"": ""cnn""
}"
16133,3,1,T1548,1,0,0.999918818473816,0.8624439835548401,xgb_malicious_cnn_benign,MALICIOUS,1,0.93,cnn,ok,"[""Privilege state: root context with max_uid_euid_delta at p99+ and auid_euid_mismatch set -- a real identity inconsistency and privilege transition."", ""Mechanism: exec_count is elevated with euid_root/uid_is_root set but auid_euid_mismatch absent -- a classic setuid-shell escalation."", ""Behavioural anomaly: very short lifetime (p99+) and high throughput argue for a malicious process."", ""Benign-explanation test: the absence of shell_from_service and uid_is_root unset argue against a routine admin script, cron job, or health-check."", ""Decide: the escalation mechanism and high throughput outweigh XGBoost's malicious call; this supports the CNN.""]","[""lifetime_seconds"", ""unique_syscalls"", ""uid_is_root"", ""euid_root"", ""max_uid_euid_delta""]","{
  ""verdict"": ""MALICIOUS"",
  ""confidence"": 0.93,
  ""rationale_steps"": [
    ""Privilege state: root context with max_uid_euid_delta at p99+ and auid_euid_mismatch set -- a real identity inconsistency and privilege transition."",
    ""Mechanism: exec_count is elevated with euid_root/uid_is_root set but auid_euid_mismatch absent -- a classic setuid-shell escalation."",
    ""Behavioural anomaly: very short lifetime (p99+) and high throughput argue for a malicious process."",
    ""Benign-explanation test: the absence of shell_from_service and uid_is_root unset argue against a routine admin script, cron job, or health-check."",
    ""Decide: the escalation mechanism and high throughput outweigh XGBoost's malicious call; this supports the CNN.""
  ],
  ""key_features"": [""lifetime_seconds"", ""unique_syscalls"", ""uid_is_root"", ""euid_root"", ""max_uid_euid_delta""],
  ""agrees_with"": ""cnn""
}"
16152,2,1,T1548,0,1,0.964673638343811,0.9870211482048036,xgb_benign_cnn_malicious,MALICIOUS,1,0.99,cnn,ok,"[""Privilege state: root context with uid_is_root and euid_root set -- a clear indication of elevated privileges."", ""Mechanism: exec_count is elevated with euid_root/uid_is_root set but auid_euid_mismatch absent -- a classic setuid-shell escalation."", ""Behavioural anomaly: failed_call_rate is 1 with failed_call_count elevated -- a high rate of failed syscalls."", ""Benign-explanation test: very short lifetime (p99+) and high throughput argue against a routine admin script, cron job, or health-check."", ""Decide: the escalation mechanism and high failed_call_rate outweigh XGBoost's benign call; this supports the CNN.""]","[""uid_is_root"", ""euid_root"", ""exec_count"", ""failed_call_rate"", ""failed_call_count""]","{
  ""verdict"": ""MALICIOUS"",
  ""confidence"": 0.99,
  ""rationale_steps"": [
    ""Privilege state: root context with uid_is_root and euid_root set -- a clear indication of elevated privileges."",
    ""Mechanism: exec_count is elevated with euid_root/uid_is_root set but auid_euid_mismatch absent -- a classic setuid-shell escalation."",
    ""Behavioural anomaly: failed_call_rate is 1 with failed_call_count elevated -- a high rate of failed syscalls."",
    ""Benign-explanation test: very short lifetime (p99+) and high throughput argue against a routine admin script, cron job, or health-check."",
    ""Decide: the escalation mechanism and high failed_call_rate outweigh XGBoost's benign call; this supports the CNN.""
  ],
  ""key_features"": [""uid_is_root"", ""euid_root"", ""exec_count"", ""failed_call_rate"", ""failed_call_count""],
  ""agrees_with"": ""cnn""
}"
17551,3,1,T1548,1,0,0.999918818473816,0.8624439835548401,xgb_malicious_cnn_benign,MALICIOUS,1,0.93,cnn,ok,"[""Privilege state: root context with max_uid_euid_delta at p99+ and auid_euid_mismatch set -- a real identity inconsistency and privilege transition."", ""Mechanism: exec_count is elevated with euid_root/uid_is_root set but auid_euid_mismatch absent -- a classic setuid-shell escalation."", ""Behavioural anomaly: very short lifetime (p99+) and high throughput argue for a malicious process."", ""Benign-explanation test: the absence of shell_from_service and uid_is_root unset argue against a routine admin script, cron job, or health-check."", ""Decide: the escalation mechanism and high throughput outweigh XGBoost's malicious call; this supports the CNN.""]","[""lifetime_seconds"", ""unique_syscalls"", ""uid_is_root"", ""euid_root"", ""max_uid_euid_delta""]","{
  ""verdict"": ""MALICIOUS"",
  ""confidence"": 0.93,
  ""rationale_steps"": [
    ""Privilege state: root context with max_uid_euid_delta at p99+ and auid_euid_mismatch set -- a real identity inconsistency and privilege transition."",
    ""Mechanism: exec_count is elevated with euid_root/uid_is_root set but auid_euid_mismatch absent -- a classic setuid-shell escalation."",
    ""Behavioural anomaly: very short lifetime (p99+) and high throughput argue for a malicious process."",
    ""Benign-explanation test: the absence of shell_from_service and uid_is_root unset argue against a routine admin script, cron job, or health-check."",
    ""Decide: the escalation mechanism and high throughput outweigh XGBoost's malicious call; this supports the CNN.""
  ],
  ""key_features"": [""lifetime_seconds"", ""unique_syscalls"", ""uid_is_root"", ""euid_root"", ""max_uid_euid_delta""],
  ""agrees_with"": ""cnn""
}"
18319,3,1,T1548,1,0,0.999918818473816,0.8624439835548401,xgb_malicious_cnn_benign,MALICIOUS,1,0.93,cnn,ok,"[""Privilege state: root context with max_uid_euid_delta at p99+ and auid_euid_mismatch set -- a real identity inconsistency and privilege transition."", ""Mechanism: exec_count is elevated with euid_root/uid_is_root set but auid_euid_mismatch absent -- a classic setuid-shell escalation."", ""Behavioural anomaly: very short lifetime (p99+) and high throughput argue for a potential attack."", ""Benign-explanation test: the absence of shell_from_service and uid_is_root unset argue against a routine admin script, cron job, or health-check."", ""Decide: the escalation mechanism and behavioural anomalies outweigh XGBoost's malicious call; this supports the CNN.""]","[""max_uid_euid_delta"", ""auid_euid_mismatch"", ""exec_count"", ""euid_root"", ""uid_is_root""]","{
  ""verdict"": ""MALICIOUS"",
  ""confidence"": 0.93,
  ""rationale_steps"": [
    ""Privilege state: root context with max_uid_euid_delta at p99+ and auid_euid_mismatch set -- a real identity inconsistency and privilege transition."",
    ""Mechanism: exec_count is elevated with euid_root/uid_is_root set but auid_euid_mismatch absent -- a classic setuid-shell escalation."",
    ""Behavioural anomaly: very short lifetime (p99+) and high throughput argue for a potential attack."",
    ""Benign-explanation test: the absence of shell_from_service and uid_is_root unset argue against a routine admin script, cron job, or health-check."",
    ""Decide: the escalation mechanism and behavioural anomalies outweigh XGBoost's malicious call; this supports the CNN.""
  ],
  ""key_features"": [""max_uid_euid_delta"", ""auid_euid_mismatch"", ""exec_count"", ""euid_root"", ""uid_is_root""],
  ""agrees_with"": ""cnn""
}"
19024,2,1,T1548,0,1,0.964673638343811,0.9870211482048036,xgb_benign_cnn_malicious,MALICIOUS,1,0.99,cnn,ok,"[""Privilege state: root context with uid_is_root and euid_root set -- a clear indication of elevated privileges."", ""Mechanism: exec_count is elevated with euid_root/uid_is_root set but auid_euid_mismatch absent -- a classic setuid-shell escalation."", ""Behavioural anomaly: failed_call_rate is 1 with failed_call_count elevated -- a high rate of failed syscalls."", ""Benign-explanation test: very short lifetime (p99+) and high throughput argue against a routine admin script, cron job, or health-check."", ""Decide: the escalation mechanism and high failed_call_rate outweigh XGBoost's benign call; this supports the CNN.""]","[""uid_is_root"", ""euid_root"", ""exec_count"", ""failed_call_rate"", ""failed_call_count""]","{
  ""verdict"": ""MALICIOUS"",
  ""confidence"": 0.99,
  ""rationale_steps"": [
    ""Privilege state: root context with uid_is_root and euid_root set -- a clear indication of elevated privileges."",
    ""Mechanism: exec_count is elevated with euid_root/uid_is_root set but auid_euid_mismatch absent -- a classic setuid-shell escalation."",
    ""Behavioural anomaly: failed_call_rate is 1 with failed_call_count elevated -- a high rate of failed syscalls."",
    ""Benign-explanation test: very short lifetime (p99+) and high throughput argue against a routine admin script, cron job, or health-check."",
    ""Decide: the escalation mechanism and high failed_call_rate outweigh XGBoost's benign call; this supports the CNN.""
  ],
  ""key_features"": [""uid_is_root"", ""euid_root"", ""exec_count"", ""failed_call_rate"", ""failed_call_count""],
  ""agrees_with"": ""cnn""
}"
19639,2,1,T1548,0,1,0.964673638343811,0.9870211482048036,xgb_benign_cnn_malicious,MALICIOUS,1,0.99,cnn,ok,"[""Privilege state: root context with uid_is_root and euid_root set -- a clear indication of elevated privileges."", ""Mechanism: exec_count is elevated with euid_root/uid_is_root set but auid_euid_mismatch absent -- a classic setuid-shell escalation."", ""Behavioural anomaly: failed_call_rate is 1 with failed_call_count elevated -- a high rate of failed syscalls."", ""Benign-explanation test: very short lifetime (p99+) and high throughput argue against a routine admin script, cron job, or health-check."", ""Decide: the escalation mechanism and high failed_call_rate outweigh XGBoost's benign call; this supports the CNN.""]","[""uid_is_root"", ""euid_root"", ""exec_count"", ""failed_call_rate"", ""failed_call_count""]","{
  ""verdict"": ""MALICIOUS"",
  ""confidence"": 0.99,
  ""rationale_steps"": [
    ""Privilege state: root context with uid_is_root and euid_root set -- a clear indication of elevated privileges."",
    ""Mechanism: exec_count is elevated with euid_root/uid_is_root set but auid_euid_mismatch absent -- a classic setuid-shell escalation."",
    ""Behavioural anomaly: failed_call_rate is 1 with failed_call_count elevated -- a high rate of failed syscalls."",
    ""Benign-explanation test: very short lifetime (p99+) and high throughput argue against a routine admin script, cron job, or health-check."",
    ""Decide: the escalation mechanism and high failed_call_rate outweigh XGBoost's benign call; this supports the CNN.""
  ],
  ""key_features"": [""uid_is_root"", ""euid_root"", ""exec_count"", ""failed_call_rate"", ""failed_call_count""],
  ""agrees_with"": ""cnn""
}"
19646,3,1,T1548,1,0,0.999918818473816,0.8624439835548401,xgb_malicious_cnn_benign,MALICIOUS,1,0.93,cnn,ok,"[""Privilege state: root context with max_uid_euid_delta at p99+ and auid_euid_mismatch set -- a real identity inconsistency and privilege transition."", ""Mechanism: exec_count is elevated with euid_root/uid_is_root set but auid_euid_mismatch absent -- a classic setuid-shell escalation."", ""Behavioural anomaly: very short lifetime (p99+) and high throughput argue for a malicious process."", ""Benign-explanation test: the absence of shell_from_service and uid_is_root unset argue against a routine admin script, cron job, or health-check."", ""Decide: the escalation mechanism and high throughput outweigh XGBoost's malicious call; this supports the CNN.""]","[""lifetime_seconds"", ""unique_syscalls"", ""uid_is_root"", ""euid_root"", ""max_uid_euid_delta""]","{
  ""verdict"": ""MALICIOUS"",
  ""confidence"": 0.93,
  ""rationale_steps"": [
    ""Privilege state: root context with max_uid_euid_delta at p99+ and auid_euid_mismatch set -- a real identity inconsistency and privilege transition."",
    ""Mechanism: exec_count is elevated with euid_root/uid_is_root set but auid_euid_mismatch absent -- a classic setuid-shell escalation."",
    ""Behavioural anomaly: very short lifetime (p99+) and high throughput argue for a malicious process."",
    ""Benign-explanation test: the absence of shell_from_service and uid_is_root unset argue against a routine admin script, cron job, or health-check."",
    ""Decide: the escalation mechanism and high throughput outweigh XGBoost's malicious call; this supports the CNN.""
  ],
  ""key_features"": [""lifetime_seconds"", ""unique_syscalls"", ""uid_is_root"", ""euid_root"", ""max_uid_euid_delta""],
  ""agrees_with"": ""cnn""
}"
20396,2,1,T1548,0,1,0.964673638343811,0.9870211482048036,xgb_benign_cnn_malicious,MALICIOUS,1,0.99,cnn,ok,"[""Privilege state: root context with uid_is_root and euid_root set -- a clear indication of elevated privileges."", ""Mechanism: exec_count is elevated with euid_root/uid_is_root set but auid_euid_mismatch absent -- a classic setuid-shell escalation."", ""Behavioural anomaly: failed_call_rate is 1 with failed_call_count elevated -- a high rate of failed syscalls."", ""Benign-explanation test: very short lifetime (p99+) and high throughput argue against a routine admin script, cron job, or health-check."", ""Decide: the escalation mechanism and high failed_call_rate outweigh XGBoost's benign call; this supports the CNN.""]","[""uid_is_root"", ""euid_root"", ""exec_count"", ""failed_call_rate"", ""failed_call_count""]","{
  ""verdict"": ""MALICIOUS"",
  ""confidence"": 0.99,
  ""rationale_steps"": [
    ""Privilege state: root context with uid_is_root and euid_root set -- a clear indication of elevated privileges."",
    ""Mechanism: exec_count is elevated with euid_root/uid_is_root set but auid_euid_mismatch absent -- a classic setuid-shell escalation."",
    ""Behavioural anomaly: failed_call_rate is 1 with failed_call_count elevated -- a high rate of failed syscalls."",
    ""Benign-explanation test: very short lifetime (p99+) and high throughput argue against a routine admin script, cron job, or health-check."",
    ""Decide: the escalation mechanism and high failed_call_rate outweigh XGBoost's benign call; this supports the CNN.""
  ],
  ""key_features"": [""uid_is_root"", ""euid_root"", ""exec_count"", ""failed_call_rate"", ""failed_call_count""],
  ""agrees_with"": ""cnn""
}"
20434,3,1,T1548,1,0,0.999918818473816,0.8624439835548401,xgb_malicious_cnn_benign,MALICIOUS,1,0.93,cnn,ok,"[""Privilege state: root context with max_uid_euid_delta at p99+ and auid_euid_mismatch set -- a real identity inconsistency and privilege transition."", ""Mechanism: exec_count is elevated with euid_root/uid_is_root set but auid_euid_mismatch absent -- a classic setuid-shell escalation."", ""Behavioural anomaly: very short lifetime (p99+) and high throughput argue for a malicious process."", ""Benign-explanation test: the absence of shell_from_service and uid_is_root unset argue against a routine admin script, cron job, or health-check."", ""Decide: the escalation mechanism and high throughput outweigh XGBoost's malicious call; this supports the CNN.""]","[""lifetime_seconds"", ""unique_syscalls"", ""uid_is_root"", ""euid_root"", ""max_uid_euid_delta""]","{
  ""verdict"": ""MALICIOUS"",
  ""confidence"": 0.93,
  ""rationale_steps"": [
    ""Privilege state: root context with max_uid_euid_delta at p99+ and auid_euid_mismatch set -- a real identity inconsistency and privilege transition."",
    ""Mechanism: exec_count is elevated with euid_root/uid_is_root set but auid_euid_mismatch absent -- a classic setuid-shell escalation."",
    ""Behavioural anomaly: very short lifetime (p99+) and high throughput argue for a malicious process."",
    ""Benign-explanation test: the absence of shell_from_service and uid_is_root unset argue against a routine admin script, cron job, or health-check."",
    ""Decide: the escalation mechanism and high throughput outweigh XGBoost's malicious call; this supports the CNN.""
  ],
  ""key_features"": [""lifetime_seconds"", ""unique_syscalls"", ""uid_is_root"", ""euid_root"", ""max_uid_euid_delta""],
  ""agrees_with"": ""cnn""
}"
21499,2,1,T1548,0,1,0.964673638343811,0.9870211482048036,xgb_benign_cnn_malicious,MALICIOUS,1,0.99,cnn,ok,"[""Privilege state: root context with uid_is_root and euid_root set -- a clear indication of elevated privileges."", ""Mechanism: exec_count is elevated with euid_root/uid_is_root set but auid_euid_mismatch absent -- a classic setuid-shell escalation."", ""Behavioural anomaly: failed_call_rate is 1 with failed_call_count elevated -- a high rate of failed syscalls."", ""Benign-explanation test: very short lifetime (p99+) and high throughput argue against a routine admin script, cron job, or health-check."", ""Decide: the escalation mechanism and high failed_call_rate outweigh XGBoost's benign call; this supports the CNN.""]","[""uid_is_root"", ""euid_root"", ""exec_count"", ""failed_call_rate"", ""failed_call_count""]","{
  ""verdict"": ""MALICIOUS"",
  ""confidence"": 0.99,
  ""rationale_steps"": [
    ""Privilege state: root context with uid_is_root and euid_root set -- a clear indication of elevated privileges."",
    ""Mechanism: exec_count is elevated with euid_root/uid_is_root set but auid_euid_mismatch absent -- a classic setuid-shell escalation."",
    ""Behavioural anomaly: failed_call_rate is 1 with failed_call_count elevated -- a high rate of failed syscalls."",
    ""Benign-explanation test: very short lifetime (p99+) and high throughput argue against a routine admin script, cron job, or health-check."",
    ""Decide: the escalation mechanism and high failed_call_rate outweigh XGBoost's benign call; this supports the CNN.""
  ],
  ""key_features"": [""uid_is_root"", ""euid_root"", ""exec_count"", ""failed_call_rate"", ""failed_call_count""],
  ""agrees_with"": ""cnn""
}"
21500,2,1,T1548,0,1,0.964673638343811,0.9870211482048036,xgb_benign_cnn_malicious,MALICIOUS,1,0.99,cnn,ok,"[""Privilege state: root context with uid_is_root and euid_root set -- a clear indication of elevated privileges."", ""Mechanism: exec_count is elevated with euid_root/uid_is_root set but auid_euid_mismatch absent -- a classic setuid-shell escalation."", ""Behavioural anomaly: failed_call_rate is 1 with failed_call_count elevated -- a high rate of failed syscalls."", ""Benign-explanation test: very short lifetime (p99+) and high throughput argue against a routine admin script, cron job, or health-check."", ""Decide: the escalation mechanism and high failed_call_rate outweigh XGBoost's benign call; this supports the CNN.""]","[""uid_is_root"", ""euid_root"", ""exec_count"", ""failed_call_rate"", ""failed_call_count""]","{
  ""verdict"": ""MALICIOUS"",
  ""confidence"": 0.99,
  ""rationale_steps"": [
    ""Privilege state: root context with uid_is_root and euid_root set -- a clear indication of elevated privileges."",
    ""Mechanism: exec_count is elevated with euid_root/uid_is_root set but auid_euid_mismatch absent -- a classic setuid-shell escalation."",
    ""Behavioural anomaly: failed_call_rate is 1 with failed_call_count elevated -- a high rate of failed syscalls."",
    ""Benign-explanation test: very short lifetime (p99+) and high throughput argue against a routine admin script, cron job, or health-check."",
    ""Decide: the escalation mechanism and high failed_call_rate outweigh XGBoost's benign call; this supports the CNN.""
  ],
  ""key_features"": [""uid_is_root"", ""euid_root"", ""exec_count"", ""failed_call_rate"", ""failed_call_count""],
  ""agrees_with"": ""cnn""
}"
21501,2,1,T1548,0,1,0.964673638343811,0.9870211482048036,xgb_benign_cnn_malicious,MALICIOUS,1,0.99,cnn,ok,"[""Privilege state: root context with uid_is_root and euid_root set -- a clear indication of elevated privileges."", ""Mechanism: exec_count is elevated with euid_root/uid_is_root set but auid_euid_mismatch absent -- a classic setuid-shell escalation."", ""Behavioural anomaly: failed_call_rate is 1 with failed_call_count elevated -- a high rate of failed syscalls."", ""Benign-explanation test: very short lifetime (p99+) and high throughput argue against a routine admin script, cron job, or health-check."", ""Decide: the escalation mechanism and high failed_call_rate outweigh XGBoost's benign call; this supports the CNN.""]","[""uid_is_root"", ""euid_root"", ""exec_count"", ""failed_call_rate"", ""failed_call_count""]","{
  ""verdict"": ""MALICIOUS"",
  ""confidence"": 0.99,
  ""rationale_steps"": [
    ""Privilege state: root context with uid_is_root and euid_root set -- a clear indication of elevated privileges."",
    ""Mechanism: exec_count is elevated with euid_root/uid_is_root set but auid_euid_mismatch absent -- a classic setuid-shell escalation."",
    ""Behavioural anomaly: failed_call_rate is 1 with failed_call_count elevated -- a high rate of failed syscalls."",
    ""Benign-explanation test: very short lifetime (p99+) and high throughput argue against a routine admin script, cron job, or health-check."",
    ""Decide: the escalation mechanism and high failed_call_rate outweigh XGBoost's benign call; this supports the CNN.""
  ],
  ""key_features"": [""uid_is_root"", ""euid_root"", ""exec_count"", ""failed_call_rate"", ""failed_call_count""],
  ""agrees_with"": ""cnn""
}"
21504,2,1,T1548,0,1,0.964673638343811,0.9870211482048036,xgb_benign_cnn_malicious,MALICIOUS,1,0.99,cnn,ok,"[""Privilege state: root context with uid_is_root and euid_root set -- a clear indication of elevated privileges."", ""Mechanism: exec_count is elevated with euid_root/uid_is_root set but auid_euid_mismatch absent -- a classic setuid-shell escalation."", ""Behavioural anomaly: failed_call_rate is 1 with failed_call_count elevated -- a high rate of failed syscalls."", ""Benign-explanation test: very short lifetime (p99+) and high throughput argue against a routine admin script, cron job, or health-check."", ""Decide: the escalation mechanism and high failed_call_rate outweigh XGBoost's benign call; this supports the CNN.""]","[""uid_is_root"", ""euid_root"", ""exec_count"", ""failed_call_rate"", ""failed_call_count""]","{
  ""verdict"": ""MALICIOUS"",
  ""confidence"": 0.99,
  ""rationale_steps"": [
    ""Privilege state: root context with uid_is_root and euid_root set -- a clear indication of elevated privileges."",
    ""Mechanism: exec_count is elevated with euid_root/uid_is_root set but auid_euid_mismatch absent -- a classic setuid-shell escalation."",
    ""Behavioural anomaly: failed_call_rate is 1 with failed_call_count elevated -- a high rate of failed syscalls."",
    ""Benign-explanation test: very short lifetime (p99+) and high throughput argue against a routine admin script, cron job, or health-check."",
    ""Decide: the escalation mechanism and high failed_call_rate outweigh XGBoost's benign call; this supports the CNN.""
  ],
  ""key_features"": [""uid_is_root"", ""euid_root"", ""exec_count"", ""failed_call_rate"", ""failed_call_count""],
  ""agrees_with"": ""cnn""
}"
21505,2,1,T1548,0,1,0.964673638343811,0.9870211482048036,xgb_benign_cnn_malicious,MALICIOUS,1,0.99,cnn,ok,"[""Privilege state: root context with uid_is_root and euid_root set -- a clear indication of elevated privileges."", ""Mechanism: exec_count is elevated with euid_root/uid_is_root set but auid_euid_mismatch absent -- a classic setuid-shell escalation."", ""Behavioural anomaly: failed_call_rate is 1 with failed_call_count elevated -- a high rate of failed syscalls."", ""Benign-explanation test: very short lifetime (p99+) and high throughput argue against a routine admin script, cron job, or health-check."", ""Decide: the escalation mechanism and high failed_call_rate outweigh XGBoost's benign call; this supports the CNN.""]","[""uid_is_root"", ""euid_root"", ""exec_count"", ""failed_call_rate"", ""failed_call_count""]","{
  ""verdict"": ""MALICIOUS"",
  ""confidence"": 0.99,
  ""rationale_steps"": [
    ""Privilege state: root context with uid_is_root and euid_root set -- a clear indication of elevated privileges."",
    ""Mechanism: exec_count is elevated with euid_root/uid_is_root set but auid_euid_mismatch absent -- a classic setuid-shell escalation."",
    ""Behavioural anomaly: failed_call_rate is 1 with failed_call_count elevated -- a high rate of failed syscalls."",
    ""Benign-explanation test: very short lifetime (p99+) and high throughput argue against a routine admin script, cron job, or health-check."",
    ""Decide: the escalation mechanism and high failed_call_rate outweigh XGBoost's benign call; this supports the CNN.""
  ],
  ""key_features"": [""uid_is_root"", ""euid_root"", ""exec_count"", ""failed_call_rate"", ""failed_call_count""],
  ""agrees_with"": ""cnn""
}"
21514,2,1,T1548,0,1,0.964673638343811,0.9870211482048036,xgb_benign_cnn_malicious,MALICIOUS,1,0.99,cnn,ok,"[""Privilege state: root context with uid_is_root and euid_root set -- a clear indication of elevated privileges."", ""Mechanism: exec_count is elevated with euid_root/uid_is_root set but auid_euid_mismatch absent -- a classic setuid-shell escalation."", ""Behavioural anomaly: failed_call_rate is 1 with failed_call_count elevated -- a high rate of failed syscalls."", ""Benign-explanation test: very short lifetime (p99+) and high throughput argue against a routine admin script, cron job, or health-check."", ""Decide: the escalation mechanism and high failed_call_rate outweigh XGBoost's benign call; this supports the CNN.""]","[""uid_is_root"", ""euid_root"", ""exec_count"", ""failed_call_rate"", ""failed_call_count""]","{
  ""verdict"": ""MALICIOUS"",
  ""confidence"": 0.99,
  ""rationale_steps"": [
    ""Privilege state: root context with uid_is_root and euid_root set -- a clear indication of elevated privileges."",
    ""Mechanism: exec_count is elevated with euid_root/uid_is_root set but auid_euid_mismatch absent -- a classic setuid-shell escalation."",
    ""Behavioural anomaly: failed_call_rate is 1 with failed_call_count elevated -- a high rate of failed syscalls."",
    ""Benign-explanation test: very short lifetime (p99+) and high throughput argue against a routine admin script, cron job, or health-check."",
    ""Decide: the escalation mechanism and high failed_call_rate outweigh XGBoost's benign call; this supports the CNN.""
  ],
  ""key_features"": [""uid_is_root"", ""euid_root"", ""exec_count"", ""failed_call_rate"", ""failed_call_count""],
  ""agrees_with"": ""cnn""
}"
21520,2,1,T1548,0,1,0.964673638343811,0.9870211482048036,xgb_benign_cnn_malicious,MALICIOUS,1,0.99,cnn,ok,"[""Privilege state: root context with uid_is_root and euid_root set -- a clear indication of elevated privileges."", ""Mechanism: exec_count is elevated with euid_root/uid_is_root set but auid_euid_mismatch absent -- a classic setuid-shell escalation."", ""Behavioural anomaly: failed_call_rate is 1 with failed_call_count elevated -- a high rate of failed syscalls."", ""Benign-explanation test: very short lifetime (p99+) and high throughput argue against a routine admin script, cron job, or health-check."", ""Decide: the escalation mechanism and high failed_call_rate outweigh XGBoost's benign call; this supports the CNN.""]","[""uid_is_root"", ""euid_root"", ""exec_count"", ""failed_call_rate"", ""failed_call_count""]","{
  ""verdict"": ""MALICIOUS"",
  ""confidence"": 0.99,
  ""rationale_steps"": [
    ""Privilege state: root context with uid_is_root and euid_root set -- a clear indication of elevated privileges."",
    ""Mechanism: exec_count is elevated with euid_root/uid_is_root set but auid_euid_mismatch absent -- a classic setuid-shell escalation."",
    ""Behavioural anomaly: failed_call_rate is 1 with failed_call_count elevated -- a high rate of failed syscalls."",
    ""Benign-explanation test: very short lifetime (p99+) and high throughput argue against a routine admin script, cron job, or health-check."",
    ""Decide: the escalation mechanism and high failed_call_rate outweigh XGBoost's benign call; this supports the CNN.""
  ],
  ""key_features"": [""uid_is_root"", ""euid_root"", ""exec_count"", ""failed_call_rate"", ""failed_call_count""],
  ""agrees_with"": ""cnn""
}"
21534,2,1,T1548,0,1,0.964673638343811,0.9870211482048036,xgb_benign_cnn_malicious,MALICIOUS,1,0.99,cnn,ok,"[""Privilege state: root context with uid_is_root and euid_root set -- a clear indication of elevated privileges."", ""Mechanism: exec_count is elevated with euid_root/uid_is_root set but auid_euid_mismatch absent -- a classic setuid-shell escalation."", ""Behavioural anomaly: failed_call_rate is 1 with failed_call_count elevated -- a high rate of failed syscalls."", ""Benign-explanation test: very short lifetime (p99+) and high throughput argue against a routine admin script, cron job, or health-check."", ""Decide: the escalation mechanism and high failed_call_rate outweigh XGBoost's benign call; this supports the CNN.""]","[""uid_is_root"", ""euid_root"", ""exec_count"", ""failed_call_rate"", ""failed_call_count""]","{
  ""verdict"": ""MALICIOUS"",
  ""confidence"": 0.99,
  ""rationale_steps"": [
    ""Privilege state: root context with uid_is_root and euid_root set -- a clear indication of elevated privileges."",
    ""Mechanism: exec_count is elevated with euid_root/uid_is_root set but auid_euid_mismatch absent -- a classic setuid-shell escalation."",
    ""Behavioural anomaly: failed_call_rate is 1 with failed_call_count elevated -- a high rate of failed syscalls."",
    ""Benign-explanation test: very short lifetime (p99+) and high throughput argue against a routine admin script, cron job, or health-check."",
    ""Decide: the escalation mechanism and high failed_call_rate outweigh XGBoost's benign call; this supports the CNN.""
  ],
  ""key_features"": [""uid_is_root"", ""euid_root"", ""exec_count"", ""failed_call_rate"", ""failed_call_count""],
  ""agrees_with"": ""cnn""
}"
21545,2,1,T1548,0,1,0.964673638343811,0.9870211482048036,xgb_benign_cnn_malicious,MALICIOUS,1,0.99,cnn,ok,"[""Privilege state: root context with uid_is_root and euid_root set -- a clear indication of elevated privileges."", ""Mechanism: exec_count is elevated with euid_root/uid_is_root set but auid_euid_mismatch absent -- a classic setuid-shell escalation."", ""Behavioural anomaly: failed_call_rate is 1 with failed_call_count elevated -- a high rate of failed syscalls."", ""Benign-explanation test: very short lifetime (p99+) and high throughput argue against a routine admin script, cron job, or health-check."", ""Decide: the escalation mechanism and high failed_call_rate outweigh XGBoost's benign call; this supports the CNN.""]","[""uid_is_root"", ""euid_root"", ""exec_count"", ""failed_call_rate"", ""failed_call_count""]","{
  ""verdict"": ""MALICIOUS"",
  ""confidence"": 0.99,
  ""rationale_steps"": [
    ""Privilege state: root context with uid_is_root and euid_root set -- a clear indication of elevated privileges."",
    ""Mechanism: exec_count is elevated with euid_root/uid_is_root set but auid_euid_mismatch absent -- a classic setuid-shell escalation."",
    ""Behavioural anomaly: failed_call_rate is 1 with failed_call_count elevated -- a high rate of failed syscalls."",
    ""Benign-explanation test: very short lifetime (p99+) and high throughput argue against a routine admin script, cron job, or health-check."",
    ""Decide: the escalation mechanism and high failed_call_rate outweigh XGBoost's benign call; this supports the CNN.""
  ],
  ""key_features"": [""uid_is_root"", ""euid_root"", ""exec_count"", ""failed_call_rate"", ""failed_call_count""],
  ""agrees_with"": ""cnn""
}"
21546,2,1,T1548,0,1,0.964673638343811,0.9870211482048036,xgb_benign_cnn_malicious,MALICIOUS,1,0.99,cnn,ok,"[""Privilege state: root context with uid_is_root and euid_root set -- a clear indication of elevated privileges."", ""Mechanism: exec_count is elevated with euid_root/uid_is_root set but auid_euid_mismatch absent -- a classic setuid-shell escalation."", ""Behavioural anomaly: failed_call_rate is 1 with failed_call_count elevated -- a high rate of failed syscalls."", ""Benign-explanation test: very short lifetime (p99+) and high throughput argue against a routine admin script, cron job, or health-check."", ""Decide: the escalation mechanism and high failed_call_rate outweigh XGBoost's benign call; this supports the CNN.""]","[""uid_is_root"", ""euid_root"", ""exec_count"", ""failed_call_rate"", ""failed_call_count""]","{
  ""verdict"": ""MALICIOUS"",
  ""confidence"": 0.99,
  ""rationale_steps"": [
    ""Privilege state: root context with uid_is_root and euid_root set -- a clear indication of elevated privileges."",
    ""Mechanism: exec_count is elevated with euid_root/uid_is_root set but auid_euid_mismatch absent -- a classic setuid-shell escalation."",
    ""Behavioural anomaly: failed_call_rate is 1 with failed_call_count elevated -- a high rate of failed syscalls."",
    ""Benign-explanation test: very short lifetime (p99+) and high throughput argue against a routine admin script, cron job, or health-check."",
    ""Decide: the escalation mechanism and high failed_call_rate outweigh XGBoost's benign call; this supports the CNN.""
  ],
  ""key_features"": [""uid_is_root"", ""euid_root"", ""exec_count"", ""failed_call_rate"", ""failed_call_count""],
  ""agrees_with"": ""cnn""
}"
21547,2,1,T1548,0,1,0.964673638343811,0.9870211482048036,xgb_benign_cnn_malicious,MALICIOUS,1,0.99,cnn,ok,"[""Privilege state: root context with uid_is_root and euid_root set -- a clear indication of elevated privileges."", ""Mechanism: exec_count is elevated with euid_root/uid_is_root set but auid_euid_mismatch absent -- a classic setuid-shell escalation."", ""Behavioural anomaly: failed_call_rate is 1 with failed_call_count elevated -- a high rate of failed syscalls."", ""Benign-explanation test: very short lifetime (p99+) and high throughput argue against a routine admin script, cron job, or health-check."", ""Decide: the escalation mechanism and high failed_call_rate outweigh XGBoost's benign call; this supports the CNN.""]","[""uid_is_root"", ""euid_root"", ""exec_count"", ""failed_call_rate"", ""failed_call_count""]","{
  ""verdict"": ""MALICIOUS"",
  ""confidence"": 0.99,
  ""rationale_steps"": [
    ""Privilege state: root context with uid_is_root and euid_root set -- a clear indication of elevated privileges."",
    ""Mechanism: exec_count is elevated with euid_root/uid_is_root set but auid_euid_mismatch absent -- a classic setuid-shell escalation."",
    ""Behavioural anomaly: failed_call_rate is 1 with failed_call_count elevated -- a high rate of failed syscalls."",
    ""Benign-explanation test: very short lifetime (p99+) and high throughput argue against a routine admin script, cron job, or health-check."",
    ""Decide: the escalation mechanism and high failed_call_rate outweigh XGBoost's benign call; this supports the CNN.""
  ],
  ""key_features"": [""uid_is_root"", ""euid_root"", ""exec_count"", ""failed_call_rate"", ""failed_call_count""],
  ""agrees_with"": ""cnn""
}"
21559,2,1,T1548,0,1,0.964673638343811,0.9870211482048036,xgb_benign_cnn_malicious,MALICIOUS,1,0.99,cnn,ok,"[""Privilege state: root context with uid_is_root and euid_root set -- a clear indication of elevated privileges."", ""Mechanism: exec_count is elevated with euid_root/uid_is_root set but auid_euid_mismatch absent -- a classic setuid-shell escalation."", ""Behavioural anomaly: failed_call_rate is 1 with failed_call_count elevated -- a high rate of failed syscalls."", ""Benign-explanation test: very short lifetime (p99+) and high throughput argue against a routine admin script, cron job, or health-check."", ""Decide: the escalation mechanism and high failed_call_rate outweigh XGBoost's benign call; this supports the CNN.""]","[""uid_is_root"", ""euid_root"", ""exec_count"", ""failed_call_rate"", ""failed_call_count""]","{
  ""verdict"": ""MALICIOUS"",
  ""confidence"": 0.99,
  ""rationale_steps"": [
    ""Privilege state: root context with uid_is_root and euid_root set -- a clear indication of elevated privileges."",
    ""Mechanism: exec_count is elevated with euid_root/uid_is_root set but auid_euid_mismatch absent -- a classic setuid-shell escalation."",
    ""Behavioural anomaly: failed_call_rate is 1 with failed_call_count elevated -- a high rate of failed syscalls."",
    ""Benign-explanation test: very short lifetime (p99+) and high throughput argue against a routine admin script, cron job, or health-check."",
    ""Decide: the escalation mechanism and high failed_call_rate outweigh XGBoost's benign call; this supports the CNN.""
  ],
  ""key_features"": [""uid_is_root"", ""euid_root"", ""exec_count"", ""failed_call_rate"", ""failed_call_count""],
  ""agrees_with"": ""cnn""
}"
21563,2,1,T1548,0,1,0.964673638343811,0.9870211482048036,xgb_benign_cnn_malicious,MALICIOUS,1,0.99,cnn,ok,"[""Privilege state: root context with uid_is_root and euid_root set -- a clear indication of elevated privileges."", ""Mechanism: exec_count is elevated with euid_root/uid_is_root set but auid_euid_mismatch absent -- a classic setuid-shell escalation."", ""Behavioural anomaly: failed_call_rate is 1 with failed_call_count elevated -- a high rate of failed syscalls."", ""Benign-explanation test: very short lifetime (p99+) and high throughput argue against a routine admin script, cron job, or health-check."", ""Decide: the escalation mechanism and high failed_call_rate outweigh XGBoost's benign call; this supports the CNN.""]","[""uid_is_root"", ""euid_root"", ""exec_count"", ""failed_call_rate"", ""failed_call_count""]","{
  ""verdict"": ""MALICIOUS"",
  ""confidence"": 0.99,
  ""rationale_steps"": [
    ""Privilege state: root context with uid_is_root and euid_root set -- a clear indication of elevated privileges."",
    ""Mechanism: exec_count is elevated with euid_root/uid_is_root set but auid_euid_mismatch absent -- a classic setuid-shell escalation."",
    ""Behavioural anomaly: failed_call_rate is 1 with failed_call_count elevated -- a high rate of failed syscalls."",
    ""Benign-explanation test: very short lifetime (p99+) and high throughput argue against a routine admin script, cron job, or health-check."",
    ""Decide: the escalation mechanism and high failed_call_rate outweigh XGBoost's benign call; this supports the CNN.""
  ],
  ""key_features"": [""uid_is_root"", ""euid_root"", ""exec_count"", ""failed_call_rate"", ""failed_call_count""],
  ""agrees_with"": ""cnn""
}"
21576,2,1,T1548,0,1,0.964673638343811,0.9870211482048036,xgb_benign_cnn_malicious,MALICIOUS,1,0.99,cnn,ok,"[""Privilege state: root context with uid_is_root and euid_root set -- a clear indication of elevated privileges."", ""Mechanism: exec_count is elevated with euid_root/uid_is_root set but auid_euid_mismatch absent -- a classic setuid-shell escalation."", ""Behavioural anomaly: failed_call_rate is 1 with failed_call_count elevated -- a high rate of failed syscalls."", ""Benign-explanation test: very short lifetime (p99+) and high throughput argue against a routine admin script, cron job, or health-check."", ""Decide: the escalation mechanism and high failed_call_rate outweigh XGBoost's benign call; this supports the CNN.""]","[""uid_is_root"", ""euid_root"", ""exec_count"", ""failed_call_rate"", ""failed_call_count""]","{
  ""verdict"": ""MALICIOUS"",
  ""confidence"": 0.99,
  ""rationale_steps"": [
    ""Privilege state: root context with uid_is_root and euid_root set -- a clear indication of elevated privileges."",
    ""Mechanism: exec_count is elevated with euid_root/uid_is_root set but auid_euid_mismatch absent -- a classic setuid-shell escalation."",
    ""Behavioural anomaly: failed_call_rate is 1 with failed_call_count elevated -- a high rate of failed syscalls."",
    ""Benign-explanation test: very short lifetime (p99+) and high throughput argue against a routine admin script, cron job, or health-check."",
    ""Decide: the escalation mechanism and high failed_call_rate outweigh XGBoost's benign call; this supports the CNN.""
  ],
  ""key_features"": [""uid_is_root"", ""euid_root"", ""exec_count"", ""failed_call_rate"", ""failed_call_count""],
  ""agrees_with"": ""cnn""
}"
21577,2,1,T1548,0,1,0.964673638343811,0.9870211482048036,xgb_benign_cnn_malicious,MALICIOUS,1,0.99,cnn,ok,"[""Privilege state: root context with uid_is_root and euid_root set -- a clear indication of elevated privileges."", ""Mechanism: exec_count is elevated with euid_root/uid_is_root set but auid_euid_mismatch absent -- a classic setuid-shell escalation."", ""Behavioural anomaly: failed_call_rate is 1 with failed_call_count elevated -- a high rate of failed syscalls."", ""Benign-explanation test: very short lifetime (p99+) and high throughput argue against a routine admin script, cron job, or health-check."", ""Decide: the escalation mechanism and high failed_call_rate outweigh XGBoost's benign call; this supports the CNN.""]","[""uid_is_root"", ""euid_root"", ""exec_count"", ""failed_call_rate"", ""failed_call_count""]","{
  ""verdict"": ""MALICIOUS"",
  ""confidence"": 0.99,
  ""rationale_steps"": [
    ""Privilege state: root context with uid_is_root and euid_root set -- a clear indication of elevated privileges."",
    ""Mechanism: exec_count is elevated with euid_root/uid_is_root set but auid_euid_mismatch absent -- a classic setuid-shell escalation."",
    ""Behavioural anomaly: failed_call_rate is 1 with failed_call_count elevated -- a high rate of failed syscalls."",
    ""Benign-explanation test: very short lifetime (p99+) and high throughput argue against a routine admin script, cron job, or health-check."",
    ""Decide: the escalation mechanism and high failed_call_rate outweigh XGBoost's benign call; this supports the CNN.""
  ],
  ""key_features"": [""uid_is_root"", ""euid_root"", ""exec_count"", ""failed_call_rate"", ""failed_call_count""],
  ""agrees_with"": ""cnn""
}"
21578,2,1,T1548,0,1,0.964673638343811,0.9870211482048036,xgb_benign_cnn_malicious,MALICIOUS,1,0.99,cnn,ok,"[""Privilege state: root context with uid_is_root and euid_root set -- a clear indication of elevated privileges."", ""Mechanism: exec_count is elevated with euid_root/uid_is_root set but auid_euid_mismatch absent -- a classic setuid-shell escalation."", ""Behavioural anomaly: failed_call_rate is 1 with failed_call_count elevated -- a high rate of failed syscalls."", ""Benign-explanation test: very short lifetime (p99+) and high throughput argue against a routine admin script, cron job, or health-check."", ""Decide: the escalation mechanism and high failed_call_rate outweigh XGBoost's benign call; this supports the CNN.""]","[""uid_is_root"", ""euid_root"", ""exec_count"", ""failed_call_rate"", ""failed_call_count""]","{
  ""verdict"": ""MALICIOUS"",
  ""confidence"": 0.99,
  ""rationale_steps"": [
    ""Privilege state: root context with uid_is_root and euid_root set -- a clear indication of elevated privileges."",
    ""Mechanism: exec_count is elevated with euid_root/uid_is_root set but auid_euid_mismatch absent -- a classic setuid-shell escalation."",
    ""Behavioural anomaly: failed_call_rate is 1 with failed_call_count elevated -- a high rate of failed syscalls."",
    ""Benign-explanation test: very short lifetime (p99+) and high throughput argue against a routine admin script, cron job, or health-check."",
    ""Decide: the escalation mechanism and high failed_call_rate outweigh XGBoost's benign call; this supports the CNN.""
  ],
  ""key_features"": [""uid_is_root"", ""euid_root"", ""exec_count"", ""failed_call_rate"", ""failed_call_count""],
  ""agrees_with"": ""cnn""
}"
21580,2,1,T1548,0,1,0.964673638343811,0.9870211482048036,xgb_benign_cnn_malicious,MALICIOUS,1,0.99,cnn,ok,"[""Privilege state: root context with uid_is_root and euid_root set -- a clear indication of elevated privileges."", ""Mechanism: exec_count is elevated with euid_root/uid_is_root set but auid_euid_mismatch absent -- a classic setuid-shell escalation."", ""Behavioural anomaly: failed_call_rate is 1 with failed_call_count elevated -- a high rate of failed syscalls."", ""Benign-explanation test: very short lifetime (p99+) and high throughput argue against a routine admin script, cron job, or health-check."", ""Decide: the escalation mechanism and high failed_call_rate outweigh XGBoost's benign call; this supports the CNN.""]","[""uid_is_root"", ""euid_root"", ""exec_count"", ""failed_call_rate"", ""failed_call_count""]","{
  ""verdict"": ""MALICIOUS"",
  ""confidence"": 0.99,
  ""rationale_steps"": [
    ""Privilege state: root context with uid_is_root and euid_root set -- a clear indication of elevated privileges."",
    ""Mechanism: exec_count is elevated with euid_root/uid_is_root set but auid_euid_mismatch absent -- a classic setuid-shell escalation."",
    ""Behavioural anomaly: failed_call_rate is 1 with failed_call_count elevated -- a high rate of failed syscalls."",
    ""Benign-explanation test: very short lifetime (p99+) and high throughput argue against a routine admin script, cron job, or health-check."",
    ""Decide: the escalation mechanism and high failed_call_rate outweigh XGBoost's benign call; this supports the CNN.""
  ],
  ""key_features"": [""uid_is_root"", ""euid_root"", ""exec_count"", ""failed_call_rate"", ""failed_call_count""],
  ""agrees_with"": ""cnn""
}"
21581,2,1,T1548,0,1,0.964673638343811,0.9870211482048036,xgb_benign_cnn_malicious,MALICIOUS,1,0.99,cnn,ok,"[""Privilege state: root context with uid_is_root and euid_root set -- a clear indication of elevated privileges."", ""Mechanism: exec_count is elevated with euid_root/uid_is_root set but auid_euid_mismatch absent -- a classic setuid-shell escalation."", ""Behavioural anomaly: failed_call_rate is 1 with failed_call_count elevated -- a high rate of failed syscalls."", ""Benign-explanation test: very short lifetime (p99+) and high throughput argue against a routine admin script, cron job, or health-check."", ""Decide: the escalation mechanism and high failed_call_rate outweigh XGBoost's benign call; this supports the CNN.""]","[""uid_is_root"", ""euid_root"", ""exec_count"", ""failed_call_rate"", ""failed_call_count""]","{
  ""verdict"": ""MALICIOUS"",
  ""confidence"": 0.99,
  ""rationale_steps"": [
    ""Privilege state: root context with uid_is_root and euid_root set -- a clear indication of elevated privileges."",
    ""Mechanism: exec_count is elevated with euid_root/uid_is_root set but auid_euid_mismatch absent -- a classic setuid-shell escalation."",
    ""Behavioural anomaly: failed_call_rate is 1 with failed_call_count elevated -- a high rate of failed syscalls."",
    ""Benign-explanation test: very short lifetime (p99+) and high throughput argue against a routine admin script, cron job, or health-check."",
    ""Decide: the escalation mechanism and high failed_call_rate outweigh XGBoost's benign call; this supports the CNN.""
  ],
  ""key_features"": [""uid_is_root"", ""euid_root"", ""exec_count"", ""failed_call_rate"", ""failed_call_count""],
  ""agrees_with"": ""cnn""
}"
21590,2,1,T1548,0,1,0.964673638343811,0.9870211482048036,xgb_benign_cnn_malicious,MALICIOUS,1,0.99,cnn,ok,"[""Privilege state: root context with uid_is_root and euid_root set -- a clear indication of elevated privileges."", ""Mechanism: exec_count is elevated with euid_root/uid_is_root set but auid_euid_mismatch absent -- a classic setuid-shell escalation."", ""Behavioural anomaly: failed_call_rate is 1 with failed_call_count elevated -- a high rate of failed syscalls."", ""Benign-explanation test: very short lifetime (p99+) and high throughput argue against a routine admin script, cron job, or health-check."", ""Decide: the escalation mechanism and high failed_call_rate outweigh XGBoost's benign call; this supports the CNN.""]","[""uid_is_root"", ""euid_root"", ""exec_count"", ""failed_call_rate"", ""failed_call_count""]","{
  ""verdict"": ""MALICIOUS"",
  ""confidence"": 0.99,
  ""rationale_steps"": [
    ""Privilege state: root context with uid_is_root and euid_root set -- a clear indication of elevated privileges."",
    ""Mechanism: exec_count is elevated with euid_root/uid_is_root set but auid_euid_mismatch absent -- a classic setuid-shell escalation."",
    ""Behavioural anomaly: failed_call_rate is 1 with failed_call_count elevated -- a high rate of failed syscalls."",
    ""Benign-explanation test: very short lifetime (p99+) and high throughput argue against a routine admin script, cron job, or health-check."",
    ""Decide: the escalation mechanism and high failed_call_rate outweigh XGBoost's benign call; this supports the CNN.""
  ],
  ""key_features"": [""uid_is_root"", ""euid_root"", ""exec_count"", ""failed_call_rate"", ""failed_call_count""],
  ""agrees_with"": ""cnn""
}"
21593,2,1,T1548,0,1,0.964673638343811,0.9870211482048036,xgb_benign_cnn_malicious,MALICIOUS,1,0.99,cnn,ok,"[""Privilege state: root context with uid_is_root and euid_root set -- a clear indication of elevated privileges."", ""Mechanism: exec_count is elevated with euid_root/uid_is_root set but auid_euid_mismatch absent -- a classic setuid-shell escalation."", ""Behavioural anomaly: failed_call_rate is 1 with failed_call_count elevated -- a high rate of failed syscalls."", ""Benign-explanation test: very short lifetime (p99+) and high throughput argue against a routine admin script, cron job, or health-check."", ""Decide: the escalation mechanism and high failed_call_rate outweigh XGBoost's benign call; this supports the CNN.""]","[""uid_is_root"", ""euid_root"", ""exec_count"", ""failed_call_rate"", ""failed_call_count""]","{
  ""verdict"": ""MALICIOUS"",
  ""confidence"": 0.99,
  ""rationale_steps"": [
    ""Privilege state: root context with uid_is_root and euid_root set -- a clear indication of elevated privileges."",
    ""Mechanism: exec_count is elevated with euid_root/uid_is_root set but auid_euid_mismatch absent -- a classic setuid-shell escalation."",
    ""Behavioural anomaly: failed_call_rate is 1 with failed_call_count elevated -- a high rate of failed syscalls."",
    ""Benign-explanation test: very short lifetime (p99+) and high throughput argue against a routine admin script, cron job, or health-check."",
    ""Decide: the escalation mechanism and high failed_call_rate outweigh XGBoost's benign call; this supports the CNN.""
  ],
  ""key_features"": [""uid_is_root"", ""euid_root"", ""exec_count"", ""failed_call_rate"", ""failed_call_count""],
  ""agrees_with"": ""cnn""
}"
21600,2,1,T1548,0,1,0.964673638343811,0.9870211482048036,xgb_benign_cnn_malicious,MALICIOUS,1,0.99,cnn,ok,"[""Privilege state: root context with uid_is_root and euid_root set -- a clear indication of elevated privileges."", ""Mechanism: exec_count is elevated with euid_root/uid_is_root set but auid_euid_mismatch absent -- a classic setuid-shell escalation."", ""Behavioural anomaly: failed_call_rate is 1 with failed_call_count elevated -- a high rate of failed syscalls."", ""Benign-explanation test: very short lifetime (p99+) and high throughput argue against a routine admin script, cron job, or health-check."", ""Decide: the escalation mechanism and high failed_call_rate outweigh XGBoost's benign call; this supports the CNN.""]","[""uid_is_root"", ""euid_root"", ""exec_count"", ""failed_call_rate"", ""failed_call_count""]","{
  ""verdict"": ""MALICIOUS"",
  ""confidence"": 0.99,
  ""rationale_steps"": [
    ""Privilege state: root context with uid_is_root and euid_root set -- a clear indication of elevated privileges."",
    ""Mechanism: exec_count is elevated with euid_root/uid_is_root set but auid_euid_mismatch absent -- a classic setuid-shell escalation."",
    ""Behavioural anomaly: failed_call_rate is 1 with failed_call_count elevated -- a high rate of failed syscalls."",
    ""Benign-explanation test: very short lifetime (p99+) and high throughput argue against a routine admin script, cron job, or health-check."",
    ""Decide: the escalation mechanism and high failed_call_rate outweigh XGBoost's benign call; this supports the CNN.""
  ],
  ""key_features"": [""uid_is_root"", ""euid_root"", ""exec_count"", ""failed_call_rate"", ""failed_call_count""],
  ""agrees_with"": ""cnn""
}"
21603,2,1,T1548,0,1,0.964673638343811,0.9870211482048036,xgb_benign_cnn_malicious,MALICIOUS,1,0.99,cnn,ok,"[""Privilege state: root context with uid_is_root and euid_root set -- a clear indication of elevated privileges."", ""Mechanism: exec_count is elevated with euid_root/uid_is_root set but auid_euid_mismatch absent -- a classic setuid-shell escalation."", ""Behavioural anomaly: failed_call_rate is 1 with failed_call_count elevated -- a high rate of failed syscalls."", ""Benign-explanation test: very short lifetime (p99+) and high throughput argue against a routine admin script, cron job, or health-check."", ""Decide: the escalation mechanism and high failed_call_rate outweigh XGBoost's benign call; this supports the CNN.""]","[""uid_is_root"", ""euid_root"", ""exec_count"", ""failed_call_rate"", ""failed_call_count""]","{
  ""verdict"": ""MALICIOUS"",
  ""confidence"": 0.99,
  ""rationale_steps"": [
    ""Privilege state: root context with uid_is_root and euid_root set -- a clear indication of elevated privileges."",
    ""Mechanism: exec_count is elevated with euid_root/uid_is_root set but auid_euid_mismatch absent -- a classic setuid-shell escalation."",
    ""Behavioural anomaly: failed_call_rate is 1 with failed_call_count elevated -- a high rate of failed syscalls."",
    ""Benign-explanation test: very short lifetime (p99+) and high throughput argue against a routine admin script, cron job, or health-check."",
    ""Decide: the escalation mechanism and high failed_call_rate outweigh XGBoost's benign call; this supports the CNN.""
  ],
  ""key_features"": [""uid_is_root"", ""euid_root"", ""exec_count"", ""failed_call_rate"", ""failed_call_count""],
  ""agrees_with"": ""cnn""
}"
21609,2,1,T1548,0,1,0.964673638343811,0.9870211482048036,xgb_benign_cnn_malicious,MALICIOUS,1,0.99,cnn,ok,"[""Privilege state: root context with uid_is_root and euid_root set -- a clear indication of elevated privileges."", ""Mechanism: exec_count is elevated with euid_root/uid_is_root set but auid_euid_mismatch absent -- a classic setuid-shell escalation."", ""Behavioural anomaly: failed_call_rate is 1 with failed_call_count elevated -- a high rate of failed syscalls."", ""Benign-explanation test: very short lifetime (p99+) and high throughput argue against a routine admin script, cron job, or health-check."", ""Decide: the escalation mechanism and high failed_call_rate outweigh XGBoost's benign call; this supports the CNN.""]","[""uid_is_root"", ""euid_root"", ""exec_count"", ""failed_call_rate"", ""failed_call_count""]","{
  ""verdict"": ""MALICIOUS"",
  ""confidence"": 0.99,
  ""rationale_steps"": [
    ""Privilege state: root context with uid_is_root and euid_root set -- a clear indication of elevated privileges."",
    ""Mechanism: exec_count is elevated with euid_root/uid_is_root set but auid_euid_mismatch absent -- a classic setuid-shell escalation."",
    ""Behavioural anomaly: failed_call_rate is 1 with failed_call_count elevated -- a high rate of failed syscalls."",
    ""Benign-explanation test: very short lifetime (p99+) and high throughput argue against a routine admin script, cron job, or health-check."",
    ""Decide: the escalation mechanism and high failed_call_rate outweigh XGBoost's benign call; this supports the CNN.""
  ],
  ""key_features"": [""uid_is_root"", ""euid_root"", ""exec_count"", ""failed_call_rate"", ""failed_call_count""],
  ""agrees_with"": ""cnn""
}"
21610,2,1,T1548,0,1,0.964673638343811,0.9870211482048036,xgb_benign_cnn_malicious,MALICIOUS,1,0.99,cnn,ok,"[""Privilege state: root context with uid_is_root and euid_root set -- a clear indication of elevated privileges."", ""Mechanism: exec_count is elevated with euid_root/uid_is_root set but auid_euid_mismatch absent -- a classic setuid-shell escalation."", ""Behavioural anomaly: failed_call_rate is 1 with failed_call_count elevated -- a high rate of failed syscalls."", ""Benign-explanation test: very short lifetime (p99+) and high throughput argue against a routine admin script, cron job, or health-check."", ""Decide: the escalation mechanism and high failed_call_rate outweigh XGBoost's benign call; this supports the CNN.""]","[""uid_is_root"", ""euid_root"", ""exec_count"", ""failed_call_rate"", ""failed_call_count""]","{
  ""verdict"": ""MALICIOUS"",
  ""confidence"": 0.99,
  ""rationale_steps"": [
    ""Privilege state: root context with uid_is_root and euid_root set -- a clear indication of elevated privileges."",
    ""Mechanism: exec_count is elevated with euid_root/uid_is_root set but auid_euid_mismatch absent -- a classic setuid-shell escalation."",
    ""Behavioural anomaly: failed_call_rate is 1 with failed_call_count elevated -- a high rate of failed syscalls."",
    ""Benign-explanation test: very short lifetime (p99+) and high throughput argue against a routine admin script, cron job, or health-check."",
    ""Decide: the escalation mechanism and high failed_call_rate outweigh XGBoost's benign call; this supports the CNN.""
  ],
  ""key_features"": [""uid_is_root"", ""euid_root"", ""exec_count"", ""failed_call_rate"", ""failed_call_count""],
  ""agrees_with"": ""cnn""
}"
21933,3,1,T1548,1,0,0.999918818473816,0.8624513745307922,xgb_malicious_cnn_benign,MALICIOUS,1,0.93,cnn,ok,"[""Privilege state: root context with max_uid_euid_delta at p99+ and auid_euid_mismatch set -- a real identity inconsistency and privilege transition."", ""Mechanism: exec_count is elevated with euid_root/uid_is_root set but auid_euid_mismatch absent -- a classic setuid-shell escalation."", ""Behavioural anomaly: very short lifetime (p99+) and high throughput argue for a malicious process."", ""Benign-explanation test: the absence of shell_from_service and low failed_call_rate argue against a routine admin script, cron job, or health-check."", ""Decide: the escalation mechanism and high throughput outweigh XGBoost's malicious call; this supports the CNN.""]","[""max_uid_euid_delta"", ""auid_euid_mismatch"", ""exec_count"", ""euid_root"", ""uid_is_root""]","{
  ""verdict"": ""MALICIOUS"",
  ""confidence"": 0.93,
  ""rationale_steps"": [
    ""Privilege state: root context with max_uid_euid_delta at p99+ and auid_euid_mismatch set -- a real identity inconsistency and privilege transition."",
    ""Mechanism: exec_count is elevated with euid_root/uid_is_root set but auid_euid_mismatch absent -- a classic setuid-shell escalation."",
    ""Behavioural anomaly: very short lifetime (p99+) and high throughput argue for a malicious process."",
    ""Benign-explanation test: the absence of shell_from_service and low failed_call_rate argue against a routine admin script, cron job, or health-check."",
    ""Decide: the escalation mechanism and high throughput outweigh XGBoost's malicious call; this supports the CNN.""
  ],
  ""key_features"": [""max_uid_euid_delta"", ""auid_euid_mismatch"", ""exec_count"", ""euid_root"", ""uid_is_root""],
  ""agrees_with"": ""cnn""
}"
22066,3,1,T1548,1,0,0.999918818473816,0.8624439835548401,xgb_malicious_cnn_benign,MALICIOUS,1,0.93,cnn,ok,"[""Privilege state: root context with max_uid_euid_delta at p99+ and auid_euid_mismatch set -- a real identity inconsistency and privilege transition."", ""Mechanism: exec_count is elevated with euid_root/uid_is_root set but auid_euid_mismatch absent -- a classic setuid-shell escalation."", ""Behavioural anomaly: very short lifetime (p99+) and high throughput argue for an anomalous process."", ""Benign-explanation test: the absence of shell_from_service and low failed_call_rate argue against a routine admin script, cron job, or health-check."", ""Decide: the escalation mechanism and anomalous behaviour outweigh XGBoost's malicious call; this supports the CNN.""]","[""max_uid_euid_delta"", ""auid_euid_mismatch"", ""exec_count"", ""euid_root"", ""uid_is_root""]","{
  ""verdict"": ""MALICIOUS"",
  ""confidence"": 0.93,
  ""rationale_steps"": [
    ""Privilege state: root context with max_uid_euid_delta at p99+ and auid_euid_mismatch set -- a real identity inconsistency and privilege transition."",
    ""Mechanism: exec_count is elevated with euid_root/uid_is_root set but auid_euid_mismatch absent -- a classic setuid-shell escalation."",
    ""Behavioural anomaly: very short lifetime (p99+) and high throughput argue for an anomalous process."",
    ""Benign-explanation test: the absence of shell_from_service and low failed_call_rate argue against a routine admin script, cron job, or health-check."",
    ""Decide: the escalation mechanism and anomalous behaviour outweigh XGBoost's malicious call; this supports the CNN.""
  ],
  ""key_features"": [""max_uid_euid_delta"", ""auid_euid_mismatch"", ""exec_count"", ""euid_root"", ""uid_is_root""],
  ""agrees_with"": ""cnn""
}"
22082,3,1,T1548,1,0,0.999918818473816,0.8624513745307922,xgb_malicious_cnn_benign,MALICIOUS,1,0.93,cnn,ok,"[""Privilege state: root context with max_uid_euid_delta at p99+ and auid_euid_mismatch set -- a real identity inconsistency and privilege transition."", ""Mechanism: exec_count is elevated with euid_root/uid_is_root set but auid_euid_mismatch absent -- a classic setuid-shell escalation."", ""Behavioural anomaly: very short lifetime (p99+) and high throughput argue for a malicious process."", ""Benign-explanation test: the absence of shell_from_service and uid_is_root unset argue against a routine admin script, cron job, or health-check."", ""Decide: the escalation mechanism and behavioural anomalies outweigh XGBoost's malicious call; this supports the CNN.""]","[""lifetime_seconds"", ""unique_syscalls"", ""uid_is_root"", ""euid_root"", ""max_uid_euid_delta""]","{
  ""verdict"": ""MALICIOUS"",
  ""confidence"": 0.93,
  ""rationale_steps"": [
    ""Privilege state: root context with max_uid_euid_delta at p99+ and auid_euid_mismatch set -- a real identity inconsistency and privilege transition."",
    ""Mechanism: exec_count is elevated with euid_root/uid_is_root set but auid_euid_mismatch absent -- a classic setuid-shell escalation."",
    ""Behavioural anomaly: very short lifetime (p99+) and high throughput argue for a malicious process."",
    ""Benign-explanation test: the absence of shell_from_service and uid_is_root unset argue against a routine admin script, cron job, or health-check."",
    ""Decide: the escalation mechanism and behavioural anomalies outweigh XGBoost's malicious call; this supports the CNN.""
  ],
  ""key_features"": [""lifetime_seconds"", ""unique_syscalls"", ""uid_is_root"", ""euid_root"", ""max_uid_euid_delta""],
  ""agrees_with"": ""cnn""
}"
22084,3,1,T1548,1,0,0.999918818473816,0.8624513745307922,xgb_malicious_cnn_benign,MALICIOUS,1,0.93,cnn,ok,"[""Privilege state: root context with max_uid_euid_delta at p99+ and auid_euid_mismatch set -- a real identity inconsistency and privilege transition."", ""Mechanism: exec_count is elevated with euid_root/uid_is_root set but auid_euid_mismatch absent -- a classic setuid-shell escalation."", ""Behavioural anomaly: very short lifetime (p99+) and high throughput argue for a malicious process."", ""Benign-explanation test: the absence of shell_from_service and uid_is_root unset argue against a routine admin script, cron job, or health-check."", ""Decide: the escalation mechanism and behavioural anomalies outweigh XGBoost's malicious call; this supports the CNN.""]","[""max_uid_euid_delta"", ""auid_euid_mismatch"", ""exec_count"", ""euid_root"", ""uid_is_root""]","{
  ""verdict"": ""MALICIOUS"",
  ""confidence"": 0.93,
  ""rationale_steps"": [
    ""Privilege state: root context with max_uid_euid_delta at p99+ and auid_euid_mismatch set -- a real identity inconsistency and privilege transition."",
    ""Mechanism: exec_count is elevated with euid_root/uid_is_root set but auid_euid_mismatch absent -- a classic setuid-shell escalation."",
    ""Behavioural anomaly: very short lifetime (p99+) and high throughput argue for a malicious process."",
    ""Benign-explanation test: the absence of shell_from_service and uid_is_root unset argue against a routine admin script, cron job, or health-check."",
    ""Decide: the escalation mechanism and behavioural anomalies outweigh XGBoost's malicious call; this supports the CNN.""
  ],
  ""key_features"": [""max_uid_euid_delta"", ""auid_euid_mismatch"", ""exec_count"", ""euid_root"", ""uid_is_root""],
  ""agrees_with"": ""cnn""
}"
22231,3,1,T1548,1,0,0.999918818473816,0.8624513745307922,xgb_malicious_cnn_benign,MALICIOUS,1,0.93,cnn,ok,"[""Privilege state: root context with max_uid_euid_delta at p99+ and auid_euid_mismatch set -- a real identity inconsistency and privilege transition."", ""Mechanism: exec_count is elevated with euid_root/uid_is_root set but auid_euid_mismatch absent -- a classic setuid-shell escalation."", ""Behavioural anomaly: very short lifetime (p99+) and high throughput argue for a malicious process."", ""Benign-explanation test: the absence of shell_from_service and uid_is_root unset argue against a routine admin script, cron job, or health-check."", ""Decide: the escalation mechanism and behavioural anomalies outweigh XGBoost's malicious call; this supports the CNN.""]","[""max_uid_euid_delta"", ""auid_euid_mismatch"", ""exec_count"", ""euid_root"", ""uid_is_root""]","{
  ""verdict"": ""MALICIOUS"",
  ""confidence"": 0.93,
  ""rationale_steps"": [
    ""Privilege state: root context with max_uid_euid_delta at p99+ and auid_euid_mismatch set -- a real identity inconsistency and privilege transition."",
    ""Mechanism: exec_count is elevated with euid_root/uid_is_root set but auid_euid_mismatch absent -- a classic setuid-shell escalation."",
    ""Behavioural anomaly: very short lifetime (p99+) and high throughput argue for a malicious process."",
    ""Benign-explanation test: the absence of shell_from_service and uid_is_root unset argue against a routine admin script, cron job, or health-check."",
    ""Decide: the escalation mechanism and behavioural anomalies outweigh XGBoost's malicious call; this supports the CNN.""
  ],
  ""key_features"": [""max_uid_euid_delta"", ""auid_euid_mismatch"", ""exec_count"", ""euid_root"", ""uid_is_root""],
  ""agrees_with"": ""cnn""
}"
22857,4,1,T1222,0,1,0.8476836681365967,0.991692304611206,xgb_benign_cnn_malicious,MALICIOUS,1,0.99,cnn,ok,"[""Privilege state: root context with euid_root and uid_is_root set -- a real identity and privilege transition."", ""Mechanism: no setuid/setgid execution, but a high syscall throughput (events_per_second at p99+) and a long syscall sequence (seq_length at p99+); these are indicative of a malicious process."", ""Behavioural anomaly: no failed syscalls, but a high network-related syscall count (network_count at p99+) -- this is unusual for a benign process."", ""Benign-explanation test: the process lifetime is very short (p99+), which argues against a routine admin script, cron job, or health-check."", ""Decide: the privilege state and behavioural anomalies outweigh XGBoost's benign call; this supports the CNN.""]","[""lifetime_seconds"", ""events_per_second"", ""seq_length"", ""unique_syscalls"", ""uid_is_root""]","{
  ""verdict"": ""MALICIOUS"",
  ""confidence"": 0.99,
  ""rationale_steps"": [
    ""Privilege state: root context with euid_root and uid_is_root set -- a real identity and privilege transition."",
    ""Mechanism: no setuid/setgid execution, but a high syscall throughput (events_per_second at p99+) and a long syscall sequence (seq_length at p99+); these are indicative of a malicious process."",
    ""Behavioural anomaly: no failed syscalls, but a high network-related syscall count (network_count at p99+) -- this is unusual for a benign process."",
    ""Benign-explanation test: the process lifetime is very short (p99+), which argues against a routine admin script, cron job, or health-check."",
    ""Decide: the privilege state and behavioural anomalies outweigh XGBoost's benign call; this supports the CNN.""
  ],
  ""key_features"": [""lifetime_seconds"", ""events_per_second"", ""seq_length"", ""unique_syscalls"", ""uid_is_root""],
  ""agrees_with"": ""cnn""
}"
22937,2,1,T1548,0,1,0.964673638343811,0.9870211482048036,xgb_benign_cnn_malicious,MALICIOUS,1,0.99,cnn,ok,"[""Privilege state: root context with uid_is_root and euid_root set -- a clear indication of elevated privileges."", ""Mechanism: exec_count is elevated with euid_root and uid_is_root set -- a classic sign of a setuid-shell escalation."", ""Behavioural anomaly: failed_call_rate is 1 with failed_call_count elevated -- a high rate of failed syscalls."", ""Benign-explanation test: very short lifetime (p99+) and high throughput argue against a routine admin script, cron job, or health-check."", ""Decide: the escalation mechanism and high failed_call_rate outweigh XGBoost's benign call; this supports the CNN.""]","[""uid_is_root"", ""euid_root"", ""exec_count"", ""failed_call_rate"", ""failed_call_count""]","{
  ""verdict"": ""MALICIOUS"",
  ""confidence"": 0.99,
  ""rationale_steps"": [
    ""Privilege state: root context with uid_is_root and euid_root set -- a clear indication of elevated privileges."",
    ""Mechanism: exec_count is elevated with euid_root and uid_is_root set -- a classic sign of a setuid-shell escalation."",
    ""Behavioural anomaly: failed_call_rate is 1 with failed_call_count elevated -- a high rate of failed syscalls."",
    ""Benign-explanation test: very short lifetime (p99+) and high throughput argue against a routine admin script, cron job, or health-check."",
    ""Decide: the escalation mechanism and high failed_call_rate outweigh XGBoost's benign call; this supports the CNN.""
  ],
  ""key_features"": [""uid_is_root"", ""euid_root"", ""exec_count"", ""failed_call_rate"", ""failed_call_count""],
  ""agrees_with"": ""cnn""
}"
22944,3,1,T1222,1,0,0.9765482544898988,0.8522466421127319,xgb_malicious_cnn_benign,MALICIOUS,1,0.98,cnn,ok,"[""Privilege state: root context with uid_is_root and euid_root set -- a clear indication of elevated privileges."", ""Mechanism: no setuid/setgid execution or shell spawned from a service, but a high exec_count with euid_root/uid_is_root set -- a potential escalation mechanism."", ""Behavioural anomaly: high throughput with events_per_second and seq_length at p98/p98, and unique_syscalls at p99+ -- a rare and unusual syscall pattern."", ""Benign-explanation test: short lifetime (p99+) and high throughput argue against a routine admin script, cron job, or health-check."", ""Decide: the privilege state and high throughput outweigh XGBoost's malicious call; this supports the CNN.""]","[""uid_is_root"", ""euid_root"", ""events_per_second"", ""seq_length"", ""unique_syscalls""]","{
  ""verdict"": ""MALICIOUS"",
  ""confidence"": 0.98,
  ""rationale_steps"": [
    ""Privilege state: root context with uid_is_root and euid_root set -- a clear indication of elevated privileges."",
    ""Mechanism: no setuid/setgid execution or shell spawned from a service, but a high exec_count with euid_root/uid_is_root set -- a potential escalation mechanism."",
    ""Behavioural anomaly: high throughput with events_per_second and seq_length at p98/p98, and unique_syscalls at p99+ -- a rare and unusual syscall pattern."",
    ""Benign-explanation test: short lifetime (p99+) and high throughput argue against a routine admin script, cron job, or health-check."",
    ""Decide: the privilege state and high throughput outweigh XGBoost's malicious call; this supports the CNN.""
  ],
  ""key_features"": [""uid_is_root"", ""euid_root"", ""events_per_second"", ""seq_length"", ""unique_syscalls""],
  ""agrees_with"": ""cnn""
}"
22948,2,1,T1548,0,1,0.964673638343811,0.9870211482048036,xgb_benign_cnn_malicious,MALICIOUS,1,0.99,cnn,ok,"[""Privilege state: root context with uid_is_root and euid_root set -- a clear indication of elevated privileges."", ""Mechanism: exec_count is elevated with euid_root/uid_is_root set but auid_euid_mismatch absent -- a classic setuid-shell escalation."", ""Behavioural anomaly: failed_call_rate is 1 with failed_call_count elevated -- a high rate of failed syscalls."", ""Benign-explanation test: very short lifetime (p99+) and high throughput argue against a routine admin script, cron job, or health-check."", ""Decide: the escalation mechanism and high failed_call_rate outweigh XGBoost's benign call; this supports the CNN.""]","[""uid_is_root"", ""euid_root"", ""exec_count"", ""failed_call_rate"", ""failed_call_count""]","{
  ""verdict"": ""MALICIOUS"",
  ""confidence"": 0.99,
  ""rationale_steps"": [
    ""Privilege state: root context with uid_is_root and euid_root set -- a clear indication of elevated privileges."",
    ""Mechanism: exec_count is elevated with euid_root/uid_is_root set but auid_euid_mismatch absent -- a classic setuid-shell escalation."",
    ""Behavioural anomaly: failed_call_rate is 1 with failed_call_count elevated -- a high rate of failed syscalls."",
    ""Benign-explanation test: very short lifetime (p99+) and high throughput argue against a routine admin script, cron job, or health-check."",
    ""Decide: the escalation mechanism and high failed_call_rate outweigh XGBoost's benign call; this supports the CNN.""
  ],
  ""key_features"": [""uid_is_root"", ""euid_root"", ""exec_count"", ""failed_call_rate"", ""failed_call_count""],
  ""agrees_with"": ""cnn""
}"
22965,4,1,T1222,1,0,0.9520105123519896,0.9857449531555176,xgb_malicious_cnn_benign,MALICIOUS,1,0.95,cnn,ok,"[""Privilege state: root context with max_uid_euid_delta at p99+ and auid_euid_mismatch set -- a real identity inconsistency and privilege transition."", ""Mechanism: priv_op_count is elevated and a shell was not spawned from a service context, but exec_count is low -- a possible setuid-shell escalation."", ""Behavioural anomaly: very short lifetime (p99+) and high throughput argue for a potential attack, but no network activity."", ""Benign-explanation test: low exec_count and no shell_from_service argue against a routine admin script, cron job, or health-check."", ""Decide: the escalation mechanism and privilege transition outweigh XGBoost's malicious call; this supports the CNN.""]","[""lifetime_seconds"", ""unique_syscalls"", ""auid_euid_mismatch"", ""priv_op_count"", ""max_uid_euid_delta""]","{
  ""verdict"": ""MALICIOUS"",
  ""confidence"": 0.95,
  ""rationale_steps"": [
    ""Privilege state: root context with max_uid_euid_delta at p99+ and auid_euid_mismatch set -- a real identity inconsistency and privilege transition."",
    ""Mechanism: priv_op_count is elevated and a shell was not spawned from a service context, but exec_count is low -- a possible setuid-shell escalation."",
    ""Behavioural anomaly: very short lifetime (p99+) and high throughput argue for a potential attack, but no network activity."",
    ""Benign-explanation test: low exec_count and no shell_from_service argue against a routine admin script, cron job, or health-check."",
    ""Decide: the escalation mechanism and privilege transition outweigh XGBoost's malicious call; this supports the CNN.""
  ],
  ""key_features"": [""lifetime_seconds"", ""unique_syscalls"", ""auid_euid_mismatch"", ""priv_op_count"", ""max_uid_euid_delta""],
  ""agrees_with"": ""cnn""
}"
22985,4,1,T1548,0,1,0.8004418611526489,0.991548478603363,xgb_benign_cnn_malicious,MALICIOUS,1,0.99,cnn,ok,"[""Privilege state: root context with uid_is_root and euid_root set -- a clear indication of elevated privileges."", ""Mechanism: exec_count is elevated with euid_root and uid_is_root set -- a classic sign of a setuid-shell escalation."", ""Behavioural anomaly: unique_syscalls is at p99+ and lifetime_seconds is at p99+ -- an exec pair essentially never seen in benign activity."", ""Benign-explanation test: very short lifetime (p99+) and high throughput argue against a routine admin script, cron job, or health-check."", ""Decide: the escalation mechanism and unique_syscall access outweigh XGBoost's benign call; this supports the CNN.""]","[""uid_is_root"", ""euid_root"", ""exec_count"", ""unique_syscalls"", ""lifetime_seconds""]","{
  ""verdict"": ""MALICIOUS"",
  ""confidence"": 0.99,
  ""rationale_steps"": [
    ""Privilege state: root context with uid_is_root and euid_root set -- a clear indication of elevated privileges."",
    ""Mechanism: exec_count is elevated with euid_root and uid_is_root set -- a classic sign of a setuid-shell escalation."",
    ""Behavioural anomaly: unique_syscalls is at p99+ and lifetime_seconds is at p99+ -- an exec pair essentially never seen in benign activity."",
    ""Benign-explanation test: very short lifetime (p99+) and high throughput argue against a routine admin script, cron job, or health-check."",
    ""Decide: the escalation mechanism and unique_syscall access outweigh XGBoost's benign call; this supports the CNN.""
  ],
  ""key_features"": [""uid_is_root"", ""euid_root"", ""exec_count"", ""unique_syscalls"", ""lifetime_seconds""],
  ""agrees_with"": ""cnn""
}"
22993,4,1,T1059,0,1,0.8004418611526489,0.991548478603363,xgb_benign_cnn_malicious,MALICIOUS,1,0.99,cnn,ok,"[""Privilege state: root context with uid_is_root and euid_root set -- a clear indication of elevated privileges."", ""Mechanism: exec_count is elevated with euid_root and uid_is_root set -- a classic sign of a setuid-shell escalation."", ""Behavioural anomaly: unique_syscalls is at p99+ and lifetime_seconds is at p99+ -- an exec pair essentially never seen in benign activity."", ""Benign-explanation test: very short lifetime (p99+) and high throughput argue against a routine admin script, cron job, or health-check."", ""Decide: the escalation mechanism and unique_syscall access outweigh XGBoost's benign call; this supports the CNN.""]","[""uid_is_root"", ""euid_root"", ""exec_count"", ""unique_syscalls"", ""lifetime_seconds""]","{
  ""verdict"": ""MALICIOUS"",
  ""confidence"": 0.99,
  ""rationale_steps"": [
    ""Privilege state: root context with uid_is_root and euid_root set -- a clear indication of elevated privileges."",
    ""Mechanism: exec_count is elevated with euid_root and uid_is_root set -- a classic sign of a setuid-shell escalation."",
    ""Behavioural anomaly: unique_syscalls is at p99+ and lifetime_seconds is at p99+ -- an exec pair essentially never seen in benign activity."",
    ""Benign-explanation test: very short lifetime (p99+) and high throughput argue against a routine admin script, cron job, or health-check."",
    ""Decide: the escalation mechanism and unique_syscall access outweigh XGBoost's benign call; this supports the CNN.""
  ],
  ""key_features"": [""uid_is_root"", ""euid_root"", ""exec_count"", ""unique_syscalls"", ""lifetime_seconds""],
  ""agrees_with"": ""cnn""
}"
23003,3,1,T1548,1,0,0.999918818473816,0.8624513745307922,xgb_malicious_cnn_benign,MALICIOUS,1,0.93,cnn,ok,"[""Privilege state: root context with max_uid_euid_delta at p99+ and auid_euid_mismatch set -- a real identity inconsistency and privilege transition."", ""Mechanism: exec_count is elevated with euid_root/uid_is_root set but auid_euid_mismatch absent -- a classic setuid-shell escalation."", ""Behavioural anomaly: very short lifetime (p99+) and high throughput argue for a malicious process."", ""Benign-explanation test: the absence of shell_from_service and low failed_call_rate argue against a routine admin script, cron job, or health-check."", ""Decide: the escalation mechanism and high throughput outweigh XGBoost's malicious call; this supports the CNN.""]","[""max_uid_euid_delta"", ""auid_euid_mismatch"", ""exec_count"", ""euid_root"", ""uid_is_root""]","{
  ""verdict"": ""MALICIOUS"",
  ""confidence"": 0.93,
  ""rationale_steps"": [
    ""Privilege state: root context with max_uid_euid_delta at p99+ and auid_euid_mismatch set -- a real identity inconsistency and privilege transition."",
    ""Mechanism: exec_count is elevated with euid_root/uid_is_root set but auid_euid_mismatch absent -- a classic setuid-shell escalation."",
    ""Behavioural anomaly: very short lifetime (p99+) and high throughput argue for a malicious process."",
    ""Benign-explanation test: the absence of shell_from_service and low failed_call_rate argue against a routine admin script, cron job, or health-check."",
    ""Decide: the escalation mechanism and high throughput outweigh XGBoost's malicious call; this supports the CNN.""
  ],
  ""key_features"": [""max_uid_euid_delta"", ""auid_euid_mismatch"", ""exec_count"", ""euid_root"", ""uid_is_root""],
  ""agrees_with"": ""cnn""
}"
25232,2,0,benign,0,1,0.001278604613617,0.999983251094818,xgb_benign_cnn_malicious,MALICIOUS,1,0.95,cnn,ok,"[""Privilege state: no genuine UID/EUID transition or root context; euid_root and uid_is_root are unset, and max_uid_euid_delta is 0."", ""Mechanism: no setuid/setgid execution, unusual exec chain, or shell spawned by a service; exec_count is 0, and shell_from_service is unset."", ""Behavioural anomaly: high syscall throughput (events_per_second=1) and short lifetime (lifetime_seconds=1) are unusual for benign activity."", ""Benign-explanation test: the short lifetime and high syscall throughput make it unlikely to be an admin scripting, cron job, or health-check."", ""Decide: the high syscall throughput and short lifetime outweigh XGBoost's benign call; this supports the CNN.""]","[""lifetime_seconds"", ""events_per_second"", ""unique_syscalls"", ""uid_is_root"", ""auid_euid_mismatch""]","{
  ""verdict"": ""MALICIOUS"",
  ""confidence"": 0.95,
  ""rationale_steps"": [
    ""Privilege state: no genuine UID/EUID transition or root context; euid_root and uid_is_root are unset, and max_uid_euid_delta is 0."",
    ""Mechanism: no setuid/setgid execution, unusual exec chain, or shell spawned by a service; exec_count is 0, and shell_from_service is unset."",
    ""Behavioural anomaly: high syscall throughput (events_per_second=1) and short lifetime (lifetime_seconds=1) are unusual for benign activity."",
    ""Benign-explanation test: the short lifetime and high syscall throughput make it unlikely to be an admin scripting, cron job, or health-check."",
    ""Decide: the high syscall throughput and short lifetime outweigh XGBoost's benign call; this supports the CNN.""
  ],
  ""key_features"": [""lifetime_seconds"", ""events_per_second"", ""unique_syscalls"", ""uid_is_root"", ""auid_euid_mismatch""],
  ""agrees_with"": ""cnn""
}"
25277,2,1,T1595,0,1,0.001278604613617,0.999983251094818,xgb_benign_cnn_malicious,MALICIOUS,1,0.95,cnn,ok,"[""Privilege state: no genuine UID/EUID transition or root context; euid_root and uid_is_root are unset, and max_uid_euid_delta is 0."", ""Mechanism: no setuid/setgid execution, unusual exec chain, or shell spawned by a service; exec_count is 0, and shell_from_service is unset."", ""Behavioural anomaly: high syscall throughput (events_per_second=1) and short lifetime (lifetime_seconds=1) are unusual for an attack; file_access_count is elevated, but network_count is 0."", ""Benign-explanation test: the short lifetime and high syscall throughput argue against a routine admin script, cron job, or health-check; unique_syscalls is elevated, but this is not a clear indicator of an attack."", ""Decide: the absence of a clear escalation mechanism and the unusual behavioural features outweigh XGBoost's benign call; this supports the CNN.""]","[""lifetime_seconds"", ""events_per_second"", ""unique_syscalls"", ""file_access_count"", ""network_count""]","{
  ""verdict"": ""MALICIOUS"",
  ""confidence"": 0.95,
  ""rationale_steps"": [
    ""Privilege state: no genuine UID/EUID transition or root context; euid_root and uid_is_root are unset, and max_uid_euid_delta is 0."",
    ""Mechanism: no setuid/setgid execution, unusual exec chain, or shell spawned by a service; exec_count is 0, and shell_from_service is unset."",
    ""Behavioural anomaly: high syscall throughput (events_per_second=1) and short lifetime (lifetime_seconds=1) are unusual for an attack; file_access_count is elevated, but network_count is 0."",
    ""Benign-explanation test: the short lifetime and high syscall throughput argue against a routine admin script, cron job, or health-check; unique_syscalls is elevated, but this is not a clear indicator of an attack."",
    ""Decide: the absence of a clear escalation mechanism and the unusual behavioural features outweigh XGBoost's benign call; this supports the CNN.""
  ],
  ""key_features"": [""lifetime_seconds"", ""events_per_second"", ""unique_syscalls"", ""file_access_count"", ""network_count""],
  ""agrees_with"": ""cnn""
}"
26003,3,1,T1548,1,0,0.999918818473816,0.8624439835548401,xgb_malicious_cnn_benign,MALICIOUS,1,0.93,cnn,ok,"[""Privilege state: root context with max_uid_euid_delta at p99+ and auid_euid_mismatch set -- a real identity inconsistency and privilege transition."", ""Mechanism: exec_count is elevated with euid_root/uid_is_root set but auid_euid_mismatch absent -- a classic setuid-shell escalation."", ""Behavioural anomaly: very short lifetime (p99+) and high throughput argue for a malicious process."", ""Benign-explanation test: the absence of shell_from_service and uid_is_root unset argue against a routine admin script, cron job, or health-check."", ""Decide: the escalation mechanism and high throughput outweigh XGBoost's malicious call; this supports the CNN.""]","[""lifetime_seconds"", ""unique_syscalls"", ""uid_is_root"", ""euid_root"", ""max_uid_euid_delta""]","{
  ""verdict"": ""MALICIOUS"",
  ""confidence"": 0.93,
  ""rationale_steps"": [
    ""Privilege state: root context with max_uid_euid_delta at p99+ and auid_euid_mismatch set -- a real identity inconsistency and privilege transition."",
    ""Mechanism: exec_count is elevated with euid_root/uid_is_root set but auid_euid_mismatch absent -- a classic setuid-shell escalation."",
    ""Behavioural anomaly: very short lifetime (p99+) and high throughput argue for a malicious process."",
    ""Benign-explanation test: the absence of shell_from_service and uid_is_root unset argue against a routine admin script, cron job, or health-check."",
    ""Decide: the escalation mechanism and high throughput outweigh XGBoost's malicious call; this supports the CNN.""
  ],
  ""key_features"": [""lifetime_seconds"", ""unique_syscalls"", ""uid_is_root"", ""euid_root"", ""max_uid_euid_delta""],
  ""agrees_with"": ""cnn""
}"
26685,2,1,T1548,0,1,0.964673638343811,0.9870211482048036,xgb_benign_cnn_malicious,MALICIOUS,1,0.99,cnn,ok,"[""Privilege state: root context with uid_is_root and euid_root set -- a clear indication of elevated privileges."", ""Mechanism: exec_count is elevated with euid_root/uid_is_root set but auid_euid_mismatch absent -- a classic setuid-shell escalation."", ""Behavioural anomaly: failed_call_rate is 1 with failed_call_count elevated -- a high rate of failed syscalls."", ""Benign-explanation test: very short lifetime (p99+) and high throughput argue against a routine admin script, cron job, or health-check."", ""Decide: the escalation mechanism and high failed_call_rate outweigh XGBoost's benign call; this supports the CNN.""]","[""uid_is_root"", ""euid_root"", ""exec_count"", ""failed_call_rate"", ""failed_call_count""]","{
  ""verdict"": ""MALICIOUS"",
  ""confidence"": 0.99,
  ""rationale_steps"": [
    ""Privilege state: root context with uid_is_root and euid_root set -- a clear indication of elevated privileges."",
    ""Mechanism: exec_count is elevated with euid_root/uid_is_root set but auid_euid_mismatch absent -- a classic setuid-shell escalation."",
    ""Behavioural anomaly: failed_call_rate is 1 with failed_call_count elevated -- a high rate of failed syscalls."",
    ""Benign-explanation test: very short lifetime (p99+) and high throughput argue against a routine admin script, cron job, or health-check."",
    ""Decide: the escalation mechanism and high failed_call_rate outweigh XGBoost's benign call; this supports the CNN.""
  ],
  ""key_features"": [""uid_is_root"", ""euid_root"", ""exec_count"", ""failed_call_rate"", ""failed_call_count""],
  ""agrees_with"": ""cnn""
}"
26723,4,1,T1222,0,1,0.839655876159668,0.99452805519104,xgb_benign_cnn_malicious,MALICIOUS,1,0.99,cnn,ok,"[""Privilege state: root context with euid_root and uid_is_root set -- a real identity consistency and privilege transition."", ""Mechanism: exec_count is elevated with euid_root/uid_is_root set but auid_euid_mismatch absent -- a classic setuid-shell escalation."", ""Behavioural anomaly: very high throughput (events_per_second, seq_length, unique_syscalls) and short lifetime (p99+) argue against a routine admin script, cron job, or health-check."", ""Benign-explanation test: the absence of auid_euid_mismatch and shell_from_service makes it unlikely to be a privilege escalation."", ""Decide: the escalation mechanism and high throughput outweigh XGBoost's benign call; this supports the CNN.""]","[""euid_root"", ""uid_is_root"", ""exec_count"", ""events_per_second"", ""seq_length""]","{
  ""verdict"": ""MALICIOUS"",
  ""confidence"": 0.99,
  ""rationale_steps"": [
    ""Privilege state: root context with euid_root and uid_is_root set -- a real identity consistency and privilege transition."",
    ""Mechanism: exec_count is elevated with euid_root/uid_is_root set but auid_euid_mismatch absent -- a classic setuid-shell escalation."",
    ""Behavioural anomaly: very high throughput (events_per_second, seq_length, unique_syscalls) and short lifetime (p99+) argue against a routine admin script, cron job, or health-check."",
    ""Benign-explanation test: the absence of auid_euid_mismatch and shell_from_service makes it unlikely to be a privilege escalation."",
    ""Decide: the escalation mechanism and high throughput outweigh XGBoost's benign call; this supports the CNN.""
  ],
  ""key_features"": [""euid_root"", ""uid_is_root"", ""exec_count"", ""events_per_second"", ""seq_length""],
  ""agrees_with"": ""cnn""
}"
26810,2,1,T1548,0,1,0.964673638343811,0.9870211482048036,xgb_benign_cnn_malicious,MALICIOUS,1,0.99,cnn,ok,"[""Privilege state: root context with uid_is_root and euid_root set -- a clear indication of elevated privileges."", ""Mechanism: exec_count is elevated with euid_root and uid_is_root set -- a classic sign of a setuid-shell escalation."", ""Behavioural anomaly: failed_call_rate is 1 with failed_call_count elevated -- a high rate of failed syscalls."", ""Benign-explanation test: very short lifetime (p99+) and high throughput argue against a routine admin script, cron job, or health-check."", ""Decide: the escalation mechanism and high failed_call_rate outweigh XGBoost's benign call; this supports the CNN.""]","[""uid_is_root"", ""euid_root"", ""exec_count"", ""failed_call_rate"", ""failed_call_count""]","{
  ""verdict"": ""MALICIOUS"",
  ""confidence"": 0.99,
  ""rationale_steps"": [
    ""Privilege state: root context with uid_is_root and euid_root set -- a clear indication of elevated privileges."",
    ""Mechanism: exec_count is elevated with euid_root and uid_is_root set -- a classic sign of a setuid-shell escalation."",
    ""Behavioural anomaly: failed_call_rate is 1 with failed_call_count elevated -- a high rate of failed syscalls."",
    ""Benign-explanation test: very short lifetime (p99+) and high throughput argue against a routine admin script, cron job, or health-check."",
    ""Decide: the escalation mechanism and high failed_call_rate outweigh XGBoost's benign call; this supports the CNN.""
  ],
  ""key_features"": [""uid_is_root"", ""euid_root"", ""exec_count"", ""failed_call_rate"", ""failed_call_count""],
  ""agrees_with"": ""cnn""
}"
26814,3,1,T1548,1,0,0.999918818473816,0.8624439835548401,xgb_malicious_cnn_benign,MALICIOUS,1,0.93,cnn,ok,"[""Privilege state: root context with max_uid_euid_delta at p99+ and auid_euid_mismatch set -- a real identity inconsistency and privilege transition."", ""Mechanism: exec_count is elevated with euid_root/uid_is_root set but auid_euid_mismatch absent -- a classic setuid-shell escalation."", ""Behavioural anomaly: very short lifetime (p99+) and high throughput argue for a malicious process."", ""Benign-explanation test: the absence of shell_from_service and uid_is_root unset argue against a routine admin script, cron job, or health-check."", ""Decide: the escalation mechanism and high throughput outweigh XGBoost's malicious call; this supports the CNN.""]","[""lifetime_seconds"", ""unique_syscalls"", ""uid_is_root"", ""euid_root"", ""max_uid_euid_delta""]","{
  ""verdict"": ""MALICIOUS"",
  ""confidence"": 0.93,
  ""rationale_steps"": [
    ""Privilege state: root context with max_uid_euid_delta at p99+ and auid_euid_mismatch set -- a real identity inconsistency and privilege transition."",
    ""Mechanism: exec_count is elevated with euid_root/uid_is_root set but auid_euid_mismatch absent -- a classic setuid-shell escalation."",
    ""Behavioural anomaly: very short lifetime (p99+) and high throughput argue for a malicious process."",
    ""Benign-explanation test: the absence of shell_from_service and uid_is_root unset argue against a routine admin script, cron job, or health-check."",
    ""Decide: the escalation mechanism and high throughput outweigh XGBoost's malicious call; this supports the CNN.""
  ],
  ""key_features"": [""lifetime_seconds"", ""unique_syscalls"", ""uid_is_root"", ""euid_root"", ""max_uid_euid_delta""],
  ""agrees_with"": ""cnn""
}"
28292,2,1,T1595,0,1,0.001278604613617,0.999983251094818,xgb_benign_cnn_malicious,MALICIOUS,1,0.95,cnn,ok,"[""Privilege state: no genuine UID/EUID transition or root context; euid_root and uid_is_root are unset, and max_uid_euid_delta is 0."", ""Mechanism: no setuid/setgid execution, unusual exec chain, or shell spawned by a service; exec_count is 0, and shell_from_service is unset."", ""Behavioural anomaly: high syscall throughput (events_per_second=1) and short lifetime (lifetime_seconds=1) are unusual for benign activity."", ""Benign-explanation test: the short lifetime and high syscall throughput make it unlikely to be an admin scripting, cron job, or health-check."", ""Decide: the high syscall throughput and short lifetime outweigh XGBoost's benign call; this supports the CNN.""]","[""lifetime_seconds"", ""events_per_second"", ""unique_syscalls"", ""uid_is_root"", ""auid_euid_mismatch""]","{
  ""verdict"": ""MALICIOUS"",
  ""confidence"": 0.95,
  ""rationale_steps"": [
    ""Privilege state: no genuine UID/EUID transition or root context; euid_root and uid_is_root are unset, and max_uid_euid_delta is 0."",
    ""Mechanism: no setuid/setgid execution, unusual exec chain, or shell spawned by a service; exec_count is 0, and shell_from_service is unset."",
    ""Behavioural anomaly: high syscall throughput (events_per_second=1) and short lifetime (lifetime_seconds=1) are unusual for benign activity."",
    ""Benign-explanation test: the short lifetime and high syscall throughput make it unlikely to be an admin scripting, cron job, or health-check."",
    ""Decide: the high syscall throughput and short lifetime outweigh XGBoost's benign call; this supports the CNN.""
  ],
  ""key_features"": [""lifetime_seconds"", ""events_per_second"", ""unique_syscalls"", ""uid_is_root"", ""auid_euid_mismatch""],
  ""agrees_with"": ""cnn""
}"
28865,3,1,T1548,1,0,0.999918818473816,0.8624439835548401,xgb_malicious_cnn_benign,MALICIOUS,1,0.93,cnn,ok,"[""Privilege state: root context with max_uid_euid_delta at p99+ and auid_euid_mismatch set -- a real identity inconsistency and privilege transition."", ""Mechanism: exec_count is elevated with euid_root/uid_is_root set but auid_euid_mismatch absent -- a classic setuid-shell escalation."", ""Behavioural anomaly: very short lifetime (p99+) and high throughput argue for a malicious process."", ""Benign-explanation test: the absence of shell_from_service and uid_is_root unset argue against a routine admin script, cron job, or health-check."", ""Decide: the escalation mechanism and high throughput outweigh XGBoost's malicious call; this supports the CNN.""]","[""lifetime_seconds"", ""unique_syscalls"", ""uid_is_root"", ""euid_root"", ""max_uid_euid_delta""]","{
  ""verdict"": ""MALICIOUS"",
  ""confidence"": 0.93,
  ""rationale_steps"": [
    ""Privilege state: root context with max_uid_euid_delta at p99+ and auid_euid_mismatch set -- a real identity inconsistency and privilege transition."",
    ""Mechanism: exec_count is elevated with euid_root/uid_is_root set but auid_euid_mismatch absent -- a classic setuid-shell escalation."",
    ""Behavioural anomaly: very short lifetime (p99+) and high throughput argue for a malicious process."",
    ""Benign-explanation test: the absence of shell_from_service and uid_is_root unset argue against a routine admin script, cron job, or health-check."",
    ""Decide: the escalation mechanism and high throughput outweigh XGBoost's malicious call; this supports the CNN.""
  ],
  ""key_features"": [""lifetime_seconds"", ""unique_syscalls"", ""uid_is_root"", ""euid_root"", ""max_uid_euid_delta""],
  ""agrees_with"": ""cnn""
}"
28933,3,1,T1548,1,0,0.999918818473816,0.8624513745307922,xgb_malicious_cnn_benign,MALICIOUS,1,0.93,cnn,ok,"[""Privilege state: root context with max_uid_euid_delta at p99+ and auid_euid_mismatch set -- a real identity inconsistency and privilege transition."", ""Mechanism: exec_count is elevated with euid_root/uid_is_root set but auid_euid_mismatch absent -- a classic setuid-shell escalation."", ""Behavioural anomaly: very short lifetime (p99+) and high throughput argue for a malicious process."", ""Benign-explanation test: the absence of shell_from_service and uid_is_root unset argue against a routine admin script, cron job, or health-check."", ""Decide: the escalation mechanism and behavioural anomalies outweigh XGBoost's malicious call; this supports the CNN.""]","[""lifetime_seconds"", ""unique_syscalls"", ""uid_is_root"", ""euid_root"", ""max_uid_euid_delta""]","{
  ""verdict"": ""MALICIOUS"",
  ""confidence"": 0.93,
  ""rationale_steps"": [
    ""Privilege state: root context with max_uid_euid_delta at p99+ and auid_euid_mismatch set -- a real identity inconsistency and privilege transition."",
    ""Mechanism: exec_count is elevated with euid_root/uid_is_root set but auid_euid_mismatch absent -- a classic setuid-shell escalation."",
    ""Behavioural anomaly: very short lifetime (p99+) and high throughput argue for a malicious process."",
    ""Benign-explanation test: the absence of shell_from_service and uid_is_root unset argue against a routine admin script, cron job, or health-check."",
    ""Decide: the escalation mechanism and behavioural anomalies outweigh XGBoost's malicious call; this supports the CNN.""
  ],
  ""key_features"": [""lifetime_seconds"", ""unique_syscalls"", ""uid_is_root"", ""euid_root"", ""max_uid_euid_delta""],
  ""agrees_with"": ""cnn""
}"
28935,3,1,T1548,1,0,0.999918818473816,0.8624513745307922,xgb_malicious_cnn_benign,MALICIOUS,1,0.93,cnn,ok,"[""Privilege state: root context with max_uid_euid_delta at p99+ and auid_euid_mismatch set -- a real identity inconsistency and privilege transition."", ""Mechanism: exec_count is elevated with euid_root/uid_is_root set but auid_euid_mismatch absent -- a classic setuid-shell escalation."", ""Behavioural anomaly: very short lifetime (p99+) and high throughput argue for a malicious process."", ""Benign-explanation test: the absence of shell_from_service and uid_is_root unset argue against a routine admin script, cron job, or health-check."", ""Decide: the escalation mechanism and behavioural anomalies outweigh XGBoost's malicious call; this supports the CNN.""]","[""max_uid_euid_delta"", ""auid_euid_mismatch"", ""exec_count"", ""euid_root"", ""uid_is_root""]","{
  ""verdict"": ""MALICIOUS"",
  ""confidence"": 0.93,
  ""rationale_steps"": [
    ""Privilege state: root context with max_uid_euid_delta at p99+ and auid_euid_mismatch set -- a real identity inconsistency and privilege transition."",
    ""Mechanism: exec_count is elevated with euid_root/uid_is_root set but auid_euid_mismatch absent -- a classic setuid-shell escalation."",
    ""Behavioural anomaly: very short lifetime (p99+) and high throughput argue for a malicious process."",
    ""Benign-explanation test: the absence of shell_from_service and uid_is_root unset argue against a routine admin script, cron job, or health-check."",
    ""Decide: the escalation mechanism and behavioural anomalies outweigh XGBoost's malicious call; this supports the CNN.""
  ],
  ""key_features"": [""max_uid_euid_delta"", ""auid_euid_mismatch"", ""exec_count"", ""euid_root"", ""uid_is_root""],
  ""agrees_with"": ""cnn""
}"
28949,2,1,T1548,0,1,0.964673638343811,0.9870211482048036,xgb_benign_cnn_malicious,MALICIOUS,1,0.99,cnn,ok,"[""Privilege state: root context with uid_is_root and euid_root set -- a clear indication of elevated privileges."", ""Mechanism: exec_count is elevated with euid_root/uid_is_root set but auid_euid_mismatch absent -- a classic setuid-shell escalation."", ""Behavioural anomaly: failed_call_rate is 1 with failed_call_count elevated -- a high rate of failed syscalls."", ""Benign-explanation test: very short lifetime (p99+) and high throughput argue against a routine admin script, cron job, or health-check."", ""Decide: the escalation mechanism and high failed_call_rate outweigh XGBoost's benign call; this supports the CNN.""]","[""uid_is_root"", ""euid_root"", ""exec_count"", ""failed_call_rate"", ""failed_call_count""]","{
  ""verdict"": ""MALICIOUS"",
  ""confidence"": 0.99,
  ""rationale_steps"": [
    ""Privilege state: root context with uid_is_root and euid_root set -- a clear indication of elevated privileges."",
    ""Mechanism: exec_count is elevated with euid_root/uid_is_root set but auid_euid_mismatch absent -- a classic setuid-shell escalation."",
    ""Behavioural anomaly: failed_call_rate is 1 with failed_call_count elevated -- a high rate of failed syscalls."",
    ""Benign-explanation test: very short lifetime (p99+) and high throughput argue against a routine admin script, cron job, or health-check."",
    ""Decide: the escalation mechanism and high failed_call_rate outweigh XGBoost's benign call; this supports the CNN.""
  ],
  ""key_features"": [""uid_is_root"", ""euid_root"", ""exec_count"", ""failed_call_rate"", ""failed_call_count""],
  ""agrees_with"": ""cnn""
}"
29574,3,0,benign,1,0,0.9765482544898988,0.8522466421127319,xgb_malicious_cnn_benign,MALICIOUS,1,0.98,cnn,ok,"[""Privilege state: root context with uid_is_root and euid_root set -- a clear indication of elevated privileges."", ""Mechanism: no setuid/setgid execution or shell spawned from a service, but a high exec_count with euid_root/uid_is_root set -- a potential escalation mechanism."", ""Behavioural anomaly: high throughput with events_per_second and seq_length at p98/p98, and unique_syscalls at p99+ -- a rare and unusual syscall pattern."", ""Benign-explanation test: short lifetime (p99+) and high throughput argue against a routine admin script, cron job, or health-check."", ""Decide: the privilege state and high throughput outweigh XGBoost's malicious call; this supports the CNN.""]","[""uid_is_root"", ""euid_root"", ""events_per_second"", ""seq_length"", ""unique_syscalls""]","{
  ""verdict"": ""MALICIOUS"",
  ""confidence"": 0.98,
  ""rationale_steps"": [
    ""Privilege state: root context with uid_is_root and euid_root set -- a clear indication of elevated privileges."",
    ""Mechanism: no setuid/setgid execution or shell spawned from a service, but a high exec_count with euid_root/uid_is_root set -- a potential escalation mechanism."",
    ""Behavioural anomaly: high throughput with events_per_second and seq_length at p98/p98, and unique_syscalls at p99+ -- a rare and unusual syscall pattern."",
    ""Benign-explanation test: short lifetime (p99+) and high throughput argue against a routine admin script, cron job, or health-check."",
    ""Decide: the privilege state and high throughput outweigh XGBoost's malicious call; this supports the CNN.""
  ],
  ""key_features"": [""uid_is_root"", ""euid_root"", ""events_per_second"", ""seq_length"", ""unique_syscalls""],
  ""agrees_with"": ""cnn""
}"
29657,3,1,T1222,1,0,0.9765482544898988,0.8522466421127319,xgb_malicious_cnn_benign,MALICIOUS,1,0.98,cnn,ok,"[""Privilege state: root context with uid_is_root and euid_root set -- a clear indication of elevated privileges."", ""Mechanism: no setuid/setgid execution, unusual exec chain, or shell spawned by a service -- no classic escalation mechanism."", ""Behavioural anomaly: failed-syscall rate is low, but auid_euid_mismatch is set and max_uid_euid_delta is low -- a potential identity inconsistency."", ""Benign-explanation test: very short lifetime (p99+) and high throughput argue against a routine admin script, cron job, or health-check."", ""Decide: the privilege state and behavioural anomaly outweigh XGBoost's malicious call; this supports the CNN.""]","[""uid_is_root"", ""euid_root"", ""auid_euid_mismatch"", ""max_uid_euid_delta"", ""lifetime_seconds""]","{
  ""verdict"": ""MALICIOUS"",
  ""confidence"": 0.98,
  ""rationale_steps"": [
    ""Privilege state: root context with uid_is_root and euid_root set -- a clear indication of elevated privileges."",
    ""Mechanism: no setuid/setgid execution, unusual exec chain, or shell spawned by a service -- no classic escalation mechanism."",
    ""Behavioural anomaly: failed-syscall rate is low, but auid_euid_mismatch is set and max_uid_euid_delta is low -- a potential identity inconsistency."",
    ""Benign-explanation test: very short lifetime (p99+) and high throughput argue against a routine admin script, cron job, or health-check."",
    ""Decide: the privilege state and behavioural anomaly outweigh XGBoost's malicious call; this supports the CNN.""
  ],
  ""key_features"": [""uid_is_root"", ""euid_root"", ""auid_euid_mismatch"", ""max_uid_euid_delta"", ""lifetime_seconds""],
  ""agrees_with"": ""cnn""
}"
30391,2,1,T1548,0,1,0.964673638343811,0.9870211482048036,xgb_benign_cnn_malicious,MALICIOUS,1,0.99,cnn,ok,"[""Privilege state: root context with uid_is_root and euid_root set -- a clear indication of elevated privileges."", ""Mechanism: exec_count is elevated with euid_root/uid_is_root set but auid_euid_mismatch absent -- a classic setuid-shell escalation."", ""Behavioural anomaly: failed_call_rate is 1 with failed_call_count elevated -- a high rate of failed syscalls."", ""Benign-explanation test: very short lifetime (p99+) and high throughput argue against a routine admin script, cron job, or health-check."", ""Decide: the escalation mechanism and high failed_call_rate outweigh XGBoost's benign call; this supports the CNN.""]","[""uid_is_root"", ""euid_root"", ""exec_count"", ""failed_call_rate"", ""failed_call_count""]","{
  ""verdict"": ""MALICIOUS"",
  ""confidence"": 0.99,
  ""rationale_steps"": [
    ""Privilege state: root context with uid_is_root and euid_root set -- a clear indication of elevated privileges."",
    ""Mechanism: exec_count is elevated with euid_root/uid_is_root set but auid_euid_mismatch absent -- a classic setuid-shell escalation."",
    ""Behavioural anomaly: failed_call_rate is 1 with failed_call_count elevated -- a high rate of failed syscalls."",
    ""Benign-explanation test: very short lifetime (p99+) and high throughput argue against a routine admin script, cron job, or health-check."",
    ""Decide: the escalation mechanism and high failed_call_rate outweigh XGBoost's benign call; this supports the CNN.""
  ],
  ""key_features"": [""uid_is_root"", ""euid_root"", ""exec_count"", ""failed_call_rate"", ""failed_call_count""],
  ""agrees_with"": ""cnn""
}"
30398,4,1,T1222,0,1,0.8588305115699768,0.9928185343742372,xgb_benign_cnn_malicious,MALICIOUS,1,0.99,cnn,ok,"[""Privilege state: root context with euid_root and uid_is_root set -- a real identity consistency and privilege transition."", ""Mechanism: priv_op_count is elevated and auid_euid_mismatch is set -- a classic privilege escalation."", ""Behavioural anomaly: very high throughput (events_per_second at p99+) and a long syscall sequence (seq_length at p99+) -- an exec pair essentially never seen in benign activity."", ""Benign-explanation test: very short lifetime (p99+) and high throughput argue against a routine admin script, cron job, or health-check."", ""Decide: the escalation mechanism and high throughput outweigh XGBoost's benign call; this supports the CNN.""]","[""euid_root"", ""uid_is_root"", ""priv_op_count"", ""auid_euid_mismatch"", ""events_per_second""]","{
  ""verdict"": ""MALICIOUS"",
  ""confidence"": 0.99,
  ""rationale_steps"": [
    ""Privilege state: root context with euid_root and uid_is_root set -- a real identity consistency and privilege transition."",
    ""Mechanism: priv_op_count is elevated and auid_euid_mismatch is set -- a classic privilege escalation."",
    ""Behavioural anomaly: very high throughput (events_per_second at p99+) and a long syscall sequence (seq_length at p99+) -- an exec pair essentially never seen in benign activity."",
    ""Benign-explanation test: very short lifetime (p99+) and high throughput argue against a routine admin script, cron job, or health-check."",
    ""Decide: the escalation mechanism and high throughput outweigh XGBoost's benign call; this supports the CNN.""
  ],
  ""key_features"": [""euid_root"", ""uid_is_root"", ""priv_op_count"", ""auid_euid_mismatch"", ""events_per_second""],
  ""agrees_with"": ""cnn""
}"
30417,2,1,T1548,0,1,0.9779095649719238,0.9780508279800416,xgb_benign_cnn_malicious,MALICIOUS,1,0.98,cnn,ok,"[""Privilege state: root context with auid_euid_mismatch set and max_uid_euid_delta at p77 -- a real identity inconsistency and privilege transition."", ""Mechanism: exec_count is elevated with euid_root/uid_is_root set but auid_euid_mismatch absent -- a classic setuid-shell escalation."", ""Behavioural anomaly: failed_call_rate is low with priv_op_count elevated -- a missed attack pattern."", ""Benign-explanation test: very short lifetime (p99+) and high throughput argue against a routine admin script, cron job, or health-check."", ""Decide: the escalation mechanism and privilege transition outweigh XGBoost's benign call; this supports the CNN.""]","[""auid_euid_mismatch"", ""max_uid_euid_delta"", ""exec_count"", ""euid_root"", ""uid_is_root""]","{
  ""verdict"": ""MALICIOUS"",
  ""confidence"": 0.98,
  ""rationale_steps"": [
    ""Privilege state: root context with auid_euid_mismatch set and max_uid_euid_delta at p77 -- a real identity inconsistency and privilege transition."",
    ""Mechanism: exec_count is elevated with euid_root/uid_is_root set but auid_euid_mismatch absent -- a classic setuid-shell escalation."",
    ""Behavioural anomaly: failed_call_rate is low with priv_op_count elevated -- a missed attack pattern."",
    ""Benign-explanation test: very short lifetime (p99+) and high throughput argue against a routine admin script, cron job, or health-check."",
    ""Decide: the escalation mechanism and privilege transition outweigh XGBoost's benign call; this supports the CNN.""
  ],
  ""key_features"": [""auid_euid_mismatch"", ""max_uid_euid_delta"", ""exec_count"", ""euid_root"", ""uid_is_root""],
  ""agrees_with"": ""cnn""
}"
31035,2,1,T1548,0,1,0.964673638343811,0.9870211482048036,xgb_benign_cnn_malicious,MALICIOUS,1,0.99,cnn,ok,"[""Privilege state: root context with uid_is_root and euid_root set -- a clear indication of elevated privileges."", ""Mechanism: exec_count is elevated with euid_root and uid_is_root set -- a classic sign of a setuid-shell escalation."", ""Behavioural anomaly: failed_call_rate is 1 with failed_call_count elevated -- a high rate of failed syscalls."", ""Benign-explanation test: very short lifetime (p99+) and high throughput argue against a routine admin script, cron job, or health-check."", ""Decide: the escalation mechanism and high failed_call_rate outweigh XGBoost's benign call; this supports the CNN.""]","[""uid_is_root"", ""euid_root"", ""exec_count"", ""failed_call_rate"", ""failed_call_count""]","{
  ""verdict"": ""MALICIOUS"",
  ""confidence"": 0.99,
  ""rationale_steps"": [
    ""Privilege state: root context with uid_is_root and euid_root set -- a clear indication of elevated privileges."",
    ""Mechanism: exec_count is elevated with euid_root and uid_is_root set -- a classic sign of a setuid-shell escalation."",
    ""Behavioural anomaly: failed_call_rate is 1 with failed_call_count elevated -- a high rate of failed syscalls."",
    ""Benign-explanation test: very short lifetime (p99+) and high throughput argue against a routine admin script, cron job, or health-check."",
    ""Decide: the escalation mechanism and high failed_call_rate outweigh XGBoost's benign call; this supports the CNN.""
  ],
  ""key_features"": [""uid_is_root"", ""euid_root"", ""exec_count"", ""failed_call_rate"", ""failed_call_count""],
  ""agrees_with"": ""cnn""
}"
31036,2,1,T1548,0,1,0.964673638343811,0.9870211482048036,xgb_benign_cnn_malicious,MALICIOUS,1,0.99,cnn,ok,"[""Privilege state: root context with uid_is_root and euid_root set -- a real identity and privilege transition."", ""Mechanism: exec_count is elevated with euid_root/uid_is_root set but auid_euid_mismatch absent -- a classic setuid-shell escalation."", ""Behavioural anomaly: failed_call_rate is low with priv_op_count elevated -- a missed attack pattern."", ""Benign-explanation test: very short lifetime (p99+) and high throughput argue against a routine admin script, cron job, or health-check."", ""Decide: the escalation mechanism and low failed_call_rate outweigh XGBoost's benign call; this supports the CNN.""]","[""uid_is_root"", ""euid_root"", ""exec_count"", ""priv_op_count"", ""failed_call_rate""]","{
  ""verdict"": ""MALICIOUS"",
  ""confidence"": 0.99,
  ""rationale_steps"": [
    ""Privilege state: root context with uid_is_root and euid_root set -- a real identity and privilege transition."",
    ""Mechanism: exec_count is elevated with euid_root/uid_is_root set but auid_euid_mismatch absent -- a classic setuid-shell escalation."",
    ""Behavioural anomaly: failed_call_rate is low with priv_op_count elevated -- a missed attack pattern."",
    ""Benign-explanation test: very short lifetime (p99+) and high throughput argue against a routine admin script, cron job, or health-check."",
    ""Decide: the escalation mechanism and low failed_call_rate outweigh XGBoost's benign call; this supports the CNN.""
  ],
  ""key_features"": [""uid_is_root"", ""euid_root"", ""exec_count"", ""priv_op_count"", ""failed_call_rate""],
  ""agrees_with"": ""cnn""
}"
31085,3,1,T1548,1,0,0.999918818473816,0.8624513745307922,xgb_malicious_cnn_benign,MALICIOUS,1,0.93,cnn,ok,"[""Privilege state: root context with max_uid_euid_delta at p99+ and auid_euid_mismatch set -- a real identity inconsistency and privilege transition."", ""Mechanism: exec_count is elevated with euid_root/uid_is_root set but auid_euid_mismatch absent -- a classic setuid-shell escalation."", ""Behavioural anomaly: very short lifetime (p99+) and high throughput argue for a malicious process."", ""Benign-explanation test: the absence of shell_from_service and low failed_call_rate argue against a routine admin script, cron job, or health-check."", ""Decide: the escalation mechanism and high throughput outweigh XGBoost's malicious call; this supports the CNN.""]","[""max_uid_euid_delta"", ""auid_euid_mismatch"", ""exec_count"", ""euid_root"", ""uid_is_root""]","{
  ""verdict"": ""MALICIOUS"",
  ""confidence"": 0.93,
  ""rationale_steps"": [
    ""Privilege state: root context with max_uid_euid_delta at p99+ and auid_euid_mismatch set -- a real identity inconsistency and privilege transition."",
    ""Mechanism: exec_count is elevated with euid_root/uid_is_root set but auid_euid_mismatch absent -- a classic setuid-shell escalation."",
    ""Behavioural anomaly: very short lifetime (p99+) and high throughput argue for a malicious process."",
    ""Benign-explanation test: the absence of shell_from_service and low failed_call_rate argue against a routine admin script, cron job, or health-check."",
    ""Decide: the escalation mechanism and high throughput outweigh XGBoost's malicious call; this supports the CNN.""
  ],
  ""key_features"": [""max_uid_euid_delta"", ""auid_euid_mismatch"", ""exec_count"", ""euid_root"", ""uid_is_root""],
  ""agrees_with"": ""cnn""
}"
31677,2,1,T1595,0,1,0.001278604613617,0.999983251094818,xgb_benign_cnn_malicious,MALICIOUS,1,0.95,cnn,ok,"[""Privilege state: no genuine UID/EUID transition or root context; euid_root and uid_is_root are unset, and max_uid_euid_delta is 0."", ""Mechanism: no setuid/setgid execution, unusual exec chain, or shell spawned by a service; exec_count is 0, and shell_from_service is unset."", ""Behavioural anomaly: high syscall throughput (events_per_second=1) and short lifetime (lifetime_seconds=1) are unusual for benign activity."", ""Benign-explanation test: the short lifetime and high syscall throughput make it unlikely to be an admin scripting, cron job, or health-check."", ""Decide: the high syscall throughput and short lifetime outweigh XGBoost's benign call; this supports the CNN.""]","[""lifetime_seconds"", ""events_per_second"", ""unique_syscalls"", ""uid_is_root"", ""auid_euid_mismatch""]","{
  ""verdict"": ""MALICIOUS"",
  ""confidence"": 0.95,
  ""rationale_steps"": [
    ""Privilege state: no genuine UID/EUID transition or root context; euid_root and uid_is_root are unset, and max_uid_euid_delta is 0."",
    ""Mechanism: no setuid/setgid execution, unusual exec chain, or shell spawned by a service; exec_count is 0, and shell_from_service is unset."",
    ""Behavioural anomaly: high syscall throughput (events_per_second=1) and short lifetime (lifetime_seconds=1) are unusual for benign activity."",
    ""Benign-explanation test: the short lifetime and high syscall throughput make it unlikely to be an admin scripting, cron job, or health-check."",
    ""Decide: the high syscall throughput and short lifetime outweigh XGBoost's benign call; this supports the CNN.""
  ],
  ""key_features"": [""lifetime_seconds"", ""events_per_second"", ""unique_syscalls"", ""uid_is_root"", ""auid_euid_mismatch""],
  ""agrees_with"": ""cnn""
}"
31682,2,0,benign,0,1,0.001278604613617,0.999983251094818,xgb_benign_cnn_malicious,MALICIOUS,1,0.95,cnn,ok,"[""Privilege state: no genuine UID/EUID transition or root context; euid_root and uid_is_root are unset, and max_uid_euid_delta is 0."", ""Mechanism: no setuid/setgid execution, unusual exec chain, or shell spawned by a service; exec_count is 0, and shell_from_service is unset."", ""Behavioural anomaly: high syscall throughput (events_per_second=1) and short lifetime (lifetime_seconds=1) are unusual for an attack; file_access_count is elevated, but network_count is 0."", ""Benign-explanation test: the short lifetime and high syscall throughput argue against a routine admin script, cron job, or health-check; unique_syscalls is elevated, but this is not a clear indicator of an attack."", ""Decide: the absence of a clear escalation mechanism and the unusual behavioural features outweigh XGBoost's benign call; this supports the CNN.""]","[""lifetime_seconds"", ""events_per_second"", ""unique_syscalls"", ""file_access_count"", ""network_count""]","{
  ""verdict"": ""MALICIOUS"",
  ""confidence"": 0.95,
  ""rationale_steps"": [
    ""Privilege state: no genuine UID/EUID transition or root context; euid_root and uid_is_root are unset, and max_uid_euid_delta is 0."",
    ""Mechanism: no setuid/setgid execution, unusual exec chain, or shell spawned by a service; exec_count is 0, and shell_from_service is unset."",
    ""Behavioural anomaly: high syscall throughput (events_per_second=1) and short lifetime (lifetime_seconds=1) are unusual for an attack; file_access_count is elevated, but network_count is 0."",
    ""Benign-explanation test: the short lifetime and high syscall throughput argue against a routine admin script, cron job, or health-check; unique_syscalls is elevated, but this is not a clear indicator of an attack."",
    ""Decide: the absence of a clear escalation mechanism and the unusual behavioural features outweigh XGBoost's benign call; this supports the CNN.""
  ],
  ""key_features"": [""lifetime_seconds"", ""events_per_second"", ""unique_syscalls"", ""file_access_count"", ""network_count""],
  ""agrees_with"": ""cnn""
}"
32445,4,1,T1222,0,1,0.8476836681365967,0.9918534755706788,xgb_benign_cnn_malicious,MALICIOUS,1,0.99,cnn,ok,"[""Privilege state: root context with euid_root and uid_is_root set -- a real identity and privilege transition."", ""Mechanism: high syscall throughput (events_per_second at p99+) and a long syscall sequence (seq_length at p99+) -- a classic sign of a privilege escalation attempt."", ""Behavioural anomaly: high syscall throughput and a long syscall sequence are rare in benign activity, and the absence of network activity and file-access syscalls suggests a contained escalation attempt."", ""Benign-explanation test: the short lifetime (p99+) and high syscall throughput argue against a routine admin script, cron job, or health-check."", ""Decide: the privilege escalation mechanism and behavioural anomalies outweigh XGBoost's benign call; this supports the CNN.""]","[""events_per_second"", ""seq_length"", ""uid_is_root"", ""euid_root"", ""auid_euid_mismatch""]","{
  ""verdict"": ""MALICIOUS"",
  ""confidence"": 0.99,
  ""rationale_steps"": [
    ""Privilege state: root context with euid_root and uid_is_root set -- a real identity and privilege transition."",
    ""Mechanism: high syscall throughput (events_per_second at p99+) and a long syscall sequence (seq_length at p99+) -- a classic sign of a privilege escalation attempt."",
    ""Behavioural anomaly: high syscall throughput and a long syscall sequence are rare in benign activity, and the absence of network activity and file-access syscalls suggests a contained escalation attempt."",
    ""Benign-explanation test: the short lifetime (p99+) and high syscall throughput argue against a routine admin script, cron job, or health-check."",
    ""Decide: the privilege escalation mechanism and behavioural anomalies outweigh XGBoost's benign call; this supports the CNN.""
  ],
  ""key_features"": [""events_per_second"", ""seq_length"", ""uid_is_root"", ""euid_root"", ""auid_euid_mismatch""],
  ""agrees_with"": ""cnn""
}"
32456,2,1,T1548,0,1,0.964673638343811,0.9870211482048036,xgb_benign_cnn_malicious,MALICIOUS,1,0.99,cnn,ok,"[""Privilege state: root context with uid_is_root and euid_root set -- a clear indication of elevated privileges."", ""Mechanism: exec_count is elevated with euid_root and uid_is_root set -- a classic sign of a setuid-shell escalation."", ""Behavioural anomaly: failed_call_rate is 1 with failed_call_count elevated -- a high rate of failed syscalls."", ""Benign-explanation test: very short lifetime (p99+) and high throughput argue against a routine admin script, cron job, or health-check."", ""Decide: the escalation mechanism and high failed_call_rate outweigh XGBoost's benign call; this supports the CNN.""]","[""uid_is_root"", ""euid_root"", ""exec_count"", ""failed_call_rate"", ""failed_call_count""]","{
  ""verdict"": ""MALICIOUS"",
  ""confidence"": 0.99,
  ""rationale_steps"": [
    ""Privilege state: root context with uid_is_root and euid_root set -- a clear indication of elevated privileges."",
    ""Mechanism: exec_count is elevated with euid_root and uid_is_root set -- a classic sign of a setuid-shell escalation."",
    ""Behavioural anomaly: failed_call_rate is 1 with failed_call_count elevated -- a high rate of failed syscalls."",
    ""Benign-explanation test: very short lifetime (p99+) and high throughput argue against a routine admin script, cron job, or health-check."",
    ""Decide: the escalation mechanism and high failed_call_rate outweigh XGBoost's benign call; this supports the CNN.""
  ],
  ""key_features"": [""uid_is_root"", ""euid_root"", ""exec_count"", ""failed_call_rate"", ""failed_call_count""],
  ""agrees_with"": ""cnn""
}"
32558,2,1,T1548,0,1,0.964673638343811,0.9870211482048036,xgb_benign_cnn_malicious,MALICIOUS,1,0.99,cnn,ok,"[""Privilege state: root context with uid_is_root and euid_root set -- a real identity and privilege transition."", ""Mechanism: exec_count is elevated with euid_root/uid_is_root set but auid_euid_mismatch absent -- a classic setuid-shell escalation."", ""Behavioural anomaly: failed_call_rate is low with priv_op_count elevated -- a missed attack pattern."", ""Benign-explanation test: very short lifetime (p99+) and high throughput argue against a routine admin script, cron job, or health-check."", ""Decide: the escalation mechanism and low failed_call_rate outweigh XGBoost's benign call; this supports the CNN.""]","[""uid_is_root"", ""euid_root"", ""exec_count"", ""priv_op_count"", ""failed_call_rate""]","{
  ""verdict"": ""MALICIOUS"",
  ""confidence"": 0.99,
  ""rationale_steps"": [
    ""Privilege state: root context with uid_is_root and euid_root set -- a real identity and privilege transition."",
    ""Mechanism: exec_count is elevated with euid_root/uid_is_root set but auid_euid_mismatch absent -- a classic setuid-shell escalation."",
    ""Behavioural anomaly: failed_call_rate is low with priv_op_count elevated -- a missed attack pattern."",
    ""Benign-explanation test: very short lifetime (p99+) and high throughput argue against a routine admin script, cron job, or health-check."",
    ""Decide: the escalation mechanism and low failed_call_rate outweigh XGBoost's benign call; this supports the CNN.""
  ],
  ""key_features"": [""uid_is_root"", ""euid_root"", ""exec_count"", ""priv_op_count"", ""failed_call_rate""],
  ""agrees_with"": ""cnn""
}"
33256,2,1,T1548,0,1,0.964673638343811,0.9870211482048036,xgb_benign_cnn_malicious,MALICIOUS,1,0.99,cnn,ok,"[""Privilege state: root context with uid_is_root and euid_root set -- a real identity and privilege transition."", ""Mechanism: exec_count is elevated with euid_root/uid_is_root set but auid_euid_mismatch absent -- a classic setuid-shell escalation."", ""Behavioural anomaly: failed_call_rate is low with priv_op_count elevated -- a missed attack pattern."", ""Benign-explanation test: very short lifetime (p99+) and high throughput argue against a routine admin script, cron job, or health-check."", ""Decide: the escalation mechanism and low failed_call_rate outweigh XGBoost's benign call; this supports the CNN.""]","[""uid_is_root"", ""euid_root"", ""exec_count"", ""priv_op_count"", ""failed_call_rate""]","{
  ""verdict"": ""MALICIOUS"",
  ""confidence"": 0.99,
  ""rationale_steps"": [
    ""Privilege state: root context with uid_is_root and euid_root set -- a real identity and privilege transition."",
    ""Mechanism: exec_count is elevated with euid_root/uid_is_root set but auid_euid_mismatch absent -- a classic setuid-shell escalation."",
    ""Behavioural anomaly: failed_call_rate is low with priv_op_count elevated -- a missed attack pattern."",
    ""Benign-explanation test: very short lifetime (p99+) and high throughput argue against a routine admin script, cron job, or health-check."",
    ""Decide: the escalation mechanism and low failed_call_rate outweigh XGBoost's benign call; this supports the CNN.""
  ],
  ""key_features"": [""uid_is_root"", ""euid_root"", ""exec_count"", ""priv_op_count"", ""failed_call_rate""],
  ""agrees_with"": ""cnn""
}"
33944,2,1,T1548,0,1,0.964673638343811,0.9870211482048036,xgb_benign_cnn_malicious,MALICIOUS,1,0.99,cnn,ok,"[""Privilege state: root context with uid_is_root and euid_root set -- a real identity and privilege transition."", ""Mechanism: exec_count is elevated with euid_root/uid_is_root set but auid_euid_mismatch absent -- a classic setuid-shell escalation."", ""Behavioural anomaly: failed_call_rate is low with priv_op_count elevated -- a missed attack pattern."", ""Benign-explanation test: very short lifetime (p99+) and high throughput argue against a routine admin script, cron job, or health-check."", ""Decide: the escalation mechanism and low failed_call_rate outweigh XGBoost's benign call; this supports the CNN.""]","[""uid_is_root"", ""euid_root"", ""exec_count"", ""priv_op_count"", ""failed_call_rate""]","{
  ""verdict"": ""MALICIOUS"",
  ""confidence"": 0.99,
  ""rationale_steps"": [
    ""Privilege state: root context with uid_is_root and euid_root set -- a real identity and privilege transition."",
    ""Mechanism: exec_count is elevated with euid_root/uid_is_root set but auid_euid_mismatch absent -- a classic setuid-shell escalation."",
    ""Behavioural anomaly: failed_call_rate is low with priv_op_count elevated -- a missed attack pattern."",
    ""Benign-explanation test: very short lifetime (p99+) and high throughput argue against a routine admin script, cron job, or health-check."",
    ""Decide: the escalation mechanism and low failed_call_rate outweigh XGBoost's benign call; this supports the CNN.""
  ],
  ""key_features"": [""uid_is_root"", ""euid_root"", ""exec_count"", ""priv_op_count"", ""failed_call_rate""],
  ""agrees_with"": ""cnn""
}"
35375,2,1,T1548,0,1,0.964673638343811,0.9870211482048036,xgb_benign_cnn_malicious,MALICIOUS,1,0.99,cnn,ok,"[""Privilege state: root context with uid_is_root and euid_root set -- a real identity and privilege transition."", ""Mechanism: exec_count is elevated with euid_root/uid_is_root set but auid_euid_mismatch absent -- a classic setuid-shell escalation."", ""Behavioural anomaly: failed_call_rate is low with priv_op_count elevated -- a missed attack pattern."", ""Benign-explanation test: very short lifetime (p99+) and high throughput argue against a routine admin script, cron job, or health-check."", ""Decide: the escalation mechanism and low failed_call_rate outweigh XGBoost's benign call; this supports the CNN.""]","[""uid_is_root"", ""euid_root"", ""exec_count"", ""priv_op_count"", ""failed_call_rate""]","{
  ""verdict"": ""MALICIOUS"",
  ""confidence"": 0.99,
  ""rationale_steps"": [
    ""Privilege state: root context with uid_is_root and euid_root set -- a real identity and privilege transition."",
    ""Mechanism: exec_count is elevated with euid_root/uid_is_root set but auid_euid_mismatch absent -- a classic setuid-shell escalation."",
    ""Behavioural anomaly: failed_call_rate is low with priv_op_count elevated -- a missed attack pattern."",
    ""Benign-explanation test: very short lifetime (p99+) and high throughput argue against a routine admin script, cron job, or health-check."",
    ""Decide: the escalation mechanism and low failed_call_rate outweigh XGBoost's benign call; this supports the CNN.""
  ],
  ""key_features"": [""uid_is_root"", ""euid_root"", ""exec_count"", ""priv_op_count"", ""failed_call_rate""],
  ""agrees_with"": ""cnn""
}"
36198,3,1,T1548,1,0,0.999918818473816,0.8624439835548401,xgb_malicious_cnn_benign,MALICIOUS,1,0.93,cnn,ok,"[""Privilege state: root context with max_uid_euid_delta at p99+ and auid_euid_mismatch set -- a real identity inconsistency and privilege transition."", ""Mechanism: exec_count is elevated with euid_root/uid_is_root set but auid_euid_mismatch absent -- a classic setuid-shell escalation."", ""Behavioural anomaly: very short lifetime (p99+) and high throughput argue for a malicious process."", ""Benign-explanation test: the absence of shell_from_service and uid_is_root unset argue against a routine admin script, cron job, or health-check."", ""Decide: the escalation mechanism and high throughput outweigh XGBoost's malicious call; this supports the CNN.""]","[""lifetime_seconds"", ""unique_syscalls"", ""uid_is_root"", ""euid_root"", ""max_uid_euid_delta""]","{
  ""verdict"": ""MALICIOUS"",
  ""confidence"": 0.93,
  ""rationale_steps"": [
    ""Privilege state: root context with max_uid_euid_delta at p99+ and auid_euid_mismatch set -- a real identity inconsistency and privilege transition."",
    ""Mechanism: exec_count is elevated with euid_root/uid_is_root set but auid_euid_mismatch absent -- a classic setuid-shell escalation."",
    ""Behavioural anomaly: very short lifetime (p99+) and high throughput argue for a malicious process."",
    ""Benign-explanation test: the absence of shell_from_service and uid_is_root unset argue against a routine admin script, cron job, or health-check."",
    ""Decide: the escalation mechanism and high throughput outweigh XGBoost's malicious call; this supports the CNN.""
  ],
  ""key_features"": [""lifetime_seconds"", ""unique_syscalls"", ""uid_is_root"", ""euid_root"", ""max_uid_euid_delta""],
  ""agrees_with"": ""cnn""
}"
36948,3,1,T1548,1,0,0.999918818473816,0.8624513745307922,xgb_malicious_cnn_benign,MALICIOUS,1,0.93,cnn,ok,"[""Privilege state: root context with max_uid_euid_delta at p99+ and auid_euid_mismatch set -- a real identity inconsistency and privilege transition."", ""Mechanism: exec_count is elevated with euid_root/uid_is_root set but auid_euid_mismatch absent -- a classic setuid-shell escalation."", ""Behavioural anomaly: very short lifetime (p99+) and high throughput argue for a malicious process."", ""Benign-explanation test: the absence of shell_from_service and uid_is_root unset argue against a routine admin script, cron job, or health-check."", ""Decide: the escalation mechanism and behavioural anomalies outweigh XGBoost's malicious call; this supports the CNN.""]","[""lifetime_seconds"", ""unique_syscalls"", ""uid_is_root"", ""euid_root"", ""max_uid_euid_delta""]","{
  ""verdict"": ""MALICIOUS"",
  ""confidence"": 0.93,
  ""rationale_steps"": [
    ""Privilege state: root context with max_uid_euid_delta at p99+ and auid_euid_mismatch set -- a real identity inconsistency and privilege transition."",
    ""Mechanism: exec_count is elevated with euid_root/uid_is_root set but auid_euid_mismatch absent -- a classic setuid-shell escalation."",
    ""Behavioural anomaly: very short lifetime (p99+) and high throughput argue for a malicious process."",
    ""Benign-explanation test: the absence of shell_from_service and uid_is_root unset argue against a routine admin script, cron job, or health-check."",
    ""Decide: the escalation mechanism and behavioural anomalies outweigh XGBoost's malicious call; this supports the CNN.""
  ],
  ""key_features"": [""lifetime_seconds"", ""unique_syscalls"", ""uid_is_root"", ""euid_root"", ""max_uid_euid_delta""],
  ""agrees_with"": ""cnn""
}"
37534,2,1,T1548,0,1,0.964673638343811,0.9870211482048036,xgb_benign_cnn_malicious,MALICIOUS,1,0.99,cnn,ok,"[""Privilege state: root context with uid_is_root and euid_root set -- a clear indication of elevated privileges."", ""Mechanism: exec_count is elevated with euid_root/uid_is_root set but auid_euid_mismatch absent -- a classic setuid-shell escalation."", ""Behavioural anomaly: failed_call_rate is 1 with failed_call_count elevated -- a high rate of failed syscalls."", ""Benign-explanation test: very short lifetime (p99+) and high throughput argue against a routine admin script, cron job, or health-check."", ""Decide: the escalation mechanism and high failed_call_rate outweigh XGBoost's benign call; this supports the CNN.""]","[""uid_is_root"", ""euid_root"", ""exec_count"", ""failed_call_rate"", ""failed_call_count""]","{
  ""verdict"": ""MALICIOUS"",
  ""confidence"": 0.99,
  ""rationale_steps"": [
    ""Privilege state: root context with uid_is_root and euid_root set -- a clear indication of elevated privileges."",
    ""Mechanism: exec_count is elevated with euid_root/uid_is_root set but auid_euid_mismatch absent -- a classic setuid-shell escalation."",
    ""Behavioural anomaly: failed_call_rate is 1 with failed_call_count elevated -- a high rate of failed syscalls."",
    ""Benign-explanation test: very short lifetime (p99+) and high throughput argue against a routine admin script, cron job, or health-check."",
    ""Decide: the escalation mechanism and high failed_call_rate outweigh XGBoost's benign call; this supports the CNN.""
  ],
  ""key_features"": [""uid_is_root"", ""euid_root"", ""exec_count"", ""failed_call_rate"", ""failed_call_count""],
  ""agrees_with"": ""cnn""
}"
37615,3,1,T1548,1,0,0.999918818473816,0.8624439835548401,xgb_malicious_cnn_benign,MALICIOUS,1,0.93,cnn,ok,"[""Privilege state: root context with max_uid_euid_delta at p99+ and auid_euid_mismatch set -- a real identity inconsistency and privilege transition."", ""Mechanism: exec_count is elevated with euid_root/uid_is_root set but auid_euid_mismatch absent -- a classic setuid-shell escalation."", ""Behavioural anomaly: very short lifetime (p99+) and high throughput argue for a malicious process."", ""Benign-explanation test: the absence of shell_from_service and uid_is_root unset argue against a routine admin script, cron job, or health-check."", ""Decide: the escalation mechanism and high throughput outweigh XGBoost's malicious call; this supports the CNN.""]","[""lifetime_seconds"", ""unique_syscalls"", ""uid_is_root"", ""euid_root"", ""max_uid_euid_delta""]","{
  ""verdict"": ""MALICIOUS"",
  ""confidence"": 0.93,
  ""rationale_steps"": [
    ""Privilege state: root context with max_uid_euid_delta at p99+ and auid_euid_mismatch set -- a real identity inconsistency and privilege transition."",
    ""Mechanism: exec_count is elevated with euid_root/uid_is_root set but auid_euid_mismatch absent -- a classic setuid-shell escalation."",
    ""Behavioural anomaly: very short lifetime (p99+) and high throughput argue for a malicious process."",
    ""Benign-explanation test: the absence of shell_from_service and uid_is_root unset argue against a routine admin script, cron job, or health-check."",
    ""Decide: the escalation mechanism and high throughput outweigh XGBoost's malicious call; this supports the CNN.""
  ],
  ""key_features"": [""lifetime_seconds"", ""unique_syscalls"", ""uid_is_root"", ""euid_root"", ""max_uid_euid_delta""],
  ""agrees_with"": ""cnn""
}"
37666,3,1,T1548,1,0,0.999918818473816,0.8624513745307922,xgb_malicious_cnn_benign,MALICIOUS,1,0.93,cnn,ok,"[""Privilege state: root context with max_uid_euid_delta at p99+ and auid_euid_mismatch set -- a real identity inconsistency and privilege transition."", ""Mechanism: exec_count is elevated with euid_root/uid_is_root set but auid_euid_mismatch absent -- a classic setuid-shell escalation."", ""Behavioural anomaly: very short lifetime (p99+) and high throughput argue for a malicious process."", ""Benign-explanation test: the absence of shell_from_service and uid_is_root unset argue against a routine admin script, cron job, or health-check."", ""Decide: the escalation mechanism and behavioural anomalies outweigh XGBoost's malicious call; this supports the CNN.""]","[""lifetime_seconds"", ""unique_syscalls"", ""uid_is_root"", ""euid_root"", ""max_uid_euid_delta""]","{
  ""verdict"": ""MALICIOUS"",
  ""confidence"": 0.93,
  ""rationale_steps"": [
    ""Privilege state: root context with max_uid_euid_delta at p99+ and auid_euid_mismatch set -- a real identity inconsistency and privilege transition."",
    ""Mechanism: exec_count is elevated with euid_root/uid_is_root set but auid_euid_mismatch absent -- a classic setuid-shell escalation."",
    ""Behavioural anomaly: very short lifetime (p99+) and high throughput argue for a malicious process."",
    ""Benign-explanation test: the absence of shell_from_service and uid_is_root unset argue against a routine admin script, cron job, or health-check."",
    ""Decide: the escalation mechanism and behavioural anomalies outweigh XGBoost's malicious call; this supports the CNN.""
  ],
  ""key_features"": [""lifetime_seconds"", ""unique_syscalls"", ""uid_is_root"", ""euid_root"", ""max_uid_euid_delta""],
  ""agrees_with"": ""cnn""
}"
40441,2,0,benign,0,1,0.001278604613617,0.999983251094818,xgb_benign_cnn_malicious,MALICIOUS,1,0.95,cnn,ok,"[""Privilege state: no genuine UID/EUID transition or root context; euid_root and uid_is_root are unset, and max_uid_euid_delta is 0."", ""Mechanism: no setuid/setgid execution, unusual exec chain, or shell spawned by a service; exec_count is 0, and shell_from_service is unset."", ""Behavioural anomaly: high syscall throughput (events_per_second=1) and short lifetime (lifetime_seconds=1) are unusual for benign activity."", ""Benign-explanation test: the short lifetime and high syscall throughput make it unlikely to be an admin scripting, cron job, or health-check."", ""Decide: the high syscall throughput and short lifetime outweigh XGBoost's benign call; this supports the CNN.""]","[""lifetime_seconds"", ""events_per_second"", ""unique_syscalls"", ""uid_is_root"", ""auid_euid_mismatch""]","{
  ""verdict"": ""MALICIOUS"",
  ""confidence"": 0.95,
  ""rationale_steps"": [
    ""Privilege state: no genuine UID/EUID transition or root context; euid_root and uid_is_root are unset, and max_uid_euid_delta is 0."",
    ""Mechanism: no setuid/setgid execution, unusual exec chain, or shell spawned by a service; exec_count is 0, and shell_from_service is unset."",
    ""Behavioural anomaly: high syscall throughput (events_per_second=1) and short lifetime (lifetime_seconds=1) are unusual for benign activity."",
    ""Benign-explanation test: the short lifetime and high syscall throughput make it unlikely to be an admin scripting, cron job, or health-check."",
    ""Decide: the high syscall throughput and short lifetime outweigh XGBoost's benign call; this supports the CNN.""
  ],
  ""key_features"": [""lifetime_seconds"", ""events_per_second"", ""unique_syscalls"", ""uid_is_root"", ""auid_euid_mismatch""],
  ""agrees_with"": ""cnn""
}"
40549,2,1,T1548,0,1,0.964673638343811,0.9870211482048036,xgb_benign_cnn_malicious,MALICIOUS,1,0.99,cnn,ok,"[""Privilege state: root context with uid_is_root and euid_root set -- a clear indication of elevated privileges."", ""Mechanism: exec_count is elevated with euid_root and uid_is_root set -- a classic sign of a setuid-shell escalation."", ""Behavioural anomaly: failed_call_rate is 1 with failed_call_count elevated -- a high rate of failed syscalls."", ""Benign-explanation test: very short lifetime (p99+) and high throughput argue against a routine admin script, cron job, or health-check."", ""Decide: the escalation mechanism and high failed_call_rate outweigh XGBoost's benign call; this supports the CNN.""]","[""uid_is_root"", ""euid_root"", ""exec_count"", ""failed_call_rate"", ""failed_call_count""]","{
  ""verdict"": ""MALICIOUS"",
  ""confidence"": 0.99,
  ""rationale_steps"": [
    ""Privilege state: root context with uid_is_root and euid_root set -- a clear indication of elevated privileges."",
    ""Mechanism: exec_count is elevated with euid_root and uid_is_root set -- a classic sign of a setuid-shell escalation."",
    ""Behavioural anomaly: failed_call_rate is 1 with failed_call_count elevated -- a high rate of failed syscalls."",
    ""Benign-explanation test: very short lifetime (p99+) and high throughput argue against a routine admin script, cron job, or health-check."",
    ""Decide: the escalation mechanism and high failed_call_rate outweigh XGBoost's benign call; this supports the CNN.""
  ],
  ""key_features"": [""uid_is_root"", ""euid_root"", ""exec_count"", ""failed_call_rate"", ""failed_call_count""],
  ""agrees_with"": ""cnn""
}"
40555,2,1,T1548,0,1,0.964673638343811,0.9870211482048036,xgb_benign_cnn_malicious,MALICIOUS,1,0.99,cnn,ok,"[""Privilege state: root context with uid_is_root and euid_root set -- a real identity and privilege transition."", ""Mechanism: exec_count is elevated with euid_root/uid_is_root set but auid_euid_mismatch absent -- a classic setuid-shell escalation."", ""Behavioural anomaly: failed_call_rate is low with priv_op_count elevated -- a missed attack pattern."", ""Benign-explanation test: very short lifetime (p99+) and high throughput argue against a routine admin script, cron job, or health-check."", ""Decide: the escalation mechanism and low failed_call_rate outweigh XGBoost's benign call; this supports the CNN.""]","[""uid_is_root"", ""euid_root"", ""exec_count"", ""priv_op_count"", ""failed_call_rate""]","{
  ""verdict"": ""MALICIOUS"",
  ""confidence"": 0.99,
  ""rationale_steps"": [
    ""Privilege state: root context with uid_is_root and euid_root set -- a real identity and privilege transition."",
    ""Mechanism: exec_count is elevated with euid_root/uid_is_root set but auid_euid_mismatch absent -- a classic setuid-shell escalation."",
    ""Behavioural anomaly: failed_call_rate is low with priv_op_count elevated -- a missed attack pattern."",
    ""Benign-explanation test: very short lifetime (p99+) and high throughput argue against a routine admin script, cron job, or health-check."",
    ""Decide: the escalation mechanism and low failed_call_rate outweigh XGBoost's benign call; this supports the CNN.""
  ],
  ""key_features"": [""uid_is_root"", ""euid_root"", ""exec_count"", ""priv_op_count"", ""failed_call_rate""],
  ""agrees_with"": ""cnn""
}"
40556,2,1,T1548,0,1,0.964673638343811,0.9870211482048036,xgb_benign_cnn_malicious,MALICIOUS,1,0.99,cnn,ok,"[""Privilege state: root context with uid_is_root and euid_root set -- a real identity and privilege transition."", ""Mechanism: exec_count is elevated with euid_root/uid_is_root set but auid_euid_mismatch absent -- a classic setuid-shell escalation."", ""Behavioural anomaly: failed_call_rate is low with priv_op_count elevated -- a missed attack pattern."", ""Benign-explanation test: very short lifetime (p99+) and high throughput argue against a routine admin script, cron job, or health-check."", ""Decide: the escalation mechanism and low failed_call_rate outweigh XGBoost's benign call; this supports the CNN.""]","[""uid_is_root"", ""euid_root"", ""exec_count"", ""priv_op_count"", ""failed_call_rate""]","{
  ""verdict"": ""MALICIOUS"",
  ""confidence"": 0.99,
  ""rationale_steps"": [
    ""Privilege state: root context with uid_is_root and euid_root set -- a real identity and privilege transition."",
    ""Mechanism: exec_count is elevated with euid_root/uid_is_root set but auid_euid_mismatch absent -- a classic setuid-shell escalation."",
    ""Behavioural anomaly: failed_call_rate is low with priv_op_count elevated -- a missed attack pattern."",
    ""Benign-explanation test: very short lifetime (p99+) and high throughput argue against a routine admin script, cron job, or health-check."",
    ""Decide: the escalation mechanism and low failed_call_rate outweigh XGBoost's benign call; this supports the CNN.""
  ],
  ""key_features"": [""uid_is_root"", ""euid_root"", ""exec_count"", ""priv_op_count"", ""failed_call_rate""],
  ""agrees_with"": ""cnn""
}"
40563,2,1,T1548,0,1,0.964673638343811,0.9870211482048036,xgb_benign_cnn_malicious,MALICIOUS,1,0.99,cnn,ok,"[""Privilege state: root context with uid_is_root and euid_root set -- a real identity and privilege transition."", ""Mechanism: exec_count is elevated with euid_root/uid_is_root set but auid_euid_mismatch absent -- a classic setuid-shell escalation."", ""Behavioural anomaly: failed_call_rate is low with priv_op_count elevated -- a missed attack pattern."", ""Benign-explanation test: very short lifetime (p99+) and high throughput argue against a routine admin script, cron job, or health-check."", ""Decide: the escalation mechanism and low failed_call_rate outweigh XGBoost's benign call; this supports the CNN.""]","[""uid_is_root"", ""euid_root"", ""exec_count"", ""priv_op_count"", ""failed_call_rate""]","{
  ""verdict"": ""MALICIOUS"",
  ""confidence"": 0.99,
  ""rationale_steps"": [
    ""Privilege state: root context with uid_is_root and euid_root set -- a real identity and privilege transition."",
    ""Mechanism: exec_count is elevated with euid_root/uid_is_root set but auid_euid_mismatch absent -- a classic setuid-shell escalation."",
    ""Behavioural anomaly: failed_call_rate is low with priv_op_count elevated -- a missed attack pattern."",
    ""Benign-explanation test: very short lifetime (p99+) and high throughput argue against a routine admin script, cron job, or health-check."",
    ""Decide: the escalation mechanism and low failed_call_rate outweigh XGBoost's benign call; this supports the CNN.""
  ],
  ""key_features"": [""uid_is_root"", ""euid_root"", ""exec_count"", ""priv_op_count"", ""failed_call_rate""],
  ""agrees_with"": ""cnn""
}"
40566,2,1,T1548,0,1,0.964673638343811,0.9870211482048036,xgb_benign_cnn_malicious,MALICIOUS,1,0.99,cnn,ok,"[""Privilege state: root context with uid_is_root and euid_root set -- a real identity and privilege transition."", ""Mechanism: exec_count is elevated with euid_root/uid_is_root set but auid_euid_mismatch absent -- a classic setuid-shell escalation."", ""Behavioural anomaly: failed_call_rate is low with priv_op_count elevated -- a missed attack pattern."", ""Benign-explanation test: very short lifetime (p99+) and high throughput argue against a routine admin script, cron job, or health-check."", ""Decide: the escalation mechanism and low failed_call_rate outweigh XGBoost's benign call; this supports the CNN.""]","[""uid_is_root"", ""euid_root"", ""exec_count"", ""priv_op_count"", ""failed_call_rate""]","{
  ""verdict"": ""MALICIOUS"",
  ""confidence"": 0.99,
  ""rationale_steps"": [
    ""Privilege state: root context with uid_is_root and euid_root set -- a real identity and privilege transition."",
    ""Mechanism: exec_count is elevated with euid_root/uid_is_root set but auid_euid_mismatch absent -- a classic setuid-shell escalation."",
    ""Behavioural anomaly: failed_call_rate is low with priv_op_count elevated -- a missed attack pattern."",
    ""Benign-explanation test: very short lifetime (p99+) and high throughput argue against a routine admin script, cron job, or health-check."",
    ""Decide: the escalation mechanism and low failed_call_rate outweigh XGBoost's benign call; this supports the CNN.""
  ],
  ""key_features"": [""uid_is_root"", ""euid_root"", ""exec_count"", ""priv_op_count"", ""failed_call_rate""],
  ""agrees_with"": ""cnn""
}"
40571,2,1,T1548,0,1,0.964673638343811,0.9870211482048036,xgb_benign_cnn_malicious,MALICIOUS,1,0.99,cnn,ok,"[""Privilege state: root context with uid_is_root and euid_root set -- a real identity and privilege transition."", ""Mechanism: exec_count is elevated with euid_root/uid_is_root set but auid_euid_mismatch absent -- a classic setuid-shell escalation."", ""Behavioural anomaly: failed_call_rate is low with priv_op_count elevated -- a missed attack pattern."", ""Benign-explanation test: very short lifetime (p99+) and high throughput argue against a routine admin script, cron job, or health-check."", ""Decide: the escalation mechanism and low failed_call_rate outweigh XGBoost's benign call; this supports the CNN.""]","[""uid_is_root"", ""euid_root"", ""exec_count"", ""priv_op_count"", ""failed_call_rate""]","{
  ""verdict"": ""MALICIOUS"",
  ""confidence"": 0.99,
  ""rationale_steps"": [
    ""Privilege state: root context with uid_is_root and euid_root set -- a real identity and privilege transition."",
    ""Mechanism: exec_count is elevated with euid_root/uid_is_root set but auid_euid_mismatch absent -- a classic setuid-shell escalation."",
    ""Behavioural anomaly: failed_call_rate is low with priv_op_count elevated -- a missed attack pattern."",
    ""Benign-explanation test: very short lifetime (p99+) and high throughput argue against a routine admin script, cron job, or health-check."",
    ""Decide: the escalation mechanism and low failed_call_rate outweigh XGBoost's benign call; this supports the CNN.""
  ],
  ""key_features"": [""uid_is_root"", ""euid_root"", ""exec_count"", ""priv_op_count"", ""failed_call_rate""],
  ""agrees_with"": ""cnn""
}"
40587,2,1,T1548,0,1,0.964673638343811,0.9870211482048036,xgb_benign_cnn_malicious,MALICIOUS,1,0.99,cnn,ok,"[""Privilege state: root context with uid_is_root and euid_root set -- a real identity and privilege transition."", ""Mechanism: exec_count is elevated with euid_root/uid_is_root set but auid_euid_mismatch absent -- a classic setuid-shell escalation."", ""Behavioural anomaly: failed_call_rate is low with priv_op_count elevated -- a missed attack pattern."", ""Benign-explanation test: very short lifetime (p99+) and high throughput argue against a routine admin script, cron job, or health-check."", ""Decide: the escalation mechanism and low failed_call_rate outweigh XGBoost's benign call; this supports the CNN.""]","[""uid_is_root"", ""euid_root"", ""exec_count"", ""priv_op_count"", ""failed_call_rate""]","{
  ""verdict"": ""MALICIOUS"",
  ""confidence"": 0.99,
  ""rationale_steps"": [
    ""Privilege state: root context with uid_is_root and euid_root set -- a real identity and privilege transition."",
    ""Mechanism: exec_count is elevated with euid_root/uid_is_root set but auid_euid_mismatch absent -- a classic setuid-shell escalation."",
    ""Behavioural anomaly: failed_call_rate is low with priv_op_count elevated -- a missed attack pattern."",
    ""Benign-explanation test: very short lifetime (p99+) and high throughput argue against a routine admin script, cron job, or health-check."",
    ""Decide: the escalation mechanism and low failed_call_rate outweigh XGBoost's benign call; this supports the CNN.""
  ],
  ""key_features"": [""uid_is_root"", ""euid_root"", ""exec_count"", ""priv_op_count"", ""failed_call_rate""],
  ""agrees_with"": ""cnn""
}"
40597,2,1,T1548,0,1,0.964673638343811,0.9870211482048036,xgb_benign_cnn_malicious,MALICIOUS,1,0.99,cnn,ok,"[""Privilege state: root context with uid_is_root and euid_root set -- a real identity and privilege transition."", ""Mechanism: exec_count is elevated with euid_root/uid_is_root set but auid_euid_mismatch absent -- a classic setuid-shell escalation."", ""Behavioural anomaly: failed_call_rate is low with priv_op_count elevated -- a missed attack pattern."", ""Benign-explanation test: very short lifetime (p99+) and high throughput argue against a routine admin script, cron job, or health-check."", ""Decide: the escalation mechanism and low failed_call_rate outweigh XGBoost's benign call; this supports the CNN.""]","[""uid_is_root"", ""euid_root"", ""exec_count"", ""priv_op_count"", ""failed_call_rate""]","{
  ""verdict"": ""MALICIOUS"",
  ""confidence"": 0.99,
  ""rationale_steps"": [
    ""Privilege state: root context with uid_is_root and euid_root set -- a real identity and privilege transition."",
    ""Mechanism: exec_count is elevated with euid_root/uid_is_root set but auid_euid_mismatch absent -- a classic setuid-shell escalation."",
    ""Behavioural anomaly: failed_call_rate is low with priv_op_count elevated -- a missed attack pattern."",
    ""Benign-explanation test: very short lifetime (p99+) and high throughput argue against a routine admin script, cron job, or health-check."",
    ""Decide: the escalation mechanism and low failed_call_rate outweigh XGBoost's benign call; this supports the CNN.""
  ],
  ""key_features"": [""uid_is_root"", ""euid_root"", ""exec_count"", ""priv_op_count"", ""failed_call_rate""],
  ""agrees_with"": ""cnn""
}"
40606,2,1,T1548,0,1,0.964673638343811,0.9870211482048036,xgb_benign_cnn_malicious,MALICIOUS,1,0.99,cnn,ok,"[""Privilege state: root context with uid_is_root and euid_root set -- a real identity and privilege transition."", ""Mechanism: exec_count is elevated with euid_root/uid_is_root set but auid_euid_mismatch absent -- a classic setuid-shell escalation."", ""Behavioural anomaly: failed_call_rate is low with priv_op_count elevated -- a missed attack pattern."", ""Benign-explanation test: very short lifetime (p99+) and high throughput argue against a routine admin script, cron job, or health-check."", ""Decide: the escalation mechanism and low failed_call_rate outweigh XGBoost's benign call; this supports the CNN.""]","[""uid_is_root"", ""euid_root"", ""exec_count"", ""priv_op_count"", ""failed_call_rate""]","{
  ""verdict"": ""MALICIOUS"",
  ""confidence"": 0.99,
  ""rationale_steps"": [
    ""Privilege state: root context with uid_is_root and euid_root set -- a real identity and privilege transition."",
    ""Mechanism: exec_count is elevated with euid_root/uid_is_root set but auid_euid_mismatch absent -- a classic setuid-shell escalation."",
    ""Behavioural anomaly: failed_call_rate is low with priv_op_count elevated -- a missed attack pattern."",
    ""Benign-explanation test: very short lifetime (p99+) and high throughput argue against a routine admin script, cron job, or health-check."",
    ""Decide: the escalation mechanism and low failed_call_rate outweigh XGBoost's benign call; this supports the CNN.""
  ],
  ""key_features"": [""uid_is_root"", ""euid_root"", ""exec_count"", ""priv_op_count"", ""failed_call_rate""],
  ""agrees_with"": ""cnn""
}"
40613,2,1,T1548,0,1,0.964673638343811,0.9870211482048036,xgb_benign_cnn_malicious,MALICIOUS,1,0.99,cnn,ok,"[""Privilege state: root context with uid_is_root and euid_root set -- a real identity and privilege transition."", ""Mechanism: exec_count is elevated with euid_root/uid_is_root set but auid_euid_mismatch absent -- a classic setuid-shell escalation."", ""Behavioural anomaly: failed_call_rate is low with priv_op_count elevated -- a missed attack pattern."", ""Benign-explanation test: very short lifetime (p99+) and high throughput argue against a routine admin script, cron job, or health-check."", ""Decide: the escalation mechanism and low failed_call_rate outweigh XGBoost's benign call; this supports the CNN.""]","[""uid_is_root"", ""euid_root"", ""exec_count"", ""priv_op_count"", ""failed_call_rate""]","{
  ""verdict"": ""MALICIOUS"",
  ""confidence"": 0.99,
  ""rationale_steps"": [
    ""Privilege state: root context with uid_is_root and euid_root set -- a real identity and privilege transition."",
    ""Mechanism: exec_count is elevated with euid_root/uid_is_root set but auid_euid_mismatch absent -- a classic setuid-shell escalation."",
    ""Behavioural anomaly: failed_call_rate is low with priv_op_count elevated -- a missed attack pattern."",
    ""Benign-explanation test: very short lifetime (p99+) and high throughput argue against a routine admin script, cron job, or health-check."",
    ""Decide: the escalation mechanism and low failed_call_rate outweigh XGBoost's benign call; this supports the CNN.""
  ],
  ""key_features"": [""uid_is_root"", ""euid_root"", ""exec_count"", ""priv_op_count"", ""failed_call_rate""],
  ""agrees_with"": ""cnn""
}"
40615,2,1,T1548,0,1,0.964673638343811,0.9870211482048036,xgb_benign_cnn_malicious,MALICIOUS,1,0.99,cnn,ok,"[""Privilege state: root context with uid_is_root and euid_root set -- a real identity and privilege transition."", ""Mechanism: exec_count is elevated with euid_root/uid_is_root set but auid_euid_mismatch absent -- a classic setuid-shell escalation."", ""Behavioural anomaly: failed_call_rate is low with priv_op_count elevated -- a missed attack pattern."", ""Benign-explanation test: very short lifetime (p99+) and high throughput argue against a routine admin script, cron job, or health-check."", ""Decide: the escalation mechanism and low failed_call_rate outweigh XGBoost's benign call; this supports the CNN.""]","[""uid_is_root"", ""euid_root"", ""exec_count"", ""priv_op_count"", ""failed_call_rate""]","{
  ""verdict"": ""MALICIOUS"",
  ""confidence"": 0.99,
  ""rationale_steps"": [
    ""Privilege state: root context with uid_is_root and euid_root set -- a real identity and privilege transition."",
    ""Mechanism: exec_count is elevated with euid_root/uid_is_root set but auid_euid_mismatch absent -- a classic setuid-shell escalation."",
    ""Behavioural anomaly: failed_call_rate is low with priv_op_count elevated -- a missed attack pattern."",
    ""Benign-explanation test: very short lifetime (p99+) and high throughput argue against a routine admin script, cron job, or health-check."",
    ""Decide: the escalation mechanism and low failed_call_rate outweigh XGBoost's benign call; this supports the CNN.""
  ],
  ""key_features"": [""uid_is_root"", ""euid_root"", ""exec_count"", ""priv_op_count"", ""failed_call_rate""],
  ""agrees_with"": ""cnn""
}"
40628,2,1,T1548,0,1,0.964673638343811,0.9870211482048036,xgb_benign_cnn_malicious,MALICIOUS,1,0.99,cnn,ok,"[""Privilege state: root context with uid_is_root and euid_root set -- a real identity and privilege transition."", ""Mechanism: exec_count is elevated with euid_root/uid_is_root set but auid_euid_mismatch absent -- a classic setuid-shell escalation."", ""Behavioural anomaly: failed_call_rate is low with priv_op_count elevated -- a missed attack pattern."", ""Benign-explanation test: very short lifetime (p99+) and high throughput argue against a routine admin script, cron job, or health-check."", ""Decide: the escalation mechanism and low failed_call_rate outweigh XGBoost's benign call; this supports the CNN.""]","[""uid_is_root"", ""euid_root"", ""exec_count"", ""priv_op_count"", ""failed_call_rate""]","{
  ""verdict"": ""MALICIOUS"",
  ""confidence"": 0.99,
  ""rationale_steps"": [
    ""Privilege state: root context with uid_is_root and euid_root set -- a real identity and privilege transition."",
    ""Mechanism: exec_count is elevated with euid_root/uid_is_root set but auid_euid_mismatch absent -- a classic setuid-shell escalation."",
    ""Behavioural anomaly: failed_call_rate is low with priv_op_count elevated -- a missed attack pattern."",
    ""Benign-explanation test: very short lifetime (p99+) and high throughput argue against a routine admin script, cron job, or health-check."",
    ""Decide: the escalation mechanism and low failed_call_rate outweigh XGBoost's benign call; this supports the CNN.""
  ],
  ""key_features"": [""uid_is_root"", ""euid_root"", ""exec_count"", ""priv_op_count"", ""failed_call_rate""],
  ""agrees_with"": ""cnn""
}"
40629,2,1,T1548,0,1,0.9779095649719238,0.9780508279800416,xgb_benign_cnn_malicious,MALICIOUS,1,0.98,cnn,ok,"[""Privilege state: root context with auid_euid_mismatch set and max_uid_euid_delta at p77 -- a real identity inconsistency and privilege transition."", ""Mechanism: exec_count is elevated with euid_root/uid_is_root set but auid_euid_mismatch absent -- a classic setuid-shell escalation."", ""Behavioural anomaly: failed_call_rate is low with priv_op_count elevated -- a missed attack pattern."", ""Benign-explanation test: very short lifetime (p99+) and high throughput argue against a routine admin script, cron job, or health-check."", ""Decide: the escalation mechanism and privilege transition outweigh XGBoost's benign call; this supports the CNN.""]","[""auid_euid_mismatch"", ""max_uid_euid_delta"", ""exec_count"", ""euid_root"", ""uid_is_root""]","{
  ""verdict"": ""MALICIOUS"",
  ""confidence"": 0.98,
  ""rationale_steps"": [
    ""Privilege state: root context with auid_euid_mismatch set and max_uid_euid_delta at p77 -- a real identity inconsistency and privilege transition."",
    ""Mechanism: exec_count is elevated with euid_root/uid_is_root set but auid_euid_mismatch absent -- a classic setuid-shell escalation."",
    ""Behavioural anomaly: failed_call_rate is low with priv_op_count elevated -- a missed attack pattern."",
    ""Benign-explanation test: very short lifetime (p99+) and high throughput argue against a routine admin script, cron job, or health-check."",
    ""Decide: the escalation mechanism and privilege transition outweigh XGBoost's benign call; this supports the CNN.""
  ],
  ""key_features"": [""auid_euid_mismatch"", ""max_uid_euid_delta"", ""exec_count"", ""euid_root"", ""uid_is_root""],
  ""agrees_with"": ""cnn""
}"
40631,2,1,T1548,0,1,0.9779095649719238,0.9780508279800416,xgb_benign_cnn_malicious,MALICIOUS,1,0.98,cnn,ok,"[""Privilege state: root context with auid_euid_mismatch set and max_uid_euid_delta at p77 -- a real identity inconsistency and privilege transition."", ""Mechanism: exec_count is elevated with euid_root and uid_is_root set -- a classic escalation mechanism."", ""Behavioural anomaly: failed_call_rate is 1 and failed_call_count is 2 -- a high rate of failed syscalls."", ""Benign-explanation test: very high throughput (p99+) and short lifetime (p99+) argue against a routine admin script, cron job, or health-check."", ""Decide: the escalation mechanism and high failed_call_rate outweigh XGBoost's benign call; this supports the CNN.""]","[""auid_euid_mismatch"", ""max_uid_euid_delta"", ""exec_count"", ""euid_root"", ""uid_is_root""]","{
  ""verdict"": ""MALICIOUS"",
  ""confidence"": 0.98,
  ""rationale_steps"": [
    ""Privilege state: root context with auid_euid_mismatch set and max_uid_euid_delta at p77 -- a real identity inconsistency and privilege transition."",
    ""Mechanism: exec_count is elevated with euid_root and uid_is_root set -- a classic escalation mechanism."",
    ""Behavioural anomaly: failed_call_rate is 1 and failed_call_count is 2 -- a high rate of failed syscalls."",
    ""Benign-explanation test: very high throughput (p99+) and short lifetime (p99+) argue against a routine admin script, cron job, or health-check."",
    ""Decide: the escalation mechanism and high failed_call_rate outweigh XGBoost's benign call; this supports the CNN.""
  ],
  ""key_features"": [""auid_euid_mismatch"", ""max_uid_euid_delta"", ""exec_count"", ""euid_root"", ""uid_is_root""],
  ""agrees_with"": ""cnn""
}"
40645,2,1,T1548,0,1,0.964673638343811,0.9870211482048036,xgb_benign_cnn_malicious,MALICIOUS,1,0.99,cnn,ok,"[""Privilege state: root context with uid_is_root and euid_root set -- a clear indication of elevated privileges."", ""Mechanism: exec_count is elevated with euid_root and uid_is_root set -- a classic sign of a setuid-shell escalation."", ""Behavioural anomaly: failed_call_rate is 1 with failed_call_count elevated -- a high rate of failed syscalls."", ""Benign-explanation test: very short lifetime (p99+) and high throughput argue against a routine admin script, cron job, or health-check."", ""Decide: the escalation mechanism and high failed_call_rate outweigh XGBoost's benign call; this supports the CNN.""]","[""uid_is_root"", ""euid_root"", ""exec_count"", ""failed_call_rate"", ""failed_call_count""]","{
  ""verdict"": ""MALICIOUS"",
  ""confidence"": 0.99,
  ""rationale_steps"": [
    ""Privilege state: root context with uid_is_root and euid_root set -- a clear indication of elevated privileges."",
    ""Mechanism: exec_count is elevated with euid_root and uid_is_root set -- a classic sign of a setuid-shell escalation."",
    ""Behavioural anomaly: failed_call_rate is 1 with failed_call_count elevated -- a high rate of failed syscalls."",
    ""Benign-explanation test: very short lifetime (p99+) and high throughput argue against a routine admin script, cron job, or health-check."",
    ""Decide: the escalation mechanism and high failed_call_rate outweigh XGBoost's benign call; this supports the CNN.""
  ],
  ""key_features"": [""uid_is_root"", ""euid_root"", ""exec_count"", ""failed_call_rate"", ""failed_call_count""],
  ""agrees_with"": ""cnn""
}"
40646,2,1,T1548,0,1,0.964673638343811,0.9870211482048036,xgb_benign_cnn_malicious,MALICIOUS,1,0.99,cnn,ok,"[""Privilege state: root context with uid_is_root and euid_root set -- a real identity and privilege transition."", ""Mechanism: exec_count is elevated with euid_root/uid_is_root set but auid_euid_mismatch absent -- a classic setuid-shell escalation."", ""Behavioural anomaly: failed_call_rate is low with priv_op_count elevated -- a missed attack pattern."", ""Benign-explanation test: very short lifetime (p99+) and high throughput argue against a routine admin script, cron job, or health-check."", ""Decide: the escalation mechanism and low failed_call_rate outweigh XGBoost's benign call; this supports the CNN.""]","[""uid_is_root"", ""euid_root"", ""exec_count"", ""priv_op_count"", ""failed_call_rate""]","{
  ""verdict"": ""MALICIOUS"",
  ""confidence"": 0.99,
  ""rationale_steps"": [
    ""Privilege state: root context with uid_is_root and euid_root set -- a real identity and privilege transition."",
    ""Mechanism: exec_count is elevated with euid_root/uid_is_root set but auid_euid_mismatch absent -- a classic setuid-shell escalation."",
    ""Behavioural anomaly: failed_call_rate is low with priv_op_count elevated -- a missed attack pattern."",
    ""Benign-explanation test: very short lifetime (p99+) and high throughput argue against a routine admin script, cron job, or health-check."",
    ""Decide: the escalation mechanism and low failed_call_rate outweigh XGBoost's benign call; this supports the CNN.""
  ],
  ""key_features"": [""uid_is_root"", ""euid_root"", ""exec_count"", ""priv_op_count"", ""failed_call_rate""],
  ""agrees_with"": ""cnn""
}"
40656,2,1,T1548,0,1,0.964673638343811,0.9870211482048036,xgb_benign_cnn_malicious,MALICIOUS,1,0.99,cnn,ok,"[""Privilege state: root context with uid_is_root and euid_root set -- a real identity and privilege transition."", ""Mechanism: exec_count is elevated with euid_root/uid_is_root set but auid_euid_mismatch absent -- a classic setuid-shell escalation."", ""Behavioural anomaly: failed_call_rate is low with priv_op_count elevated -- a missed attack pattern."", ""Benign-explanation test: very short lifetime (p99+) and high throughput argue against a routine admin script, cron job, or health-check."", ""Decide: the escalation mechanism and low failed_call_rate outweigh XGBoost's benign call; this supports the CNN.""]","[""uid_is_root"", ""euid_root"", ""exec_count"", ""priv_op_count"", ""failed_call_rate""]","{
  ""verdict"": ""MALICIOUS"",
  ""confidence"": 0.99,
  ""rationale_steps"": [
    ""Privilege state: root context with uid_is_root and euid_root set -- a real identity and privilege transition."",
    ""Mechanism: exec_count is elevated with euid_root/uid_is_root set but auid_euid_mismatch absent -- a classic setuid-shell escalation."",
    ""Behavioural anomaly: failed_call_rate is low with priv_op_count elevated -- a missed attack pattern."",
    ""Benign-explanation test: very short lifetime (p99+) and high throughput argue against a routine admin script, cron job, or health-check."",
    ""Decide: the escalation mechanism and low failed_call_rate outweigh XGBoost's benign call; this supports the CNN.""
  ],
  ""key_features"": [""uid_is_root"", ""euid_root"", ""exec_count"", ""priv_op_count"", ""failed_call_rate""],
  ""agrees_with"": ""cnn""
}"
40661,2,1,T1548,0,1,0.9779095649719238,0.9780508279800416,xgb_benign_cnn_malicious,MALICIOUS,1,0.98,cnn,ok,"[""Privilege state: root context with auid_euid_mismatch set and max_uid_euid_delta at p77 -- a real identity inconsistency and privilege transition."", ""Mechanism: exec_count is elevated with euid_root/uid_is_root set but auid_euid_mismatch absent -- a classic setuid-shell escalation."", ""Behavioural anomaly: failed_call_rate is low with priv_op_count elevated -- a missed attack pattern."", ""Benign-explanation test: very short lifetime (p99+) and high throughput argue against a routine admin script, cron job, or health-check."", ""Decide: the escalation mechanism and privilege transition outweigh XGBoost's benign call; this supports the CNN.""]","[""auid_euid_mismatch"", ""max_uid_euid_delta"", ""exec_count"", ""euid_root"", ""uid_is_root""]","{
  ""verdict"": ""MALICIOUS"",
  ""confidence"": 0.98,
  ""rationale_steps"": [
    ""Privilege state: root context with auid_euid_mismatch set and max_uid_euid_delta at p77 -- a real identity inconsistency and privilege transition."",
    ""Mechanism: exec_count is elevated with euid_root/uid_is_root set but auid_euid_mismatch absent -- a classic setuid-shell escalation."",
    ""Behavioural anomaly: failed_call_rate is low with priv_op_count elevated -- a missed attack pattern."",
    ""Benign-explanation test: very short lifetime (p99+) and high throughput argue against a routine admin script, cron job, or health-check."",
    ""Decide: the escalation mechanism and privilege transition outweigh XGBoost's benign call; this supports the CNN.""
  ],
  ""key_features"": [""auid_euid_mismatch"", ""max_uid_euid_delta"", ""exec_count"", ""euid_root"", ""uid_is_root""],
  ""agrees_with"": ""cnn""
}"
40663,2,1,T1548,0,1,0.964673638343811,0.9870211482048036,xgb_benign_cnn_malicious,MALICIOUS,1,0.99,cnn,ok,"[""Privilege state: root context with uid_is_root and euid_root set -- a clear indication of elevated privileges."", ""Mechanism: exec_count is elevated with euid_root and uid_is_root set -- a classic sign of a setuid-shell escalation."", ""Behavioural anomaly: failed_call_rate is 1 with failed_call_count elevated -- a high rate of failed syscalls."", ""Benign-explanation test: very short lifetime (p99+) and high throughput argue against a routine admin script, cron job, or health-check."", ""Decide: the escalation mechanism and high failed_call_rate outweigh XGBoost's benign call; this supports the CNN.""]","[""uid_is_root"", ""euid_root"", ""exec_count"", ""failed_call_rate"", ""failed_call_count""]","{
  ""verdict"": ""MALICIOUS"",
  ""confidence"": 0.99,
  ""rationale_steps"": [
    ""Privilege state: root context with uid_is_root and euid_root set -- a clear indication of elevated privileges."",
    ""Mechanism: exec_count is elevated with euid_root and uid_is_root set -- a classic sign of a setuid-shell escalation."",
    ""Behavioural anomaly: failed_call_rate is 1 with failed_call_count elevated -- a high rate of failed syscalls."",
    ""Benign-explanation test: very short lifetime (p99+) and high throughput argue against a routine admin script, cron job, or health-check."",
    ""Decide: the escalation mechanism and high failed_call_rate outweigh XGBoost's benign call; this supports the CNN.""
  ],
  ""key_features"": [""uid_is_root"", ""euid_root"", ""exec_count"", ""failed_call_rate"", ""failed_call_count""],
  ""agrees_with"": ""cnn""
}"
40670,2,1,T1548,0,1,0.964673638343811,0.9870211482048036,xgb_benign_cnn_malicious,MALICIOUS,1,0.99,cnn,ok,"[""Privilege state: root context with uid_is_root and euid_root set -- a real identity and privilege transition."", ""Mechanism: exec_count is elevated with euid_root/uid_is_root set but auid_euid_mismatch absent -- a classic setuid-shell escalation."", ""Behavioural anomaly: failed_call_rate is low with priv_op_count elevated -- a missed attack pattern."", ""Benign-explanation test: very short lifetime (p99+) and high throughput argue against a routine admin script, cron job, or health-check."", ""Decide: the escalation mechanism and low failed_call_rate outweigh XGBoost's benign call; this supports the CNN.""]","[""uid_is_root"", ""euid_root"", ""exec_count"", ""priv_op_count"", ""failed_call_rate""]","{
  ""verdict"": ""MALICIOUS"",
  ""confidence"": 0.99,
  ""rationale_steps"": [
    ""Privilege state: root context with uid_is_root and euid_root set -- a real identity and privilege transition."",
    ""Mechanism: exec_count is elevated with euid_root/uid_is_root set but auid_euid_mismatch absent -- a classic setuid-shell escalation."",
    ""Behavioural anomaly: failed_call_rate is low with priv_op_count elevated -- a missed attack pattern."",
    ""Benign-explanation test: very short lifetime (p99+) and high throughput argue against a routine admin script, cron job, or health-check."",
    ""Decide: the escalation mechanism and low failed_call_rate outweigh XGBoost's benign call; this supports the CNN.""
  ],
  ""key_features"": [""uid_is_root"", ""euid_root"", ""exec_count"", ""priv_op_count"", ""failed_call_rate""],
  ""agrees_with"": ""cnn""
}"
40673,2,1,T1548,0,1,0.964673638343811,0.9870211482048036,xgb_benign_cnn_malicious,MALICIOUS,1,0.99,cnn,ok,"[""Privilege state: root context with uid_is_root and euid_root set -- a real identity and privilege transition."", ""Mechanism: exec_count is elevated with euid_root/uid_is_root set but auid_euid_mismatch absent -- a classic setuid-shell escalation."", ""Behavioural anomaly: failed_call_rate is low with priv_op_count elevated -- a missed attack pattern."", ""Benign-explanation test: very short lifetime (p99+) and high throughput argue against a routine admin script, cron job, or health-check."", ""Decide: the escalation mechanism and low failed_call_rate outweigh XGBoost's benign call; this supports the CNN.""]","[""uid_is_root"", ""euid_root"", ""exec_count"", ""priv_op_count"", ""failed_call_rate""]","{
  ""verdict"": ""MALICIOUS"",
  ""confidence"": 0.99,
  ""rationale_steps"": [
    ""Privilege state: root context with uid_is_root and euid_root set -- a real identity and privilege transition."",
    ""Mechanism: exec_count is elevated with euid_root/uid_is_root set but auid_euid_mismatch absent -- a classic setuid-shell escalation."",
    ""Behavioural anomaly: failed_call_rate is low with priv_op_count elevated -- a missed attack pattern."",
    ""Benign-explanation test: very short lifetime (p99+) and high throughput argue against a routine admin script, cron job, or health-check."",
    ""Decide: the escalation mechanism and low failed_call_rate outweigh XGBoost's benign call; this supports the CNN.""
  ],
  ""key_features"": [""uid_is_root"", ""euid_root"", ""exec_count"", ""priv_op_count"", ""failed_call_rate""],
  ""agrees_with"": ""cnn""
}"
40680,2,1,T1548,0,1,0.964673638343811,0.9870211482048036,xgb_benign_cnn_malicious,MALICIOUS,1,0.99,cnn,ok,"[""Privilege state: root context with uid_is_root and euid_root set -- a real identity and privilege transition."", ""Mechanism: exec_count is elevated with euid_root/uid_is_root set but auid_euid_mismatch absent -- a classic setuid-shell escalation."", ""Behavioural anomaly: failed_call_rate is low with priv_op_count elevated -- a missed attack pattern."", ""Benign-explanation test: very short lifetime (p99+) and high throughput argue against a routine admin script, cron job, or health-check."", ""Decide: the escalation mechanism and low failed_call_rate outweigh XGBoost's benign call; this supports the CNN.""]","[""uid_is_root"", ""euid_root"", ""exec_count"", ""priv_op_count"", ""failed_call_rate""]","{
  ""verdict"": ""MALICIOUS"",
  ""confidence"": 0.99,
  ""rationale_steps"": [
    ""Privilege state: root context with uid_is_root and euid_root set -- a real identity and privilege transition."",
    ""Mechanism: exec_count is elevated with euid_root/uid_is_root set but auid_euid_mismatch absent -- a classic setuid-shell escalation."",
    ""Behavioural anomaly: failed_call_rate is low with priv_op_count elevated -- a missed attack pattern."",
    ""Benign-explanation test: very short lifetime (p99+) and high throughput argue against a routine admin script, cron job, or health-check."",
    ""Decide: the escalation mechanism and low failed_call_rate outweigh XGBoost's benign call; this supports the CNN.""
  ],
  ""key_features"": [""uid_is_root"", ""euid_root"", ""exec_count"", ""priv_op_count"", ""failed_call_rate""],
  ""agrees_with"": ""cnn""
}"
40682,2,1,T1548,0,1,0.964673638343811,0.9870211482048036,xgb_benign_cnn_malicious,MALICIOUS,1,0.99,cnn,ok,"[""Privilege state: root context with uid_is_root and euid_root set -- a real identity and privilege transition."", ""Mechanism: exec_count is elevated with euid_root/uid_is_root set but auid_euid_mismatch absent -- a classic setuid-shell escalation."", ""Behavioural anomaly: failed_call_rate is low with priv_op_count elevated -- a missed attack pattern."", ""Benign-explanation test: very short lifetime (p99+) and high throughput argue against a routine admin script, cron job, or health-check."", ""Decide: the escalation mechanism and low failed_call_rate outweigh XGBoost's benign call; this supports the CNN.""]","[""uid_is_root"", ""euid_root"", ""exec_count"", ""priv_op_count"", ""failed_call_rate""]","{
  ""verdict"": ""MALICIOUS"",
  ""confidence"": 0.99,
  ""rationale_steps"": [
    ""Privilege state: root context with uid_is_root and euid_root set -- a real identity and privilege transition."",
    ""Mechanism: exec_count is elevated with euid_root/uid_is_root set but auid_euid_mismatch absent -- a classic setuid-shell escalation."",
    ""Behavioural anomaly: failed_call_rate is low with priv_op_count elevated -- a missed attack pattern."",
    ""Benign-explanation test: very short lifetime (p99+) and high throughput argue against a routine admin script, cron job, or health-check."",
    ""Decide: the escalation mechanism and low failed_call_rate outweigh XGBoost's benign call; this supports the CNN.""
  ],
  ""key_features"": [""uid_is_root"", ""euid_root"", ""exec_count"", ""priv_op_count"", ""failed_call_rate""],
  ""agrees_with"": ""cnn""
}"
40690,2,1,T1548,0,1,0.964673638343811,0.9870211482048036,xgb_benign_cnn_malicious,MALICIOUS,1,0.99,cnn,ok,"[""Privilege state: root context with uid_is_root and euid_root set -- a real identity and privilege transition."", ""Mechanism: exec_count is elevated with euid_root/uid_is_root set but auid_euid_mismatch absent -- a classic setuid-shell escalation."", ""Behavioural anomaly: failed_call_rate is low with priv_op_count elevated -- a missed attack pattern."", ""Benign-explanation test: very short lifetime (p99+) and high throughput argue against a routine admin script, cron job, or health-check."", ""Decide: the escalation mechanism and low failed_call_rate outweigh XGBoost's benign call; this supports the CNN.""]","[""uid_is_root"", ""euid_root"", ""exec_count"", ""priv_op_count"", ""failed_call_rate""]","{
  ""verdict"": ""MALICIOUS"",
  ""confidence"": 0.99,
  ""rationale_steps"": [
    ""Privilege state: root context with uid_is_root and euid_root set -- a real identity and privilege transition."",
    ""Mechanism: exec_count is elevated with euid_root/uid_is_root set but auid_euid_mismatch absent -- a classic setuid-shell escalation."",
    ""Behavioural anomaly: failed_call_rate is low with priv_op_count elevated -- a missed attack pattern."",
    ""Benign-explanation test: very short lifetime (p99+) and high throughput argue against a routine admin script, cron job, or health-check."",
    ""Decide: the escalation mechanism and low failed_call_rate outweigh XGBoost's benign call; this supports the CNN.""
  ],
  ""key_features"": [""uid_is_root"", ""euid_root"", ""exec_count"", ""priv_op_count"", ""failed_call_rate""],
  ""agrees_with"": ""cnn""
}"
40696,2,1,T1548,0,1,0.964673638343811,0.9870211482048036,xgb_benign_cnn_malicious,MALICIOUS,1,0.99,cnn,ok,"[""Privilege state: root context with uid_is_root and euid_root set -- a real identity and privilege transition."", ""Mechanism: exec_count is elevated with euid_root/uid_is_root set but auid_euid_mismatch absent -- a classic setuid-shell escalation."", ""Behavioural anomaly: failed_call_rate is low with priv_op_count elevated -- a missed attack pattern."", ""Benign-explanation test: very short lifetime (p99+) and high throughput argue against a routine admin script, cron job, or health-check."", ""Decide: the escalation mechanism and low failed_call_rate outweigh XGBoost's benign call; this supports the CNN.""]","[""uid_is_root"", ""euid_root"", ""exec_count"", ""priv_op_count"", ""failed_call_rate""]","{
  ""verdict"": ""MALICIOUS"",
  ""confidence"": 0.99,
  ""rationale_steps"": [
    ""Privilege state: root context with uid_is_root and euid_root set -- a real identity and privilege transition."",
    ""Mechanism: exec_count is elevated with euid_root/uid_is_root set but auid_euid_mismatch absent -- a classic setuid-shell escalation."",
    ""Behavioural anomaly: failed_call_rate is low with priv_op_count elevated -- a missed attack pattern."",
    ""Benign-explanation test: very short lifetime (p99+) and high throughput argue against a routine admin script, cron job, or health-check."",
    ""Decide: the escalation mechanism and low failed_call_rate outweigh XGBoost's benign call; this supports the CNN.""
  ],
  ""key_features"": [""uid_is_root"", ""euid_root"", ""exec_count"", ""priv_op_count"", ""failed_call_rate""],
  ""agrees_with"": ""cnn""
}"
40697,2,1,T1548,0,1,0.9779095649719238,0.9780508279800416,xgb_benign_cnn_malicious,MALICIOUS,1,0.98,cnn,ok,"[""Privilege state: root context with auid_euid_mismatch set and max_uid_euid_delta at p77 -- a real identity inconsistency and privilege transition."", ""Mechanism: exec_count is elevated with euid_root/uid_is_root set but auid_euid_mismatch absent -- a classic setuid-shell escalation."", ""Behavioural anomaly: failed_call_rate is low with priv_op_count elevated -- a missed attack pattern."", ""Benign-explanation test: very short lifetime (p99+) and high throughput argue against a routine admin script, cron job, or health-check."", ""Decide: the escalation mechanism and privilege transition outweigh XGBoost's benign call; this supports the CNN.""]","[""auid_euid_mismatch"", ""max_uid_euid_delta"", ""exec_count"", ""euid_root"", ""uid_is_root""]","{
  ""verdict"": ""MALICIOUS"",
  ""confidence"": 0.98,
  ""rationale_steps"": [
    ""Privilege state: root context with auid_euid_mismatch set and max_uid_euid_delta at p77 -- a real identity inconsistency and privilege transition."",
    ""Mechanism: exec_count is elevated with euid_root/uid_is_root set but auid_euid_mismatch absent -- a classic setuid-shell escalation."",
    ""Behavioural anomaly: failed_call_rate is low with priv_op_count elevated -- a missed attack pattern."",
    ""Benign-explanation test: very short lifetime (p99+) and high throughput argue against a routine admin script, cron job, or health-check."",
    ""Decide: the escalation mechanism and privilege transition outweigh XGBoost's benign call; this supports the CNN.""
  ],
  ""key_features"": [""auid_euid_mismatch"", ""max_uid_euid_delta"", ""exec_count"", ""euid_root"", ""uid_is_root""],
  ""agrees_with"": ""cnn""
}"
40700,2,1,T1548,0,1,0.964673638343811,0.9870211482048036,xgb_benign_cnn_malicious,MALICIOUS,1,0.99,cnn,ok,"[""Privilege state: root context with uid_is_root and euid_root set -- a clear indication of elevated privileges."", ""Mechanism: exec_count is elevated with euid_root and uid_is_root set -- a classic sign of a setuid-shell escalation."", ""Behavioural anomaly: failed_call_rate is 1 with failed_call_count elevated -- a high rate of failed syscalls."", ""Benign-explanation test: very short lifetime (p99+) and high throughput argue against a routine admin script, cron job, or health-check."", ""Decide: the escalation mechanism and high failed_call_rate outweigh XGBoost's benign call; this supports the CNN.""]","[""uid_is_root"", ""euid_root"", ""exec_count"", ""failed_call_rate"", ""failed_call_count""]","{
  ""verdict"": ""MALICIOUS"",
  ""confidence"": 0.99,
  ""rationale_steps"": [
    ""Privilege state: root context with uid_is_root and euid_root set -- a clear indication of elevated privileges."",
    ""Mechanism: exec_count is elevated with euid_root and uid_is_root set -- a classic sign of a setuid-shell escalation."",
    ""Behavioural anomaly: failed_call_rate is 1 with failed_call_count elevated -- a high rate of failed syscalls."",
    ""Benign-explanation test: very short lifetime (p99+) and high throughput argue against a routine admin script, cron job, or health-check."",
    ""Decide: the escalation mechanism and high failed_call_rate outweigh XGBoost's benign call; this supports the CNN.""
  ],
  ""key_features"": [""uid_is_root"", ""euid_root"", ""exec_count"", ""failed_call_rate"", ""failed_call_count""],
  ""agrees_with"": ""cnn""
}"
42007,3,1,T1548,1,0,0.999918818473816,0.8624513745307922,xgb_malicious_cnn_benign,MALICIOUS,1,0.93,cnn,ok,"[""Privilege state: root context with max_uid_euid_delta at p99+ and auid_euid_mismatch set -- a real identity inconsistency and privilege transition."", ""Mechanism: exec_count is elevated with euid_root/uid_is_root set but auid_euid_mismatch absent -- a classic setuid-shell escalation."", ""Behavioural anomaly: very short lifetime (p99+) and high throughput argue for a malicious process."", ""Benign-explanation test: the absence of shell_from_service and low failed_call_rate argue against a routine admin script, cron job, or health-check."", ""Decide: the escalation mechanism and high throughput outweigh XGBoost's malicious call; this supports the CNN.""]","[""max_uid_euid_delta"", ""auid_euid_mismatch"", ""exec_count"", ""euid_root"", ""uid_is_root""]","{
  ""verdict"": ""MALICIOUS"",
  ""confidence"": 0.93,
  ""rationale_steps"": [
    ""Privilege state: root context with max_uid_euid_delta at p99+ and auid_euid_mismatch set -- a real identity inconsistency and privilege transition."",
    ""Mechanism: exec_count is elevated with euid_root/uid_is_root set but auid_euid_mismatch absent -- a classic setuid-shell escalation."",
    ""Behavioural anomaly: very short lifetime (p99+) and high throughput argue for a malicious process."",
    ""Benign-explanation test: the absence of shell_from_service and low failed_call_rate argue against a routine admin script, cron job, or health-check."",
    ""Decide: the escalation mechanism and high throughput outweigh XGBoost's malicious call; this supports the CNN.""
  ],
  ""key_features"": [""max_uid_euid_delta"", ""auid_euid_mismatch"", ""exec_count"", ""euid_root"", ""uid_is_root""],
  ""agrees_with"": ""cnn""
}"
42693,2,1,T1548,0,1,0.964673638343811,0.9870211482048036,xgb_benign_cnn_malicious,MALICIOUS,1,0.99,cnn,ok,"[""Privilege state: root context with uid_is_root and euid_root set -- a clear indication of elevated privileges."", ""Mechanism: exec_count is elevated with euid_root/uid_is_root set but auid_euid_mismatch absent -- a classic setuid-shell escalation."", ""Behavioural anomaly: failed_call_rate is 1 with failed_call_count elevated -- a high rate of failed syscalls."", ""Benign-explanation test: very short lifetime (p99+) and high throughput argue against a routine admin script, cron job, or health-check."", ""Decide: the escalation mechanism and high failed_call_rate outweigh XGBoost's benign call; this supports the CNN.""]","[""uid_is_root"", ""euid_root"", ""exec_count"", ""failed_call_rate"", ""failed_call_count""]","{
  ""verdict"": ""MALICIOUS"",
  ""confidence"": 0.99,
  ""rationale_steps"": [
    ""Privilege state: root context with uid_is_root and euid_root set -- a clear indication of elevated privileges."",
    ""Mechanism: exec_count is elevated with euid_root/uid_is_root set but auid_euid_mismatch absent -- a classic setuid-shell escalation."",
    ""Behavioural anomaly: failed_call_rate is 1 with failed_call_count elevated -- a high rate of failed syscalls."",
    ""Benign-explanation test: very short lifetime (p99+) and high throughput argue against a routine admin script, cron job, or health-check."",
    ""Decide: the escalation mechanism and high failed_call_rate outweigh XGBoost's benign call; this supports the CNN.""
  ],
  ""key_features"": [""uid_is_root"", ""euid_root"", ""exec_count"", ""failed_call_rate"", ""failed_call_count""],
  ""agrees_with"": ""cnn""
}"
42770,2,1,T1548,0,1,0.9779095649719238,0.9780508279800416,xgb_benign_cnn_malicious,MALICIOUS,1,0.98,cnn,ok,"[""Privilege state: root context with auid_euid_mismatch set and max_uid_euid_delta at p77 -- a real identity inconsistency and privilege transition."", ""Mechanism: exec_count is elevated with euid_root/uid_is_root set but auid_euid_mismatch absent -- a classic setuid-shell escalation."", ""Behavioural anomaly: failed_call_rate is low with priv_op_count elevated -- a missed attack pattern."", ""Benign-explanation test: very short lifetime (p99+) and high throughput argue against a routine admin script, cron job, or health-check."", ""Decide: the escalation mechanism and privilege transition outweigh XGBoost's benign call; this supports the CNN.""]","[""auid_euid_mismatch"", ""max_uid_euid_delta"", ""exec_count"", ""euid_root"", ""uid_is_root""]","{
  ""verdict"": ""MALICIOUS"",
  ""confidence"": 0.98,
  ""rationale_steps"": [
    ""Privilege state: root context with auid_euid_mismatch set and max_uid_euid_delta at p77 -- a real identity inconsistency and privilege transition."",
    ""Mechanism: exec_count is elevated with euid_root/uid_is_root set but auid_euid_mismatch absent -- a classic setuid-shell escalation."",
    ""Behavioural anomaly: failed_call_rate is low with priv_op_count elevated -- a missed attack pattern."",
    ""Benign-explanation test: very short lifetime (p99+) and high throughput argue against a routine admin script, cron job, or health-check."",
    ""Decide: the escalation mechanism and privilege transition outweigh XGBoost's benign call; this supports the CNN.""
  ],
  ""key_features"": [""auid_euid_mismatch"", ""max_uid_euid_delta"", ""exec_count"", ""euid_root"", ""uid_is_root""],
  ""agrees_with"": ""cnn""
}"
43072,2,0,benign,0,1,0.001278604613617,0.999983251094818,xgb_benign_cnn_malicious,MALICIOUS,1,0.95,cnn,ok,"[""Privilege state: no genuine UID/EUID transition or root context; euid_root and uid_is_root are unset, and max_uid_euid_delta is 0."", ""Mechanism: no setuid/setgid execution, unusual exec chain, or shell spawned by a service; exec_count is 0, and shell_from_service is unset."", ""Behavioural anomaly: high syscall throughput (events_per_second=1) and short lifetime (lifetime_seconds=1) are unusual for benign activity."", ""Benign-explanation test: the short lifetime and high syscall throughput argue against a routine admin script, cron job, or health-check."", ""Decide: the high syscall throughput and short lifetime outweigh XGBoost's benign call; this supports the CNN.""]","[""lifetime_seconds"", ""events_per_second"", ""seq_length"", ""unique_syscalls"", ""uid_is_root""]","{
  ""verdict"": ""MALICIOUS"",
  ""confidence"": 0.95,
  ""rationale_steps"": [
    ""Privilege state: no genuine UID/EUID transition or root context; euid_root and uid_is_root are unset, and max_uid_euid_delta is 0."",
    ""Mechanism: no setuid/setgid execution, unusual exec chain, or shell spawned by a service; exec_count is 0, and shell_from_service is unset."",
    ""Behavioural anomaly: high syscall throughput (events_per_second=1) and short lifetime (lifetime_seconds=1) are unusual for benign activity."",
    ""Benign-explanation test: the short lifetime and high syscall throughput argue against a routine admin script, cron job, or health-check."",
    ""Decide: the high syscall throughput and short lifetime outweigh XGBoost's benign call; this supports the CNN.""
  ],
  ""key_features"": [""lifetime_seconds"", ""events_per_second"", ""seq_length"", ""unique_syscalls"", ""uid_is_root""],
  ""agrees_with"": ""cnn""
}"
43552,3,1,T1548,1,0,0.999918818473816,0.8624439835548401,xgb_malicious_cnn_benign,MALICIOUS,1,0.93,cnn,ok,"[""Privilege state: root context with max_uid_euid_delta at p99+ and auid_euid_mismatch set -- a real identity inconsistency and privilege transition."", ""Mechanism: exec_count is elevated with euid_root/uid_is_root set but auid_euid_mismatch absent -- a classic setuid-shell escalation."", ""Behavioural anomaly: very short lifetime (p99+) and high throughput argue for a malicious process."", ""Benign-explanation test: the absence of shell_from_service and uid_is_root unset argue against a routine admin script, cron job, or health-check."", ""Decide: the escalation mechanism and high throughput outweigh XGBoost's malicious call; this supports the CNN.""]","[""lifetime_seconds"", ""unique_syscalls"", ""uid_is_root"", ""euid_root"", ""max_uid_euid_delta""]","{
  ""verdict"": ""MALICIOUS"",
  ""confidence"": 0.93,
  ""rationale_steps"": [
    ""Privilege state: root context with max_uid_euid_delta at p99+ and auid_euid_mismatch set -- a real identity inconsistency and privilege transition."",
    ""Mechanism: exec_count is elevated with euid_root/uid_is_root set but auid_euid_mismatch absent -- a classic setuid-shell escalation."",
    ""Behavioural anomaly: very short lifetime (p99+) and high throughput argue for a malicious process."",
    ""Benign-explanation test: the absence of shell_from_service and uid_is_root unset argue against a routine admin script, cron job, or health-check."",
    ""Decide: the escalation mechanism and high throughput outweigh XGBoost's malicious call; this supports the CNN.""
  ],
  ""key_features"": [""lifetime_seconds"", ""unique_syscalls"", ""uid_is_root"", ""euid_root"", ""max_uid_euid_delta""],
  ""agrees_with"": ""cnn""
}"
44307,3,1,T1548,1,0,0.999918818473816,0.8624439835548401,xgb_malicious_cnn_benign,MALICIOUS,1,0.93,cnn,ok,"[""Privilege state: root context with max_uid_euid_delta at p99+ and auid_euid_mismatch set -- a real identity inconsistency and privilege transition."", ""Mechanism: exec_count is elevated with euid_root/uid_is_root set but auid_euid_mismatch absent -- a classic setuid-shell escalation."", ""Behavioural anomaly: very short lifetime (p99+) and high throughput argue for a potential attack."", ""Benign-explanation test: the absence of shell_from_service and uid_is_root unset argue against a routine admin script, cron job, or health-check."", ""Decide: the escalation mechanism and behavioural anomalies outweigh XGBoost's malicious call; this supports the CNN.""]","[""max_uid_euid_delta"", ""auid_euid_mismatch"", ""exec_count"", ""euid_root"", ""uid_is_root""]","{
  ""verdict"": ""MALICIOUS"",
  ""confidence"": 0.93,
  ""rationale_steps"": [
    ""Privilege state: root context with max_uid_euid_delta at p99+ and auid_euid_mismatch set -- a real identity inconsistency and privilege transition."",
    ""Mechanism: exec_count is elevated with euid_root/uid_is_root set but auid_euid_mismatch absent -- a classic setuid-shell escalation."",
    ""Behavioural anomaly: very short lifetime (p99+) and high throughput argue for a potential attack."",
    ""Benign-explanation test: the absence of shell_from_service and uid_is_root unset argue against a routine admin script, cron job, or health-check."",
    ""Decide: the escalation mechanism and behavioural anomalies outweigh XGBoost's malicious call; this supports the CNN.""
  ],
  ""key_features"": [""max_uid_euid_delta"", ""auid_euid_mismatch"", ""exec_count"", ""euid_root"", ""uid_is_root""],
  ""agrees_with"": ""cnn""
}"
45080,3,1,T1548,1,0,0.999918818473816,0.8624439835548401,xgb_malicious_cnn_benign,MALICIOUS,1,0.93,cnn,ok,"[""Privilege state: root context with max_uid_euid_delta at p99+ and auid_euid_mismatch set -- a real identity inconsistency and privilege transition."", ""Mechanism: exec_count is elevated with euid_root/uid_is_root set but auid_euid_mismatch absent -- a classic setuid-shell escalation."", ""Behavioural anomaly: very short lifetime (p99+) and high throughput argue for a potential attack."", ""Benign-explanation test: the absence of shell_from_service and uid_is_root unset argue against a routine admin script, cron job, or health-check."", ""Decide: the escalation mechanism and behavioural anomalies outweigh XGBoost's malicious call; this supports the CNN.""]","[""max_uid_euid_delta"", ""auid_euid_mismatch"", ""exec_count"", ""euid_root"", ""uid_is_root""]","{
  ""verdict"": ""MALICIOUS"",
  ""confidence"": 0.93,
  ""rationale_steps"": [
    ""Privilege state: root context with max_uid_euid_delta at p99+ and auid_euid_mismatch set -- a real identity inconsistency and privilege transition."",
    ""Mechanism: exec_count is elevated with euid_root/uid_is_root set but auid_euid_mismatch absent -- a classic setuid-shell escalation."",
    ""Behavioural anomaly: very short lifetime (p99+) and high throughput argue for a potential attack."",
    ""Benign-explanation test: the absence of shell_from_service and uid_is_root unset argue against a routine admin script, cron job, or health-check."",
    ""Decide: the escalation mechanism and behavioural anomalies outweigh XGBoost's malicious call; this supports the CNN.""
  ],
  ""key_features"": [""max_uid_euid_delta"", ""auid_euid_mismatch"", ""exec_count"", ""euid_root"", ""uid_is_root""],
  ""agrees_with"": ""cnn""
}"
45984,2,1,T1595,0,1,0.001278604613617,0.999983251094818,xgb_benign_cnn_malicious,MALICIOUS,1,0.95,cnn,ok,"[""Privilege state: no genuine UID/EUID transition or root context; euid_root and uid_is_root are unset, and max_uid_euid_delta is 0."", ""Mechanism: no setuid/setgid execution, unusual exec chain, or shell spawned by a service; exec_count is 0, and shell_from_service is unset."", ""Behavioural anomaly: high syscall throughput (events_per_second=1) and short lifetime (lifetime_seconds=1) are unusual for benign activity."", ""Benign-explanation test: the short lifetime and high syscall throughput make it unlikely to be an admin scripting, cron job, or health-check."", ""Decide: the high syscall throughput and short lifetime outweigh XGBoost's benign call; this supports the CNN.""]","[""lifetime_seconds"", ""events_per_second"", ""unique_syscalls"", ""uid_is_root"", ""auid_euid_mismatch""]","{
  ""verdict"": ""MALICIOUS"",
  ""confidence"": 0.95,
  ""rationale_steps"": [
    ""Privilege state: no genuine UID/EUID transition or root context; euid_root and uid_is_root are unset, and max_uid_euid_delta is 0."",
    ""Mechanism: no setuid/setgid execution, unusual exec chain, or shell spawned by a service; exec_count is 0, and shell_from_service is unset."",
    ""Behavioural anomaly: high syscall throughput (events_per_second=1) and short lifetime (lifetime_seconds=1) are unusual for benign activity."",
    ""Benign-explanation test: the short lifetime and high syscall throughput make it unlikely to be an admin scripting, cron job, or health-check."",
    ""Decide: the high syscall throughput and short lifetime outweigh XGBoost's benign call; this supports the CNN.""
  ],
  ""key_features"": [""lifetime_seconds"", ""events_per_second"", ""unique_syscalls"", ""uid_is_root"", ""auid_euid_mismatch""],
  ""agrees_with"": ""cnn""
}"
46478,2,1,T1548,0,1,0.9779095649719238,0.9780508279800416,xgb_benign_cnn_malicious,MALICIOUS,1,0.98,cnn,ok,"[""Privilege state: root context with auid_euid_mismatch set and max_uid_euid_delta at p77 -- a real identity inconsistency and privilege transition."", ""Mechanism: exec_count is elevated with euid_root/uid_is_root set but auid_euid_mismatch absent -- a classic setuid-shell escalation."", ""Behavioural anomaly: failed_call_rate is low with priv_op_count elevated -- a missed attack pattern."", ""Benign-explanation test: very short lifetime (p99+) and high throughput argue against a routine admin script, cron job, or health-check."", ""Decide: the escalation mechanism and privilege transition outweigh XGBoost's benign call; this supports the CNN.""]","[""auid_euid_mismatch"", ""max_uid_euid_delta"", ""exec_count"", ""euid_root"", ""uid_is_root""]","{
  ""verdict"": ""MALICIOUS"",
  ""confidence"": 0.98,
  ""rationale_steps"": [
    ""Privilege state: root context with auid_euid_mismatch set and max_uid_euid_delta at p77 -- a real identity inconsistency and privilege transition."",
    ""Mechanism: exec_count is elevated with euid_root/uid_is_root set but auid_euid_mismatch absent -- a classic setuid-shell escalation."",
    ""Behavioural anomaly: failed_call_rate is low with priv_op_count elevated -- a missed attack pattern."",
    ""Benign-explanation test: very short lifetime (p99+) and high throughput argue against a routine admin script, cron job, or health-check."",
    ""Decide: the escalation mechanism and privilege transition outweigh XGBoost's benign call; this supports the CNN.""
  ],
  ""key_features"": [""auid_euid_mismatch"", ""max_uid_euid_delta"", ""exec_count"", ""euid_root"", ""uid_is_root""],
  ""agrees_with"": ""cnn""
}"
51615,3,1,T1548,1,0,0.999918818473816,0.8624439835548401,xgb_malicious_cnn_benign,MALICIOUS,1,0.93,cnn,ok,"[""Privilege state: root context with max_uid_euid_delta at p99+ and auid_euid_mismatch set -- a real identity inconsistency and privilege transition."", ""Mechanism: exec_count is elevated with euid_root/uid_is_root set but auid_euid_mismatch absent -- a classic setuid-shell escalation."", ""Behavioural anomaly: very short lifetime (p99+) and high throughput argue for a malicious process."", ""Benign-explanation test: the absence of shell_from_service and uid_is_root unset argue against a routine admin script, cron job, or health-check."", ""Decide: the escalation mechanism and high throughput outweigh XGBoost's malicious call; this supports the CNN.""]","[""lifetime_seconds"", ""unique_syscalls"", ""uid_is_root"", ""euid_root"", ""max_uid_euid_delta""]","{
  ""verdict"": ""MALICIOUS"",
  ""confidence"": 0.93,
  ""rationale_steps"": [
    ""Privilege state: root context with max_uid_euid_delta at p99+ and auid_euid_mismatch set -- a real identity inconsistency and privilege transition."",
    ""Mechanism: exec_count is elevated with euid_root/uid_is_root set but auid_euid_mismatch absent -- a classic setuid-shell escalation."",
    ""Behavioural anomaly: very short lifetime (p99+) and high throughput argue for a malicious process."",
    ""Benign-explanation test: the absence of shell_from_service and uid_is_root unset argue against a routine admin script, cron job, or health-check."",
    ""Decide: the escalation mechanism and high throughput outweigh XGBoost's malicious call; this supports the CNN.""
  ],
  ""key_features"": [""lifetime_seconds"", ""unique_syscalls"", ""uid_is_root"", ""euid_root"", ""max_uid_euid_delta""],
  ""agrees_with"": ""cnn""
}"
52370,3,1,T1222,1,0,0.9765482544898988,0.8522466421127319,xgb_malicious_cnn_benign,MALICIOUS,1,0.98,xgb,ok,"[""Privilege state: root context with uid_is_root and euid_root set -- a clear indication of elevated privileges."", ""Mechanism: no setuid/setgid execution, unusual exec chain, or shell spawned by a service -- no classic escalation mechanism."", ""Behavioural anomaly: high syscall throughput (events_per_second=1) and short lifetime (lifetime_seconds=1) -- unusual activity patterns."", ""Benign-explanation test: high syscall throughput and short lifetime argue against a routine admin script, cron job, or health-check."", ""Decide: the privilege state and unusual activity patterns outweigh CNN's benign call; this supports XGBoost's malicious call.""]","[""uid_is_root"", ""euid_root"", ""events_per_second"", ""lifetime_seconds"", ""unique_syscalls""]","{
  ""verdict"": ""MALICIOUS"",
  ""confidence"": 0.98,
  ""rationale_steps"": [
    ""Privilege state: root context with uid_is_root and euid_root set -- a clear indication of elevated privileges."",
    ""Mechanism: no setuid/setgid execution, unusual exec chain, or shell spawned by a service -- no classic escalation mechanism."",
    ""Behavioural anomaly: high syscall throughput (events_per_second=1) and short lifetime (lifetime_seconds=1) -- unusual activity patterns."",
    ""Benign-explanation test: high syscall throughput and short lifetime argue against a routine admin script, cron job, or health-check."",
    ""Decide: the privilege state and unusual activity patterns outweigh CNN's benign call; this supports XGBoost's malicious call.""
  ],
  ""key_features"": [""uid_is_root"", ""euid_root"", ""events_per_second"", ""lifetime_seconds"", ""unique_syscalls""],
  ""agrees_with"": ""xgb""
}"
52378,2,1,T1548,0,1,0.964673638343811,0.9870211482048036,xgb_benign_cnn_malicious,MALICIOUS,1,0.99,cnn,ok,"[""Privilege state: root context with uid_is_root and euid_root set -- a clear indication of elevated privileges."", ""Mechanism: exec_count is elevated with euid_root/uid_is_root set but auid_euid_mismatch absent -- a classic setuid-shell escalation."", ""Behavioural anomaly: failed_call_rate is 1 with failed_call_count elevated -- a high rate of failed syscalls."", ""Benign-explanation test: very short lifetime (p99+) and high throughput argue against a routine admin script, cron job, or health-check."", ""Decide: the escalation mechanism and high failed_call_rate outweigh XGBoost's benign call; this supports the CNN.""]","[""uid_is_root"", ""euid_root"", ""exec_count"", ""failed_call_rate"", ""failed_call_count""]","{
  ""verdict"": ""MALICIOUS"",
  ""confidence"": 0.99,
  ""rationale_steps"": [
    ""Privilege state: root context with uid_is_root and euid_root set -- a clear indication of elevated privileges."",
    ""Mechanism: exec_count is elevated with euid_root/uid_is_root set but auid_euid_mismatch absent -- a classic setuid-shell escalation."",
    ""Behavioural anomaly: failed_call_rate is 1 with failed_call_count elevated -- a high rate of failed syscalls."",
    ""Benign-explanation test: very short lifetime (p99+) and high throughput argue against a routine admin script, cron job, or health-check."",
    ""Decide: the escalation mechanism and high failed_call_rate outweigh XGBoost's benign call; this supports the CNN.""
  ],
  ""key_features"": [""uid_is_root"", ""euid_root"", ""exec_count"", ""failed_call_rate"", ""failed_call_count""],
  ""agrees_with"": ""cnn""
}"
52404,2,1,T1548,0,1,0.964673638343811,0.9870211482048036,xgb_benign_cnn_malicious,MALICIOUS,1,0.99,cnn,ok,"[""Privilege state: root context with uid_is_root and euid_root set -- a clear indication of elevated privileges."", ""Mechanism: exec_count is elevated with euid_root/uid_is_root set but auid_euid_mismatch absent -- a classic setuid-shell escalation."", ""Behavioural anomaly: failed_call_rate is 1 with failed_call_count elevated -- a high rate of failed syscalls."", ""Benign-explanation test: very short lifetime (p99+) and high throughput argue against a routine admin script, cron job, or health-check."", ""Decide: the escalation mechanism and high failed_call_rate outweigh XGBoost's benign call; this supports the CNN.""]","[""uid_is_root"", ""euid_root"", ""exec_count"", ""failed_call_rate"", ""failed_call_count""]","{
  ""verdict"": ""MALICIOUS"",
  ""confidence"": 0.99,
  ""rationale_steps"": [
    ""Privilege state: root context with uid_is_root and euid_root set -- a clear indication of elevated privileges."",
    ""Mechanism: exec_count is elevated with euid_root/uid_is_root set but auid_euid_mismatch absent -- a classic setuid-shell escalation."",
    ""Behavioural anomaly: failed_call_rate is 1 with failed_call_count elevated -- a high rate of failed syscalls."",
    ""Benign-explanation test: very short lifetime (p99+) and high throughput argue against a routine admin script, cron job, or health-check."",
    ""Decide: the escalation mechanism and high failed_call_rate outweigh XGBoost's benign call; this supports the CNN.""
  ],
  ""key_features"": [""uid_is_root"", ""euid_root"", ""exec_count"", ""failed_call_rate"", ""failed_call_count""],
  ""agrees_with"": ""cnn""
}"
52427,2,1,T1548,0,1,0.964673638343811,0.9870211482048036,xgb_benign_cnn_malicious,MALICIOUS,1,0.99,cnn,ok,"[""Privilege state: root context with uid_is_root and euid_root set -- a clear indication of elevated privileges."", ""Mechanism: exec_count is elevated with euid_root/uid_is_root set but auid_euid_mismatch absent -- a classic setuid-shell escalation."", ""Behavioural anomaly: failed_call_rate is 1 with failed_call_count elevated -- a high rate of failed syscalls."", ""Benign-explanation test: very short lifetime (p99+) and high throughput argue against a routine admin script, cron job, or health-check."", ""Decide: the escalation mechanism and high failed_call_rate outweigh XGBoost's benign call; this supports the CNN.""]","[""uid_is_root"", ""euid_root"", ""exec_count"", ""failed_call_rate"", ""failed_call_count""]","{
  ""verdict"": ""MALICIOUS"",
  ""confidence"": 0.99,
  ""rationale_steps"": [
    ""Privilege state: root context with uid_is_root and euid_root set -- a clear indication of elevated privileges."",
    ""Mechanism: exec_count is elevated with euid_root/uid_is_root set but auid_euid_mismatch absent -- a classic setuid-shell escalation."",
    ""Behavioural anomaly: failed_call_rate is 1 with failed_call_count elevated -- a high rate of failed syscalls."",
    ""Benign-explanation test: very short lifetime (p99+) and high throughput argue against a routine admin script, cron job, or health-check."",
    ""Decide: the escalation mechanism and high failed_call_rate outweigh XGBoost's benign call; this supports the CNN.""
  ],
  ""key_features"": [""uid_is_root"", ""euid_root"", ""exec_count"", ""failed_call_rate"", ""failed_call_count""],
  ""agrees_with"": ""cnn""
}"
52458,3,1,T1548,1,0,0.999918818473816,0.8624439835548401,xgb_malicious_cnn_benign,MALICIOUS,1,0.93,cnn,ok,"[""Privilege state: root context with max_uid_euid_delta at p99+ and auid_euid_mismatch set -- a real identity inconsistency and privilege transition."", ""Mechanism: exec_count is elevated with euid_root/uid_is_root set but auid_euid_mismatch absent -- a classic setuid-shell escalation."", ""Behavioural anomaly: very short lifetime (p99+) and high throughput argue for a malicious process."", ""Benign-explanation test: the absence of shell_from_service and uid_is_root unset argue against a routine admin script, cron job, or health-check."", ""Decide: the escalation mechanism and high throughput outweigh XGBoost's malicious call; this supports the CNN.""]","[""lifetime_seconds"", ""unique_syscalls"", ""uid_is_root"", ""euid_root"", ""max_uid_euid_delta""]","{
  ""verdict"": ""MALICIOUS"",
  ""confidence"": 0.93,
  ""rationale_steps"": [
    ""Privilege state: root context with max_uid_euid_delta at p99+ and auid_euid_mismatch set -- a real identity inconsistency and privilege transition."",
    ""Mechanism: exec_count is elevated with euid_root/uid_is_root set but auid_euid_mismatch absent -- a classic setuid-shell escalation."",
    ""Behavioural anomaly: very short lifetime (p99+) and high throughput argue for a malicious process."",
    ""Benign-explanation test: the absence of shell_from_service and uid_is_root unset argue against a routine admin script, cron job, or health-check."",
    ""Decide: the escalation mechanism and high throughput outweigh XGBoost's malicious call; this supports the CNN.""
  ],
  ""key_features"": [""lifetime_seconds"", ""unique_syscalls"", ""uid_is_root"", ""euid_root"", ""max_uid_euid_delta""],
  ""agrees_with"": ""cnn""
}"
53064,3,1,T1548,1,0,0.999918818473816,0.8624439835548401,xgb_malicious_cnn_benign,MALICIOUS,1,0.93,cnn,ok,"[""Privilege state: root context with max_uid_euid_delta at p99+ and auid_euid_mismatch set -- a real identity inconsistency and privilege transition."", ""Mechanism: exec_count is elevated with euid_root/uid_is_root set but auid_euid_mismatch absent -- a classic setuid-shell escalation."", ""Behavioural anomaly: very short lifetime (p99+) and high throughput argue for a potential attack."", ""Benign-explanation test: the absence of shell_from_service and uid_is_root unset argue against a routine admin script, cron job, or health-check."", ""Decide: the escalation mechanism and behavioural anomalies outweigh XGBoost's malicious call; this supports the CNN.""]","[""max_uid_euid_delta"", ""auid_euid_mismatch"", ""exec_count"", ""euid_root"", ""uid_is_root""]","{
  ""verdict"": ""MALICIOUS"",
  ""confidence"": 0.93,
  ""rationale_steps"": [
    ""Privilege state: root context with max_uid_euid_delta at p99+ and auid_euid_mismatch set -- a real identity inconsistency and privilege transition."",
    ""Mechanism: exec_count is elevated with euid_root/uid_is_root set but auid_euid_mismatch absent -- a classic setuid-shell escalation."",
    ""Behavioural anomaly: very short lifetime (p99+) and high throughput argue for a potential attack."",
    ""Benign-explanation test: the absence of shell_from_service and uid_is_root unset argue against a routine admin script, cron job, or health-check."",
    ""Decide: the escalation mechanism and behavioural anomalies outweigh XGBoost's malicious call; this supports the CNN.""
  ],
  ""key_features"": [""max_uid_euid_delta"", ""auid_euid_mismatch"", ""exec_count"", ""euid_root"", ""uid_is_root""],
  ""agrees_with"": ""cnn""
}"
55941,4,1,T1222,0,1,0.8476836681365967,0.9918534755706788,xgb_benign_cnn_malicious,MALICIOUS,1,0.99,cnn,ok,"[""Privilege state: root context with euid_root and uid_is_root set -- a real identity and privilege transition."", ""Mechanism: high syscall throughput (events_per_second at p99+) and a long syscall sequence (seq_length at p99+) -- a classic sign of a privilege escalation attempt."", ""Behavioural anomaly: high syscall throughput and a long syscall sequence -- an exec pair essentially never seen in benign activity."", ""Benign-explanation test: very high syscall throughput and a long syscall sequence argue against a routine admin script, cron job, or health-check."", ""Decide: the escalation mechanism and high syscall throughput outweigh XGBoost's benign call; this supports the CNN.""]","[""events_per_second"", ""seq_length"", ""uid_is_root"", ""euid_root"", ""auid_euid_mismatch""]","{
  ""verdict"": ""MALICIOUS"",
  ""confidence"": 0.99,
  ""rationale_steps"": [
    ""Privilege state: root context with euid_root and uid_is_root set -- a real identity and privilege transition."",
    ""Mechanism: high syscall throughput (events_per_second at p99+) and a long syscall sequence (seq_length at p99+) -- a classic sign of a privilege escalation attempt."",
    ""Behavioural anomaly: high syscall throughput and a long syscall sequence -- an exec pair essentially never seen in benign activity."",
    ""Benign-explanation test: very high syscall throughput and a long syscall sequence argue against a routine admin script, cron job, or health-check."",
    ""Decide: the escalation mechanism and high syscall throughput outweigh XGBoost's benign call; this supports the CNN.""
  ],
  ""key_features"": [""events_per_second"", ""seq_length"", ""uid_is_root"", ""euid_root"", ""auid_euid_mismatch""],
  ""agrees_with"": ""cnn""
}"
55962,3,1,T1548,1,0,0.999918818473816,0.8624439835548401,xgb_malicious_cnn_benign,MALICIOUS,1,0.93,cnn,ok,"[""Privilege state: root context with max_uid_euid_delta at p99+ and auid_euid_mismatch set -- a real identity inconsistency and privilege transition."", ""Mechanism: exec_count is elevated with euid_root/uid_is_root set but auid_euid_mismatch absent -- a classic setuid-shell escalation."", ""Behavioural anomaly: very short lifetime (p99+) and high throughput argue for a malicious process."", ""Benign-explanation test: the absence of shell_from_service and uid_is_root unset argue against a routine admin script, cron job, or health-check."", ""Decide: the escalation mechanism and high throughput outweigh XGBoost's malicious call; this supports the CNN.""]","[""lifetime_seconds"", ""unique_syscalls"", ""uid_is_root"", ""euid_root"", ""max_uid_euid_delta""]","{
  ""verdict"": ""MALICIOUS"",
  ""confidence"": 0.93,
  ""rationale_steps"": [
    ""Privilege state: root context with max_uid_euid_delta at p99+ and auid_euid_mismatch set -- a real identity inconsistency and privilege transition."",
    ""Mechanism: exec_count is elevated with euid_root/uid_is_root set but auid_euid_mismatch absent -- a classic setuid-shell escalation."",
    ""Behavioural anomaly: very short lifetime (p99+) and high throughput argue for a malicious process."",
    ""Benign-explanation test: the absence of shell_from_service and uid_is_root unset argue against a routine admin script, cron job, or health-check."",
    ""Decide: the escalation mechanism and high throughput outweigh XGBoost's malicious call; this supports the CNN.""
  ],
  ""key_features"": [""lifetime_seconds"", ""unique_syscalls"", ""uid_is_root"", ""euid_root"", ""max_uid_euid_delta""],
  ""agrees_with"": ""cnn""
}"
55963,3,1,T1548,1,0,0.999918818473816,0.8624513745307922,xgb_malicious_cnn_benign,MALICIOUS,1,0.93,cnn,ok,"[""Privilege state: root context with max_uid_euid_delta at p99+ and auid_euid_mismatch set -- a real identity inconsistency and privilege transition."", ""Mechanism: exec_count is elevated with euid_root/uid_is_root set but auid_euid_mismatch absent -- a classic setuid-shell escalation."", ""Behavioural anomaly: very short lifetime (p99+) and high throughput argue for a malicious process."", ""Benign-explanation test: the absence of shell_from_service and uid_is_root unset argue against a routine admin script, cron job, or health-check."", ""Decide: the escalation mechanism and behavioural anomalies outweigh XGBoost's malicious call; this supports the CNN.""]","[""lifetime_seconds"", ""unique_syscalls"", ""uid_is_root"", ""euid_root"", ""max_uid_euid_delta""]","{
  ""verdict"": ""MALICIOUS"",
  ""confidence"": 0.93,
  ""rationale_steps"": [
    ""Privilege state: root context with max_uid_euid_delta at p99+ and auid_euid_mismatch set -- a real identity inconsistency and privilege transition."",
    ""Mechanism: exec_count is elevated with euid_root/uid_is_root set but auid_euid_mismatch absent -- a classic setuid-shell escalation."",
    ""Behavioural anomaly: very short lifetime (p99+) and high throughput argue for a malicious process."",
    ""Benign-explanation test: the absence of shell_from_service and uid_is_root unset argue against a routine admin script, cron job, or health-check."",
    ""Decide: the escalation mechanism and behavioural anomalies outweigh XGBoost's malicious call; this supports the CNN.""
  ],
  ""key_features"": [""lifetime_seconds"", ""unique_syscalls"", ""uid_is_root"", ""euid_root"", ""max_uid_euid_delta""],
  ""agrees_with"": ""cnn""
}"
55979,2,1,T1548,0,1,0.964673638343811,0.9870211482048036,xgb_benign_cnn_malicious,MALICIOUS,1,0.99,cnn,ok,"[""Privilege state: root context with uid_is_root and euid_root set -- a clear indication of elevated privileges."", ""Mechanism: exec_count is elevated with euid_root/uid_is_root set but auid_euid_mismatch absent -- a classic setuid-shell escalation."", ""Behavioural anomaly: failed_call_rate is 1 with failed_call_count elevated -- a high rate of failed syscalls."", ""Benign-explanation test: very short lifetime (p99+) and high throughput argue against a routine admin script, cron job, or health-check."", ""Decide: the escalation mechanism and high failed_call_rate outweigh XGBoost's benign call; this supports the CNN.""]","[""uid_is_root"", ""euid_root"", ""exec_count"", ""failed_call_rate"", ""failed_call_count""]","{
  ""verdict"": ""MALICIOUS"",
  ""confidence"": 0.99,
  ""rationale_steps"": [
    ""Privilege state: root context with uid_is_root and euid_root set -- a clear indication of elevated privileges."",
    ""Mechanism: exec_count is elevated with euid_root/uid_is_root set but auid_euid_mismatch absent -- a classic setuid-shell escalation."",
    ""Behavioural anomaly: failed_call_rate is 1 with failed_call_count elevated -- a high rate of failed syscalls."",
    ""Benign-explanation test: very short lifetime (p99+) and high throughput argue against a routine admin script, cron job, or health-check."",
    ""Decide: the escalation mechanism and high failed_call_rate outweigh XGBoost's benign call; this supports the CNN.""
  ],
  ""key_features"": [""uid_is_root"", ""euid_root"", ""exec_count"", ""failed_call_rate"", ""failed_call_count""],
  ""agrees_with"": ""cnn""
}"
55991,3,1,T1548,1,0,0.999918818473816,0.8624439835548401,xgb_malicious_cnn_benign,MALICIOUS,1,0.93,cnn,ok,"[""Privilege state: root context with max_uid_euid_delta at p99+ and auid_euid_mismatch set -- a real identity inconsistency and privilege transition."", ""Mechanism: exec_count is elevated with euid_root/uid_is_root set but auid_euid_mismatch absent -- a classic setuid-shell escalation."", ""Behavioural anomaly: very short lifetime (p99+) and high throughput argue for a malicious process."", ""Benign-explanation test: the absence of shell_from_service and uid_is_root unset argue against a routine admin script, cron job, or health-check."", ""Decide: the escalation mechanism and high throughput outweigh XGBoost's malicious call; this supports the CNN.""]","[""lifetime_seconds"", ""unique_syscalls"", ""uid_is_root"", ""euid_root"", ""max_uid_euid_delta""]","{
  ""verdict"": ""MALICIOUS"",
  ""confidence"": 0.93,
  ""rationale_steps"": [
    ""Privilege state: root context with max_uid_euid_delta at p99+ and auid_euid_mismatch set -- a real identity inconsistency and privilege transition."",
    ""Mechanism: exec_count is elevated with euid_root/uid_is_root set but auid_euid_mismatch absent -- a classic setuid-shell escalation."",
    ""Behavioural anomaly: very short lifetime (p99+) and high throughput argue for a malicious process."",
    ""Benign-explanation test: the absence of shell_from_service and uid_is_root unset argue against a routine admin script, cron job, or health-check."",
    ""Decide: the escalation mechanism and high throughput outweigh XGBoost's malicious call; this supports the CNN.""
  ],
  ""key_features"": [""lifetime_seconds"", ""unique_syscalls"", ""uid_is_root"", ""euid_root"", ""max_uid_euid_delta""],
  ""agrees_with"": ""cnn""
}"
56186,3,1,T1548,1,0,0.999918818473816,0.8624439835548401,xgb_malicious_cnn_benign,MALICIOUS,1,0.93,cnn,ok,"[""Privilege state: root context with max_uid_euid_delta at p99+ and auid_euid_mismatch set -- a real identity inconsistency and privilege transition."", ""Mechanism: exec_count is elevated with euid_root/uid_is_root set but auid_euid_mismatch absent -- a classic setuid-shell escalation."", ""Behavioural anomaly: very short lifetime (p99+) and high throughput argue for a potential attack."", ""Benign-explanation test: the absence of shell_from_service and uid_is_root unset argue against a routine admin script, cron job, or health-check."", ""Decide: the escalation mechanism and behavioural anomalies outweigh XGBoost's malicious call; this supports the CNN.""]","[""max_uid_euid_delta"", ""auid_euid_mismatch"", ""exec_count"", ""euid_root"", ""uid_is_root""]","{
  ""verdict"": ""MALICIOUS"",
  ""confidence"": 0.93,
  ""rationale_steps"": [
    ""Privilege state: root context with max_uid_euid_delta at p99+ and auid_euid_mismatch set -- a real identity inconsistency and privilege transition."",
    ""Mechanism: exec_count is elevated with euid_root/uid_is_root set but auid_euid_mismatch absent -- a classic setuid-shell escalation."",
    ""Behavioural anomaly: very short lifetime (p99+) and high throughput argue for a potential attack."",
    ""Benign-explanation test: the absence of shell_from_service and uid_is_root unset argue against a routine admin script, cron job, or health-check."",
    ""Decide: the escalation mechanism and behavioural anomalies outweigh XGBoost's malicious call; this supports the CNN.""
  ],
  ""key_features"": [""max_uid_euid_delta"", ""auid_euid_mismatch"", ""exec_count"", ""euid_root"", ""uid_is_root""],
  ""agrees_with"": ""cnn""
}"
56827,3,1,T1548,1,0,0.999918818473816,0.8624439835548401,xgb_malicious_cnn_benign,MALICIOUS,1,0.93,cnn,ok,"[""Privilege state: root context with max_uid_euid_delta at p99+ and auid_euid_mismatch set -- a real identity inconsistency and privilege transition."", ""Mechanism: exec_count is elevated with euid_root/uid_is_root set but auid_euid_mismatch absent -- a classic setuid-shell escalation."", ""Behavioural anomaly: very short lifetime (p99+) and high throughput argue for a potential attack."", ""Benign-explanation test: the absence of shell_from_service and uid_is_root unset argue against a routine admin script, cron job, or health-check."", ""Decide: the escalation mechanism and behavioural anomalies outweigh XGBoost's malicious call; this supports the CNN.""]","[""max_uid_euid_delta"", ""auid_euid_mismatch"", ""exec_count"", ""euid_root"", ""uid_is_root""]","{
  ""verdict"": ""MALICIOUS"",
  ""confidence"": 0.93,
  ""rationale_steps"": [
    ""Privilege state: root context with max_uid_euid_delta at p99+ and auid_euid_mismatch set -- a real identity inconsistency and privilege transition."",
    ""Mechanism: exec_count is elevated with euid_root/uid_is_root set but auid_euid_mismatch absent -- a classic setuid-shell escalation."",
    ""Behavioural anomaly: very short lifetime (p99+) and high throughput argue for a potential attack."",
    ""Benign-explanation test: the absence of shell_from_service and uid_is_root unset argue against a routine admin script, cron job, or health-check."",
    ""Decide: the escalation mechanism and behavioural anomalies outweigh XGBoost's malicious call; this supports the CNN.""
  ],
  ""key_features"": [""max_uid_euid_delta"", ""auid_euid_mismatch"", ""exec_count"", ""euid_root"", ""uid_is_root""],
  ""agrees_with"": ""cnn""
}"
59732,2,1,T1548,0,1,0.964673638343811,0.9870211482048036,xgb_benign_cnn_malicious,MALICIOUS,1,0.99,cnn,ok,"[""Privilege state: root context with uid_is_root and euid_root set -- a clear indication of elevated privileges."", ""Mechanism: exec_count is elevated with euid_root/uid_is_root set but auid_euid_mismatch absent -- a classic setuid-shell escalation."", ""Behavioural anomaly: failed_call_rate is 1 with failed_call_count elevated -- a high rate of failed syscalls."", ""Benign-explanation test: very short lifetime (p99+) and high throughput argue against a routine admin script, cron job, or health-check."", ""Decide: the escalation mechanism and high failed_call_rate outweigh XGBoost's benign call; this supports the CNN.""]","[""uid_is_root"", ""euid_root"", ""exec_count"", ""failed_call_rate"", ""failed_call_count""]","{
  ""verdict"": ""MALICIOUS"",
  ""confidence"": 0.99,
  ""rationale_steps"": [
    ""Privilege state: root context with uid_is_root and euid_root set -- a clear indication of elevated privileges."",
    ""Mechanism: exec_count is elevated with euid_root/uid_is_root set but auid_euid_mismatch absent -- a classic setuid-shell escalation."",
    ""Behavioural anomaly: failed_call_rate is 1 with failed_call_count elevated -- a high rate of failed syscalls."",
    ""Benign-explanation test: very short lifetime (p99+) and high throughput argue against a routine admin script, cron job, or health-check."",
    ""Decide: the escalation mechanism and high failed_call_rate outweigh XGBoost's benign call; this supports the CNN.""
  ],
  ""key_features"": [""uid_is_root"", ""euid_root"", ""exec_count"", ""failed_call_rate"", ""failed_call_count""],
  ""agrees_with"": ""cnn""
}"
59733,3,1,T1222,1,0,0.9765482544898988,0.8522466421127319,xgb_malicious_cnn_benign,MALICIOUS,1,0.98,cnn,ok,"[""Privilege state: root context with uid_is_root and euid_root set -- a clear indication of elevated privileges."", ""Mechanism: no setuid/setgid execution or shell spawned from a service, but a high exec_count with euid_root/uid_is_root set -- a potential escalation mechanism."", ""Behavioural anomaly: high throughput with events_per_second and seq_length at p98/p98, and unique_syscalls at p99+ -- a rare and unusual syscall pattern."", ""Benign-explanation test: short lifetime (p99+) and high throughput argue against a routine admin script, cron job, or health-check."", ""Decide: the privilege state and high throughput outweigh XGBoost's malicious call; this supports the CNN.""]","[""uid_is_root"", ""euid_root"", ""events_per_second"", ""seq_length"", ""unique_syscalls""]","{
  ""verdict"": ""MALICIOUS"",
  ""confidence"": 0.98,
  ""rationale_steps"": [
    ""Privilege state: root context with uid_is_root and euid_root set -- a clear indication of elevated privileges."",
    ""Mechanism: no setuid/setgid execution or shell spawned from a service, but a high exec_count with euid_root/uid_is_root set -- a potential escalation mechanism."",
    ""Behavioural anomaly: high throughput with events_per_second and seq_length at p98/p98, and unique_syscalls at p99+ -- a rare and unusual syscall pattern."",
    ""Benign-explanation test: short lifetime (p99+) and high throughput argue against a routine admin script, cron job, or health-check."",
    ""Decide: the privilege state and high throughput outweigh XGBoost's malicious call; this supports the CNN.""
  ],
  ""key_features"": [""uid_is_root"", ""euid_root"", ""events_per_second"", ""seq_length"", ""unique_syscalls""],
  ""agrees_with"": ""cnn""
}"
59737,3,1,T1222,1,0,0.9765482544898988,0.8522466421127319,xgb_malicious_cnn_benign,MALICIOUS,1,0.98,cnn,ok,"[""Privilege state: root context with uid_is_root and euid_root set -- a clear indication of elevated privileges."", ""Mechanism: no setuid/setgid execution, unusual exec chain, or shell spawned by a service -- no classic escalation mechanism."", ""Behavioural anomaly: failed-syscall rate is low, but auid_euid_mismatch is set and max_uid_euid_delta is low -- a potential identity inconsistency."", ""Benign-explanation test: very short lifetime (p99+) and high throughput argue against a routine admin script, cron job, or health-check."", ""Decide: the privilege state and behavioural anomaly outweigh XGBoost's malicious call; this supports the CNN.""]","[""uid_is_root"", ""euid_root"", ""auid_euid_mismatch"", ""max_uid_euid_delta"", ""lifetime_seconds""]","{
  ""verdict"": ""MALICIOUS"",
  ""confidence"": 0.98,
  ""rationale_steps"": [
    ""Privilege state: root context with uid_is_root and euid_root set -- a clear indication of elevated privileges."",
    ""Mechanism: no setuid/setgid execution, unusual exec chain, or shell spawned by a service -- no classic escalation mechanism."",
    ""Behavioural anomaly: failed-syscall rate is low, but auid_euid_mismatch is set and max_uid_euid_delta is low -- a potential identity inconsistency."",
    ""Benign-explanation test: very short lifetime (p99+) and high throughput argue against a routine admin script, cron job, or health-check."",
    ""Decide: the privilege state and behavioural anomaly outweigh XGBoost's malicious call; this supports the CNN.""
  ],
  ""key_features"": [""uid_is_root"", ""euid_root"", ""auid_euid_mismatch"", ""max_uid_euid_delta"", ""lifetime_seconds""],
  ""agrees_with"": ""cnn""
}"
59740,2,1,T1548,0,1,0.964673638343811,0.9870211482048036,xgb_benign_cnn_malicious,MALICIOUS,1,0.99,cnn,ok,"[""Privilege state: root context with uid_is_root and euid_root set -- a clear indication of elevated privileges."", ""Mechanism: exec_count is elevated with euid_root/uid_is_root set but auid_euid_mismatch absent -- a classic setuid-shell escalation."", ""Behavioural anomaly: failed_call_rate is 1 with failed_call_count elevated -- a high rate of failed syscalls."", ""Benign-explanation test: very short lifetime (p99+) and high throughput argue against a routine admin script, cron job, or health-check."", ""Decide: the escalation mechanism and high failed_call_rate outweigh XGBoost's benign call; this supports the CNN.""]","[""uid_is_root"", ""euid_root"", ""exec_count"", ""failed_call_rate"", ""failed_call_count""]","{
  ""verdict"": ""MALICIOUS"",
  ""confidence"": 0.99,
  ""rationale_steps"": [
    ""Privilege state: root context with uid_is_root and euid_root set -- a clear indication of elevated privileges."",
    ""Mechanism: exec_count is elevated with euid_root/uid_is_root set but auid_euid_mismatch absent -- a classic setuid-shell escalation."",
    ""Behavioural anomaly: failed_call_rate is 1 with failed_call_count elevated -- a high rate of failed syscalls."",
    ""Benign-explanation test: very short lifetime (p99+) and high throughput argue against a routine admin script, cron job, or health-check."",
    ""Decide: the escalation mechanism and high failed_call_rate outweigh XGBoost's benign call; this supports the CNN.""
  ],
  ""key_features"": [""uid_is_root"", ""euid_root"", ""exec_count"", ""failed_call_rate"", ""failed_call_count""],
  ""agrees_with"": ""cnn""
}"
59807,2,1,T1548,0,1,0.964673638343811,0.9870211482048036,xgb_benign_cnn_malicious,MALICIOUS,1,0.99,cnn,ok,"[""Privilege state: root context with uid_is_root and euid_root set -- a clear indication of elevated privileges."", ""Mechanism: exec_count is elevated with euid_root/uid_is_root set but auid_euid_mismatch absent -- a classic setuid-shell escalation."", ""Behavioural anomaly: failed_call_rate is 1 with failed_call_count elevated -- a high rate of failed syscalls."", ""Benign-explanation test: very short lifetime (p99+) and high throughput argue against a routine admin script, cron job, or health-check."", ""Decide: the escalation mechanism and high failed_call_rate outweigh XGBoost's benign call; this supports the CNN.""]","[""uid_is_root"", ""euid_root"", ""exec_count"", ""failed_call_rate"", ""failed_call_count""]","{
  ""verdict"": ""MALICIOUS"",
  ""confidence"": 0.99,
  ""rationale_steps"": [
    ""Privilege state: root context with uid_is_root and euid_root set -- a clear indication of elevated privileges."",
    ""Mechanism: exec_count is elevated with euid_root/uid_is_root set but auid_euid_mismatch absent -- a classic setuid-shell escalation."",
    ""Behavioural anomaly: failed_call_rate is 1 with failed_call_count elevated -- a high rate of failed syscalls."",
    ""Benign-explanation test: very short lifetime (p99+) and high throughput argue against a routine admin script, cron job, or health-check."",
    ""Decide: the escalation mechanism and high failed_call_rate outweigh XGBoost's benign call; this supports the CNN.""
  ],
  ""key_features"": [""uid_is_root"", ""euid_root"", ""exec_count"", ""failed_call_rate"", ""failed_call_count""],
  ""agrees_with"": ""cnn""
}"
59808,3,1,T1222,1,0,0.9765482544898988,0.8522466421127319,xgb_malicious_cnn_benign,MALICIOUS,1,0.98,cnn,ok,"[""Privilege state: root context with uid_is_root and euid_root set -- a clear indication of elevated privileges."", ""Mechanism: no setuid/setgid execution or shell spawned from a service, but a high exec_count with euid_root/uid_is_root set -- a potential escalation mechanism."", ""Behavioural anomaly: high throughput with events_per_second and seq_length at p98/p98, and unique_syscalls at p99+ -- a rare and unusual syscall pattern."", ""Benign-explanation test: short lifetime (p99+) and high throughput argue against a routine admin script, cron job, or health-check."", ""Decide: the privilege state and high throughput outweigh XGBoost's malicious call; this supports the CNN.""]","[""uid_is_root"", ""euid_root"", ""events_per_second"", ""seq_length"", ""unique_syscalls""]","{
  ""verdict"": ""MALICIOUS"",
  ""confidence"": 0.98,
  ""rationale_steps"": [
    ""Privilege state: root context with uid_is_root and euid_root set -- a clear indication of elevated privileges."",
    ""Mechanism: no setuid/setgid execution or shell spawned from a service, but a high exec_count with euid_root/uid_is_root set -- a potential escalation mechanism."",
    ""Behavioural anomaly: high throughput with events_per_second and seq_length at p98/p98, and unique_syscalls at p99+ -- a rare and unusual syscall pattern."",
    ""Benign-explanation test: short lifetime (p99+) and high throughput argue against a routine admin script, cron job, or health-check."",
    ""Decide: the privilege state and high throughput outweigh XGBoost's malicious call; this supports the CNN.""
  ],
  ""key_features"": [""uid_is_root"", ""euid_root"", ""events_per_second"", ""seq_length"", ""unique_syscalls""],
  ""agrees_with"": ""cnn""
}"
59810,3,1,T1222,1,0,0.9765482544898988,0.8522466421127319,xgb_malicious_cnn_benign,MALICIOUS,1,0.98,cnn,ok,"[""Privilege state: root context with uid_is_root and euid_root set -- a clear indication of elevated privileges."", ""Mechanism: no setuid/setgid execution, unusual exec chain, or shell spawned by a service -- no classic escalation mechanism."", ""Behavioural anomaly: failed-syscall rate is low, but auid_euid_mismatch is set and max_uid_euid_delta is low -- a potential identity inconsistency."", ""Benign-explanation test: very short lifetime (p99+) and high throughput argue against a routine admin script, cron job, or health-check."", ""Decide: the privilege state and behavioural anomaly outweigh XGBoost's malicious call; this supports the CNN.""]","[""uid_is_root"", ""euid_root"", ""auid_euid_mismatch"", ""max_uid_euid_delta"", ""lifetime_seconds""]","{
  ""verdict"": ""MALICIOUS"",
  ""confidence"": 0.98,
  ""rationale_steps"": [
    ""Privilege state: root context with uid_is_root and euid_root set -- a clear indication of elevated privileges."",
    ""Mechanism: no setuid/setgid execution, unusual exec chain, or shell spawned by a service -- no classic escalation mechanism."",
    ""Behavioural anomaly: failed-syscall rate is low, but auid_euid_mismatch is set and max_uid_euid_delta is low -- a potential identity inconsistency."",
    ""Benign-explanation test: very short lifetime (p99+) and high throughput argue against a routine admin script, cron job, or health-check."",
    ""Decide: the privilege state and behavioural anomaly outweigh XGBoost's malicious call; this supports the CNN.""
  ],
  ""key_features"": [""uid_is_root"", ""euid_root"", ""auid_euid_mismatch"", ""max_uid_euid_delta"", ""lifetime_seconds""],
  ""agrees_with"": ""cnn""
}"
59813,2,1,T1548,0,1,0.964673638343811,0.9870211482048036,xgb_benign_cnn_malicious,MALICIOUS,1,0.99,cnn,ok,"[""Privilege state: root context with uid_is_root and euid_root set -- a clear indication of elevated privileges."", ""Mechanism: exec_count is elevated with euid_root/uid_is_root set but auid_euid_mismatch absent -- a classic setuid-shell escalation."", ""Behavioural anomaly: failed_call_rate is 1 with failed_call_count elevated -- a high rate of failed syscalls."", ""Benign-explanation test: very short lifetime (p99+) and high throughput argue against a routine admin script, cron job, or health-check."", ""Decide: the escalation mechanism and high failed_call_rate outweigh XGBoost's benign call; this supports the CNN.""]","[""uid_is_root"", ""euid_root"", ""exec_count"", ""failed_call_rate"", ""failed_call_count""]","{
  ""verdict"": ""MALICIOUS"",
  ""confidence"": 0.99,
  ""rationale_steps"": [
    ""Privilege state: root context with uid_is_root and euid_root set -- a clear indication of elevated privileges."",
    ""Mechanism: exec_count is elevated with euid_root/uid_is_root set but auid_euid_mismatch absent -- a classic setuid-shell escalation."",
    ""Behavioural anomaly: failed_call_rate is 1 with failed_call_count elevated -- a high rate of failed syscalls."",
    ""Benign-explanation test: very short lifetime (p99+) and high throughput argue against a routine admin script, cron job, or health-check."",
    ""Decide: the escalation mechanism and high failed_call_rate outweigh XGBoost's benign call; this supports the CNN.""
  ],
  ""key_features"": [""uid_is_root"", ""euid_root"", ""exec_count"", ""failed_call_rate"", ""failed_call_count""],
  ""agrees_with"": ""cnn""
}"
60749,2,1,T1548,0,1,0.964673638343811,0.9870211482048036,xgb_benign_cnn_malicious,MALICIOUS,1,0.99,cnn,ok,"[""Privilege state: root context with uid_is_root and euid_root set -- a clear indication of elevated privileges."", ""Mechanism: exec_count is elevated with euid_root/uid_is_root set but auid_euid_mismatch absent -- a classic setuid-shell escalation."", ""Behavioural anomaly: failed_call_rate is 1 with failed_call_count elevated -- a high rate of failed syscalls."", ""Benign-explanation test: very short lifetime (p99+) and high throughput argue against a routine admin script, cron job, or health-check."", ""Decide: the escalation mechanism and high failed_call_rate outweigh XGBoost's benign call; this supports the CNN.""]","[""uid_is_root"", ""euid_root"", ""exec_count"", ""failed_call_rate"", ""failed_call_count""]","{
  ""verdict"": ""MALICIOUS"",
  ""confidence"": 0.99,
  ""rationale_steps"": [
    ""Privilege state: root context with uid_is_root and euid_root set -- a clear indication of elevated privileges."",
    ""Mechanism: exec_count is elevated with euid_root/uid_is_root set but auid_euid_mismatch absent -- a classic setuid-shell escalation."",
    ""Behavioural anomaly: failed_call_rate is 1 with failed_call_count elevated -- a high rate of failed syscalls."",
    ""Benign-explanation test: very short lifetime (p99+) and high throughput argue against a routine admin script, cron job, or health-check."",
    ""Decide: the escalation mechanism and high failed_call_rate outweigh XGBoost's benign call; this supports the CNN.""
  ],
  ""key_features"": [""uid_is_root"", ""euid_root"", ""exec_count"", ""failed_call_rate"", ""failed_call_count""],
  ""agrees_with"": ""cnn""
}"
60783,2,1,T1548,0,1,0.9779095649719238,0.9780508279800416,xgb_benign_cnn_malicious,MALICIOUS,1,0.98,cnn,ok,"[""Privilege state: root context with auid_euid_mismatch set and max_uid_euid_delta at p77 -- a real identity inconsistency and privilege transition."", ""Mechanism: exec_count is elevated with euid_root/uid_is_root set but auid_euid_mismatch absent -- a classic setuid-shell escalation."", ""Behavioural anomaly: failed_call_rate is low with priv_op_count elevated -- a missed attack pattern."", ""Benign-explanation test: very short lifetime (p99+) and high throughput argue against a routine admin script, cron job, or health-check."", ""Decide: the escalation mechanism and privilege transition outweigh XGBoost's benign call; this supports the CNN.""]","[""auid_euid_mismatch"", ""max_uid_euid_delta"", ""exec_count"", ""euid_root"", ""uid_is_root""]","{
  ""verdict"": ""MALICIOUS"",
  ""confidence"": 0.98,
  ""rationale_steps"": [
    ""Privilege state: root context with auid_euid_mismatch set and max_uid_euid_delta at p77 -- a real identity inconsistency and privilege transition."",
    ""Mechanism: exec_count is elevated with euid_root/uid_is_root set but auid_euid_mismatch absent -- a classic setuid-shell escalation."",
    ""Behavioural anomaly: failed_call_rate is low with priv_op_count elevated -- a missed attack pattern."",
    ""Benign-explanation test: very short lifetime (p99+) and high throughput argue against a routine admin script, cron job, or health-check."",
    ""Decide: the escalation mechanism and privilege transition outweigh XGBoost's benign call; this supports the CNN.""
  ],
  ""key_features"": [""auid_euid_mismatch"", ""max_uid_euid_delta"", ""exec_count"", ""euid_root"", ""uid_is_root""],
  ""agrees_with"": ""cnn""
}"
60786,2,1,T1548,0,1,0.964673638343811,0.9870211482048036,xgb_benign_cnn_malicious,MALICIOUS,1,0.99,cnn,ok,"[""Privilege state: root context with uid_is_root and euid_root set -- a clear indication of elevated privileges."", ""Mechanism: exec_count is elevated with euid_root and uid_is_root set -- a classic sign of a setuid-shell escalation."", ""Behavioural anomaly: failed_call_rate is 1 with failed_call_count elevated -- a high rate of failed syscalls."", ""Benign-explanation test: very short lifetime (p99+) and high throughput argue against a routine admin script, cron job, or health-check."", ""Decide: the escalation mechanism and high failed_call_rate outweigh XGBoost's benign call; this supports the CNN.""]","[""uid_is_root"", ""euid_root"", ""exec_count"", ""failed_call_rate"", ""failed_call_count""]","{
  ""verdict"": ""MALICIOUS"",
  ""confidence"": 0.99,
  ""rationale_steps"": [
    ""Privilege state: root context with uid_is_root and euid_root set -- a clear indication of elevated privileges."",
    ""Mechanism: exec_count is elevated with euid_root and uid_is_root set -- a classic sign of a setuid-shell escalation."",
    ""Behavioural anomaly: failed_call_rate is 1 with failed_call_count elevated -- a high rate of failed syscalls."",
    ""Benign-explanation test: very short lifetime (p99+) and high throughput argue against a routine admin script, cron job, or health-check."",
    ""Decide: the escalation mechanism and high failed_call_rate outweigh XGBoost's benign call; this supports the CNN.""
  ],
  ""key_features"": [""uid_is_root"", ""euid_root"", ""exec_count"", ""failed_call_rate"", ""failed_call_count""],
  ""agrees_with"": ""cnn""
}"
60792,2,1,T1548,0,1,0.9779095649719238,0.9780508279800416,xgb_benign_cnn_malicious,MALICIOUS,1,0.98,cnn,ok,"[""Privilege state: root context with auid_euid_mismatch set and max_uid_euid_delta at p77 -- a real identity inconsistency and privilege transition."", ""Mechanism: exec_count is elevated with euid_root/uid_is_root set but auid_euid_mismatch absent -- a classic setuid-shell escalation."", ""Behavioural anomaly: failed_call_rate is low with priv_op_count elevated -- a missed attack pattern."", ""Benign-explanation test: very short lifetime (p99+) and high throughput argue against a routine admin script, cron job, or health-check."", ""Decide: the escalation mechanism and privilege transition outweigh XGBoost's benign call; this supports the CNN.""]","[""auid_euid_mismatch"", ""max_uid_euid_delta"", ""exec_count"", ""euid_root"", ""uid_is_root""]","{
  ""verdict"": ""MALICIOUS"",
  ""confidence"": 0.98,
  ""rationale_steps"": [
    ""Privilege state: root context with auid_euid_mismatch set and max_uid_euid_delta at p77 -- a real identity inconsistency and privilege transition."",
    ""Mechanism: exec_count is elevated with euid_root/uid_is_root set but auid_euid_mismatch absent -- a classic setuid-shell escalation."",
    ""Behavioural anomaly: failed_call_rate is low with priv_op_count elevated -- a missed attack pattern."",
    ""Benign-explanation test: very short lifetime (p99+) and high throughput argue against a routine admin script, cron job, or health-check."",
    ""Decide: the escalation mechanism and privilege transition outweigh XGBoost's benign call; this supports the CNN.""
  ],
  ""key_features"": [""auid_euid_mismatch"", ""max_uid_euid_delta"", ""exec_count"", ""euid_root"", ""uid_is_root""],
  ""agrees_with"": ""cnn""
}"
60800,2,1,T1548,0,1,0.964673638343811,0.9870211482048036,xgb_benign_cnn_malicious,MALICIOUS,1,0.99,cnn,ok,"[""Privilege state: root context with uid_is_root and euid_root set -- a clear indication of elevated privileges."", ""Mechanism: exec_count is elevated with euid_root and uid_is_root set -- a classic sign of a setuid-shell escalation."", ""Behavioural anomaly: failed_call_rate is 1 with failed_call_count elevated -- a high rate of failed syscalls."", ""Benign-explanation test: very short lifetime (p99+) and high throughput argue against a routine admin script, cron job, or health-check."", ""Decide: the escalation mechanism and high failed_call_rate outweigh XGBoost's benign call; this supports the CNN.""]","[""uid_is_root"", ""euid_root"", ""exec_count"", ""failed_call_rate"", ""failed_call_count""]","{
  ""verdict"": ""MALICIOUS"",
  ""confidence"": 0.99,
  ""rationale_steps"": [
    ""Privilege state: root context with uid_is_root and euid_root set -- a clear indication of elevated privileges."",
    ""Mechanism: exec_count is elevated with euid_root and uid_is_root set -- a classic sign of a setuid-shell escalation."",
    ""Behavioural anomaly: failed_call_rate is 1 with failed_call_count elevated -- a high rate of failed syscalls."",
    ""Benign-explanation test: very short lifetime (p99+) and high throughput argue against a routine admin script, cron job, or health-check."",
    ""Decide: the escalation mechanism and high failed_call_rate outweigh XGBoost's benign call; this supports the CNN.""
  ],
  ""key_features"": [""uid_is_root"", ""euid_root"", ""exec_count"", ""failed_call_rate"", ""failed_call_count""],
  ""agrees_with"": ""cnn""
}"
60801,2,1,T1548,0,1,0.964673638343811,0.9870211482048036,xgb_benign_cnn_malicious,MALICIOUS,1,0.99,cnn,ok,"[""Privilege state: root context with uid_is_root and euid_root set -- a real identity and privilege transition."", ""Mechanism: exec_count is elevated with euid_root/uid_is_root set but auid_euid_mismatch absent -- a classic setuid-shell escalation."", ""Behavioural anomaly: failed_call_rate is low with priv_op_count elevated -- a missed attack pattern."", ""Benign-explanation test: very short lifetime (p99+) and high throughput argue against a routine admin script, cron job, or health-check."", ""Decide: the escalation mechanism and low failed_call_rate outweigh XGBoost's benign call; this supports the CNN.""]","[""uid_is_root"", ""euid_root"", ""exec_count"", ""priv_op_count"", ""failed_call_rate""]","{
  ""verdict"": ""MALICIOUS"",
  ""confidence"": 0.99,
  ""rationale_steps"": [
    ""Privilege state: root context with uid_is_root and euid_root set -- a real identity and privilege transition."",
    ""Mechanism: exec_count is elevated with euid_root/uid_is_root set but auid_euid_mismatch absent -- a classic setuid-shell escalation."",
    ""Behavioural anomaly: failed_call_rate is low with priv_op_count elevated -- a missed attack pattern."",
    ""Benign-explanation test: very short lifetime (p99+) and high throughput argue against a routine admin script, cron job, or health-check."",
    ""Decide: the escalation mechanism and low failed_call_rate outweigh XGBoost's benign call; this supports the CNN.""
  ],
  ""key_features"": [""uid_is_root"", ""euid_root"", ""exec_count"", ""priv_op_count"", ""failed_call_rate""],
  ""agrees_with"": ""cnn""
}"
60807,2,1,T1548,0,1,0.964673638343811,0.9870211482048036,xgb_benign_cnn_malicious,MALICIOUS,1,0.99,cnn,ok,"[""Privilege state: root context with uid_is_root and euid_root set -- a real identity and privilege transition."", ""Mechanism: exec_count is elevated with euid_root/uid_is_root set but auid_euid_mismatch absent -- a classic setuid-shell escalation."", ""Behavioural anomaly: failed_call_rate is low with priv_op_count elevated -- a missed attack pattern."", ""Benign-explanation test: very short lifetime (p99+) and high throughput argue against a routine admin script, cron job, or health-check."", ""Decide: the escalation mechanism and low failed_call_rate outweigh XGBoost's benign call; this supports the CNN.""]","[""uid_is_root"", ""euid_root"", ""exec_count"", ""priv_op_count"", ""failed_call_rate""]","{
  ""verdict"": ""MALICIOUS"",
  ""confidence"": 0.99,
  ""rationale_steps"": [
    ""Privilege state: root context with uid_is_root and euid_root set -- a real identity and privilege transition."",
    ""Mechanism: exec_count is elevated with euid_root/uid_is_root set but auid_euid_mismatch absent -- a classic setuid-shell escalation."",
    ""Behavioural anomaly: failed_call_rate is low with priv_op_count elevated -- a missed attack pattern."",
    ""Benign-explanation test: very short lifetime (p99+) and high throughput argue against a routine admin script, cron job, or health-check."",
    ""Decide: the escalation mechanism and low failed_call_rate outweigh XGBoost's benign call; this supports the CNN.""
  ],
  ""key_features"": [""uid_is_root"", ""euid_root"", ""exec_count"", ""priv_op_count"", ""failed_call_rate""],
  ""agrees_with"": ""cnn""
}"
60823,2,1,T1548,0,1,0.964673638343811,0.9870211482048036,xgb_benign_cnn_malicious,MALICIOUS,1,0.99,cnn,ok,"[""Privilege state: root context with uid_is_root and euid_root set -- a real identity and privilege transition."", ""Mechanism: exec_count is elevated with euid_root/uid_is_root set but auid_euid_mismatch absent -- a classic setuid-shell escalation."", ""Behavioural anomaly: failed_call_rate is low with priv_op_count elevated -- a missed attack pattern."", ""Benign-explanation test: very short lifetime (p99+) and high throughput argue against a routine admin script, cron job, or health-check."", ""Decide: the escalation mechanism and low failed_call_rate outweigh XGBoost's benign call; this supports the CNN.""]","[""uid_is_root"", ""euid_root"", ""exec_count"", ""priv_op_count"", ""failed_call_rate""]","{
  ""verdict"": ""MALICIOUS"",
  ""confidence"": 0.99,
  ""rationale_steps"": [
    ""Privilege state: root context with uid_is_root and euid_root set -- a real identity and privilege transition."",
    ""Mechanism: exec_count is elevated with euid_root/uid_is_root set but auid_euid_mismatch absent -- a classic setuid-shell escalation."",
    ""Behavioural anomaly: failed_call_rate is low with priv_op_count elevated -- a missed attack pattern."",
    ""Benign-explanation test: very short lifetime (p99+) and high throughput argue against a routine admin script, cron job, or health-check."",
    ""Decide: the escalation mechanism and low failed_call_rate outweigh XGBoost's benign call; this supports the CNN.""
  ],
  ""key_features"": [""uid_is_root"", ""euid_root"", ""exec_count"", ""priv_op_count"", ""failed_call_rate""],
  ""agrees_with"": ""cnn""
}"
60826,2,1,T1548,0,1,0.964673638343811,0.9870211482048036,xgb_benign_cnn_malicious,MALICIOUS,1,0.99,cnn,ok,"[""Privilege state: root context with uid_is_root and euid_root set -- a real identity and privilege transition."", ""Mechanism: exec_count is elevated with euid_root/uid_is_root set but auid_euid_mismatch absent -- a classic setuid-shell escalation."", ""Behavioural anomaly: failed_call_rate is low with priv_op_count elevated -- a missed attack pattern."", ""Benign-explanation test: very short lifetime (p99+) and high throughput argue against a routine admin script, cron job, or health-check."", ""Decide: the escalation mechanism and low failed_call_rate outweigh XGBoost's benign call; this supports the CNN.""]","[""uid_is_root"", ""euid_root"", ""exec_count"", ""priv_op_count"", ""failed_call_rate""]","{
  ""verdict"": ""MALICIOUS"",
  ""confidence"": 0.99,
  ""rationale_steps"": [
    ""Privilege state: root context with uid_is_root and euid_root set -- a real identity and privilege transition."",
    ""Mechanism: exec_count is elevated with euid_root/uid_is_root set but auid_euid_mismatch absent -- a classic setuid-shell escalation."",
    ""Behavioural anomaly: failed_call_rate is low with priv_op_count elevated -- a missed attack pattern."",
    ""Benign-explanation test: very short lifetime (p99+) and high throughput argue against a routine admin script, cron job, or health-check."",
    ""Decide: the escalation mechanism and low failed_call_rate outweigh XGBoost's benign call; this supports the CNN.""
  ],
  ""key_features"": [""uid_is_root"", ""euid_root"", ""exec_count"", ""priv_op_count"", ""failed_call_rate""],
  ""agrees_with"": ""cnn""
}"
60834,2,1,T1548,0,1,0.964673638343811,0.9870211482048036,xgb_benign_cnn_malicious,MALICIOUS,1,0.99,cnn,ok,"[""Privilege state: root context with uid_is_root and euid_root set -- a real identity and privilege transition."", ""Mechanism: exec_count is elevated with euid_root/uid_is_root set but auid_euid_mismatch absent -- a classic setuid-shell escalation."", ""Behavioural anomaly: failed_call_rate is low with priv_op_count elevated -- a missed attack pattern."", ""Benign-explanation test: very short lifetime (p99+) and high throughput argue against a routine admin script, cron job, or health-check."", ""Decide: the escalation mechanism and low failed_call_rate outweigh XGBoost's benign call; this supports the CNN.""]","[""uid_is_root"", ""euid_root"", ""exec_count"", ""priv_op_count"", ""failed_call_rate""]","{
  ""verdict"": ""MALICIOUS"",
  ""confidence"": 0.99,
  ""rationale_steps"": [
    ""Privilege state: root context with uid_is_root and euid_root set -- a real identity and privilege transition."",
    ""Mechanism: exec_count is elevated with euid_root/uid_is_root set but auid_euid_mismatch absent -- a classic setuid-shell escalation."",
    ""Behavioural anomaly: failed_call_rate is low with priv_op_count elevated -- a missed attack pattern."",
    ""Benign-explanation test: very short lifetime (p99+) and high throughput argue against a routine admin script, cron job, or health-check."",
    ""Decide: the escalation mechanism and low failed_call_rate outweigh XGBoost's benign call; this supports the CNN.""
  ],
  ""key_features"": [""uid_is_root"", ""euid_root"", ""exec_count"", ""priv_op_count"", ""failed_call_rate""],
  ""agrees_with"": ""cnn""
}"
60835,2,1,T1548,0,1,0.964673638343811,0.9870211482048036,xgb_benign_cnn_malicious,MALICIOUS,1,0.99,cnn,ok,"[""Privilege state: root context with uid_is_root and euid_root set -- a real identity and privilege transition."", ""Mechanism: exec_count is elevated with euid_root/uid_is_root set but auid_euid_mismatch absent -- a classic setuid-shell escalation."", ""Behavioural anomaly: failed_call_rate is low with priv_op_count elevated -- a missed attack pattern."", ""Benign-explanation test: very short lifetime (p99+) and high throughput argue against a routine admin script, cron job, or health-check."", ""Decide: the escalation mechanism and low failed_call_rate outweigh XGBoost's benign call; this supports the CNN.""]","[""uid_is_root"", ""euid_root"", ""exec_count"", ""priv_op_count"", ""failed_call_rate""]","{
  ""verdict"": ""MALICIOUS"",
  ""confidence"": 0.99,
  ""rationale_steps"": [
    ""Privilege state: root context with uid_is_root and euid_root set -- a real identity and privilege transition."",
    ""Mechanism: exec_count is elevated with euid_root/uid_is_root set but auid_euid_mismatch absent -- a classic setuid-shell escalation."",
    ""Behavioural anomaly: failed_call_rate is low with priv_op_count elevated -- a missed attack pattern."",
    ""Benign-explanation test: very short lifetime (p99+) and high throughput argue against a routine admin script, cron job, or health-check."",
    ""Decide: the escalation mechanism and low failed_call_rate outweigh XGBoost's benign call; this supports the CNN.""
  ],
  ""key_features"": [""uid_is_root"", ""euid_root"", ""exec_count"", ""priv_op_count"", ""failed_call_rate""],
  ""agrees_with"": ""cnn""
}"
60842,2,1,T1548,0,1,0.964673638343811,0.9870211482048036,xgb_benign_cnn_malicious,MALICIOUS,1,0.99,cnn,ok,"[""Privilege state: root context with uid_is_root and euid_root set -- a real identity and privilege transition."", ""Mechanism: exec_count is elevated with euid_root/uid_is_root set but auid_euid_mismatch absent -- a classic setuid-shell escalation."", ""Behavioural anomaly: failed_call_rate is low with priv_op_count elevated -- a missed attack pattern."", ""Benign-explanation test: very short lifetime (p99+) and high throughput argue against a routine admin script, cron job, or health-check."", ""Decide: the escalation mechanism and low failed_call_rate outweigh XGBoost's benign call; this supports the CNN.""]","[""uid_is_root"", ""euid_root"", ""exec_count"", ""priv_op_count"", ""failed_call_rate""]","{
  ""verdict"": ""MALICIOUS"",
  ""confidence"": 0.99,
  ""rationale_steps"": [
    ""Privilege state: root context with uid_is_root and euid_root set -- a real identity and privilege transition."",
    ""Mechanism: exec_count is elevated with euid_root/uid_is_root set but auid_euid_mismatch absent -- a classic setuid-shell escalation."",
    ""Behavioural anomaly: failed_call_rate is low with priv_op_count elevated -- a missed attack pattern."",
    ""Benign-explanation test: very short lifetime (p99+) and high throughput argue against a routine admin script, cron job, or health-check."",
    ""Decide: the escalation mechanism and low failed_call_rate outweigh XGBoost's benign call; this supports the CNN.""
  ],
  ""key_features"": [""uid_is_root"", ""euid_root"", ""exec_count"", ""priv_op_count"", ""failed_call_rate""],
  ""agrees_with"": ""cnn""
}"
60843,2,1,T1548,0,1,0.9779095649719238,0.9780508279800416,xgb_benign_cnn_malicious,MALICIOUS,1,0.98,cnn,ok,"[""Privilege state: root context with auid_euid_mismatch set and max_uid_euid_delta at p77 -- a real identity inconsistency and privilege transition."", ""Mechanism: exec_count is elevated with euid_root/uid_is_root set but auid_euid_mismatch absent -- a classic setuid-shell escalation."", ""Behavioural anomaly: failed_call_rate is low with priv_op_count elevated -- a missed attack pattern."", ""Benign-explanation test: very short lifetime (p99+) and high throughput argue against a routine admin script, cron job, or health-check."", ""Decide: the escalation mechanism and privilege transition outweigh XGBoost's benign call; this supports the CNN.""]","[""auid_euid_mismatch"", ""max_uid_euid_delta"", ""exec_count"", ""euid_root"", ""uid_is_root""]","{
  ""verdict"": ""MALICIOUS"",
  ""confidence"": 0.98,
  ""rationale_steps"": [
    ""Privilege state: root context with auid_euid_mismatch set and max_uid_euid_delta at p77 -- a real identity inconsistency and privilege transition."",
    ""Mechanism: exec_count is elevated with euid_root/uid_is_root set but auid_euid_mismatch absent -- a classic setuid-shell escalation."",
    ""Behavioural anomaly: failed_call_rate is low with priv_op_count elevated -- a missed attack pattern."",
    ""Benign-explanation test: very short lifetime (p99+) and high throughput argue against a routine admin script, cron job, or health-check."",
    ""Decide: the escalation mechanism and privilege transition outweigh XGBoost's benign call; this supports the CNN.""
  ],
  ""key_features"": [""auid_euid_mismatch"", ""max_uid_euid_delta"", ""exec_count"", ""euid_root"", ""uid_is_root""],
  ""agrees_with"": ""cnn""
}"
60844,2,1,T1548,0,1,0.964673638343811,0.9870211482048036,xgb_benign_cnn_malicious,MALICIOUS,1,0.99,cnn,ok,"[""Privilege state: root context with uid_is_root and euid_root set -- a clear indication of elevated privileges."", ""Mechanism: exec_count is elevated with euid_root and uid_is_root set -- a classic sign of a setuid-shell escalation."", ""Behavioural anomaly: failed_call_rate is 1 with failed_call_count elevated -- a high rate of failed syscalls."", ""Benign-explanation test: very short lifetime (p99+) and high throughput argue against a routine admin script, cron job, or health-check."", ""Decide: the escalation mechanism and high failed_call_rate outweigh XGBoost's benign call; this supports the CNN.""]","[""uid_is_root"", ""euid_root"", ""exec_count"", ""failed_call_rate"", ""failed_call_count""]","{
  ""verdict"": ""MALICIOUS"",
  ""confidence"": 0.99,
  ""rationale_steps"": [
    ""Privilege state: root context with uid_is_root and euid_root set -- a clear indication of elevated privileges."",
    ""Mechanism: exec_count is elevated with euid_root and uid_is_root set -- a classic sign of a setuid-shell escalation."",
    ""Behavioural anomaly: failed_call_rate is 1 with failed_call_count elevated -- a high rate of failed syscalls."",
    ""Benign-explanation test: very short lifetime (p99+) and high throughput argue against a routine admin script, cron job, or health-check."",
    ""Decide: the escalation mechanism and high failed_call_rate outweigh XGBoost's benign call; this supports the CNN.""
  ],
  ""key_features"": [""uid_is_root"", ""euid_root"", ""exec_count"", ""failed_call_rate"", ""failed_call_count""],
  ""agrees_with"": ""cnn""
}"
60861,2,1,T1548,0,1,0.964673638343811,0.9870211482048036,xgb_benign_cnn_malicious,MALICIOUS,1,0.99,cnn,ok,"[""Privilege state: root context with uid_is_root and euid_root set -- a real identity and privilege transition."", ""Mechanism: exec_count is elevated with euid_root/uid_is_root set but auid_euid_mismatch absent -- a classic setuid-shell escalation."", ""Behavioural anomaly: failed_call_rate is low with priv_op_count elevated -- a missed attack pattern."", ""Benign-explanation test: very short lifetime (p99+) and high throughput argue against a routine admin script, cron job, or health-check."", ""Decide: the escalation mechanism and low failed_call_rate outweigh XGBoost's benign call; this supports the CNN.""]","[""uid_is_root"", ""euid_root"", ""exec_count"", ""priv_op_count"", ""failed_call_rate""]","{
  ""verdict"": ""MALICIOUS"",
  ""confidence"": 0.99,
  ""rationale_steps"": [
    ""Privilege state: root context with uid_is_root and euid_root set -- a real identity and privilege transition."",
    ""Mechanism: exec_count is elevated with euid_root/uid_is_root set but auid_euid_mismatch absent -- a classic setuid-shell escalation."",
    ""Behavioural anomaly: failed_call_rate is low with priv_op_count elevated -- a missed attack pattern."",
    ""Benign-explanation test: very short lifetime (p99+) and high throughput argue against a routine admin script, cron job, or health-check."",
    ""Decide: the escalation mechanism and low failed_call_rate outweigh XGBoost's benign call; this supports the CNN.""
  ],
  ""key_features"": [""uid_is_root"", ""euid_root"", ""exec_count"", ""priv_op_count"", ""failed_call_rate""],
  ""agrees_with"": ""cnn""
}"
62136,2,1,T1548,0,1,0.964673638343811,0.9870211482048036,xgb_benign_cnn_malicious,MALICIOUS,1,0.99,cnn,ok,"[""Privilege state: root context with uid_is_root and euid_root set -- a real identity and privilege transition."", ""Mechanism: exec_count is elevated with euid_root/uid_is_root set but auid_euid_mismatch absent -- a classic setuid-shell escalation."", ""Behavioural anomaly: failed_call_rate is low with priv_op_count elevated -- a missed attack pattern."", ""Benign-explanation test: very short lifetime (p99+) and high throughput argue against a routine admin script, cron job, or health-check."", ""Decide: the escalation mechanism and low failed_call_rate outweigh XGBoost's benign call; this supports the CNN.""]","[""uid_is_root"", ""euid_root"", ""exec_count"", ""priv_op_count"", ""failed_call_rate""]","{
  ""verdict"": ""MALICIOUS"",
  ""confidence"": 0.99,
  ""rationale_steps"": [
    ""Privilege state: root context with uid_is_root and euid_root set -- a real identity and privilege transition."",
    ""Mechanism: exec_count is elevated with euid_root/uid_is_root set but auid_euid_mismatch absent -- a classic setuid-shell escalation."",
    ""Behavioural anomaly: failed_call_rate is low with priv_op_count elevated -- a missed attack pattern."",
    ""Benign-explanation test: very short lifetime (p99+) and high throughput argue against a routine admin script, cron job, or health-check."",
    ""Decide: the escalation mechanism and low failed_call_rate outweigh XGBoost's benign call; this supports the CNN.""
  ],
  ""key_features"": [""uid_is_root"", ""euid_root"", ""exec_count"", ""priv_op_count"", ""failed_call_rate""],
  ""agrees_with"": ""cnn""
}"
62149,3,1,T1548,1,0,0.999918818473816,0.8624439835548401,xgb_malicious_cnn_benign,MALICIOUS,1,0.93,cnn,ok,"[""Privilege state: root context with max_uid_euid_delta at p99+ and auid_euid_mismatch set -- a real identity inconsistency and privilege transition."", ""Mechanism: exec_count is elevated with euid_root/uid_is_root set but auid_euid_mismatch absent -- a classic setuid-shell escalation."", ""Behavioural anomaly: very short lifetime (p99+) and high throughput argue for a malicious process."", ""Benign-explanation test: the absence of shell_from_service and uid_is_root unset argue against a routine admin script, cron job, or health-check."", ""Decide: the escalation mechanism and high throughput outweigh XGBoost's malicious call; this supports the CNN.""]","[""lifetime_seconds"", ""unique_syscalls"", ""uid_is_root"", ""euid_root"", ""max_uid_euid_delta""]","{
  ""verdict"": ""MALICIOUS"",
  ""confidence"": 0.93,
  ""rationale_steps"": [
    ""Privilege state: root context with max_uid_euid_delta at p99+ and auid_euid_mismatch set -- a real identity inconsistency and privilege transition."",
    ""Mechanism: exec_count is elevated with euid_root/uid_is_root set but auid_euid_mismatch absent -- a classic setuid-shell escalation."",
    ""Behavioural anomaly: very short lifetime (p99+) and high throughput argue for a malicious process."",
    ""Benign-explanation test: the absence of shell_from_service and uid_is_root unset argue against a routine admin script, cron job, or health-check."",
    ""Decide: the escalation mechanism and high throughput outweigh XGBoost's malicious call; this supports the CNN.""
  ],
  ""key_features"": [""lifetime_seconds"", ""unique_syscalls"", ""uid_is_root"", ""euid_root"", ""max_uid_euid_delta""],
  ""agrees_with"": ""cnn""
}"
62342,2,1,T1595,0,1,0.001278604613617,0.999983251094818,xgb_benign_cnn_malicious,MALICIOUS,1,0.95,cnn,ok,"[""Privilege state: no genuine UID/EUID transition or root context; euid_root and uid_is_root are unset, and max_uid_euid_delta is 0."", ""Mechanism: no setuid/setgid execution, unusual exec chain, or shell spawned by a service; exec_count is 0, and shell_from_service is unset."", ""Behavioural anomaly: high syscall throughput (events_per_second=1) and short lifetime (lifetime_seconds=1) are unusual for benign activity."", ""Benign-explanation test: the short lifetime and high syscall throughput make it unlikely to be an admin scripting, cron job, or health-check."", ""Decide: the high syscall throughput and short lifetime outweigh XGBoost's benign call; this supports the CNN.""]","[""lifetime_seconds"", ""events_per_second"", ""unique_syscalls"", ""uid_is_root"", ""auid_euid_mismatch""]","{
  ""verdict"": ""MALICIOUS"",
  ""confidence"": 0.95,
  ""rationale_steps"": [
    ""Privilege state: no genuine UID/EUID transition or root context; euid_root and uid_is_root are unset, and max_uid_euid_delta is 0."",
    ""Mechanism: no setuid/setgid execution, unusual exec chain, or shell spawned by a service; exec_count is 0, and shell_from_service is unset."",
    ""Behavioural anomaly: high syscall throughput (events_per_second=1) and short lifetime (lifetime_seconds=1) are unusual for benign activity."",
    ""Benign-explanation test: the short lifetime and high syscall throughput make it unlikely to be an admin scripting, cron job, or health-check."",
    ""Decide: the high syscall throughput and short lifetime outweigh XGBoost's benign call; this supports the CNN.""
  ],
  ""key_features"": [""lifetime_seconds"", ""events_per_second"", ""unique_syscalls"", ""uid_is_root"", ""auid_euid_mismatch""],
  ""agrees_with"": ""cnn""
}"
62749,2,1,T1595,0,1,0.001278604613617,0.999983251094818,xgb_benign_cnn_malicious,MALICIOUS,1,0.95,cnn,ok,"[""Privilege state: no genuine UID/EUID transition or root context; euid_root and uid_is_root are unset, and max_uid_euid_delta is 0."", ""Mechanism: no setuid/setgid execution, unusual exec chain, or shell spawned by a service; exec_count is 0, and shell_from_service is unset."", ""Behavioural anomaly: high syscall throughput (events_per_second=1) and short lifetime (lifetime_seconds=1) are unusual for an attack; file_access_count is elevated, but network_count is 0."", ""Benign-explanation test: the short lifetime and high syscall throughput argue against a routine admin script, cron job, or health-check; unique_syscalls is elevated, but this is not a clear indicator of an attack."", ""Decide: the absence of a clear escalation mechanism and the unusual behavioural features outweigh XGBoost's benign call; this supports the CNN.""]","[""lifetime_seconds"", ""events_per_second"", ""unique_syscalls"", ""file_access_count"", ""network_count""]","{
  ""verdict"": ""MALICIOUS"",
  ""confidence"": 0.95,
  ""rationale_steps"": [
    ""Privilege state: no genuine UID/EUID transition or root context; euid_root and uid_is_root are unset, and max_uid_euid_delta is 0."",
    ""Mechanism: no setuid/setgid execution, unusual exec chain, or shell spawned by a service; exec_count is 0, and shell_from_service is unset."",
    ""Behavioural anomaly: high syscall throughput (events_per_second=1) and short lifetime (lifetime_seconds=1) are unusual for an attack; file_access_count is elevated, but network_count is 0."",
    ""Benign-explanation test: the short lifetime and high syscall throughput argue against a routine admin script, cron job, or health-check; unique_syscalls is elevated, but this is not a clear indicator of an attack."",
    ""Decide: the absence of a clear escalation mechanism and the unusual behavioural features outweigh XGBoost's benign call; this supports the CNN.""
  ],
  ""key_features"": [""lifetime_seconds"", ""events_per_second"", ""unique_syscalls"", ""file_access_count"", ""network_count""],
  ""agrees_with"": ""cnn""
}"
62857,2,1,T1548,0,1,0.964673638343811,0.9870211482048036,xgb_benign_cnn_malicious,MALICIOUS,1,0.99,cnn,ok,"[""Privilege state: root context with uid_is_root and euid_root set -- a clear indication of elevated privileges."", ""Mechanism: exec_count is elevated with euid_root and uid_is_root set -- a classic sign of a setuid-shell escalation."", ""Behavioural anomaly: failed_call_rate is 1 with failed_call_count elevated -- a high rate of failed syscalls."", ""Benign-explanation test: very short lifetime (p99+) and high throughput argue against a routine admin script, cron job, or health-check."", ""Decide: the escalation mechanism and high failed_call_rate outweigh XGBoost's benign call; this supports the CNN.""]","[""uid_is_root"", ""euid_root"", ""exec_count"", ""failed_call_rate"", ""failed_call_count""]","{
  ""verdict"": ""MALICIOUS"",
  ""confidence"": 0.99,
  ""rationale_steps"": [
    ""Privilege state: root context with uid_is_root and euid_root set -- a clear indication of elevated privileges."",
    ""Mechanism: exec_count is elevated with euid_root and uid_is_root set -- a classic sign of a setuid-shell escalation."",
    ""Behavioural anomaly: failed_call_rate is 1 with failed_call_count elevated -- a high rate of failed syscalls."",
    ""Benign-explanation test: very short lifetime (p99+) and high throughput argue against a routine admin script, cron job, or health-check."",
    ""Decide: the escalation mechanism and high failed_call_rate outweigh XGBoost's benign call; this supports the CNN.""
  ],
  ""key_features"": [""uid_is_root"", ""euid_root"", ""exec_count"", ""failed_call_rate"", ""failed_call_count""],
  ""agrees_with"": ""cnn""
}"
63847,3,1,T1548,1,0,0.999918818473816,0.8624513745307922,xgb_malicious_cnn_benign,MALICIOUS,1,0.93,cnn,ok,"[""Privilege state: root context with max_uid_euid_delta at p99+ and auid_euid_mismatch set -- a real identity inconsistency and privilege transition."", ""Mechanism: exec_count is elevated with euid_root/uid_is_root set but auid_euid_mismatch absent -- a classic setuid-shell escalation."", ""Behavioural anomaly: very short lifetime (p99+) and high throughput argue for a malicious process."", ""Benign-explanation test: the absence of shell_from_service and low failed_call_rate argue against a routine admin script, cron job, or health-check."", ""Decide: the escalation mechanism and high throughput outweigh XGBoost's malicious call; this supports the CNN.""]","[""max_uid_euid_delta"", ""auid_euid_mismatch"", ""exec_count"", ""euid_root"", ""uid_is_root""]","{
  ""verdict"": ""MALICIOUS"",
  ""confidence"": 0.93,
  ""rationale_steps"": [
    ""Privilege state: root context with max_uid_euid_delta at p99+ and auid_euid_mismatch set -- a real identity inconsistency and privilege transition."",
    ""Mechanism: exec_count is elevated with euid_root/uid_is_root set but auid_euid_mismatch absent -- a classic setuid-shell escalation."",
    ""Behavioural anomaly: very short lifetime (p99+) and high throughput argue for a malicious process."",
    ""Benign-explanation test: the absence of shell_from_service and low failed_call_rate argue against a routine admin script, cron job, or health-check."",
    ""Decide: the escalation mechanism and high throughput outweigh XGBoost's malicious call; this supports the CNN.""
  ],
  ""key_features"": [""max_uid_euid_delta"", ""auid_euid_mismatch"", ""exec_count"", ""euid_root"", ""uid_is_root""],
  ""agrees_with"": ""cnn""
}"
64904,2,1,T1595,0,1,0.001278604613617,0.999983251094818,xgb_benign_cnn_malicious,MALICIOUS,1,0.95,cnn,ok,"[""Privilege state: no genuine UID/EUID transition or root context; euid_root and uid_is_root are unset, and max_uid_euid_delta is 0."", ""Mechanism: no setuid/setgid execution, unusual exec chain, or shell spawned by a service; exec_count is 0, and shell_from_service is unset."", ""Behavioural anomaly: high syscall throughput (events_per_second=1) and short lifetime (lifetime_seconds=1) are unusual for benign activity."", ""Benign-explanation test: the short lifetime and high syscall throughput make it unlikely to be an admin scripting, cron job, or health-check."", ""Decide: the high syscall throughput and short lifetime outweigh XGBoost's benign call; this supports the CNN.""]","[""lifetime_seconds"", ""events_per_second"", ""unique_syscalls"", ""uid_is_root"", ""auid_euid_mismatch""]","{
  ""verdict"": ""MALICIOUS"",
  ""confidence"": 0.95,
  ""rationale_steps"": [
    ""Privilege state: no genuine UID/EUID transition or root context; euid_root and uid_is_root are unset, and max_uid_euid_delta is 0."",
    ""Mechanism: no setuid/setgid execution, unusual exec chain, or shell spawned by a service; exec_count is 0, and shell_from_service is unset."",
    ""Behavioural anomaly: high syscall throughput (events_per_second=1) and short lifetime (lifetime_seconds=1) are unusual for benign activity."",
    ""Benign-explanation test: the short lifetime and high syscall throughput make it unlikely to be an admin scripting, cron job, or health-check."",
    ""Decide: the high syscall throughput and short lifetime outweigh XGBoost's benign call; this supports the CNN.""
  ],
  ""key_features"": [""lifetime_seconds"", ""events_per_second"", ""unique_syscalls"", ""uid_is_root"", ""auid_euid_mismatch""],
  ""agrees_with"": ""cnn""
}"
65152,2,1,T1548,0,1,0.964673638343811,0.9870211482048036,xgb_benign_cnn_malicious,MALICIOUS,1,0.99,cnn,ok,"[""Privilege state: root context with uid_is_root and euid_root set -- a clear indication of elevated privileges."", ""Mechanism: exec_count is elevated with euid_root and uid_is_root set -- a classic sign of a setuid-shell escalation."", ""Behavioural anomaly: failed_call_rate is 1 with failed_call_count elevated -- a high rate of failed syscalls."", ""Benign-explanation test: very short lifetime (p99+) and high throughput argue against a routine admin script, cron job, or health-check."", ""Decide: the escalation mechanism and high failed_call_rate outweigh XGBoost's benign call; this supports the CNN.""]","[""uid_is_root"", ""euid_root"", ""exec_count"", ""failed_call_rate"", ""failed_call_count""]","{
  ""verdict"": ""MALICIOUS"",
  ""confidence"": 0.99,
  ""rationale_steps"": [
    ""Privilege state: root context with uid_is_root and euid_root set -- a clear indication of elevated privileges."",
    ""Mechanism: exec_count is elevated with euid_root and uid_is_root set -- a classic sign of a setuid-shell escalation."",
    ""Behavioural anomaly: failed_call_rate is 1 with failed_call_count elevated -- a high rate of failed syscalls."",
    ""Benign-explanation test: very short lifetime (p99+) and high throughput argue against a routine admin script, cron job, or health-check."",
    ""Decide: the escalation mechanism and high failed_call_rate outweigh XGBoost's benign call; this supports the CNN.""
  ],
  ""key_features"": [""uid_is_root"", ""euid_root"", ""exec_count"", ""failed_call_rate"", ""failed_call_count""],
  ""agrees_with"": ""cnn""
}"
66500,2,1,T1548,0,1,0.964673638343811,0.9870211482048036,xgb_benign_cnn_malicious,MALICIOUS,1,0.99,cnn,ok,"[""Privilege state: root context with uid_is_root and euid_root set -- a real identity and privilege transition."", ""Mechanism: exec_count is elevated with euid_root/uid_is_root set but auid_euid_mismatch absent -- a classic setuid-shell escalation."", ""Behavioural anomaly: failed_call_rate is low with priv_op_count elevated -- a missed attack pattern."", ""Benign-explanation test: very short lifetime (p99+) and high throughput argue against a routine admin script, cron job, or health-check."", ""Decide: the escalation mechanism and low failed_call_rate outweigh XGBoost's benign call; this supports the CNN.""]","[""uid_is_root"", ""euid_root"", ""exec_count"", ""priv_op_count"", ""failed_call_rate""]","{
  ""verdict"": ""MALICIOUS"",
  ""confidence"": 0.99,
  ""rationale_steps"": [
    ""Privilege state: root context with uid_is_root and euid_root set -- a real identity and privilege transition."",
    ""Mechanism: exec_count is elevated with euid_root/uid_is_root set but auid_euid_mismatch absent -- a classic setuid-shell escalation."",
    ""Behavioural anomaly: failed_call_rate is low with priv_op_count elevated -- a missed attack pattern."",
    ""Benign-explanation test: very short lifetime (p99+) and high throughput argue against a routine admin script, cron job, or health-check."",
    ""Decide: the escalation mechanism and low failed_call_rate outweigh XGBoost's benign call; this supports the CNN.""
  ],
  ""key_features"": [""uid_is_root"", ""euid_root"", ""exec_count"", ""priv_op_count"", ""failed_call_rate""],
  ""agrees_with"": ""cnn""
}"
66592,3,1,T1548,1,0,0.999918818473816,0.8624513745307922,xgb_malicious_cnn_benign,MALICIOUS,1,0.93,cnn,ok,"[""Privilege state: root context with max_uid_euid_delta at p99+ and auid_euid_mismatch set -- a real identity inconsistency and privilege transition."", ""Mechanism: exec_count is elevated with euid_root/uid_is_root set but auid_euid_mismatch absent -- a classic setuid-shell escalation."", ""Behavioural anomaly: very short lifetime (p99+) and high throughput argue for a malicious process."", ""Benign-explanation test: the absence of shell_from_service and low failed_call_rate argue against a routine admin script, cron job, or health-check."", ""Decide: the escalation mechanism and high throughput outweigh XGBoost's malicious call; this supports the CNN.""]","[""max_uid_euid_delta"", ""auid_euid_mismatch"", ""exec_count"", ""euid_root"", ""uid_is_root""]","{
  ""verdict"": ""MALICIOUS"",
  ""confidence"": 0.93,
  ""rationale_steps"": [
    ""Privilege state: root context with max_uid_euid_delta at p99+ and auid_euid_mismatch set -- a real identity inconsistency and privilege transition."",
    ""Mechanism: exec_count is elevated with euid_root/uid_is_root set but auid_euid_mismatch absent -- a classic setuid-shell escalation."",
    ""Behavioural anomaly: very short lifetime (p99+) and high throughput argue for a malicious process."",
    ""Benign-explanation test: the absence of shell_from_service and low failed_call_rate argue against a routine admin script, cron job, or health-check."",
    ""Decide: the escalation mechanism and high throughput outweigh XGBoost's malicious call; this supports the CNN.""
  ],
  ""key_features"": [""max_uid_euid_delta"", ""auid_euid_mismatch"", ""exec_count"", ""euid_root"", ""uid_is_root""],
  ""agrees_with"": ""cnn""
}"
66681,2,1,T1595,0,1,0.001278604613617,0.999983251094818,xgb_benign_cnn_malicious,MALICIOUS,1,0.95,cnn,ok,"[""Privilege state: no genuine UID/EUID transition or root context; euid_root and uid_is_root are unset, and max_uid_euid_delta is 0."", ""Mechanism: no setuid/setgid execution, unusual exec chain, or shell spawned by a service; exec_count is 0, and shell_from_service is unset."", ""Behavioural anomaly: high syscall throughput (events_per_second=1) and short lifetime (lifetime_seconds=1) are unusual for benign activity."", ""Benign-explanation test: the short lifetime and high syscall throughput make it unlikely to be an admin scripting, cron job, or health-check."", ""Decide: the high syscall throughput and short lifetime outweigh XGBoost's benign call; this supports the CNN.""]","[""lifetime_seconds"", ""events_per_second"", ""unique_syscalls"", ""uid_is_root"", ""auid_euid_mismatch""]","{
  ""verdict"": ""MALICIOUS"",
  ""confidence"": 0.95,
  ""rationale_steps"": [
    ""Privilege state: no genuine UID/EUID transition or root context; euid_root and uid_is_root are unset, and max_uid_euid_delta is 0."",
    ""Mechanism: no setuid/setgid execution, unusual exec chain, or shell spawned by a service; exec_count is 0, and shell_from_service is unset."",
    ""Behavioural anomaly: high syscall throughput (events_per_second=1) and short lifetime (lifetime_seconds=1) are unusual for benign activity."",
    ""Benign-explanation test: the short lifetime and high syscall throughput make it unlikely to be an admin scripting, cron job, or health-check."",
    ""Decide: the high syscall throughput and short lifetime outweigh XGBoost's benign call; this supports the CNN.""
  ],
  ""key_features"": [""lifetime_seconds"", ""events_per_second"", ""unique_syscalls"", ""uid_is_root"", ""auid_euid_mismatch""],
  ""agrees_with"": ""cnn""
}"
67322,2,1,T1548,0,1,0.964673638343811,0.9870211482048036,xgb_benign_cnn_malicious,MALICIOUS,1,0.99,cnn,ok,"[""Privilege state: root context with uid_is_root and euid_root set -- a clear indication of elevated privileges."", ""Mechanism: exec_count is elevated with euid_root and uid_is_root set -- a classic sign of a setuid-shell escalation."", ""Behavioural anomaly: failed_call_rate is 1 with failed_call_count elevated -- a high rate of failed syscalls."", ""Benign-explanation test: very short lifetime (p99+) and high throughput argue against a routine admin script, cron job, or health-check."", ""Decide: the escalation mechanism and high failed_call_rate outweigh XGBoost's benign call; this supports the CNN.""]","[""uid_is_root"", ""euid_root"", ""exec_count"", ""failed_call_rate"", ""failed_call_count""]","{
  ""verdict"": ""MALICIOUS"",
  ""confidence"": 0.99,
  ""rationale_steps"": [
    ""Privilege state: root context with uid_is_root and euid_root set -- a clear indication of elevated privileges."",
    ""Mechanism: exec_count is elevated with euid_root and uid_is_root set -- a classic sign of a setuid-shell escalation."",
    ""Behavioural anomaly: failed_call_rate is 1 with failed_call_count elevated -- a high rate of failed syscalls."",
    ""Benign-explanation test: very short lifetime (p99+) and high throughput argue against a routine admin script, cron job, or health-check."",
    ""Decide: the escalation mechanism and high failed_call_rate outweigh XGBoost's benign call; this supports the CNN.""
  ],
  ""key_features"": [""uid_is_root"", ""euid_root"", ""exec_count"", ""failed_call_rate"", ""failed_call_count""],
  ""agrees_with"": ""cnn""
}"
68073,3,1,T1548,1,0,0.999918818473816,0.8624439835548401,xgb_malicious_cnn_benign,MALICIOUS,1,0.93,cnn,ok,"[""Privilege state: root context with max_uid_euid_delta at p99+ and auid_euid_mismatch set -- a real identity inconsistency and privilege transition."", ""Mechanism: exec_count is elevated with euid_root/uid_is_root set but auid_euid_mismatch absent -- a classic setuid-shell escalation."", ""Behavioural anomaly: very short lifetime (p99+) and high throughput argue for a malicious process."", ""Benign-explanation test: the absence of shell_from_service and uid_is_root unset argue against a routine admin script, cron job, or health-check."", ""Decide: the escalation mechanism and high throughput outweigh XGBoost's malicious call; this supports the CNN.""]","[""lifetime_seconds"", ""unique_syscalls"", ""uid_is_root"", ""euid_root"", ""max_uid_euid_delta""]","{
  ""verdict"": ""MALICIOUS"",
  ""confidence"": 0.93,
  ""rationale_steps"": [
    ""Privilege state: root context with max_uid_euid_delta at p99+ and auid_euid_mismatch set -- a real identity inconsistency and privilege transition."",
    ""Mechanism: exec_count is elevated with euid_root/uid_is_root set but auid_euid_mismatch absent -- a classic setuid-shell escalation."",
    ""Behavioural anomaly: very short lifetime (p99+) and high throughput argue for a malicious process."",
    ""Benign-explanation test: the absence of shell_from_service and uid_is_root unset argue against a routine admin script, cron job, or health-check."",
    ""Decide: the escalation mechanism and high throughput outweigh XGBoost's malicious call; this supports the CNN.""
  ],
  ""key_features"": [""lifetime_seconds"", ""unique_syscalls"", ""uid_is_root"", ""euid_root"", ""max_uid_euid_delta""],
  ""agrees_with"": ""cnn""
}"
68112,2,1,T1548,0,1,0.964673638343811,0.9870211482048036,xgb_benign_cnn_malicious,MALICIOUS,1,0.99,cnn,ok,"[""Privilege state: root context with uid_is_root and euid_root set -- a clear indication of elevated privileges."", ""Mechanism: exec_count is elevated with euid_root/uid_is_root set but auid_euid_mismatch absent -- a classic setuid-shell escalation."", ""Behavioural anomaly: failed_call_rate is 1 with failed_call_count elevated -- a high rate of failed syscalls."", ""Benign-explanation test: very short lifetime (p99+) and high throughput argue against a routine admin script, cron job, or health-check."", ""Decide: the escalation mechanism and high failed_call_rate outweigh XGBoost's benign call; this supports the CNN.""]","[""uid_is_root"", ""euid_root"", ""exec_count"", ""failed_call_rate"", ""failed_call_count""]","{
  ""verdict"": ""MALICIOUS"",
  ""confidence"": 0.99,
  ""rationale_steps"": [
    ""Privilege state: root context with uid_is_root and euid_root set -- a clear indication of elevated privileges."",
    ""Mechanism: exec_count is elevated with euid_root/uid_is_root set but auid_euid_mismatch absent -- a classic setuid-shell escalation."",
    ""Behavioural anomaly: failed_call_rate is 1 with failed_call_count elevated -- a high rate of failed syscalls."",
    ""Benign-explanation test: very short lifetime (p99+) and high throughput argue against a routine admin script, cron job, or health-check."",
    ""Decide: the escalation mechanism and high failed_call_rate outweigh XGBoost's benign call; this supports the CNN.""
  ],
  ""key_features"": [""uid_is_root"", ""euid_root"", ""exec_count"", ""failed_call_rate"", ""failed_call_count""],
  ""agrees_with"": ""cnn""
}"
68965,3,1,T1548,1,0,0.999918818473816,0.8624513745307922,xgb_malicious_cnn_benign,MALICIOUS,1,0.93,cnn,ok,"[""Privilege state: root context with max_uid_euid_delta at p99+ and auid_euid_mismatch set -- a real identity inconsistency and privilege transition."", ""Mechanism: exec_count is elevated with euid_root/uid_is_root set but auid_euid_mismatch absent -- a classic setuid-shell escalation."", ""Behavioural anomaly: very short lifetime (p99+) and high throughput argue for a malicious process."", ""Benign-explanation test: the absence of shell_from_service and low failed_call_rate argue against a routine admin script, cron job, or health-check."", ""Decide: the escalation mechanism and high throughput outweigh XGBoost's malicious call; this supports the CNN.""]","[""max_uid_euid_delta"", ""auid_euid_mismatch"", ""exec_count"", ""euid_root"", ""uid_is_root""]","{
  ""verdict"": ""MALICIOUS"",
  ""confidence"": 0.93,
  ""rationale_steps"": [
    ""Privilege state: root context with max_uid_euid_delta at p99+ and auid_euid_mismatch set -- a real identity inconsistency and privilege transition."",
    ""Mechanism: exec_count is elevated with euid_root/uid_is_root set but auid_euid_mismatch absent -- a classic setuid-shell escalation."",
    ""Behavioural anomaly: very short lifetime (p99+) and high throughput argue for a malicious process."",
    ""Benign-explanation test: the absence of shell_from_service and low failed_call_rate argue against a routine admin script, cron job, or health-check."",
    ""Decide: the escalation mechanism and high throughput outweigh XGBoost's malicious call; this supports the CNN.""
  ],
  ""key_features"": [""max_uid_euid_delta"", ""auid_euid_mismatch"", ""exec_count"", ""euid_root"", ""uid_is_root""],
  ""agrees_with"": ""cnn""
}"
70299,3,1,T1548,1,0,0.999918818473816,0.8624439835548401,xgb_malicious_cnn_benign,MALICIOUS,1,0.93,cnn,ok,"[""Privilege state: root context with max_uid_euid_delta at p99+ and auid_euid_mismatch set -- a real identity inconsistency and privilege transition."", ""Mechanism: exec_count is elevated with euid_root/uid_is_root set but auid_euid_mismatch absent -- a classic setuid-shell escalation."", ""Behavioural anomaly: very short lifetime (p99+) and high throughput argue for an anomalous process."", ""Benign-explanation test: the absence of shell_from_service and low failed_call_rate argue against a routine admin script, cron job, or health-check."", ""Decide: the escalation mechanism and anomalous behaviour outweigh XGBoost's malicious call; this supports the CNN.""]","[""max_uid_euid_delta"", ""auid_euid_mismatch"", ""exec_count"", ""euid_root"", ""uid_is_root""]","{
  ""verdict"": ""MALICIOUS"",
  ""confidence"": 0.93,
  ""rationale_steps"": [
    ""Privilege state: root context with max_uid_euid_delta at p99+ and auid_euid_mismatch set -- a real identity inconsistency and privilege transition."",
    ""Mechanism: exec_count is elevated with euid_root/uid_is_root set but auid_euid_mismatch absent -- a classic setuid-shell escalation."",
    ""Behavioural anomaly: very short lifetime (p99+) and high throughput argue for an anomalous process."",
    ""Benign-explanation test: the absence of shell_from_service and low failed_call_rate argue against a routine admin script, cron job, or health-check."",
    ""Decide: the escalation mechanism and anomalous behaviour outweigh XGBoost's malicious call; this supports the CNN.""
  ],
  ""key_features"": [""max_uid_euid_delta"", ""auid_euid_mismatch"", ""exec_count"", ""euid_root"", ""uid_is_root""],
  ""agrees_with"": ""cnn""
}"
70373,4,1,T1222,0,1,0.8795052170753479,0.9937933087348938,xgb_benign_cnn_malicious,MALICIOUS,1,0.99,cnn,ok,"[""Privilege state: root context with euid_root and uid_is_root set -- a real identity consistency and privilege transition."", ""Mechanism: priv_op_count is elevated and auid_euid_mismatch is set -- a classic privilege escalation."", ""Behavioural anomaly: high throughput (events_per_second=38) and long syscall sequence (seq_length=38) -- an exec pair essentially never seen in benign activity."", ""Benign-explanation test: very short lifetime (p99+) and high throughput argue against a routine admin script, cron job, or health-check."", ""Decide: the escalation mechanism and high throughput outweigh XGBoost's benign call; this supports the CNN.""]","[""uid_is_root"", ""euid_root"", ""auid_euid_mismatch"", ""priv_op_count"", ""events_per_second""]","{
  ""verdict"": ""MALICIOUS"",
  ""confidence"": 0.99,
  ""rationale_steps"": [
    ""Privilege state: root context with euid_root and uid_is_root set -- a real identity consistency and privilege transition."",
    ""Mechanism: priv_op_count is elevated and auid_euid_mismatch is set -- a classic privilege escalation."",
    ""Behavioural anomaly: high throughput (events_per_second=38) and long syscall sequence (seq_length=38) -- an exec pair essentially never seen in benign activity."",
    ""Benign-explanation test: very short lifetime (p99+) and high throughput argue against a routine admin script, cron job, or health-check."",
    ""Decide: the escalation mechanism and high throughput outweigh XGBoost's benign call; this supports the CNN.""
  ],
  ""key_features"": [""uid_is_root"", ""euid_root"", ""auid_euid_mismatch"", ""priv_op_count"", ""events_per_second""],
  ""agrees_with"": ""cnn""
}"
70374,2,1,T1548,0,1,0.964673638343811,0.9870211482048036,xgb_benign_cnn_malicious,MALICIOUS,1,0.99,cnn,ok,"[""Privilege state: root context with uid_is_root and euid_root set -- a clear indication of elevated privileges."", ""Mechanism: exec_count is elevated with euid_root and uid_is_root set -- a classic sign of a setuid-shell escalation."", ""Behavioural anomaly: failed_call_rate is 1 with failed_call_count elevated -- a high rate of failed syscalls."", ""Benign-explanation test: very short lifetime (p99+) and high throughput argue against a routine admin script, cron job, or health-check."", ""Decide: the escalation mechanism and high failed_call_rate outweigh XGBoost's benign call; this supports the CNN.""]","[""uid_is_root"", ""euid_root"", ""exec_count"", ""failed_call_rate"", ""failed_call_count""]","{
  ""verdict"": ""MALICIOUS"",
  ""confidence"": 0.99,
  ""rationale_steps"": [
    ""Privilege state: root context with uid_is_root and euid_root set -- a clear indication of elevated privileges."",
    ""Mechanism: exec_count is elevated with euid_root and uid_is_root set -- a classic sign of a setuid-shell escalation."",
    ""Behavioural anomaly: failed_call_rate is 1 with failed_call_count elevated -- a high rate of failed syscalls."",
    ""Benign-explanation test: very short lifetime (p99+) and high throughput argue against a routine admin script, cron job, or health-check."",
    ""Decide: the escalation mechanism and high failed_call_rate outweigh XGBoost's benign call; this supports the CNN.""
  ],
  ""key_features"": [""uid_is_root"", ""euid_root"", ""exec_count"", ""failed_call_rate"", ""failed_call_count""],
  ""agrees_with"": ""cnn""
}"
70375,2,1,T1548,0,1,0.964673638343811,0.9870211482048036,xgb_benign_cnn_malicious,MALICIOUS,1,0.99,cnn,ok,"[""Privilege state: root context with uid_is_root and euid_root set -- a real identity and privilege transition."", ""Mechanism: exec_count is elevated with euid_root/uid_is_root set but auid_euid_mismatch absent -- a classic setuid-shell escalation."", ""Behavioural anomaly: failed_call_rate is low with priv_op_count elevated -- a missed attack pattern."", ""Benign-explanation test: very short lifetime (p99+) and high throughput argue against a routine admin script, cron job, or health-check."", ""Decide: the escalation mechanism and low failed_call_rate outweigh XGBoost's benign call; this supports the CNN.""]","[""uid_is_root"", ""euid_root"", ""exec_count"", ""priv_op_count"", ""failed_call_rate""]","{
  ""verdict"": ""MALICIOUS"",
  ""confidence"": 0.99,
  ""rationale_steps"": [
    ""Privilege state: root context with uid_is_root and euid_root set -- a real identity and privilege transition."",
    ""Mechanism: exec_count is elevated with euid_root/uid_is_root set but auid_euid_mismatch absent -- a classic setuid-shell escalation."",
    ""Behavioural anomaly: failed_call_rate is low with priv_op_count elevated -- a missed attack pattern."",
    ""Benign-explanation test: very short lifetime (p99+) and high throughput argue against a routine admin script, cron job, or health-check."",
    ""Decide: the escalation mechanism and low failed_call_rate outweigh XGBoost's benign call; this supports the CNN.""
  ],
  ""key_features"": [""uid_is_root"", ""euid_root"", ""exec_count"", ""priv_op_count"", ""failed_call_rate""],
  ""agrees_with"": ""cnn""
}"
70399,2,1,T1548,0,1,0.964673638343811,0.9870211482048036,xgb_benign_cnn_malicious,MALICIOUS,1,0.99,cnn,ok,"[""Privilege state: root context with uid_is_root and euid_root set -- a real identity and privilege transition."", ""Mechanism: exec_count is elevated with euid_root/uid_is_root set but auid_euid_mismatch absent -- a classic setuid-shell escalation."", ""Behavioural anomaly: failed_call_rate is low with priv_op_count elevated -- a missed attack pattern."", ""Benign-explanation test: very short lifetime (p99+) and high throughput argue against a routine admin script, cron job, or health-check."", ""Decide: the escalation mechanism and low failed_call_rate outweigh XGBoost's benign call; this supports the CNN.""]","[""uid_is_root"", ""euid_root"", ""exec_count"", ""priv_op_count"", ""failed_call_rate""]","{
  ""verdict"": ""MALICIOUS"",
  ""confidence"": 0.99,
  ""rationale_steps"": [
    ""Privilege state: root context with uid_is_root and euid_root set -- a real identity and privilege transition."",
    ""Mechanism: exec_count is elevated with euid_root/uid_is_root set but auid_euid_mismatch absent -- a classic setuid-shell escalation."",
    ""Behavioural anomaly: failed_call_rate is low with priv_op_count elevated -- a missed attack pattern."",
    ""Benign-explanation test: very short lifetime (p99+) and high throughput argue against a routine admin script, cron job, or health-check."",
    ""Decide: the escalation mechanism and low failed_call_rate outweigh XGBoost's benign call; this supports the CNN.""
  ],
  ""key_features"": [""uid_is_root"", ""euid_root"", ""exec_count"", ""priv_op_count"", ""failed_call_rate""],
  ""agrees_with"": ""cnn""
}"
70424,3,1,T1222,1,0,0.9765482544898988,0.8522466421127319,xgb_malicious_cnn_benign,MALICIOUS,1,0.98,cnn,ok,"[""Privilege state: root context with uid_is_root and euid_root set -- a clear indication of elevated privileges."", ""Mechanism: no setuid/setgid execution or shell spawned from a service, but a high exec_count with euid_root/uid_is_root set -- a potential escalation mechanism."", ""Behavioural anomaly: high throughput with events_per_second and seq_length at p98/p98, and unique_syscalls at p99+ -- a rare and unusual syscall pattern."", ""Benign-explanation test: short lifetime (p99+) and high throughput argue against a routine admin script, cron job, or health-check."", ""Decide: the privilege state and high throughput outweigh XGBoost's malicious call; this supports the CNN.""]","[""uid_is_root"", ""euid_root"", ""events_per_second"", ""seq_length"", ""unique_syscalls""]","{
  ""verdict"": ""MALICIOUS"",
  ""confidence"": 0.98,
  ""rationale_steps"": [
    ""Privilege state: root context with uid_is_root and euid_root set -- a clear indication of elevated privileges."",
    ""Mechanism: no setuid/setgid execution or shell spawned from a service, but a high exec_count with euid_root/uid_is_root set -- a potential escalation mechanism."",
    ""Behavioural anomaly: high throughput with events_per_second and seq_length at p98/p98, and unique_syscalls at p99+ -- a rare and unusual syscall pattern."",
    ""Benign-explanation test: short lifetime (p99+) and high throughput argue against a routine admin script, cron job, or health-check."",
    ""Decide: the privilege state and high throughput outweigh XGBoost's malicious call; this supports the CNN.""
  ],
  ""key_features"": [""uid_is_root"", ""euid_root"", ""events_per_second"", ""seq_length"", ""unique_syscalls""],
  ""agrees_with"": ""cnn""
}"
70452,3,1,T1222,1,0,0.9765482544898988,0.8522466421127319,xgb_malicious_cnn_benign,MALICIOUS,1,0.98,cnn,ok,"[""Privilege state: root context with uid_is_root and euid_root set -- a clear indication of elevated privileges."", ""Mechanism: no setuid/setgid execution, unusual exec chain, or shell spawned by a service -- no classic escalation mechanism."", ""Behavioural anomaly: failed-syscall rate is low, but auid_euid_mismatch is set and max_uid_euid_delta is low -- a potential identity inconsistency."", ""Benign-explanation test: very short lifetime (p99+) and high throughput argue against a routine admin script, cron job, or health-check."", ""Decide: the privilege state and behavioural anomaly outweigh XGBoost's malicious call; this supports the CNN.""]","[""uid_is_root"", ""euid_root"", ""auid_euid_mismatch"", ""max_uid_euid_delta"", ""lifetime_seconds""]","{
  ""verdict"": ""MALICIOUS"",
  ""confidence"": 0.98,
  ""rationale_steps"": [
    ""Privilege state: root context with uid_is_root and euid_root set -- a clear indication of elevated privileges."",
    ""Mechanism: no setuid/setgid execution, unusual exec chain, or shell spawned by a service -- no classic escalation mechanism."",
    ""Behavioural anomaly: failed-syscall rate is low, but auid_euid_mismatch is set and max_uid_euid_delta is low -- a potential identity inconsistency."",
    ""Benign-explanation test: very short lifetime (p99+) and high throughput argue against a routine admin script, cron job, or health-check."",
    ""Decide: the privilege state and behavioural anomaly outweigh XGBoost's malicious call; this supports the CNN.""
  ],
  ""key_features"": [""uid_is_root"", ""euid_root"", ""auid_euid_mismatch"", ""max_uid_euid_delta"", ""lifetime_seconds""],
  ""agrees_with"": ""cnn""
}"
70454,2,1,T1548,0,1,0.964673638343811,0.9870211482048036,xgb_benign_cnn_malicious,MALICIOUS,1,0.99,cnn,ok,"[""Privilege state: root context with uid_is_root and euid_root set -- a clear indication of elevated privileges."", ""Mechanism: exec_count is elevated with euid_root/uid_is_root set but auid_euid_mismatch absent -- a classic setuid-shell escalation."", ""Behavioural anomaly: failed_call_rate is 1 with failed_call_count elevated -- a high rate of failed syscalls."", ""Benign-explanation test: very short lifetime (p99+) and high throughput argue against a routine admin script, cron job, or health-check."", ""Decide: the escalation mechanism and high failed_call_rate outweigh XGBoost's benign call; this supports the CNN.""]","[""uid_is_root"", ""euid_root"", ""exec_count"", ""failed_call_rate"", ""failed_call_count""]","{
  ""verdict"": ""MALICIOUS"",
  ""confidence"": 0.99,
  ""rationale_steps"": [
    ""Privilege state: root context with uid_is_root and euid_root set -- a clear indication of elevated privileges."",
    ""Mechanism: exec_count is elevated with euid_root/uid_is_root set but auid_euid_mismatch absent -- a classic setuid-shell escalation."",
    ""Behavioural anomaly: failed_call_rate is 1 with failed_call_count elevated -- a high rate of failed syscalls."",
    ""Benign-explanation test: very short lifetime (p99+) and high throughput argue against a routine admin script, cron job, or health-check."",
    ""Decide: the escalation mechanism and high failed_call_rate outweigh XGBoost's benign call; this supports the CNN.""
  ],
  ""key_features"": [""uid_is_root"", ""euid_root"", ""exec_count"", ""failed_call_rate"", ""failed_call_count""],
  ""agrees_with"": ""cnn""
}"
70461,2,1,T1548,0,1,0.964673638343811,0.9870211482048036,xgb_benign_cnn_malicious,MALICIOUS,1,0.99,cnn,ok,"[""Privilege state: root context with uid_is_root and euid_root set -- a clear indication of elevated privileges."", ""Mechanism: exec_count is elevated with euid_root/uid_is_root set but auid_euid_mismatch absent -- a classic setuid-shell escalation."", ""Behavioural anomaly: failed_call_rate is 1 with failed_call_count elevated -- a high rate of failed syscalls."", ""Benign-explanation test: very short lifetime (p99+) and high throughput argue against a routine admin script, cron job, or health-check."", ""Decide: the escalation mechanism and high failed_call_rate outweigh XGBoost's benign call; this supports the CNN.""]","[""uid_is_root"", ""euid_root"", ""exec_count"", ""failed_call_rate"", ""failed_call_count""]","{
  ""verdict"": ""MALICIOUS"",
  ""confidence"": 0.99,
  ""rationale_steps"": [
    ""Privilege state: root context with uid_is_root and euid_root set -- a clear indication of elevated privileges."",
    ""Mechanism: exec_count is elevated with euid_root/uid_is_root set but auid_euid_mismatch absent -- a classic setuid-shell escalation."",
    ""Behavioural anomaly: failed_call_rate is 1 with failed_call_count elevated -- a high rate of failed syscalls."",
    ""Benign-explanation test: very short lifetime (p99+) and high throughput argue against a routine admin script, cron job, or health-check."",
    ""Decide: the escalation mechanism and high failed_call_rate outweigh XGBoost's benign call; this supports the CNN.""
  ],
  ""key_features"": [""uid_is_root"", ""euid_root"", ""exec_count"", ""failed_call_rate"", ""failed_call_count""],
  ""agrees_with"": ""cnn""
}"
70471,3,1,T1222,1,0,0.9765482544898988,0.8522466421127319,xgb_malicious_cnn_benign,MALICIOUS,1,0.98,cnn,ok,"[""Privilege state: root context with uid_is_root and euid_root set -- a clear indication of elevated privileges."", ""Mechanism: no setuid/setgid execution or shell spawned from a service, but a high exec_count with euid_root/uid_is_root set -- a potential escalation mechanism."", ""Behavioural anomaly: high throughput with events_per_second and seq_length at p98/p98, and unique_syscalls at p99+ -- a rare and unusual syscall pattern."", ""Benign-explanation test: short lifetime (p99+) and high throughput argue against a routine admin script, cron job, or health-check."", ""Decide: the privilege state and high throughput outweigh XGBoost's malicious call; this supports the CNN.""]","[""uid_is_root"", ""euid_root"", ""events_per_second"", ""seq_length"", ""unique_syscalls""]","{
  ""verdict"": ""MALICIOUS"",
  ""confidence"": 0.98,
  ""rationale_steps"": [
    ""Privilege state: root context with uid_is_root and euid_root set -- a clear indication of elevated privileges."",
    ""Mechanism: no setuid/setgid execution or shell spawned from a service, but a high exec_count with euid_root/uid_is_root set -- a potential escalation mechanism."",
    ""Behavioural anomaly: high throughput with events_per_second and seq_length at p98/p98, and unique_syscalls at p99+ -- a rare and unusual syscall pattern."",
    ""Benign-explanation test: short lifetime (p99+) and high throughput argue against a routine admin script, cron job, or health-check."",
    ""Decide: the privilege state and high throughput outweigh XGBoost's malicious call; this supports the CNN.""
  ],
  ""key_features"": [""uid_is_root"", ""euid_root"", ""events_per_second"", ""seq_length"", ""unique_syscalls""],
  ""agrees_with"": ""cnn""
}"
70474,2,1,T1548,0,1,0.964673638343811,0.9870211482048036,xgb_benign_cnn_malicious,MALICIOUS,1,0.99,cnn,ok,"[""Privilege state: root context with uid_is_root and euid_root set -- a clear indication of elevated privileges."", ""Mechanism: exec_count is elevated with euid_root/uid_is_root set but auid_euid_mismatch absent -- a classic setuid-shell escalation."", ""Behavioural anomaly: failed_call_rate is 1 with failed_call_count elevated -- a high rate of failed syscalls."", ""Benign-explanation test: very short lifetime (p99+) and high throughput argue against a routine admin script, cron job, or health-check."", ""Decide: the escalation mechanism and high failed_call_rate outweigh XGBoost's benign call; this supports the CNN.""]","[""uid_is_root"", ""euid_root"", ""exec_count"", ""failed_call_rate"", ""failed_call_count""]","{
  ""verdict"": ""MALICIOUS"",
  ""confidence"": 0.99,
  ""rationale_steps"": [
    ""Privilege state: root context with uid_is_root and euid_root set -- a clear indication of elevated privileges."",
    ""Mechanism: exec_count is elevated with euid_root/uid_is_root set but auid_euid_mismatch absent -- a classic setuid-shell escalation."",
    ""Behavioural anomaly: failed_call_rate is 1 with failed_call_count elevated -- a high rate of failed syscalls."",
    ""Benign-explanation test: very short lifetime (p99+) and high throughput argue against a routine admin script, cron job, or health-check."",
    ""Decide: the escalation mechanism and high failed_call_rate outweigh XGBoost's benign call; this supports the CNN.""
  ],
  ""key_features"": [""uid_is_root"", ""euid_root"", ""exec_count"", ""failed_call_rate"", ""failed_call_count""],
  ""agrees_with"": ""cnn""
}"
70475,2,1,T1548,0,1,0.964673638343811,0.9870211482048036,xgb_benign_cnn_malicious,MALICIOUS,1,0.99,cnn,ok,"[""Privilege state: root context with uid_is_root and euid_root set -- a clear indication of elevated privileges."", ""Mechanism: exec_count is elevated with euid_root/uid_is_root set but auid_euid_mismatch absent -- a classic setuid-shell escalation."", ""Behavioural anomaly: failed_call_rate is 1 with failed_call_count elevated -- a high rate of failed syscalls."", ""Benign-explanation test: very short lifetime (p99+) and high throughput argue against a routine admin script, cron job, or health-check."", ""Decide: the escalation mechanism and high failed_call_rate outweigh XGBoost's benign call; this supports the CNN.""]","[""uid_is_root"", ""euid_root"", ""exec_count"", ""failed_call_rate"", ""failed_call_count""]","{
  ""verdict"": ""MALICIOUS"",
  ""confidence"": 0.99,
  ""rationale_steps"": [
    ""Privilege state: root context with uid_is_root and euid_root set -- a clear indication of elevated privileges."",
    ""Mechanism: exec_count is elevated with euid_root/uid_is_root set but auid_euid_mismatch absent -- a classic setuid-shell escalation."",
    ""Behavioural anomaly: failed_call_rate is 1 with failed_call_count elevated -- a high rate of failed syscalls."",
    ""Benign-explanation test: very short lifetime (p99+) and high throughput argue against a routine admin script, cron job, or health-check."",
    ""Decide: the escalation mechanism and high failed_call_rate outweigh XGBoost's benign call; this supports the CNN.""
  ],
  ""key_features"": [""uid_is_root"", ""euid_root"", ""exec_count"", ""failed_call_rate"", ""failed_call_count""],
  ""agrees_with"": ""cnn""
}"
71349,3,1,T1548,1,0,0.999918818473816,0.8624439835548401,xgb_malicious_cnn_benign,MALICIOUS,1,0.93,cnn,ok,"[""Privilege state: root context with max_uid_euid_delta at p99+ and auid_euid_mismatch set -- a real identity inconsistency and privilege transition."", ""Mechanism: exec_count is elevated with euid_root/uid_is_root set but auid_euid_mismatch absent -- a classic setuid-shell escalation."", ""Behavioural anomaly: very short lifetime (p99+) and high throughput argue for a malicious process."", ""Benign-explanation test: the absence of shell_from_service and uid_is_root unset argue against a routine admin script, cron job, or health-check."", ""Decide: the escalation mechanism and high throughput outweigh XGBoost's malicious call; this supports the CNN.""]","[""lifetime_seconds"", ""unique_syscalls"", ""uid_is_root"", ""euid_root"", ""max_uid_euid_delta""]","{
  ""verdict"": ""MALICIOUS"",
  ""confidence"": 0.93,
  ""rationale_steps"": [
    ""Privilege state: root context with max_uid_euid_delta at p99+ and auid_euid_mismatch set -- a real identity inconsistency and privilege transition."",
    ""Mechanism: exec_count is elevated with euid_root/uid_is_root set but auid_euid_mismatch absent -- a classic setuid-shell escalation."",
    ""Behavioural anomaly: very short lifetime (p99+) and high throughput argue for a malicious process."",
    ""Benign-explanation test: the absence of shell_from_service and uid_is_root unset argue against a routine admin script, cron job, or health-check."",
    ""Decide: the escalation mechanism and high throughput outweigh XGBoost's malicious call; this supports the CNN.""
  ],
  ""key_features"": [""lifetime_seconds"", ""unique_syscalls"", ""uid_is_root"", ""euid_root"", ""max_uid_euid_delta""],
  ""agrees_with"": ""cnn""
}"
72054,2,1,T1548,0,1,0.964673638343811,0.9870211482048036,xgb_benign_cnn_malicious,MALICIOUS,1,0.99,cnn,ok,"[""Privilege state: root context with uid_is_root and euid_root set -- a clear indication of elevated privileges."", ""Mechanism: exec_count is elevated with euid_root/uid_is_root set but auid_euid_mismatch absent -- a classic setuid-shell escalation."", ""Behavioural anomaly: failed_call_rate is 1 with failed_call_count elevated -- a high rate of failed syscalls."", ""Benign-explanation test: very short lifetime (p99+) and high throughput argue against a routine admin script, cron job, or health-check."", ""Decide: the escalation mechanism and high failed_call_rate outweigh XGBoost's benign call; this supports the CNN.""]","[""uid_is_root"", ""euid_root"", ""exec_count"", ""failed_call_rate"", ""failed_call_count""]","{
  ""verdict"": ""MALICIOUS"",
  ""confidence"": 0.99,
  ""rationale_steps"": [
    ""Privilege state: root context with uid_is_root and euid_root set -- a clear indication of elevated privileges."",
    ""Mechanism: exec_count is elevated with euid_root/uid_is_root set but auid_euid_mismatch absent -- a classic setuid-shell escalation."",
    ""Behavioural anomaly: failed_call_rate is 1 with failed_call_count elevated -- a high rate of failed syscalls."",
    ""Benign-explanation test: very short lifetime (p99+) and high throughput argue against a routine admin script, cron job, or health-check."",
    ""Decide: the escalation mechanism and high failed_call_rate outweigh XGBoost's benign call; this supports the CNN.""
  ],
  ""key_features"": [""uid_is_root"", ""euid_root"", ""exec_count"", ""failed_call_rate"", ""failed_call_count""],
  ""agrees_with"": ""cnn""
}"
72067,2,1,T1548,0,1,0.964673638343811,0.9870211482048036,xgb_benign_cnn_malicious,MALICIOUS,1,0.99,cnn,ok,"[""Privilege state: root context with uid_is_root and euid_root set -- a clear indication of elevated privileges."", ""Mechanism: exec_count is elevated with euid_root/uid_is_root set but auid_euid_mismatch absent -- a classic setuid-shell escalation."", ""Behavioural anomaly: failed_call_rate is 1 with failed_call_count elevated -- a high rate of failed syscalls."", ""Benign-explanation test: very short lifetime (p99+) and high throughput argue against a routine admin script, cron job, or health-check."", ""Decide: the escalation mechanism and high failed_call_rate outweigh XGBoost's benign call; this supports the CNN.""]","[""uid_is_root"", ""euid_root"", ""exec_count"", ""failed_call_rate"", ""failed_call_count""]","{
  ""verdict"": ""MALICIOUS"",
  ""confidence"": 0.99,
  ""rationale_steps"": [
    ""Privilege state: root context with uid_is_root and euid_root set -- a clear indication of elevated privileges."",
    ""Mechanism: exec_count is elevated with euid_root/uid_is_root set but auid_euid_mismatch absent -- a classic setuid-shell escalation."",
    ""Behavioural anomaly: failed_call_rate is 1 with failed_call_count elevated -- a high rate of failed syscalls."",
    ""Benign-explanation test: very short lifetime (p99+) and high throughput argue against a routine admin script, cron job, or health-check."",
    ""Decide: the escalation mechanism and high failed_call_rate outweigh XGBoost's benign call; this supports the CNN.""
  ],
  ""key_features"": [""uid_is_root"", ""euid_root"", ""exec_count"", ""failed_call_rate"", ""failed_call_count""],
  ""agrees_with"": ""cnn""
}"
72073,3,1,T1548,1,0,0.999918818473816,0.8624439835548401,xgb_malicious_cnn_benign,MALICIOUS,1,0.93,cnn,ok,"[""Privilege state: root context with max_uid_euid_delta at p99+ and auid_euid_mismatch set -- a real identity inconsistency and privilege transition."", ""Mechanism: exec_count is elevated with euid_root/uid_is_root set but auid_euid_mismatch absent -- a classic setuid-shell escalation."", ""Behavioural anomaly: very short lifetime (p99+) and high throughput argue for a malicious process."", ""Benign-explanation test: the absence of shell_from_service and uid_is_root unset argue against a routine admin script, cron job, or health-check."", ""Decide: the escalation mechanism and high throughput outweigh XGBoost's malicious call; this supports the CNN.""]","[""lifetime_seconds"", ""unique_syscalls"", ""uid_is_root"", ""euid_root"", ""max_uid_euid_delta""]","{
  ""verdict"": ""MALICIOUS"",
  ""confidence"": 0.93,
  ""rationale_steps"": [
    ""Privilege state: root context with max_uid_euid_delta at p99+ and auid_euid_mismatch set -- a real identity inconsistency and privilege transition."",
    ""Mechanism: exec_count is elevated with euid_root/uid_is_root set but auid_euid_mismatch absent -- a classic setuid-shell escalation."",
    ""Behavioural anomaly: very short lifetime (p99+) and high throughput argue for a malicious process."",
    ""Benign-explanation test: the absence of shell_from_service and uid_is_root unset argue against a routine admin script, cron job, or health-check."",
    ""Decide: the escalation mechanism and high throughput outweigh XGBoost's malicious call; this supports the CNN.""
  ],
  ""key_features"": [""lifetime_seconds"", ""unique_syscalls"", ""uid_is_root"", ""euid_root"", ""max_uid_euid_delta""],
  ""agrees_with"": ""cnn""
}"
72090,3,1,T1548,1,0,0.999918818473816,0.8624439835548401,xgb_malicious_cnn_benign,MALICIOUS,1,0.93,cnn,ok,"[""Privilege state: root context with max_uid_euid_delta at p99+ and auid_euid_mismatch set -- a real identity inconsistency and privilege transition."", ""Mechanism: exec_count is elevated with euid_root/uid_is_root set but auid_euid_mismatch absent -- a classic setuid-shell escalation."", ""Behavioural anomaly: very short lifetime (p99+) and high throughput argue for a potential attack."", ""Benign-explanation test: the absence of shell_from_service and uid_is_root unset argue against a routine admin script, cron job, or health-check."", ""Decide: the escalation mechanism and behavioural anomalies outweigh XGBoost's malicious call; this supports the CNN.""]","[""max_uid_euid_delta"", ""auid_euid_mismatch"", ""exec_count"", ""euid_root"", ""uid_is_root""]","{
  ""verdict"": ""MALICIOUS"",
  ""confidence"": 0.93,
  ""rationale_steps"": [
    ""Privilege state: root context with max_uid_euid_delta at p99+ and auid_euid_mismatch set -- a real identity inconsistency and privilege transition."",
    ""Mechanism: exec_count is elevated with euid_root/uid_is_root set but auid_euid_mismatch absent -- a classic setuid-shell escalation."",
    ""Behavioural anomaly: very short lifetime (p99+) and high throughput argue for a potential attack."",
    ""Benign-explanation test: the absence of shell_from_service and uid_is_root unset argue against a routine admin script, cron job, or health-check."",
    ""Decide: the escalation mechanism and behavioural anomalies outweigh XGBoost's malicious call; this supports the CNN.""
  ],
  ""key_features"": [""max_uid_euid_delta"", ""auid_euid_mismatch"", ""exec_count"", ""euid_root"", ""uid_is_root""],
  ""agrees_with"": ""cnn""
}"
72713,4,1,T1222,1,0,0.9651243686676024,0.983751654624939,xgb_malicious_cnn_benign,MALICIOUS,1,0.97,xgb,ok,"[""Privilege state: no genuine UID/EUID transition or root context; uid_is_root, euid_root, max_uid_euid_delta, uid_changed, auid_euid_mismatch all unset or low."", ""Mechanism: no setuid/setgid execution, unusual exec chain, or shell spawned by a service; is_suid_exec, exec_count, shell_from_service, priv_op_count all unset or low."", ""Behavioural anomaly: no failed-syscall rate, rare parent->child pair, ephemeral privileged process, sensitive-path access, or network activity; failed_call_rate, parent_child_rarity, ephemeral_privileged, sensitive_path_access, network_count all unset or low."", ""Benign-explanation test: very short lifetime (p99+) and high throughput argue against a routine admin script, cron job, or health-check; lifetime_seconds and events_per_second both at p99+."", ""Decide: the high confidence in maliciousness from XGBoost and the lack of evidence supporting benignness outweigh the CNN's benign call; this supports the XGBoost.""]","[""lifetime_seconds"", ""events_per_second"", ""unique_syscalls"", ""priv_op_count"", ""uid_is_root""]","{
  ""verdict"": ""MALICIOUS"",
  ""confidence"": 0.97,
  ""rationale_steps"": [
    ""Privilege state: no genuine UID/EUID transition or root context; uid_is_root, euid_root, max_uid_euid_delta, uid_changed, auid_euid_mismatch all unset or low."",
    ""Mechanism: no setuid/setgid execution, unusual exec chain, or shell spawned by a service; is_suid_exec, exec_count, shell_from_service, priv_op_count all unset or low."",
    ""Behavioural anomaly: no failed-syscall rate, rare parent->child pair, ephemeral privileged process, sensitive-path access, or network activity; failed_call_rate, parent_child_rarity, ephemeral_privileged, sensitive_path_access, network_count all unset or low."",
    ""Benign-explanation test: very short lifetime (p99+) and high throughput argue against a routine admin script, cron job, or health-check; lifetime_seconds and events_per_second both at p99+."",
    ""Decide: the high confidence in maliciousness from XGBoost and the lack of evidence supporting benignness outweigh the CNN's benign call; this supports the XGBoost.""
  ],
  ""key_features"": [""lifetime_seconds"", ""events_per_second"", ""unique_syscalls"", ""priv_op_count"", ""uid_is_root""],
  ""agrees_with"": ""xgb""
}"
73430,3,1,T1548,1,0,0.999918818473816,0.8624439835548401,xgb_malicious_cnn_benign,MALICIOUS,1,0.93,cnn,ok,"[""Privilege state: root context with max_uid_euid_delta at p99+ and auid_euid_mismatch set -- a real identity inconsistency and privilege transition."", ""Mechanism: exec_count is elevated with euid_root/uid_is_root set but auid_euid_mismatch absent -- a classic setuid-shell escalation."", ""Behavioural anomaly: very short lifetime (p99+) and high throughput argue for a malicious process."", ""Benign-explanation test: the absence of shell_from_service and uid_is_root unset argue against a routine admin script, cron job, or health-check."", ""Decide: the escalation mechanism and behavioural anomalies outweigh XGBoost's malicious call; this supports the CNN.""]","[""max_uid_euid_delta"", ""auid_euid_mismatch"", ""exec_count"", ""euid_root"", ""uid_is_root""]","{
  ""verdict"": ""MALICIOUS"",
  ""confidence"": 0.93,
  ""rationale_steps"": [
    ""Privilege state: root context with max_uid_euid_delta at p99+ and auid_euid_mismatch set -- a real identity inconsistency and privilege transition."",
    ""Mechanism: exec_count is elevated with euid_root/uid_is_root set but auid_euid_mismatch absent -- a classic setuid-shell escalation."",
    ""Behavioural anomaly: very short lifetime (p99+) and high throughput argue for a malicious process."",
    ""Benign-explanation test: the absence of shell_from_service and uid_is_root unset argue against a routine admin script, cron job, or health-check."",
    ""Decide: the escalation mechanism and behavioural anomalies outweigh XGBoost's malicious call; this supports the CNN.""
  ],
  ""key_features"": [""max_uid_euid_delta"", ""auid_euid_mismatch"", ""exec_count"", ""euid_root"", ""uid_is_root""],
  ""agrees_with"": ""cnn""
}"
73506,3,1,T1548,1,0,0.999918818473816,0.8624439835548401,xgb_malicious_cnn_benign,MALICIOUS,1,0.92,cnn,ok,"[""Privilege state: root context with max_uid_euid_delta at p99+ and auid_euid_mismatch set -- a real identity inconsistency and privilege transition."", ""Mechanism: exec_count is elevated with euid_root/uid_is_root set but auid_euid_mismatch absent -- a classic setuid-shell escalation."", ""Behavioural anomaly: very short lifetime (p99+) and high throughput argue for a malicious process."", ""Benign-explanation test: the absence of shell_from_service and uid_is_root unset argue against a routine admin script, cron job, or health-check."", ""Decide: the escalation mechanism and behavioural anomalies outweigh XGBoost's malicious call; this supports the CNN.""]","[""lifetime_seconds"", ""unique_syscalls"", ""uid_is_root"", ""euid_root"", ""max_uid_euid_delta""]","{
  ""verdict"": ""MALICIOUS"",
  ""confidence"": 0.92,
  ""rationale_steps"": [
    ""Privilege state: root context with max_uid_euid_delta at p99+ and auid_euid_mismatch set -- a real identity inconsistency and privilege transition."",
    ""Mechanism: exec_count is elevated with euid_root/uid_is_root set but auid_euid_mismatch absent -- a classic setuid-shell escalation."",
    ""Behavioural anomaly: very short lifetime (p99+) and high throughput argue for a malicious process."",
    ""Benign-explanation test: the absence of shell_from_service and uid_is_root unset argue against a routine admin script, cron job, or health-check."",
    ""Decide: the escalation mechanism and behavioural anomalies outweigh XGBoost's malicious call; this supports the CNN.""
  ],
  ""key_features"": [""lifetime_seconds"", ""unique_syscalls"", ""uid_is_root"", ""euid_root"", ""max_uid_euid_delta""],
  ""agrees_with"": ""cnn""
}"
73516,2,1,T1548,0,1,0.9779095649719238,0.9780508279800416,xgb_benign_cnn_malicious,MALICIOUS,1,0.98,cnn,ok,"[""Privilege state: root context with auid_euid_mismatch set and euid_root/uid_is_root set -- a real identity inconsistency and privilege transition."", ""Mechanism: exec_count is elevated with euid_root/uid_is_root set but auid_euid_mismatch absent -- a classic setuid-shell escalation."", ""Behavioural anomaly: failed_call_rate is low with elevated exec_count and priv_op_count -- an unusual syscall pattern."", ""Benign-explanation test: very short lifetime (p99+) and high throughput argue against a routine admin script, cron job, or health-check."", ""Decide: the escalation mechanism and unusual syscall pattern outweigh XGBoost's benign call; this supports the CNN.""]","[""lifetime_seconds"", ""events_per_second"", ""seq_length"", ""unique_syscalls"", ""auid_euid_mismatch""]","{
  ""verdict"": ""MALICIOUS"",
  ""confidence"": 0.98,
  ""rationale_steps"": [
    ""Privilege state: root context with auid_euid_mismatch set and euid_root/uid_is_root set -- a real identity inconsistency and privilege transition."",
    ""Mechanism: exec_count is elevated with euid_root/uid_is_root set but auid_euid_mismatch absent -- a classic setuid-shell escalation."",
    ""Behavioural anomaly: failed_call_rate is low with elevated exec_count and priv_op_count -- an unusual syscall pattern."",
    ""Benign-explanation test: very short lifetime (p99+) and high throughput argue against a routine admin script, cron job, or health-check."",
    ""Decide: the escalation mechanism and unusual syscall pattern outweigh XGBoost's benign call; this supports the CNN.""
  ],
  ""key_features"": [""lifetime_seconds"", ""events_per_second"", ""seq_length"", ""unique_syscalls"", ""auid_euid_mismatch""],
  ""agrees_with"": ""cnn""
}"
74302,2,1,T1548,0,1,0.964673638343811,0.9870211482048036,xgb_benign_cnn_malicious,MALICIOUS,1,0.99,cnn,ok,"[""Privilege state: root context with uid_is_root and euid_root set -- a clear indication of elevated privileges."", ""Mechanism: exec_count is elevated with euid_root and uid_is_root set -- a classic sign of a setuid-shell escalation."", ""Behavioural anomaly: failed_call_rate is 1 with failed_call_count elevated -- a high rate of failed syscalls."", ""Benign-explanation test: very short lifetime (p99+) and high throughput argue against a routine admin script, cron job, or health-check."", ""Decide: the escalation mechanism and high failed_call_rate outweigh XGBoost's benign call; this supports the CNN.""]","[""uid_is_root"", ""euid_root"", ""exec_count"", ""failed_call_rate"", ""failed_call_count""]","{
  ""verdict"": ""MALICIOUS"",
  ""confidence"": 0.99,
  ""rationale_steps"": [
    ""Privilege state: root context with uid_is_root and euid_root set -- a clear indication of elevated privileges."",
    ""Mechanism: exec_count is elevated with euid_root and uid_is_root set -- a classic sign of a setuid-shell escalation."",
    ""Behavioural anomaly: failed_call_rate is 1 with failed_call_count elevated -- a high rate of failed syscalls."",
    ""Benign-explanation test: very short lifetime (p99+) and high throughput argue against a routine admin script, cron job, or health-check."",
    ""Decide: the escalation mechanism and high failed_call_rate outweigh XGBoost's benign call; this supports the CNN.""
  ],
  ""key_features"": [""uid_is_root"", ""euid_root"", ""exec_count"", ""failed_call_rate"", ""failed_call_count""],
  ""agrees_with"": ""cnn""
}"
74901,4,1,T1222,0,1,0.8476836681365967,0.991874933242798,xgb_benign_cnn_malicious,MALICIOUS,1,0.99,cnn,ok,"[""Privilege state: root context with euid_root and uid_is_root set -- a real identity consistency and privilege transition."", ""Mechanism: no setuid/setgid execution, unusual exec chain, or shell spawned by a service -- no classic escalation mechanism."", ""Behavioural anomaly: high syscall throughput (events_per_second at p99+) and long syscall sequence (seq_length at p99+) -- unusual activity."", ""Benign-explanation test: very high throughput and long sequence argue against a routine admin script, cron job, or health-check."", ""Decide: the privilege transition and unusual activity outweigh XGBoost's benign call; this supports the CNN.""]","[""lifetime_seconds"", ""events_per_second"", ""seq_length"", ""unique_syscalls"", ""uid_is_root""]","{
  ""verdict"": ""MALICIOUS"",
  ""confidence"": 0.99,
  ""rationale_steps"": [
    ""Privilege state: root context with euid_root and uid_is_root set -- a real identity consistency and privilege transition."",
    ""Mechanism: no setuid/setgid execution, unusual exec chain, or shell spawned by a service -- no classic escalation mechanism."",
    ""Behavioural anomaly: high syscall throughput (events_per_second at p99+) and long syscall sequence (seq_length at p99+) -- unusual activity."",
    ""Benign-explanation test: very high throughput and long sequence argue against a routine admin script, cron job, or health-check."",
    ""Decide: the privilege transition and unusual activity outweigh XGBoost's benign call; this supports the CNN.""
  ],
  ""key_features"": [""lifetime_seconds"", ""events_per_second"", ""seq_length"", ""unique_syscalls"", ""uid_is_root""],
  ""agrees_with"": ""cnn""
}"
74961,2,1,T1548,0,1,0.964673638343811,0.9870211482048036,xgb_benign_cnn_malicious,MALICIOUS,1,0.99,cnn,ok,"[""Privilege state: root context with uid_is_root and euid_root set -- a clear indication of elevated privileges."", ""Mechanism: exec_count is elevated with euid_root and uid_is_root set -- a classic sign of a setuid-shell escalation."", ""Behavioural anomaly: failed_call_rate is 1 with failed_call_count elevated -- a high rate of failed syscalls."", ""Benign-explanation test: very short lifetime (p99+) and high throughput argue against a routine admin script, cron job, or health-check."", ""Decide: the escalation mechanism and high failed_call_rate outweigh XGBoost's benign call; this supports the CNN.""]","[""uid_is_root"", ""euid_root"", ""exec_count"", ""failed_call_rate"", ""failed_call_count""]","{
  ""verdict"": ""MALICIOUS"",
  ""confidence"": 0.99,
  ""rationale_steps"": [
    ""Privilege state: root context with uid_is_root and euid_root set -- a clear indication of elevated privileges."",
    ""Mechanism: exec_count is elevated with euid_root and uid_is_root set -- a classic sign of a setuid-shell escalation."",
    ""Behavioural anomaly: failed_call_rate is 1 with failed_call_count elevated -- a high rate of failed syscalls."",
    ""Benign-explanation test: very short lifetime (p99+) and high throughput argue against a routine admin script, cron job, or health-check."",
    ""Decide: the escalation mechanism and high failed_call_rate outweigh XGBoost's benign call; this supports the CNN.""
  ],
  ""key_features"": [""uid_is_root"", ""euid_root"", ""exec_count"", ""failed_call_rate"", ""failed_call_count""],
  ""agrees_with"": ""cnn""
}"
75052,2,0,benign,0,1,0.001278604613617,0.999983251094818,xgb_benign_cnn_malicious,MALICIOUS,1,0.95,cnn,ok,"[""Privilege state: no genuine UID/EUID transition or root context; euid_root and uid_is_root are unset, and max_uid_euid_delta is 0."", ""Mechanism: no setuid/setgid execution, unusual exec chain, or shell spawned by a service; exec_count is 0, and shell_from_service is unset."", ""Behavioural anomaly: high syscall throughput (events_per_second=1) and short lifetime (lifetime_seconds=1) are unusual for benign activity."", ""Benign-explanation test: the short lifetime and high syscall throughput argue against a routine admin script, cron job, or health-check."", ""Decide: the high syscall throughput and short lifetime outweigh XGBoost's benign call; this supports the CNN.""]","[""lifetime_seconds"", ""events_per_second"", ""seq_length"", ""unique_syscalls"", ""uid_is_root""]","{
  ""verdict"": ""MALICIOUS"",
  ""confidence"": 0.95,
  ""rationale_steps"": [
    ""Privilege state: no genuine UID/EUID transition or root context; euid_root and uid_is_root are unset, and max_uid_euid_delta is 0."",
    ""Mechanism: no setuid/setgid execution, unusual exec chain, or shell spawned by a service; exec_count is 0, and shell_from_service is unset."",
    ""Behavioural anomaly: high syscall throughput (events_per_second=1) and short lifetime (lifetime_seconds=1) are unusual for benign activity."",
    ""Benign-explanation test: the short lifetime and high syscall throughput argue against a routine admin script, cron job, or health-check."",
    ""Decide: the high syscall throughput and short lifetime outweigh XGBoost's benign call; this supports the CNN.""
  ],
  ""key_features"": [""lifetime_seconds"", ""events_per_second"", ""seq_length"", ""unique_syscalls"", ""uid_is_root""],
  ""agrees_with"": ""cnn""
}"
75690,3,1,T1548,1,0,0.999918818473816,0.8624513745307922,xgb_malicious_cnn_benign,MALICIOUS,1,0.93,cnn,ok,"[""Privilege state: root context with max_uid_euid_delta at p99+ and auid_euid_mismatch set -- a real identity inconsistency and privilege transition."", ""Mechanism: exec_count is elevated with euid_root/uid_is_root set but auid_euid_mismatch absent -- a classic setuid-shell escalation."", ""Behavioural anomaly: very short lifetime (p99+) and high throughput argue for a malicious process."", ""Benign-explanation test: the absence of shell_from_service and low failed_call_rate argue against a routine admin script, cron job, or health-check."", ""Decide: the escalation mechanism and high throughput outweigh XGBoost's malicious call; this supports the CNN.""]","[""max_uid_euid_delta"", ""auid_euid_mismatch"", ""exec_count"", ""euid_root"", ""uid_is_root""]","{
  ""verdict"": ""MALICIOUS"",
  ""confidence"": 0.93,
  ""rationale_steps"": [
    ""Privilege state: root context with max_uid_euid_delta at p99+ and auid_euid_mismatch set -- a real identity inconsistency and privilege transition."",
    ""Mechanism: exec_count is elevated with euid_root/uid_is_root set but auid_euid_mismatch absent -- a classic setuid-shell escalation."",
    ""Behavioural anomaly: very short lifetime (p99+) and high throughput argue for a malicious process."",
    ""Benign-explanation test: the absence of shell_from_service and low failed_call_rate argue against a routine admin script, cron job, or health-check."",
    ""Decide: the escalation mechanism and high throughput outweigh XGBoost's malicious call; this supports the CNN.""
  ],
  ""key_features"": [""max_uid_euid_delta"", ""auid_euid_mismatch"", ""exec_count"", ""euid_root"", ""uid_is_root""],
  ""agrees_with"": ""cnn""
}"
75703,2,0,benign,0,1,0.001278604613617,0.999983251094818,xgb_benign_cnn_malicious,MALICIOUS,1,0.95,cnn,ok,"[""Privilege state: no genuine UID/EUID transition or root context; euid_root and uid_is_root are unset, and max_uid_euid_delta is 0."", ""Mechanism: no setuid/setgid execution, unusual exec chain, or shell spawned by a service; exec_count is 0, and shell_from_service is unset."", ""Behavioural anomaly: high syscall throughput (events_per_second=1) and short lifetime (lifetime_seconds=1) are unusual for benign activity."", ""Benign-explanation test: the short lifetime and high syscall throughput make it unlikely to be an admin scripting, cron job, or health-check."", ""Decide: the high syscall throughput and short lifetime outweigh XGBoost's benign call; this supports the CNN.""]","[""lifetime_seconds"", ""events_per_second"", ""unique_syscalls"", ""uid_is_root"", ""auid_euid_mismatch""]","{
  ""verdict"": ""MALICIOUS"",
  ""confidence"": 0.95,
  ""rationale_steps"": [
    ""Privilege state: no genuine UID/EUID transition or root context; euid_root and uid_is_root are unset, and max_uid_euid_delta is 0."",
    ""Mechanism: no setuid/setgid execution, unusual exec chain, or shell spawned by a service; exec_count is 0, and shell_from_service is unset."",
    ""Behavioural anomaly: high syscall throughput (events_per_second=1) and short lifetime (lifetime_seconds=1) are unusual for benign activity."",
    ""Benign-explanation test: the short lifetime and high syscall throughput make it unlikely to be an admin scripting, cron job, or health-check."",
    ""Decide: the high syscall throughput and short lifetime outweigh XGBoost's benign call; this supports the CNN.""
  ],
  ""key_features"": [""lifetime_seconds"", ""events_per_second"", ""unique_syscalls"", ""uid_is_root"", ""auid_euid_mismatch""],
  ""agrees_with"": ""cnn""
}"
75792,4,1,T1222,1,0,0.9651243686676024,0.983751654624939,xgb_malicious_cnn_benign,MALICIOUS,1,0.97,xgb,ok,"[""Privilege state: no genuine UID/EUID transition or root context; euid_root and uid_is_root are unset, and max_uid_euid_delta is 0."", ""Mechanism: no setuid/setgid execution, unusual exec chain, or shell spawned by a service; is_suid_exec, exec_count, and shell_from_service are unset."", ""Behavioural anomaly: no failed-syscall rate, rare parent->child pair, ephemeral privileged process, sensitive-path access, or network activity; failed_call_rate, parent_child_rarity, ephemeral_privileged, sensitive_path_access, and network_count are all 0."", ""Benign-explanation test: very short lifetime (p99+) and high throughput argue against a routine admin script, cron job, or health-check; lifetime_seconds is 1 and events_per_second is 1."", ""Decide: the high confidence in maliciousness from XGBoost and the absence of benign indicators outweigh the CNN's benign call; this supports the XGBoost.""]","[""lifetime_seconds"", ""events_per_second"", ""seq_length"", ""unique_syscalls"", ""priv_op_count""]","{
  ""verdict"": ""MALICIOUS"",
  ""confidence"": 0.97,
  ""rationale_steps"": [
    ""Privilege state: no genuine UID/EUID transition or root context; euid_root and uid_is_root are unset, and max_uid_euid_delta is 0."",
    ""Mechanism: no setuid/setgid execution, unusual exec chain, or shell spawned by a service; is_suid_exec, exec_count, and shell_from_service are unset."",
    ""Behavioural anomaly: no failed-syscall rate, rare parent->child pair, ephemeral privileged process, sensitive-path access, or network activity; failed_call_rate, parent_child_rarity, ephemeral_privileged, sensitive_path_access, and network_count are all 0."",
    ""Benign-explanation test: very short lifetime (p99+) and high throughput argue against a routine admin script, cron job, or health-check; lifetime_seconds is 1 and events_per_second is 1."",
    ""Decide: the high confidence in maliciousness from XGBoost and the absence of benign indicators outweigh the CNN's benign call; this supports the XGBoost.""
  ],
  ""key_features"": [""lifetime_seconds"", ""events_per_second"", ""seq_length"", ""unique_syscalls"", ""priv_op_count""],
  ""agrees_with"": ""xgb""
}"
75937,2,0,benign,0,1,0.001278604613617,0.999983251094818,xgb_benign_cnn_malicious,MALICIOUS,1,0.95,cnn,ok,"[""Privilege state: no genuine UID/EUID transition or root context; euid_root and uid_is_root are unset, and max_uid_euid_delta is 0."", ""Mechanism: no setuid/setgid execution, unusual exec chain, or shell spawned by a service; exec_count is 0, and shell_from_service is unset."", ""Behavioural anomaly: high syscall throughput (events_per_second=1) and short lifetime (lifetime_seconds=1) are unusual for benign activity."", ""Benign-explanation test: the short lifetime and high syscall throughput make it unlikely to be an admin scripting, cron job, or health-check."", ""Decide: the high syscall throughput and short lifetime outweigh XGBoost's benign call; this supports the CNN.""]","[""lifetime_seconds"", ""events_per_second"", ""unique_syscalls"", ""uid_is_root"", ""auid_euid_mismatch""]","{
  ""verdict"": ""MALICIOUS"",
  ""confidence"": 0.95,
  ""rationale_steps"": [
    ""Privilege state: no genuine UID/EUID transition or root context; euid_root and uid_is_root are unset, and max_uid_euid_delta is 0."",
    ""Mechanism: no setuid/setgid execution, unusual exec chain, or shell spawned by a service; exec_count is 0, and shell_from_service is unset."",
    ""Behavioural anomaly: high syscall throughput (events_per_second=1) and short lifetime (lifetime_seconds=1) are unusual for benign activity."",
    ""Benign-explanation test: the short lifetime and high syscall throughput make it unlikely to be an admin scripting, cron job, or health-check."",
    ""Decide: the high syscall throughput and short lifetime outweigh XGBoost's benign call; this supports the CNN.""
  ],
  ""key_features"": [""lifetime_seconds"", ""events_per_second"", ""unique_syscalls"", ""uid_is_root"", ""auid_euid_mismatch""],
  ""agrees_with"": ""cnn""
}"
75977,3,1,T1548,1,0,0.999918818473816,0.8624513745307922,xgb_malicious_cnn_benign,MALICIOUS,1,0.93,cnn,ok,"[""Privilege state: root context with max_uid_euid_delta at p99+ and auid_euid_mismatch set -- a real identity inconsistency and privilege transition."", ""Mechanism: exec_count is elevated with euid_root/uid_is_root set but auid_euid_mismatch absent -- a classic setuid-shell escalation."", ""Behavioural anomaly: very short lifetime (p99+) and high throughput argue for a malicious process."", ""Benign-explanation test: the absence of shell_from_service and low failed_call_rate argue against a routine admin script, cron job, or health-check."", ""Decide: the escalation mechanism and high throughput outweigh XGBoost's malicious call; this supports the CNN.""]","[""max_uid_euid_delta"", ""auid_euid_mismatch"", ""exec_count"", ""euid_root"", ""uid_is_root""]","{
  ""verdict"": ""MALICIOUS"",
  ""confidence"": 0.93,
  ""rationale_steps"": [
    ""Privilege state: root context with max_uid_euid_delta at p99+ and auid_euid_mismatch set -- a real identity inconsistency and privilege transition."",
    ""Mechanism: exec_count is elevated with euid_root/uid_is_root set but auid_euid_mismatch absent -- a classic setuid-shell escalation."",
    ""Behavioural anomaly: very short lifetime (p99+) and high throughput argue for a malicious process."",
    ""Benign-explanation test: the absence of shell_from_service and low failed_call_rate argue against a routine admin script, cron job, or health-check."",
    ""Decide: the escalation mechanism and high throughput outweigh XGBoost's malicious call; this supports the CNN.""
  ],
  ""key_features"": [""max_uid_euid_delta"", ""auid_euid_mismatch"", ""exec_count"", ""euid_root"", ""uid_is_root""],
  ""agrees_with"": ""cnn""
}"
76099,1,0,benign,1,0,0.7923141717910767,6.849549715663792e-15,xgb_malicious_cnn_benign,MALICIOUS,1,0.79,xgb,ok,"[""Privilege state: no genuine UID/EUID transition or root context; max_uid_euid_delta is 0 and auid_euid_mismatch is absent."", ""Mechanism: no setuid/setgid execution, unusual exec chain, or shell spawned by a service; exec_count is 0 and shell_from_service is unset."", ""Behavioural anomaly: failed-syscall rate is elevated (p99+) and network activity is absent; failed_call_rate is 0.04781 and network_count is 0."", ""Benign-explanation test: high throughput (p99+) and long lifetime (p99+) argue against a routine admin script, cron job, or health-check."", ""Decide: the elevated failed-syscall rate and high throughput outweigh CNN's benign call; this supports XGBoost.""]","[""failed_call_rate"", ""events_per_second"", ""lifetime_seconds"", ""max_uid_euid_delta"", ""auid_euid_mismatch""]","{
  ""verdict"": ""MALICIOUS"",
  ""confidence"": 0.79,
  ""rationale_steps"": [
    ""Privilege state: no genuine UID/EUID transition or root context; max_uid_euid_delta is 0 and auid_euid_mismatch is absent."",
    ""Mechanism: no setuid/setgid execution, unusual exec chain, or shell spawned by a service; exec_count is 0 and shell_from_service is unset."",
    ""Behavioural anomaly: failed-syscall rate is elevated (p99+) and network activity is absent; failed_call_rate is 0.04781 and network_count is 0."",
    ""Benign-explanation test: high throughput (p99+) and long lifetime (p99+) argue against a routine admin script, cron job, or health-check."",
    ""Decide: the elevated failed-syscall rate and high throughput outweigh CNN's benign call; this supports XGBoost.""
  ],
  ""key_features"": [""failed_call_rate"", ""events_per_second"", ""lifetime_seconds"", ""max_uid_euid_delta"", ""auid_euid_mismatch""],
  ""agrees_with"": ""xgb""
}"
76100,1,0,benign,1,0,0.7967053651809692,9.648504868328689e-13,xgb_malicious_cnn_benign,MALICIOUS,1,0.8,cnn,ok,"[""Privilege state: no genuine UID/EUID transition or root context; max_uid_euid_delta is 0 and auid_euid_mismatch is absent."", ""Mechanism: no setuid/setgid execution, unusual exec chain, or shell spawned by a service; exec_count is 0 and shell_from_service is unset."", ""Behavioural anomaly: high syscall throughput (events_per_second at p99+) and long process lifetime (lifetime_seconds at p99+); these are unusual for benign activity."", ""Benign-explanation test: the process lifetime is long and throughput is high, making it unlikely to be a routine admin script, cron job, or health-check."", ""Decide: the high syscall throughput and long process lifetime outweigh XGBoost's malicious call; this supports the CNN.""]","[""lifetime_seconds"", ""events_per_second"", ""seq_length"", ""unique_syscalls"", ""uid_is_root""]","{
  ""verdict"": ""MALICIOUS"",
  ""confidence"": 0.80,
  ""rationale_steps"": [
    ""Privilege state: no genuine UID/EUID transition or root context; max_uid_euid_delta is 0 and auid_euid_mismatch is absent."",
    ""Mechanism: no setuid/setgid execution, unusual exec chain, or shell spawned by a service; exec_count is 0 and shell_from_service is unset."",
    ""Behavioural anomaly: high syscall throughput (events_per_second at p99+) and long process lifetime (lifetime_seconds at p99+); these are unusual for benign activity."",
    ""Benign-explanation test: the process lifetime is long and throughput is high, making it unlikely to be a routine admin script, cron job, or health-check."",
    ""Decide: the high syscall throughput and long process lifetime outweigh XGBoost's malicious call; this supports the CNN.""
  ],
  ""key_features"": [""lifetime_seconds"", ""events_per_second"", ""seq_length"", ""unique_syscalls"", ""uid_is_root""],
  ""agrees_with"": ""cnn""
}"
77372,2,1,T1548,0,1,0.964673638343811,0.9870211482048036,xgb_benign_cnn_malicious,MALICIOUS,1,0.99,cnn,ok,"[""Privilege state: root context with uid_is_root and euid_root set -- a clear indication of elevated privileges."", ""Mechanism: exec_count is elevated with euid_root/uid_is_root set but auid_euid_mismatch absent -- a classic setuid-shell escalation."", ""Behavioural anomaly: failed_call_rate is 1 with failed_call_count elevated -- a high rate of failed syscalls."", ""Benign-explanation test: very short lifetime (p99+) and high throughput argue against a routine admin script, cron job, or health-check."", ""Decide: the escalation mechanism and high failed_call_rate outweigh XGBoost's benign call; this supports the CNN.""]","[""uid_is_root"", ""euid_root"", ""exec_count"", ""failed_call_rate"", ""failed_call_count""]","{
  ""verdict"": ""MALICIOUS"",
  ""confidence"": 0.99,
  ""rationale_steps"": [
    ""Privilege state: root context with uid_is_root and euid_root set -- a clear indication of elevated privileges."",
    ""Mechanism: exec_count is elevated with euid_root/uid_is_root set but auid_euid_mismatch absent -- a classic setuid-shell escalation."",
    ""Behavioural anomaly: failed_call_rate is 1 with failed_call_count elevated -- a high rate of failed syscalls."",
    ""Benign-explanation test: very short lifetime (p99+) and high throughput argue against a routine admin script, cron job, or health-check."",
    ""Decide: the escalation mechanism and high failed_call_rate outweigh XGBoost's benign call; this supports the CNN.""
  ],
  ""key_features"": [""uid_is_root"", ""euid_root"", ""exec_count"", ""failed_call_rate"", ""failed_call_count""],
  ""agrees_with"": ""cnn""
}"
79343,2,1,T1548,0,1,0.964673638343811,0.9870211482048036,xgb_benign_cnn_malicious,MALICIOUS,1,0.99,cnn,ok,"[""Privilege state: root context with uid_is_root and euid_root set -- a clear indication of elevated privileges."", ""Mechanism: exec_count is elevated with euid_root/uid_is_root set but auid_euid_mismatch absent -- a classic setuid-shell escalation."", ""Behavioural anomaly: failed_call_rate is 1 with failed_call_count elevated -- a high rate of failed syscalls."", ""Benign-explanation test: very short lifetime (p99+) and high throughput argue against a routine admin script, cron job, or health-check."", ""Decide: the escalation mechanism and high failed_call_rate outweigh XGBoost's benign call; this supports the CNN.""]","[""uid_is_root"", ""euid_root"", ""exec_count"", ""failed_call_rate"", ""failed_call_count""]","{
  ""verdict"": ""MALICIOUS"",
  ""confidence"": 0.99,
  ""rationale_steps"": [
    ""Privilege state: root context with uid_is_root and euid_root set -- a clear indication of elevated privileges."",
    ""Mechanism: exec_count is elevated with euid_root/uid_is_root set but auid_euid_mismatch absent -- a classic setuid-shell escalation."",
    ""Behavioural anomaly: failed_call_rate is 1 with failed_call_count elevated -- a high rate of failed syscalls."",
    ""Benign-explanation test: very short lifetime (p99+) and high throughput argue against a routine admin script, cron job, or health-check."",
    ""Decide: the escalation mechanism and high failed_call_rate outweigh XGBoost's benign call; this supports the CNN.""
  ],
  ""key_features"": [""uid_is_root"", ""euid_root"", ""exec_count"", ""failed_call_rate"", ""failed_call_count""],
  ""agrees_with"": ""cnn""
}"
80159,3,1,T1548,1,0,0.999918818473816,0.8624513745307922,xgb_malicious_cnn_benign,MALICIOUS,1,0.93,cnn,ok,"[""Privilege state: root context with max_uid_euid_delta at p99+ and auid_euid_mismatch set -- a real identity inconsistency and privilege transition."", ""Mechanism: exec_count is elevated with euid_root/uid_is_root set but auid_euid_mismatch absent -- a classic setuid-shell escalation."", ""Behavioural anomaly: very short lifetime (p99+) and high throughput argue for a malicious process."", ""Benign-explanation test: the absence of shell_from_service and low failed_call_rate argue against a routine admin script, cron job, or health-check."", ""Decide: the escalation mechanism and high throughput outweigh XGBoost's malicious call; this supports the CNN.""]","[""max_uid_euid_delta"", ""auid_euid_mismatch"", ""exec_count"", ""euid_root"", ""uid_is_root""]","{
  ""verdict"": ""MALICIOUS"",
  ""confidence"": 0.93,
  ""rationale_steps"": [
    ""Privilege state: root context with max_uid_euid_delta at p99+ and auid_euid_mismatch set -- a real identity inconsistency and privilege transition."",
    ""Mechanism: exec_count is elevated with euid_root/uid_is_root set but auid_euid_mismatch absent -- a classic setuid-shell escalation."",
    ""Behavioural anomaly: very short lifetime (p99+) and high throughput argue for a malicious process."",
    ""Benign-explanation test: the absence of shell_from_service and low failed_call_rate argue against a routine admin script, cron job, or health-check."",
    ""Decide: the escalation mechanism and high throughput outweigh XGBoost's malicious call; this supports the CNN.""
  ],
  ""key_features"": [""max_uid_euid_delta"", ""auid_euid_mismatch"", ""exec_count"", ""euid_root"", ""uid_is_root""],
  ""agrees_with"": ""cnn""
}"
80160,3,1,T1548,1,0,0.999918818473816,0.8624513745307922,xgb_malicious_cnn_benign,MALICIOUS,1,0.93,cnn,ok,"[""Privilege state: root context with max_uid_euid_delta at p99+ and auid_euid_mismatch set -- a real identity inconsistency and privilege transition."", ""Mechanism: exec_count is elevated with euid_root/uid_is_root set but auid_euid_mismatch absent -- a classic setuid-shell escalation."", ""Behavioural anomaly: very short lifetime (p99+) and high throughput argue for a malicious process."", ""Benign-explanation test: the absence of shell_from_service and low failed_call_rate argue against a routine admin script, cron job, or health-check."", ""Decide: the escalation mechanism and high throughput outweigh XGBoost's malicious call; this supports the CNN.""]","[""max_uid_euid_delta"", ""auid_euid_mismatch"", ""exec_count"", ""euid_root"", ""uid_is_root""]","{
  ""verdict"": ""MALICIOUS"",
  ""confidence"": 0.93,
  ""rationale_steps"": [
    ""Privilege state: root context with max_uid_euid_delta at p99+ and auid_euid_mismatch set -- a real identity inconsistency and privilege transition."",
    ""Mechanism: exec_count is elevated with euid_root/uid_is_root set but auid_euid_mismatch absent -- a classic setuid-shell escalation."",
    ""Behavioural anomaly: very short lifetime (p99+) and high throughput argue for a malicious process."",
    ""Benign-explanation test: the absence of shell_from_service and low failed_call_rate argue against a routine admin script, cron job, or health-check."",
    ""Decide: the escalation mechanism and high throughput outweigh XGBoost's malicious call; this supports the CNN.""
  ],
  ""key_features"": [""max_uid_euid_delta"", ""auid_euid_mismatch"", ""exec_count"", ""euid_root"", ""uid_is_root""],
  ""agrees_with"": ""cnn""
}"
80760,2,1,T1548,0,1,0.964673638343811,0.9870211482048036,xgb_benign_cnn_malicious,MALICIOUS,1,0.99,cnn,ok,"[""Privilege state: root context with uid_is_root and euid_root set -- a clear indication of elevated privileges."", ""Mechanism: exec_count is elevated with euid_root/uid_is_root set but auid_euid_mismatch absent -- a classic setuid-shell escalation."", ""Behavioural anomaly: failed_call_rate is 1 with failed_call_count elevated -- a high rate of failed syscalls."", ""Benign-explanation test: very short lifetime (p99+) and high throughput argue against a routine admin script, cron job, or health-check."", ""Decide: the escalation mechanism and high failed_call_rate outweigh XGBoost's benign call; this supports the CNN.""]","[""uid_is_root"", ""euid_root"", ""exec_count"", ""failed_call_rate"", ""failed_call_count""]","{
  ""verdict"": ""MALICIOUS"",
  ""confidence"": 0.99,
  ""rationale_steps"": [
    ""Privilege state: root context with uid_is_root and euid_root set -- a clear indication of elevated privileges."",
    ""Mechanism: exec_count is elevated with euid_root/uid_is_root set but auid_euid_mismatch absent -- a classic setuid-shell escalation."",
    ""Behavioural anomaly: failed_call_rate is 1 with failed_call_count elevated -- a high rate of failed syscalls."",
    ""Benign-explanation test: very short lifetime (p99+) and high throughput argue against a routine admin script, cron job, or health-check."",
    ""Decide: the escalation mechanism and high failed_call_rate outweigh XGBoost's benign call; this supports the CNN.""
  ],
  ""key_features"": [""uid_is_root"", ""euid_root"", ""exec_count"", ""failed_call_rate"", ""failed_call_count""],
  ""agrees_with"": ""cnn""
}"
80786,3,1,T1548,1,0,0.999918818473816,0.8624439835548401,xgb_malicious_cnn_benign,MALICIOUS,1,0.93,cnn,ok,"[""Privilege state: root context with max_uid_euid_delta at p99+ and auid_euid_mismatch set -- a real identity inconsistency and privilege transition."", ""Mechanism: exec_count is elevated with euid_root/uid_is_root set but auid_euid_mismatch absent -- a classic setuid-shell escalation."", ""Behavioural anomaly: very short lifetime (p99+) and high throughput argue for a malicious process."", ""Benign-explanation test: the absence of shell_from_service and uid_is_root unset argue against a routine admin script, cron job, or health-check."", ""Decide: the escalation mechanism and high throughput outweigh XGBoost's malicious call; this supports the CNN.""]","[""lifetime_seconds"", ""unique_syscalls"", ""uid_is_root"", ""euid_root"", ""max_uid_euid_delta""]","{
  ""verdict"": ""MALICIOUS"",
  ""confidence"": 0.93,
  ""rationale_steps"": [
    ""Privilege state: root context with max_uid_euid_delta at p99+ and auid_euid_mismatch set -- a real identity inconsistency and privilege transition."",
    ""Mechanism: exec_count is elevated with euid_root/uid_is_root set but auid_euid_mismatch absent -- a classic setuid-shell escalation."",
    ""Behavioural anomaly: very short lifetime (p99+) and high throughput argue for a malicious process."",
    ""Benign-explanation test: the absence of shell_from_service and uid_is_root unset argue against a routine admin script, cron job, or health-check."",
    ""Decide: the escalation mechanism and high throughput outweigh XGBoost's malicious call; this supports the CNN.""
  ],
  ""key_features"": [""lifetime_seconds"", ""unique_syscalls"", ""uid_is_root"", ""euid_root"", ""max_uid_euid_delta""],
  ""agrees_with"": ""cnn""
}"
81614,3,1,T1548,1,0,0.999918818473816,0.8624439835548401,xgb_malicious_cnn_benign,MALICIOUS,1,0.93,cnn,ok,"[""Privilege state: root context with max_uid_euid_delta at p99+ and auid_euid_mismatch set -- a real identity inconsistency and privilege transition."", ""Mechanism: exec_count is elevated with euid_root/uid_is_root set but auid_euid_mismatch absent -- a classic setuid-shell escalation."", ""Behavioural anomaly: very short lifetime (p99+) and high throughput argue for a potential attack."", ""Benign-explanation test: the absence of shell_from_service and uid_is_root unset argue against a routine admin script, cron job, or health-check."", ""Decide: the escalation mechanism and behavioural anomalies outweigh XGBoost's malicious call; this supports the CNN.""]","[""max_uid_euid_delta"", ""auid_euid_mismatch"", ""exec_count"", ""euid_root"", ""uid_is_root""]","{
  ""verdict"": ""MALICIOUS"",
  ""confidence"": 0.93,
  ""rationale_steps"": [
    ""Privilege state: root context with max_uid_euid_delta at p99+ and auid_euid_mismatch set -- a real identity inconsistency and privilege transition."",
    ""Mechanism: exec_count is elevated with euid_root/uid_is_root set but auid_euid_mismatch absent -- a classic setuid-shell escalation."",
    ""Behavioural anomaly: very short lifetime (p99+) and high throughput argue for a potential attack."",
    ""Benign-explanation test: the absence of shell_from_service and uid_is_root unset argue against a routine admin script, cron job, or health-check."",
    ""Decide: the escalation mechanism and behavioural anomalies outweigh XGBoost's malicious call; this supports the CNN.""
  ],
  ""key_features"": [""max_uid_euid_delta"", ""auid_euid_mismatch"", ""exec_count"", ""euid_root"", ""uid_is_root""],
  ""agrees_with"": ""cnn""
}"
81670,3,1,T1548,1,0,0.999918818473816,0.8624439835548401,xgb_malicious_cnn_benign,MALICIOUS,1,0.93,cnn,ok,"[""Privilege state: root context with max_uid_euid_delta at p99+ and auid_euid_mismatch set -- a real identity inconsistency and privilege transition."", ""Mechanism: exec_count is elevated with euid_root/uid_is_root set but auid_euid_mismatch absent -- a classic setuid-shell escalation."", ""Behavioural anomaly: very short lifetime (p99+) and high throughput argue for a potential attack."", ""Benign-explanation test: the absence of shell_from_service and uid_is_root unset argue against a routine admin script, cron job, or health-check."", ""Decide: the escalation mechanism and behavioural anomalies outweigh XGBoost's malicious call; this supports the CNN.""]","[""max_uid_euid_delta"", ""auid_euid_mismatch"", ""exec_count"", ""euid_root"", ""uid_is_root""]","{
  ""verdict"": ""MALICIOUS"",
  ""confidence"": 0.93,
  ""rationale_steps"": [
    ""Privilege state: root context with max_uid_euid_delta at p99+ and auid_euid_mismatch set -- a real identity inconsistency and privilege transition."",
    ""Mechanism: exec_count is elevated with euid_root/uid_is_root set but auid_euid_mismatch absent -- a classic setuid-shell escalation."",
    ""Behavioural anomaly: very short lifetime (p99+) and high throughput argue for a potential attack."",
    ""Benign-explanation test: the absence of shell_from_service and uid_is_root unset argue against a routine admin script, cron job, or health-check."",
    ""Decide: the escalation mechanism and behavioural anomalies outweigh XGBoost's malicious call; this supports the CNN.""
  ],
  ""key_features"": [""max_uid_euid_delta"", ""auid_euid_mismatch"", ""exec_count"", ""euid_root"", ""uid_is_root""],
  ""agrees_with"": ""cnn""
}"
81672,3,1,T1548,1,0,0.999918818473816,0.8624439835548401,xgb_malicious_cnn_benign,MALICIOUS,1,0.93,cnn,ok,"[""Privilege state: root context with max_uid_euid_delta at p99+ and auid_euid_mismatch set -- a real identity inconsistency and privilege transition."", ""Mechanism: exec_count is elevated with euid_root/uid_is_root set but auid_euid_mismatch absent -- a classic setuid-shell escalation."", ""Behavioural anomaly: very short lifetime (p99+) and high throughput argue for a potential attack."", ""Benign-explanation test: the absence of shell_from_service and uid_is_root unset argue against a routine admin script, cron job, or health-check."", ""Decide: the escalation mechanism and behavioural anomalies outweigh XGBoost's malicious call; this supports the CNN.""]","[""max_uid_euid_delta"", ""auid_euid_mismatch"", ""exec_count"", ""euid_root"", ""uid_is_root""]","{
  ""verdict"": ""MALICIOUS"",
  ""confidence"": 0.93,
  ""rationale_steps"": [
    ""Privilege state: root context with max_uid_euid_delta at p99+ and auid_euid_mismatch set -- a real identity inconsistency and privilege transition."",
    ""Mechanism: exec_count is elevated with euid_root/uid_is_root set but auid_euid_mismatch absent -- a classic setuid-shell escalation."",
    ""Behavioural anomaly: very short lifetime (p99+) and high throughput argue for a potential attack."",
    ""Benign-explanation test: the absence of shell_from_service and uid_is_root unset argue against a routine admin script, cron job, or health-check."",
    ""Decide: the escalation mechanism and behavioural anomalies outweigh XGBoost's malicious call; this supports the CNN.""
  ],
  ""key_features"": [""max_uid_euid_delta"", ""auid_euid_mismatch"", ""exec_count"", ""euid_root"", ""uid_is_root""],
  ""agrees_with"": ""cnn""
}"
82316,3,1,T1548,1,0,0.999918818473816,0.8624439835548401,xgb_malicious_cnn_benign,MALICIOUS,1,0.93,cnn,ok,"[""Privilege state: root context with max_uid_euid_delta at p99+ and auid_euid_mismatch set -- a real identity inconsistency and privilege transition."", ""Mechanism: exec_count is elevated with euid_root/uid_is_root set but auid_euid_mismatch absent -- a classic setuid-shell escalation."", ""Behavioural anomaly: very short lifetime (p99+) and high throughput argue for a potential attack."", ""Benign-explanation test: the absence of shell_from_service and uid_is_root unset argue against a routine admin script, cron job, or health-check."", ""Decide: the escalation mechanism and behavioural anomalies outweigh XGBoost's malicious call; this supports the CNN.""]","[""max_uid_euid_delta"", ""auid_euid_mismatch"", ""exec_count"", ""euid_root"", ""uid_is_root""]","{
  ""verdict"": ""MALICIOUS"",
  ""confidence"": 0.93,
  ""rationale_steps"": [
    ""Privilege state: root context with max_uid_euid_delta at p99+ and auid_euid_mismatch set -- a real identity inconsistency and privilege transition."",
    ""Mechanism: exec_count is elevated with euid_root/uid_is_root set but auid_euid_mismatch absent -- a classic setuid-shell escalation."",
    ""Behavioural anomaly: very short lifetime (p99+) and high throughput argue for a potential attack."",
    ""Benign-explanation test: the absence of shell_from_service and uid_is_root unset argue against a routine admin script, cron job, or health-check."",
    ""Decide: the escalation mechanism and behavioural anomalies outweigh XGBoost's malicious call; this supports the CNN.""
  ],
  ""key_features"": [""max_uid_euid_delta"", ""auid_euid_mismatch"", ""exec_count"", ""euid_root"", ""uid_is_root""],
  ""agrees_with"": ""cnn""
}"
82333,2,1,T1548,0,1,0.964673638343811,0.9870211482048036,xgb_benign_cnn_malicious,MALICIOUS,1,0.99,cnn,ok,"[""Privilege state: root context with uid_is_root and euid_root set -- a clear indication of elevated privileges."", ""Mechanism: exec_count is elevated with euid_root/uid_is_root set but auid_euid_mismatch absent -- a classic setuid-shell escalation."", ""Behavioural anomaly: failed_call_rate is 1 with failed_call_count elevated -- a high rate of failed syscalls."", ""Benign-explanation test: very short lifetime (p99+) and high throughput argue against a routine admin script, cron job, or health-check."", ""Decide: the escalation mechanism and high failed_call_rate outweigh XGBoost's benign call; this supports the CNN.""]","[""uid_is_root"", ""euid_root"", ""exec_count"", ""failed_call_rate"", ""failed_call_count""]","{
  ""verdict"": ""MALICIOUS"",
  ""confidence"": 0.99,
  ""rationale_steps"": [
    ""Privilege state: root context with uid_is_root and euid_root set -- a clear indication of elevated privileges."",
    ""Mechanism: exec_count is elevated with euid_root/uid_is_root set but auid_euid_mismatch absent -- a classic setuid-shell escalation."",
    ""Behavioural anomaly: failed_call_rate is 1 with failed_call_count elevated -- a high rate of failed syscalls."",
    ""Benign-explanation test: very short lifetime (p99+) and high throughput argue against a routine admin script, cron job, or health-check."",
    ""Decide: the escalation mechanism and high failed_call_rate outweigh XGBoost's benign call; this supports the CNN.""
  ],
  ""key_features"": [""uid_is_root"", ""euid_root"", ""exec_count"", ""failed_call_rate"", ""failed_call_count""],
  ""agrees_with"": ""cnn""
}"
82424,2,1,T1548,0,1,0.964673638343811,0.9870211482048036,xgb_benign_cnn_malicious,MALICIOUS,1,0.99,cnn,ok,"[""Privilege state: root context with uid_is_root and euid_root set -- a clear indication of elevated privileges."", ""Mechanism: exec_count is elevated with euid_root/uid_is_root set but auid_euid_mismatch absent -- a classic setuid-shell escalation."", ""Behavioural anomaly: failed_call_rate is 1 with failed_call_count elevated -- a high rate of failed syscalls."", ""Benign-explanation test: very short lifetime (p99+) and high throughput argue against a routine admin script, cron job, or health-check."", ""Decide: the escalation mechanism and high failed_call_rate outweigh XGBoost's benign call; this supports the CNN.""]","[""uid_is_root"", ""euid_root"", ""exec_count"", ""failed_call_rate"", ""failed_call_count""]","{
  ""verdict"": ""MALICIOUS"",
  ""confidence"": 0.99,
  ""rationale_steps"": [
    ""Privilege state: root context with uid_is_root and euid_root set -- a clear indication of elevated privileges."",
    ""Mechanism: exec_count is elevated with euid_root/uid_is_root set but auid_euid_mismatch absent -- a classic setuid-shell escalation."",
    ""Behavioural anomaly: failed_call_rate is 1 with failed_call_count elevated -- a high rate of failed syscalls."",
    ""Benign-explanation test: very short lifetime (p99+) and high throughput argue against a routine admin script, cron job, or health-check."",
    ""Decide: the escalation mechanism and high failed_call_rate outweigh XGBoost's benign call; this supports the CNN.""
  ],
  ""key_features"": [""uid_is_root"", ""euid_root"", ""exec_count"", ""failed_call_rate"", ""failed_call_count""],
  ""agrees_with"": ""cnn""
}"
82426,3,1,T1548,1,0,0.999918818473816,0.8624439835548401,xgb_malicious_cnn_benign,MALICIOUS,1,0.93,cnn,ok,"[""Privilege state: root context with max_uid_euid_delta at p99+ and auid_euid_mismatch set -- a real identity inconsistency and privilege transition."", ""Mechanism: exec_count is elevated with euid_root/uid_is_root set but auid_euid_mismatch absent -- a classic setuid-shell escalation."", ""Behavioural anomaly: very short lifetime (p99+) and high throughput argue for a malicious process."", ""Benign-explanation test: the absence of shell_from_service and uid_is_root unset argue against a routine admin script, cron job, or health-check."", ""Decide: the escalation mechanism and high throughput outweigh XGBoost's malicious call; this supports the CNN.""]","[""lifetime_seconds"", ""unique_syscalls"", ""uid_is_root"", ""euid_root"", ""max_uid_euid_delta""]","{
  ""verdict"": ""MALICIOUS"",
  ""confidence"": 0.93,
  ""rationale_steps"": [
    ""Privilege state: root context with max_uid_euid_delta at p99+ and auid_euid_mismatch set -- a real identity inconsistency and privilege transition."",
    ""Mechanism: exec_count is elevated with euid_root/uid_is_root set but auid_euid_mismatch absent -- a classic setuid-shell escalation."",
    ""Behavioural anomaly: very short lifetime (p99+) and high throughput argue for a malicious process."",
    ""Benign-explanation test: the absence of shell_from_service and uid_is_root unset argue against a routine admin script, cron job, or health-check."",
    ""Decide: the escalation mechanism and high throughput outweigh XGBoost's malicious call; this supports the CNN.""
  ],
  ""key_features"": [""lifetime_seconds"", ""unique_syscalls"", ""uid_is_root"", ""euid_root"", ""max_uid_euid_delta""],
  ""agrees_with"": ""cnn""
}"
83084,2,1,T1548,0,1,0.964673638343811,0.9870211482048036,xgb_benign_cnn_malicious,MALICIOUS,1,0.99,cnn,ok,"[""Privilege state: root context with uid_is_root and euid_root set -- a clear indication of elevated privileges."", ""Mechanism: exec_count is elevated with euid_root/uid_is_root set but auid_euid_mismatch absent -- a classic setuid-shell escalation."", ""Behavioural anomaly: failed_call_rate is 1 with failed_call_count elevated -- a high rate of failed syscalls."", ""Benign-explanation test: very short lifetime (p99+) and high throughput argue against a routine admin script, cron job, or health-check."", ""Decide: the escalation mechanism and high failed_call_rate outweigh XGBoost's benign call; this supports the CNN.""]","[""uid_is_root"", ""euid_root"", ""exec_count"", ""failed_call_rate"", ""failed_call_count""]","{
  ""verdict"": ""MALICIOUS"",
  ""confidence"": 0.99,
  ""rationale_steps"": [
    ""Privilege state: root context with uid_is_root and euid_root set -- a clear indication of elevated privileges."",
    ""Mechanism: exec_count is elevated with euid_root/uid_is_root set but auid_euid_mismatch absent -- a classic setuid-shell escalation."",
    ""Behavioural anomaly: failed_call_rate is 1 with failed_call_count elevated -- a high rate of failed syscalls."",
    ""Benign-explanation test: very short lifetime (p99+) and high throughput argue against a routine admin script, cron job, or health-check."",
    ""Decide: the escalation mechanism and high failed_call_rate outweigh XGBoost's benign call; this supports the CNN.""
  ],
  ""key_features"": [""uid_is_root"", ""euid_root"", ""exec_count"", ""failed_call_rate"", ""failed_call_count""],
  ""agrees_with"": ""cnn""
}"
83260,3,1,T1548,1,0,0.999918818473816,0.8624513745307922,xgb_malicious_cnn_benign,MALICIOUS,1,0.93,cnn,ok,"[""Privilege state: root context with max_uid_euid_delta at p99+ and auid_euid_mismatch set -- a real identity inconsistency and privilege transition."", ""Mechanism: exec_count is elevated with euid_root/uid_is_root set but auid_euid_mismatch absent -- a classic setuid-shell escalation."", ""Behavioural anomaly: very short lifetime (p99+) and high throughput argue for a malicious process."", ""Benign-explanation test: the absence of shell_from_service and low failed_call_rate argue against a routine admin script, cron job, or health-check."", ""Decide: the escalation mechanism and high throughput outweigh XGBoost's malicious call; this supports the CNN.""]","[""max_uid_euid_delta"", ""auid_euid_mismatch"", ""exec_count"", ""euid_root"", ""uid_is_root""]","{
  ""verdict"": ""MALICIOUS"",
  ""confidence"": 0.93,
  ""rationale_steps"": [
    ""Privilege state: root context with max_uid_euid_delta at p99+ and auid_euid_mismatch set -- a real identity inconsistency and privilege transition."",
    ""Mechanism: exec_count is elevated with euid_root/uid_is_root set but auid_euid_mismatch absent -- a classic setuid-shell escalation."",
    ""Behavioural anomaly: very short lifetime (p99+) and high throughput argue for a malicious process."",
    ""Benign-explanation test: the absence of shell_from_service and low failed_call_rate argue against a routine admin script, cron job, or health-check."",
    ""Decide: the escalation mechanism and high throughput outweigh XGBoost's malicious call; this supports the CNN.""
  ],
  ""key_features"": [""max_uid_euid_delta"", ""auid_euid_mismatch"", ""exec_count"", ""euid_root"", ""uid_is_root""],
  ""agrees_with"": ""cnn""
}"
83272,2,1,T1595,0,1,0.001278604613617,0.999983251094818,xgb_benign_cnn_malicious,MALICIOUS,1,0.95,cnn,ok,"[""Privilege state: no genuine UID/EUID transition or root context; euid_root and uid_is_root are unset, and max_uid_euid_delta is 0."", ""Mechanism: no setuid/setgid execution, unusual exec chain, or shell spawned by a service; exec_count is 0, and shell_from_service is unset."", ""Behavioural anomaly: high syscall throughput (events_per_second=1) and short lifetime (lifetime_seconds=1) are unusual for benign activity."", ""Benign-explanation test: the short lifetime and high syscall throughput make it unlikely to be an admin scripting, cron job, or health-check."", ""Decide: the high syscall throughput and short lifetime outweigh XGBoost's benign call; this supports the CNN.""]","[""lifetime_seconds"", ""events_per_second"", ""unique_syscalls"", ""uid_is_root"", ""auid_euid_mismatch""]","{
  ""verdict"": ""MALICIOUS"",
  ""confidence"": 0.95,
  ""rationale_steps"": [
    ""Privilege state: no genuine UID/EUID transition or root context; euid_root and uid_is_root are unset, and max_uid_euid_delta is 0."",
    ""Mechanism: no setuid/setgid execution, unusual exec chain, or shell spawned by a service; exec_count is 0, and shell_from_service is unset."",
    ""Behavioural anomaly: high syscall throughput (events_per_second=1) and short lifetime (lifetime_seconds=1) are unusual for benign activity."",
    ""Benign-explanation test: the short lifetime and high syscall throughput make it unlikely to be an admin scripting, cron job, or health-check."",
    ""Decide: the high syscall throughput and short lifetime outweigh XGBoost's benign call; this supports the CNN.""
  ],
  ""key_features"": [""lifetime_seconds"", ""events_per_second"", ""unique_syscalls"", ""uid_is_root"", ""auid_euid_mismatch""],
  ""agrees_with"": ""cnn""
}"
83281,2,1,T1595,0,1,0.001278604613617,0.999983251094818,xgb_benign_cnn_malicious,MALICIOUS,1,0.95,cnn,ok,"[""Privilege state: no genuine UID/EUID transition or root context; euid_root and uid_is_root are unset, and max_uid_euid_delta is 0."", ""Mechanism: no setuid/setgid execution, unusual exec chain, or shell spawned by a service; exec_count is 0, and shell_from_service is unset."", ""Behavioural anomaly: high syscall throughput (events_per_second=1) and short lifetime (lifetime_seconds=1) are unusual for an attack; file_access_count is elevated, but network_count is 0."", ""Benign-explanation test: the short lifetime and high syscall throughput argue against a routine admin script, cron job, or health-check; unique_syscalls is elevated, but this is not a clear indicator of an attack."", ""Decide: the absence of a clear escalation mechanism and the unusual behavioural features outweigh XGBoost's benign call; this supports the CNN.""]","[""lifetime_seconds"", ""events_per_second"", ""unique_syscalls"", ""file_access_count"", ""network_count""]","{
  ""verdict"": ""MALICIOUS"",
  ""confidence"": 0.95,
  ""rationale_steps"": [
    ""Privilege state: no genuine UID/EUID transition or root context; euid_root and uid_is_root are unset, and max_uid_euid_delta is 0."",
    ""Mechanism: no setuid/setgid execution, unusual exec chain, or shell spawned by a service; exec_count is 0, and shell_from_service is unset."",
    ""Behavioural anomaly: high syscall throughput (events_per_second=1) and short lifetime (lifetime_seconds=1) are unusual for an attack; file_access_count is elevated, but network_count is 0."",
    ""Benign-explanation test: the short lifetime and high syscall throughput argue against a routine admin script, cron job, or health-check; unique_syscalls is elevated, but this is not a clear indicator of an attack."",
    ""Decide: the absence of a clear escalation mechanism and the unusual behavioural features outweigh XGBoost's benign call; this supports the CNN.""
  ],
  ""key_features"": [""lifetime_seconds"", ""events_per_second"", ""unique_syscalls"", ""file_access_count"", ""network_count""],
  ""agrees_with"": ""cnn""
}"
83547,2,1,T1595,0,1,0.001278604613617,0.999983251094818,xgb_benign_cnn_malicious,MALICIOUS,1,0.95,cnn,ok,"[""Privilege state: no genuine UID/EUID transition or root context; euid_root and uid_is_root are unset, and max_uid_euid_delta is 0."", ""Mechanism: no setuid/setgid execution, unusual exec chain, or shell spawned by a service; exec_count is 0, and shell_from_service is unset."", ""Behavioural anomaly: high syscall throughput (events_per_second=1) and short lifetime (lifetime_seconds=1) are unusual for an attack; file_access_count is elevated, but network_count is 0."", ""Benign-explanation test: the short lifetime and high syscall throughput argue against a routine admin script, cron job, or health-check; unique_syscalls is elevated, but this is not a clear indicator of an attack."", ""Decide: the absence of a clear escalation mechanism and the unusual behavioural features outweigh XGBoost's benign call; this supports the CNN.""]","[""lifetime_seconds"", ""events_per_second"", ""unique_syscalls"", ""file_access_count"", ""network_count""]","{
  ""verdict"": ""MALICIOUS"",
  ""confidence"": 0.95,
  ""rationale_steps"": [
    ""Privilege state: no genuine UID/EUID transition or root context; euid_root and uid_is_root are unset, and max_uid_euid_delta is 0."",
    ""Mechanism: no setuid/setgid execution, unusual exec chain, or shell spawned by a service; exec_count is 0, and shell_from_service is unset."",
    ""Behavioural anomaly: high syscall throughput (events_per_second=1) and short lifetime (lifetime_seconds=1) are unusual for an attack; file_access_count is elevated, but network_count is 0."",
    ""Benign-explanation test: the short lifetime and high syscall throughput argue against a routine admin script, cron job, or health-check; unique_syscalls is elevated, but this is not a clear indicator of an attack."",
    ""Decide: the absence of a clear escalation mechanism and the unusual behavioural features outweigh XGBoost's benign call; this supports the CNN.""
  ],
  ""key_features"": [""lifetime_seconds"", ""events_per_second"", ""unique_syscalls"", ""file_access_count"", ""network_count""],
  ""agrees_with"": ""cnn""
}"
84890,2,1,T1548,0,1,0.964673638343811,0.9870211482048036,xgb_benign_cnn_malicious,MALICIOUS,1,0.99,cnn,ok,"[""Privilege state: root context with uid_is_root and euid_root set -- a clear indication of elevated privileges."", ""Mechanism: exec_count is elevated with euid_root and uid_is_root set -- a classic sign of a setuid-shell escalation."", ""Behavioural anomaly: failed_call_rate is 1 with failed_call_count elevated -- a high rate of failed syscalls."", ""Benign-explanation test: very short lifetime (p99+) and high throughput argue against a routine admin script, cron job, or health-check."", ""Decide: the escalation mechanism and high failed_call_rate outweigh XGBoost's benign call; this supports the CNN.""]","[""uid_is_root"", ""euid_root"", ""exec_count"", ""failed_call_rate"", ""failed_call_count""]","{
  ""verdict"": ""MALICIOUS"",
  ""confidence"": 0.99,
  ""rationale_steps"": [
    ""Privilege state: root context with uid_is_root and euid_root set -- a clear indication of elevated privileges."",
    ""Mechanism: exec_count is elevated with euid_root and uid_is_root set -- a classic sign of a setuid-shell escalation."",
    ""Behavioural anomaly: failed_call_rate is 1 with failed_call_count elevated -- a high rate of failed syscalls."",
    ""Benign-explanation test: very short lifetime (p99+) and high throughput argue against a routine admin script, cron job, or health-check."",
    ""Decide: the escalation mechanism and high failed_call_rate outweigh XGBoost's benign call; this supports the CNN.""
  ],
  ""key_features"": [""uid_is_root"", ""euid_root"", ""exec_count"", ""failed_call_rate"", ""failed_call_count""],
  ""agrees_with"": ""cnn""
}"
84918,3,1,T1548,1,0,0.999918818473816,0.8624513745307922,xgb_malicious_cnn_benign,MALICIOUS,1,0.93,cnn,ok,"[""Privilege state: root context with max_uid_euid_delta at p99+ and auid_euid_mismatch set -- a real identity inconsistency and privilege transition."", ""Mechanism: exec_count is elevated with euid_root/uid_is_root set but auid_euid_mismatch absent -- a classic setuid-shell escalation."", ""Behavioural anomaly: very short lifetime (p99+) and high throughput argue for a malicious process."", ""Benign-explanation test: the absence of shell_from_service and low failed_call_rate argue against a routine admin script, cron job, or health-check."", ""Decide: the escalation mechanism and high throughput outweigh XGBoost's malicious call; this supports the CNN.""]","[""max_uid_euid_delta"", ""auid_euid_mismatch"", ""exec_count"", ""euid_root"", ""uid_is_root""]","{
  ""verdict"": ""MALICIOUS"",
  ""confidence"": 0.93,
  ""rationale_steps"": [
    ""Privilege state: root context with max_uid_euid_delta at p99+ and auid_euid_mismatch set -- a real identity inconsistency and privilege transition."",
    ""Mechanism: exec_count is elevated with euid_root/uid_is_root set but auid_euid_mismatch absent -- a classic setuid-shell escalation."",
    ""Behavioural anomaly: very short lifetime (p99+) and high throughput argue for a malicious process."",
    ""Benign-explanation test: the absence of shell_from_service and low failed_call_rate argue against a routine admin script, cron job, or health-check."",
    ""Decide: the escalation mechanism and high throughput outweigh XGBoost's malicious call; this supports the CNN.""
  ],
  ""key_features"": [""max_uid_euid_delta"", ""auid_euid_mismatch"", ""exec_count"", ""euid_root"", ""uid_is_root""],
  ""agrees_with"": ""cnn""
}"
84921,2,1,T1548,0,1,0.964673638343811,0.9870211482048036,xgb_benign_cnn_malicious,MALICIOUS,1,0.99,cnn,ok,"[""Privilege state: root context with uid_is_root and euid_root set -- a clear indication of elevated privileges."", ""Mechanism: exec_count is elevated with euid_root/uid_is_root set but auid_euid_mismatch absent -- a classic setuid-shell escalation."", ""Behavioural anomaly: failed_call_rate is 1 with failed_call_count elevated -- a high rate of failed syscalls."", ""Benign-explanation test: very short lifetime (p99+) and high throughput argue against a routine admin script, cron job, or health-check."", ""Decide: the escalation mechanism and high failed_call_rate outweigh XGBoost's benign call; this supports the CNN.""]","[""uid_is_root"", ""euid_root"", ""exec_count"", ""failed_call_rate"", ""failed_call_count""]","{
  ""verdict"": ""MALICIOUS"",
  ""confidence"": 0.99,
  ""rationale_steps"": [
    ""Privilege state: root context with uid_is_root and euid_root set -- a clear indication of elevated privileges."",
    ""Mechanism: exec_count is elevated with euid_root/uid_is_root set but auid_euid_mismatch absent -- a classic setuid-shell escalation."",
    ""Behavioural anomaly: failed_call_rate is 1 with failed_call_count elevated -- a high rate of failed syscalls."",
    ""Benign-explanation test: very short lifetime (p99+) and high throughput argue against a routine admin script, cron job, or health-check."",
    ""Decide: the escalation mechanism and high failed_call_rate outweigh XGBoost's benign call; this supports the CNN.""
  ],
  ""key_features"": [""uid_is_root"", ""euid_root"", ""exec_count"", ""failed_call_rate"", ""failed_call_count""],
  ""agrees_with"": ""cnn""
}"
85544,4,1,T1222,0,1,0.8476836681365967,0.9919057488441468,xgb_benign_cnn_malicious,MALICIOUS,1,0.99,cnn,ok,"[""Privilege state: root context with euid_root and uid_is_root set -- a real identity consistency and privilege transition."", ""Mechanism: no setuid/setgid execution, unusual exec chain, or shell spawned by a service -- no classic escalation mechanism."", ""Behavioural anomaly: high syscall throughput (events_per_second at p99+) and a long syscall sequence (seq_length at p99+) -- unusual activity."", ""Benign-explanation test: very high throughput and long syscall sequence argue against a routine admin script, cron job, or health-check."", ""Decide: the privilege transition and unusual activity outweigh XGBoost's benign call; this supports the CNN.""]","[""lifetime_seconds"", ""events_per_second"", ""seq_length"", ""unique_syscalls"", ""uid_is_root""]","{
  ""verdict"": ""MALICIOUS"",
  ""confidence"": 0.99,
  ""rationale_steps"": [
    ""Privilege state: root context with euid_root and uid_is_root set -- a real identity consistency and privilege transition."",
    ""Mechanism: no setuid/setgid execution, unusual exec chain, or shell spawned by a service -- no classic escalation mechanism."",
    ""Behavioural anomaly: high syscall throughput (events_per_second at p99+) and a long syscall sequence (seq_length at p99+) -- unusual activity."",
    ""Benign-explanation test: very high throughput and long syscall sequence argue against a routine admin script, cron job, or health-check."",
    ""Decide: the privilege transition and unusual activity outweigh XGBoost's benign call; this supports the CNN.""
  ],
  ""key_features"": [""lifetime_seconds"", ""events_per_second"", ""seq_length"", ""unique_syscalls"", ""uid_is_root""],
  ""agrees_with"": ""cnn""
}"
85550,3,1,T1548,1,0,0.999918818473816,0.8624513745307922,xgb_malicious_cnn_benign,MALICIOUS,1,0.93,cnn,ok,"[""Privilege state: root context with max_uid_euid_delta at p99+ and auid_euid_mismatch set -- a real identity inconsistency and privilege transition."", ""Mechanism: exec_count is elevated with euid_root/uid_is_root set but auid_euid_mismatch absent -- a classic setuid-shell escalation."", ""Behavioural anomaly: very short lifetime (p99+) and high throughput argue for a malicious process."", ""Benign-explanation test: the absence of shell_from_service and low failed_call_rate argue against a routine admin script, cron job, or health-check."", ""Decide: the escalation mechanism and high throughput outweigh XGBoost's malicious call; this supports the CNN.""]","[""max_uid_euid_delta"", ""auid_euid_mismatch"", ""exec_count"", ""euid_root"", ""uid_is_root""]","{
  ""verdict"": ""MALICIOUS"",
  ""confidence"": 0.93,
  ""rationale_steps"": [
    ""Privilege state: root context with max_uid_euid_delta at p99+ and auid_euid_mismatch set -- a real identity inconsistency and privilege transition."",
    ""Mechanism: exec_count is elevated with euid_root/uid_is_root set but auid_euid_mismatch absent -- a classic setuid-shell escalation."",
    ""Behavioural anomaly: very short lifetime (p99+) and high throughput argue for a malicious process."",
    ""Benign-explanation test: the absence of shell_from_service and low failed_call_rate argue against a routine admin script, cron job, or health-check."",
    ""Decide: the escalation mechanism and high throughput outweigh XGBoost's malicious call; this supports the CNN.""
  ],
  ""key_features"": [""max_uid_euid_delta"", ""auid_euid_mismatch"", ""exec_count"", ""euid_root"", ""uid_is_root""],
  ""agrees_with"": ""cnn""
}"
85590,3,1,T1548,1,0,0.999918818473816,0.8624513745307922,xgb_malicious_cnn_benign,MALICIOUS,1,0.93,cnn,ok,"[""Privilege state: root context with max_uid_euid_delta at p99+ and auid_euid_mismatch set -- a real identity inconsistency and privilege transition."", ""Mechanism: exec_count is elevated with euid_root/uid_is_root set but auid_euid_mismatch absent -- a classic setuid-shell escalation."", ""Behavioural anomaly: very short lifetime (p99+) and high throughput argue for a malicious process."", ""Benign-explanation test: the absence of shell_from_service and low failed_call_rate argue against a routine admin script, cron job, or health-check."", ""Decide: the escalation mechanism and high throughput outweigh XGBoost's malicious call; this supports the CNN.""]","[""max_uid_euid_delta"", ""auid_euid_mismatch"", ""exec_count"", ""euid_root"", ""uid_is_root""]","{
  ""verdict"": ""MALICIOUS"",
  ""confidence"": 0.93,
  ""rationale_steps"": [
    ""Privilege state: root context with max_uid_euid_delta at p99+ and auid_euid_mismatch set -- a real identity inconsistency and privilege transition."",
    ""Mechanism: exec_count is elevated with euid_root/uid_is_root set but auid_euid_mismatch absent -- a classic setuid-shell escalation."",
    ""Behavioural anomaly: very short lifetime (p99+) and high throughput argue for a malicious process."",
    ""Benign-explanation test: the absence of shell_from_service and low failed_call_rate argue against a routine admin script, cron job, or health-check."",
    ""Decide: the escalation mechanism and high throughput outweigh XGBoost's malicious call; this supports the CNN.""
  ],
  ""key_features"": [""max_uid_euid_delta"", ""auid_euid_mismatch"", ""exec_count"", ""euid_root"", ""uid_is_root""],
  ""agrees_with"": ""cnn""
}"
85591,3,1,T1548,1,0,0.999918818473816,0.8624513745307922,xgb_malicious_cnn_benign,MALICIOUS,1,0.93,cnn,ok,"[""Privilege state: root context with max_uid_euid_delta at p99+ and auid_euid_mismatch set -- a real identity inconsistency and privilege transition."", ""Mechanism: exec_count is elevated with euid_root/uid_is_root set but auid_euid_mismatch absent -- a classic setuid-shell escalation."", ""Behavioural anomaly: very short lifetime (p99+) and high throughput argue for a malicious process."", ""Benign-explanation test: the absence of shell_from_service and low failed_call_rate argue against a routine admin script, cron job, or health-check."", ""Decide: the escalation mechanism and high throughput outweigh XGBoost's malicious call; this supports the CNN.""]","[""max_uid_euid_delta"", ""auid_euid_mismatch"", ""exec_count"", ""euid_root"", ""uid_is_root""]","{
  ""verdict"": ""MALICIOUS"",
  ""confidence"": 0.93,
  ""rationale_steps"": [
    ""Privilege state: root context with max_uid_euid_delta at p99+ and auid_euid_mismatch set -- a real identity inconsistency and privilege transition."",
    ""Mechanism: exec_count is elevated with euid_root/uid_is_root set but auid_euid_mismatch absent -- a classic setuid-shell escalation."",
    ""Behavioural anomaly: very short lifetime (p99+) and high throughput argue for a malicious process."",
    ""Benign-explanation test: the absence of shell_from_service and low failed_call_rate argue against a routine admin script, cron job, or health-check."",
    ""Decide: the escalation mechanism and high throughput outweigh XGBoost's malicious call; this supports the CNN.""
  ],
  ""key_features"": [""max_uid_euid_delta"", ""auid_euid_mismatch"", ""exec_count"", ""euid_root"", ""uid_is_root""],
  ""agrees_with"": ""cnn""
}"
85595,3,1,T1548,1,0,0.999918818473816,0.8624513745307922,xgb_malicious_cnn_benign,MALICIOUS,1,0.93,cnn,ok,"[""Privilege state: root context with max_uid_euid_delta at p99+ and auid_euid_mismatch set -- a real identity inconsistency and privilege transition."", ""Mechanism: exec_count is elevated with euid_root/uid_is_root set but auid_euid_mismatch absent -- a classic setuid-shell escalation."", ""Behavioural anomaly: very short lifetime (p99+) and high throughput argue for a malicious process."", ""Benign-explanation test: the absence of shell_from_service and low failed_call_rate argue against a routine admin script, cron job, or health-check."", ""Decide: the escalation mechanism and high throughput outweigh XGBoost's malicious call; this supports the CNN.""]","[""max_uid_euid_delta"", ""auid_euid_mismatch"", ""exec_count"", ""euid_root"", ""uid_is_root""]","{
  ""verdict"": ""MALICIOUS"",
  ""confidence"": 0.93,
  ""rationale_steps"": [
    ""Privilege state: root context with max_uid_euid_delta at p99+ and auid_euid_mismatch set -- a real identity inconsistency and privilege transition."",
    ""Mechanism: exec_count is elevated with euid_root/uid_is_root set but auid_euid_mismatch absent -- a classic setuid-shell escalation."",
    ""Behavioural anomaly: very short lifetime (p99+) and high throughput argue for a malicious process."",
    ""Benign-explanation test: the absence of shell_from_service and low failed_call_rate argue against a routine admin script, cron job, or health-check."",
    ""Decide: the escalation mechanism and high throughput outweigh XGBoost's malicious call; this supports the CNN.""
  ],
  ""key_features"": [""max_uid_euid_delta"", ""auid_euid_mismatch"", ""exec_count"", ""euid_root"", ""uid_is_root""],
  ""agrees_with"": ""cnn""
}"
85596,3,1,T1548,1,0,0.999918818473816,0.8624513745307922,xgb_malicious_cnn_benign,MALICIOUS,1,0.93,cnn,ok,"[""Privilege state: root context with max_uid_euid_delta at p99+ and auid_euid_mismatch set -- a real identity inconsistency and privilege transition."", ""Mechanism: exec_count is elevated with euid_root/uid_is_root set but auid_euid_mismatch absent -- a classic setuid-shell escalation."", ""Behavioural anomaly: very short lifetime (p99+) and high throughput argue for a malicious process."", ""Benign-explanation test: the absence of shell_from_service and low failed_call_rate argue against a routine admin script, cron job, or health-check."", ""Decide: the escalation mechanism and high throughput outweigh XGBoost's malicious call; this supports the CNN.""]","[""max_uid_euid_delta"", ""auid_euid_mismatch"", ""exec_count"", ""euid_root"", ""uid_is_root""]","{
  ""verdict"": ""MALICIOUS"",
  ""confidence"": 0.93,
  ""rationale_steps"": [
    ""Privilege state: root context with max_uid_euid_delta at p99+ and auid_euid_mismatch set -- a real identity inconsistency and privilege transition."",
    ""Mechanism: exec_count is elevated with euid_root/uid_is_root set but auid_euid_mismatch absent -- a classic setuid-shell escalation."",
    ""Behavioural anomaly: very short lifetime (p99+) and high throughput argue for a malicious process."",
    ""Benign-explanation test: the absence of shell_from_service and low failed_call_rate argue against a routine admin script, cron job, or health-check."",
    ""Decide: the escalation mechanism and high throughput outweigh XGBoost's malicious call; this supports the CNN.""
  ],
  ""key_features"": [""max_uid_euid_delta"", ""auid_euid_mismatch"", ""exec_count"", ""euid_root"", ""uid_is_root""],
  ""agrees_with"": ""cnn""
}"
85597,3,1,T1548,1,0,0.999918818473816,0.8624513745307922,xgb_malicious_cnn_benign,MALICIOUS,1,0.93,cnn,ok,"[""Privilege state: root context with max_uid_euid_delta at p99+ and auid_euid_mismatch set -- a real identity inconsistency and privilege transition."", ""Mechanism: exec_count is elevated with euid_root/uid_is_root set but auid_euid_mismatch absent -- a classic setuid-shell escalation."", ""Behavioural anomaly: very short lifetime (p99+) and high throughput argue for a malicious process."", ""Benign-explanation test: the absence of shell_from_service and low failed_call_rate argue against a routine admin script, cron job, or health-check."", ""Decide: the escalation mechanism and high throughput outweigh XGBoost's malicious call; this supports the CNN.""]","[""max_uid_euid_delta"", ""auid_euid_mismatch"", ""exec_count"", ""euid_root"", ""uid_is_root""]","{
  ""verdict"": ""MALICIOUS"",
  ""confidence"": 0.93,
  ""rationale_steps"": [
    ""Privilege state: root context with max_uid_euid_delta at p99+ and auid_euid_mismatch set -- a real identity inconsistency and privilege transition."",
    ""Mechanism: exec_count is elevated with euid_root/uid_is_root set but auid_euid_mismatch absent -- a classic setuid-shell escalation."",
    ""Behavioural anomaly: very short lifetime (p99+) and high throughput argue for a malicious process."",
    ""Benign-explanation test: the absence of shell_from_service and low failed_call_rate argue against a routine admin script, cron job, or health-check."",
    ""Decide: the escalation mechanism and high throughput outweigh XGBoost's malicious call; this supports the CNN.""
  ],
  ""key_features"": [""max_uid_euid_delta"", ""auid_euid_mismatch"", ""exec_count"", ""euid_root"", ""uid_is_root""],
  ""agrees_with"": ""cnn""
}"
85598,3,1,T1548,1,0,0.999918818473816,0.8624513745307922,xgb_malicious_cnn_benign,MALICIOUS,1,0.93,cnn,ok,"[""Privilege state: root context with max_uid_euid_delta at p99+ and auid_euid_mismatch set -- a real identity inconsistency and privilege transition."", ""Mechanism: exec_count is elevated with euid_root/uid_is_root set but auid_euid_mismatch absent -- a classic setuid-shell escalation."", ""Behavioural anomaly: very short lifetime (p99+) and high throughput argue for a malicious process."", ""Benign-explanation test: the absence of shell_from_service and low failed_call_rate argue against a routine admin script, cron job, or health-check."", ""Decide: the escalation mechanism and high throughput outweigh XGBoost's malicious call; this supports the CNN.""]","[""max_uid_euid_delta"", ""auid_euid_mismatch"", ""exec_count"", ""euid_root"", ""uid_is_root""]","{
  ""verdict"": ""MALICIOUS"",
  ""confidence"": 0.93,
  ""rationale_steps"": [
    ""Privilege state: root context with max_uid_euid_delta at p99+ and auid_euid_mismatch set -- a real identity inconsistency and privilege transition."",
    ""Mechanism: exec_count is elevated with euid_root/uid_is_root set but auid_euid_mismatch absent -- a classic setuid-shell escalation."",
    ""Behavioural anomaly: very short lifetime (p99+) and high throughput argue for a malicious process."",
    ""Benign-explanation test: the absence of shell_from_service and low failed_call_rate argue against a routine admin script, cron job, or health-check."",
    ""Decide: the escalation mechanism and high throughput outweigh XGBoost's malicious call; this supports the CNN.""
  ],
  ""key_features"": [""max_uid_euid_delta"", ""auid_euid_mismatch"", ""exec_count"", ""euid_root"", ""uid_is_root""],
  ""agrees_with"": ""cnn""
}"
85610,3,1,T1548,1,0,0.999918818473816,0.8624513745307922,xgb_malicious_cnn_benign,MALICIOUS,1,0.93,cnn,ok,"[""Privilege state: root context with max_uid_euid_delta at p99+ and auid_euid_mismatch set -- a real identity inconsistency and privilege transition."", ""Mechanism: exec_count is elevated with euid_root/uid_is_root set but auid_euid_mismatch absent -- a classic setuid-shell escalation."", ""Behavioural anomaly: very short lifetime (p99+) and high throughput argue for a malicious process."", ""Benign-explanation test: the absence of shell_from_service and low failed_call_rate argue against a routine admin script, cron job, or health-check."", ""Decide: the escalation mechanism and high throughput outweigh XGBoost's malicious call; this supports the CNN.""]","[""max_uid_euid_delta"", ""auid_euid_mismatch"", ""exec_count"", ""euid_root"", ""uid_is_root""]","{
  ""verdict"": ""MALICIOUS"",
  ""confidence"": 0.93,
  ""rationale_steps"": [
    ""Privilege state: root context with max_uid_euid_delta at p99+ and auid_euid_mismatch set -- a real identity inconsistency and privilege transition."",
    ""Mechanism: exec_count is elevated with euid_root/uid_is_root set but auid_euid_mismatch absent -- a classic setuid-shell escalation."",
    ""Behavioural anomaly: very short lifetime (p99+) and high throughput argue for a malicious process."",
    ""Benign-explanation test: the absence of shell_from_service and low failed_call_rate argue against a routine admin script, cron job, or health-check."",
    ""Decide: the escalation mechanism and high throughput outweigh XGBoost's malicious call; this supports the CNN.""
  ],
  ""key_features"": [""max_uid_euid_delta"", ""auid_euid_mismatch"", ""exec_count"", ""euid_root"", ""uid_is_root""],
  ""agrees_with"": ""cnn""
}"
85616,3,1,T1548,1,0,0.999918818473816,0.8624513745307922,xgb_malicious_cnn_benign,MALICIOUS,1,0.93,cnn,ok,"[""Privilege state: root context with max_uid_euid_delta at p99+ and auid_euid_mismatch set -- a real identity inconsistency and privilege transition."", ""Mechanism: exec_count is elevated with euid_root/uid_is_root set but auid_euid_mismatch absent -- a classic setuid-shell escalation."", ""Behavioural anomaly: very short lifetime (p99+) and high throughput argue for a malicious process."", ""Benign-explanation test: the absence of shell_from_service and low failed_call_rate argue against a routine admin script, cron job, or health-check."", ""Decide: the escalation mechanism and high throughput outweigh XGBoost's malicious call; this supports the CNN.""]","[""max_uid_euid_delta"", ""auid_euid_mismatch"", ""exec_count"", ""euid_root"", ""uid_is_root""]","{
  ""verdict"": ""MALICIOUS"",
  ""confidence"": 0.93,
  ""rationale_steps"": [
    ""Privilege state: root context with max_uid_euid_delta at p99+ and auid_euid_mismatch set -- a real identity inconsistency and privilege transition."",
    ""Mechanism: exec_count is elevated with euid_root/uid_is_root set but auid_euid_mismatch absent -- a classic setuid-shell escalation."",
    ""Behavioural anomaly: very short lifetime (p99+) and high throughput argue for a malicious process."",
    ""Benign-explanation test: the absence of shell_from_service and low failed_call_rate argue against a routine admin script, cron job, or health-check."",
    ""Decide: the escalation mechanism and high throughput outweigh XGBoost's malicious call; this supports the CNN.""
  ],
  ""key_features"": [""max_uid_euid_delta"", ""auid_euid_mismatch"", ""exec_count"", ""euid_root"", ""uid_is_root""],
  ""agrees_with"": ""cnn""
}"
85619,3,1,T1548,1,0,0.999918818473816,0.8624513745307922,xgb_malicious_cnn_benign,MALICIOUS,1,0.93,cnn,ok,"[""Privilege state: root context with max_uid_euid_delta at p99+ and auid_euid_mismatch set -- a real identity inconsistency and privilege transition."", ""Mechanism: exec_count is elevated with euid_root/uid_is_root set but auid_euid_mismatch absent -- a classic setuid-shell escalation."", ""Behavioural anomaly: very short lifetime (p99+) and high throughput argue for a malicious process."", ""Benign-explanation test: the absence of shell_from_service and low failed_call_rate argue against a routine admin script, cron job, or health-check."", ""Decide: the escalation mechanism and high throughput outweigh XGBoost's malicious call; this supports the CNN.""]","[""max_uid_euid_delta"", ""auid_euid_mismatch"", ""exec_count"", ""euid_root"", ""uid_is_root""]","{
  ""verdict"": ""MALICIOUS"",
  ""confidence"": 0.93,
  ""rationale_steps"": [
    ""Privilege state: root context with max_uid_euid_delta at p99+ and auid_euid_mismatch set -- a real identity inconsistency and privilege transition."",
    ""Mechanism: exec_count is elevated with euid_root/uid_is_root set but auid_euid_mismatch absent -- a classic setuid-shell escalation."",
    ""Behavioural anomaly: very short lifetime (p99+) and high throughput argue for a malicious process."",
    ""Benign-explanation test: the absence of shell_from_service and low failed_call_rate argue against a routine admin script, cron job, or health-check."",
    ""Decide: the escalation mechanism and high throughput outweigh XGBoost's malicious call; this supports the CNN.""
  ],
  ""key_features"": [""max_uid_euid_delta"", ""auid_euid_mismatch"", ""exec_count"", ""euid_root"", ""uid_is_root""],
  ""agrees_with"": ""cnn""
}"
85623,3,1,T1548,1,0,0.999918818473816,0.8624513745307922,xgb_malicious_cnn_benign,MALICIOUS,1,0.93,cnn,ok,"[""Privilege state: root context with max_uid_euid_delta at p99+ and auid_euid_mismatch set -- a real identity inconsistency and privilege transition."", ""Mechanism: exec_count is elevated with euid_root/uid_is_root set but auid_euid_mismatch absent -- a classic setuid-shell escalation."", ""Behavioural anomaly: very short lifetime (p99+) and high throughput argue for a malicious process."", ""Benign-explanation test: the absence of shell_from_service and low failed_call_rate argue against a routine admin script, cron job, or health-check."", ""Decide: the escalation mechanism and high throughput outweigh XGBoost's malicious call; this supports the CNN.""]","[""max_uid_euid_delta"", ""auid_euid_mismatch"", ""exec_count"", ""euid_root"", ""uid_is_root""]","{
  ""verdict"": ""MALICIOUS"",
  ""confidence"": 0.93,
  ""rationale_steps"": [
    ""Privilege state: root context with max_uid_euid_delta at p99+ and auid_euid_mismatch set -- a real identity inconsistency and privilege transition."",
    ""Mechanism: exec_count is elevated with euid_root/uid_is_root set but auid_euid_mismatch absent -- a classic setuid-shell escalation."",
    ""Behavioural anomaly: very short lifetime (p99+) and high throughput argue for a malicious process."",
    ""Benign-explanation test: the absence of shell_from_service and low failed_call_rate argue against a routine admin script, cron job, or health-check."",
    ""Decide: the escalation mechanism and high throughput outweigh XGBoost's malicious call; this supports the CNN.""
  ],
  ""key_features"": [""max_uid_euid_delta"", ""auid_euid_mismatch"", ""exec_count"", ""euid_root"", ""uid_is_root""],
  ""agrees_with"": ""cnn""
}"
85628,3,1,T1548,1,0,0.999918818473816,0.8624513745307922,xgb_malicious_cnn_benign,MALICIOUS,1,0.93,cnn,ok,"[""Privilege state: root context with max_uid_euid_delta at p99+ and auid_euid_mismatch set -- a real identity inconsistency and privilege transition."", ""Mechanism: exec_count is elevated with euid_root/uid_is_root set but auid_euid_mismatch absent -- a classic setuid-shell escalation."", ""Behavioural anomaly: very short lifetime (p99+) and high throughput argue for a malicious process."", ""Benign-explanation test: the absence of shell_from_service and low failed_call_rate argue against a routine admin script, cron job, or health-check."", ""Decide: the escalation mechanism and high throughput outweigh XGBoost's malicious call; this supports the CNN.""]","[""max_uid_euid_delta"", ""auid_euid_mismatch"", ""exec_count"", ""euid_root"", ""uid_is_root""]","{
  ""verdict"": ""MALICIOUS"",
  ""confidence"": 0.93,
  ""rationale_steps"": [
    ""Privilege state: root context with max_uid_euid_delta at p99+ and auid_euid_mismatch set -- a real identity inconsistency and privilege transition."",
    ""Mechanism: exec_count is elevated with euid_root/uid_is_root set but auid_euid_mismatch absent -- a classic setuid-shell escalation."",
    ""Behavioural anomaly: very short lifetime (p99+) and high throughput argue for a malicious process."",
    ""Benign-explanation test: the absence of shell_from_service and low failed_call_rate argue against a routine admin script, cron job, or health-check."",
    ""Decide: the escalation mechanism and high throughput outweigh XGBoost's malicious call; this supports the CNN.""
  ],
  ""key_features"": [""max_uid_euid_delta"", ""auid_euid_mismatch"", ""exec_count"", ""euid_root"", ""uid_is_root""],
  ""agrees_with"": ""cnn""
}"
85634,3,1,T1548,1,0,0.999918818473816,0.8624513745307922,xgb_malicious_cnn_benign,MALICIOUS,1,0.93,cnn,ok,"[""Privilege state: root context with max_uid_euid_delta at p99+ and auid_euid_mismatch set -- a real identity inconsistency and privilege transition."", ""Mechanism: exec_count is elevated with euid_root/uid_is_root set but auid_euid_mismatch absent -- a classic setuid-shell escalation."", ""Behavioural anomaly: very short lifetime (p99+) and high throughput argue for a malicious process."", ""Benign-explanation test: the absence of shell_from_service and low failed_call_rate argue against a routine admin script, cron job, or health-check."", ""Decide: the escalation mechanism and high throughput outweigh XGBoost's malicious call; this supports the CNN.""]","[""max_uid_euid_delta"", ""auid_euid_mismatch"", ""exec_count"", ""euid_root"", ""uid_is_root""]","{
  ""verdict"": ""MALICIOUS"",
  ""confidence"": 0.93,
  ""rationale_steps"": [
    ""Privilege state: root context with max_uid_euid_delta at p99+ and auid_euid_mismatch set -- a real identity inconsistency and privilege transition."",
    ""Mechanism: exec_count is elevated with euid_root/uid_is_root set but auid_euid_mismatch absent -- a classic setuid-shell escalation."",
    ""Behavioural anomaly: very short lifetime (p99+) and high throughput argue for a malicious process."",
    ""Benign-explanation test: the absence of shell_from_service and low failed_call_rate argue against a routine admin script, cron job, or health-check."",
    ""Decide: the escalation mechanism and high throughput outweigh XGBoost's malicious call; this supports the CNN.""
  ],
  ""key_features"": [""max_uid_euid_delta"", ""auid_euid_mismatch"", ""exec_count"", ""euid_root"", ""uid_is_root""],
  ""agrees_with"": ""cnn""
}"
85645,3,1,T1548,1,0,0.999918818473816,0.8624513745307922,xgb_malicious_cnn_benign,MALICIOUS,1,0.93,cnn,ok,"[""Privilege state: root context with max_uid_euid_delta at p99+ and auid_euid_mismatch set -- a real identity inconsistency and privilege transition."", ""Mechanism: exec_count is elevated with euid_root/uid_is_root set but auid_euid_mismatch absent -- a classic setuid-shell escalation."", ""Behavioural anomaly: very short lifetime (p99+) and high throughput argue for a malicious process."", ""Benign-explanation test: the absence of shell_from_service and low failed_call_rate argue against a routine admin script, cron job, or health-check."", ""Decide: the escalation mechanism and high throughput outweigh XGBoost's malicious call; this supports the CNN.""]","[""max_uid_euid_delta"", ""auid_euid_mismatch"", ""exec_count"", ""euid_root"", ""uid_is_root""]","{
  ""verdict"": ""MALICIOUS"",
  ""confidence"": 0.93,
  ""rationale_steps"": [
    ""Privilege state: root context with max_uid_euid_delta at p99+ and auid_euid_mismatch set -- a real identity inconsistency and privilege transition."",
    ""Mechanism: exec_count is elevated with euid_root/uid_is_root set but auid_euid_mismatch absent -- a classic setuid-shell escalation."",
    ""Behavioural anomaly: very short lifetime (p99+) and high throughput argue for a malicious process."",
    ""Benign-explanation test: the absence of shell_from_service and low failed_call_rate argue against a routine admin script, cron job, or health-check."",
    ""Decide: the escalation mechanism and high throughput outweigh XGBoost's malicious call; this supports the CNN.""
  ],
  ""key_features"": [""max_uid_euid_delta"", ""auid_euid_mismatch"", ""exec_count"", ""euid_root"", ""uid_is_root""],
  ""agrees_with"": ""cnn""
}"
85657,3,1,T1548,1,0,0.999918818473816,0.8624513745307922,xgb_malicious_cnn_benign,MALICIOUS,1,0.93,cnn,ok,"[""Privilege state: root context with max_uid_euid_delta at p99+ and auid_euid_mismatch set -- a real identity inconsistency and privilege transition."", ""Mechanism: exec_count is elevated with euid_root/uid_is_root set but auid_euid_mismatch absent -- a classic setuid-shell escalation."", ""Behavioural anomaly: very short lifetime (p99+) and high throughput argue for a malicious process."", ""Benign-explanation test: the absence of shell_from_service and low failed_call_rate argue against a routine admin script, cron job, or health-check."", ""Decide: the escalation mechanism and high throughput outweigh XGBoost's malicious call; this supports the CNN.""]","[""max_uid_euid_delta"", ""auid_euid_mismatch"", ""exec_count"", ""euid_root"", ""uid_is_root""]","{
  ""verdict"": ""MALICIOUS"",
  ""confidence"": 0.93,
  ""rationale_steps"": [
    ""Privilege state: root context with max_uid_euid_delta at p99+ and auid_euid_mismatch set -- a real identity inconsistency and privilege transition."",
    ""Mechanism: exec_count is elevated with euid_root/uid_is_root set but auid_euid_mismatch absent -- a classic setuid-shell escalation."",
    ""Behavioural anomaly: very short lifetime (p99+) and high throughput argue for a malicious process."",
    ""Benign-explanation test: the absence of shell_from_service and low failed_call_rate argue against a routine admin script, cron job, or health-check."",
    ""Decide: the escalation mechanism and high throughput outweigh XGBoost's malicious call; this supports the CNN.""
  ],
  ""key_features"": [""max_uid_euid_delta"", ""auid_euid_mismatch"", ""exec_count"", ""euid_root"", ""uid_is_root""],
  ""agrees_with"": ""cnn""
}"
85664,3,1,T1548,1,0,0.999918818473816,0.8624513745307922,xgb_malicious_cnn_benign,MALICIOUS,1,0.93,cnn,ok,"[""Privilege state: root context with max_uid_euid_delta at p99+ and auid_euid_mismatch set -- a real identity inconsistency and privilege transition."", ""Mechanism: exec_count is elevated with euid_root/uid_is_root set but auid_euid_mismatch absent -- a classic setuid-shell escalation."", ""Behavioural anomaly: very short lifetime (p99+) and high throughput argue for a malicious process."", ""Benign-explanation test: the absence of shell_from_service and low failed_call_rate argue against a routine admin script, cron job, or health-check."", ""Decide: the escalation mechanism and high throughput outweigh XGBoost's malicious call; this supports the CNN.""]","[""max_uid_euid_delta"", ""auid_euid_mismatch"", ""exec_count"", ""euid_root"", ""uid_is_root""]","{
  ""verdict"": ""MALICIOUS"",
  ""confidence"": 0.93,
  ""rationale_steps"": [
    ""Privilege state: root context with max_uid_euid_delta at p99+ and auid_euid_mismatch set -- a real identity inconsistency and privilege transition."",
    ""Mechanism: exec_count is elevated with euid_root/uid_is_root set but auid_euid_mismatch absent -- a classic setuid-shell escalation."",
    ""Behavioural anomaly: very short lifetime (p99+) and high throughput argue for a malicious process."",
    ""Benign-explanation test: the absence of shell_from_service and low failed_call_rate argue against a routine admin script, cron job, or health-check."",
    ""Decide: the escalation mechanism and high throughput outweigh XGBoost's malicious call; this supports the CNN.""
  ],
  ""key_features"": [""max_uid_euid_delta"", ""auid_euid_mismatch"", ""exec_count"", ""euid_root"", ""uid_is_root""],
  ""agrees_with"": ""cnn""
}"
85666,3,1,T1548,1,0,0.999918818473816,0.8624513745307922,xgb_malicious_cnn_benign,MALICIOUS,1,0.93,cnn,ok,"[""Privilege state: root context with max_uid_euid_delta at p99+ and auid_euid_mismatch set -- a real identity inconsistency and privilege transition."", ""Mechanism: exec_count is elevated with euid_root/uid_is_root set but auid_euid_mismatch absent -- a classic setuid-shell escalation."", ""Behavioural anomaly: very short lifetime (p99+) and high throughput argue for a malicious process."", ""Benign-explanation test: the absence of shell_from_service and low failed_call_rate argue against a routine admin script, cron job, or health-check."", ""Decide: the escalation mechanism and high throughput outweigh XGBoost's malicious call; this supports the CNN.""]","[""max_uid_euid_delta"", ""auid_euid_mismatch"", ""exec_count"", ""euid_root"", ""uid_is_root""]","{
  ""verdict"": ""MALICIOUS"",
  ""confidence"": 0.93,
  ""rationale_steps"": [
    ""Privilege state: root context with max_uid_euid_delta at p99+ and auid_euid_mismatch set -- a real identity inconsistency and privilege transition."",
    ""Mechanism: exec_count is elevated with euid_root/uid_is_root set but auid_euid_mismatch absent -- a classic setuid-shell escalation."",
    ""Behavioural anomaly: very short lifetime (p99+) and high throughput argue for a malicious process."",
    ""Benign-explanation test: the absence of shell_from_service and low failed_call_rate argue against a routine admin script, cron job, or health-check."",
    ""Decide: the escalation mechanism and high throughput outweigh XGBoost's malicious call; this supports the CNN.""
  ],
  ""key_features"": [""max_uid_euid_delta"", ""auid_euid_mismatch"", ""exec_count"", ""euid_root"", ""uid_is_root""],
  ""agrees_with"": ""cnn""
}"
85675,3,1,T1548,1,0,0.999918818473816,0.8624513745307922,xgb_malicious_cnn_benign,MALICIOUS,1,0.93,cnn,ok,"[""Privilege state: root context with max_uid_euid_delta at p99+ and auid_euid_mismatch set -- a real identity inconsistency and privilege transition."", ""Mechanism: exec_count is elevated with euid_root/uid_is_root set but auid_euid_mismatch absent -- a classic setuid-shell escalation."", ""Behavioural anomaly: very short lifetime (p99+) and high throughput argue for a malicious process."", ""Benign-explanation test: the absence of shell_from_service and low failed_call_rate argue against a routine admin script, cron job, or health-check."", ""Decide: the escalation mechanism and high throughput outweigh XGBoost's malicious call; this supports the CNN.""]","[""max_uid_euid_delta"", ""auid_euid_mismatch"", ""exec_count"", ""euid_root"", ""uid_is_root""]","{
  ""verdict"": ""MALICIOUS"",
  ""confidence"": 0.93,
  ""rationale_steps"": [
    ""Privilege state: root context with max_uid_euid_delta at p99+ and auid_euid_mismatch set -- a real identity inconsistency and privilege transition."",
    ""Mechanism: exec_count is elevated with euid_root/uid_is_root set but auid_euid_mismatch absent -- a classic setuid-shell escalation."",
    ""Behavioural anomaly: very short lifetime (p99+) and high throughput argue for a malicious process."",
    ""Benign-explanation test: the absence of shell_from_service and low failed_call_rate argue against a routine admin script, cron job, or health-check."",
    ""Decide: the escalation mechanism and high throughput outweigh XGBoost's malicious call; this supports the CNN.""
  ],
  ""key_features"": [""max_uid_euid_delta"", ""auid_euid_mismatch"", ""exec_count"", ""euid_root"", ""uid_is_root""],
  ""agrees_with"": ""cnn""
}"
85693,3,1,T1548,1,0,0.999918818473816,0.8624513745307922,xgb_malicious_cnn_benign,MALICIOUS,1,0.93,cnn,ok,"[""Privilege state: root context with max_uid_euid_delta at p99+ and auid_euid_mismatch set -- a real identity inconsistency and privilege transition."", ""Mechanism: exec_count is elevated with euid_root/uid_is_root set but auid_euid_mismatch absent -- a classic setuid-shell escalation."", ""Behavioural anomaly: very short lifetime (p99+) and high throughput argue for a malicious process."", ""Benign-explanation test: the absence of shell_from_service and low failed_call_rate argue against a routine admin script, cron job, or health-check."", ""Decide: the escalation mechanism and high throughput outweigh XGBoost's malicious call; this supports the CNN.""]","[""max_uid_euid_delta"", ""auid_euid_mismatch"", ""exec_count"", ""euid_root"", ""uid_is_root""]","{
  ""verdict"": ""MALICIOUS"",
  ""confidence"": 0.93,
  ""rationale_steps"": [
    ""Privilege state: root context with max_uid_euid_delta at p99+ and auid_euid_mismatch set -- a real identity inconsistency and privilege transition."",
    ""Mechanism: exec_count is elevated with euid_root/uid_is_root set but auid_euid_mismatch absent -- a classic setuid-shell escalation."",
    ""Behavioural anomaly: very short lifetime (p99+) and high throughput argue for a malicious process."",
    ""Benign-explanation test: the absence of shell_from_service and low failed_call_rate argue against a routine admin script, cron job, or health-check."",
    ""Decide: the escalation mechanism and high throughput outweigh XGBoost's malicious call; this supports the CNN.""
  ],
  ""key_features"": [""max_uid_euid_delta"", ""auid_euid_mismatch"", ""exec_count"", ""euid_root"", ""uid_is_root""],
  ""agrees_with"": ""cnn""
}"
85702,3,1,T1548,1,0,0.999918818473816,0.8624513745307922,xgb_malicious_cnn_benign,MALICIOUS,1,0.93,cnn,ok,"[""Privilege state: root context with max_uid_euid_delta at p99+ and auid_euid_mismatch set -- a real identity inconsistency and privilege transition."", ""Mechanism: exec_count is elevated with euid_root/uid_is_root set but auid_euid_mismatch absent -- a classic setuid-shell escalation."", ""Behavioural anomaly: very short lifetime (p99+) and high throughput argue for a malicious process."", ""Benign-explanation test: the absence of shell_from_service and low failed_call_rate argue against a routine admin script, cron job, or health-check."", ""Decide: the escalation mechanism and high throughput outweigh XGBoost's malicious call; this supports the CNN.""]","[""max_uid_euid_delta"", ""auid_euid_mismatch"", ""exec_count"", ""euid_root"", ""uid_is_root""]","{
  ""verdict"": ""MALICIOUS"",
  ""confidence"": 0.93,
  ""rationale_steps"": [
    ""Privilege state: root context with max_uid_euid_delta at p99+ and auid_euid_mismatch set -- a real identity inconsistency and privilege transition."",
    ""Mechanism: exec_count is elevated with euid_root/uid_is_root set but auid_euid_mismatch absent -- a classic setuid-shell escalation."",
    ""Behavioural anomaly: very short lifetime (p99+) and high throughput argue for a malicious process."",
    ""Benign-explanation test: the absence of shell_from_service and low failed_call_rate argue against a routine admin script, cron job, or health-check."",
    ""Decide: the escalation mechanism and high throughput outweigh XGBoost's malicious call; this supports the CNN.""
  ],
  ""key_features"": [""max_uid_euid_delta"", ""auid_euid_mismatch"", ""exec_count"", ""euid_root"", ""uid_is_root""],
  ""agrees_with"": ""cnn""
}"
85741,3,1,T1548,1,0,0.999918818473816,0.8624513745307922,xgb_malicious_cnn_benign,MALICIOUS,1,0.93,cnn,ok,"[""Privilege state: root context with max_uid_euid_delta at p99+ and auid_euid_mismatch set -- a real identity inconsistency and privilege transition."", ""Mechanism: exec_count is elevated with euid_root/uid_is_root set but auid_euid_mismatch absent -- a classic setuid-shell escalation."", ""Behavioural anomaly: very short lifetime (p99+) and high throughput argue for a malicious process."", ""Benign-explanation test: the absence of shell_from_service and low failed_call_rate argue against a routine admin script, cron job, or health-check."", ""Decide: the escalation mechanism and high throughput outweigh XGBoost's malicious call; this supports the CNN.""]","[""max_uid_euid_delta"", ""auid_euid_mismatch"", ""exec_count"", ""euid_root"", ""uid_is_root""]","{
  ""verdict"": ""MALICIOUS"",
  ""confidence"": 0.93,
  ""rationale_steps"": [
    ""Privilege state: root context with max_uid_euid_delta at p99+ and auid_euid_mismatch set -- a real identity inconsistency and privilege transition."",
    ""Mechanism: exec_count is elevated with euid_root/uid_is_root set but auid_euid_mismatch absent -- a classic setuid-shell escalation."",
    ""Behavioural anomaly: very short lifetime (p99+) and high throughput argue for a malicious process."",
    ""Benign-explanation test: the absence of shell_from_service and low failed_call_rate argue against a routine admin script, cron job, or health-check."",
    ""Decide: the escalation mechanism and high throughput outweigh XGBoost's malicious call; this supports the CNN.""
  ],
  ""key_features"": [""max_uid_euid_delta"", ""auid_euid_mismatch"", ""exec_count"", ""euid_root"", ""uid_is_root""],
  ""agrees_with"": ""cnn""
}"
85744,3,1,T1548,1,0,0.999918818473816,0.8624513745307922,xgb_malicious_cnn_benign,MALICIOUS,1,0.93,cnn,ok,"[""Privilege state: root context with max_uid_euid_delta at p99+ and auid_euid_mismatch set -- a real identity inconsistency and privilege transition."", ""Mechanism: exec_count is elevated with euid_root/uid_is_root set but auid_euid_mismatch absent -- a classic setuid-shell escalation."", ""Behavioural anomaly: very short lifetime (p99+) and high throughput argue for a malicious process."", ""Benign-explanation test: the absence of shell_from_service and low failed_call_rate argue against a routine admin script, cron job, or health-check."", ""Decide: the escalation mechanism and high throughput outweigh XGBoost's malicious call; this supports the CNN.""]","[""max_uid_euid_delta"", ""auid_euid_mismatch"", ""exec_count"", ""euid_root"", ""uid_is_root""]","{
  ""verdict"": ""MALICIOUS"",
  ""confidence"": 0.93,
  ""rationale_steps"": [
    ""Privilege state: root context with max_uid_euid_delta at p99+ and auid_euid_mismatch set -- a real identity inconsistency and privilege transition."",
    ""Mechanism: exec_count is elevated with euid_root/uid_is_root set but auid_euid_mismatch absent -- a classic setuid-shell escalation."",
    ""Behavioural anomaly: very short lifetime (p99+) and high throughput argue for a malicious process."",
    ""Benign-explanation test: the absence of shell_from_service and low failed_call_rate argue against a routine admin script, cron job, or health-check."",
    ""Decide: the escalation mechanism and high throughput outweigh XGBoost's malicious call; this supports the CNN.""
  ],
  ""key_features"": [""max_uid_euid_delta"", ""auid_euid_mismatch"", ""exec_count"", ""euid_root"", ""uid_is_root""],
  ""agrees_with"": ""cnn""
}"
85760,3,1,T1548,1,0,0.999918818473816,0.8624513745307922,xgb_malicious_cnn_benign,MALICIOUS,1,0.93,cnn,ok,"[""Privilege state: root context with max_uid_euid_delta at p99+ and auid_euid_mismatch set -- a real identity inconsistency and privilege transition."", ""Mechanism: exec_count is elevated with euid_root/uid_is_root set but auid_euid_mismatch absent -- a classic setuid-shell escalation."", ""Behavioural anomaly: very short lifetime (p99+) and high throughput argue for a malicious process."", ""Benign-explanation test: the absence of shell_from_service and low failed_call_rate argue against a routine admin script, cron job, or health-check."", ""Decide: the escalation mechanism and high throughput outweigh XGBoost's malicious call; this supports the CNN.""]","[""max_uid_euid_delta"", ""auid_euid_mismatch"", ""exec_count"", ""euid_root"", ""uid_is_root""]","{
  ""verdict"": ""MALICIOUS"",
  ""confidence"": 0.93,
  ""rationale_steps"": [
    ""Privilege state: root context with max_uid_euid_delta at p99+ and auid_euid_mismatch set -- a real identity inconsistency and privilege transition."",
    ""Mechanism: exec_count is elevated with euid_root/uid_is_root set but auid_euid_mismatch absent -- a classic setuid-shell escalation."",
    ""Behavioural anomaly: very short lifetime (p99+) and high throughput argue for a malicious process."",
    ""Benign-explanation test: the absence of shell_from_service and low failed_call_rate argue against a routine admin script, cron job, or health-check."",
    ""Decide: the escalation mechanism and high throughput outweigh XGBoost's malicious call; this supports the CNN.""
  ],
  ""key_features"": [""max_uid_euid_delta"", ""auid_euid_mismatch"", ""exec_count"", ""euid_root"", ""uid_is_root""],
  ""agrees_with"": ""cnn""
}"
85778,3,1,T1548,1,0,0.999918818473816,0.8624513745307922,xgb_malicious_cnn_benign,MALICIOUS,1,0.93,cnn,ok,"[""Privilege state: root context with max_uid_euid_delta at p99+ and auid_euid_mismatch set -- a real identity inconsistency and privilege transition."", ""Mechanism: exec_count is elevated with euid_root/uid_is_root set but auid_euid_mismatch absent -- a classic setuid-shell escalation."", ""Behavioural anomaly: very short lifetime (p99+) and high throughput argue for a malicious process."", ""Benign-explanation test: the absence of shell_from_service and low failed_call_rate argue against a routine admin script, cron job, or health-check."", ""Decide: the escalation mechanism and high throughput outweigh XGBoost's malicious call; this supports the CNN.""]","[""max_uid_euid_delta"", ""auid_euid_mismatch"", ""exec_count"", ""euid_root"", ""uid_is_root""]","{
  ""verdict"": ""MALICIOUS"",
  ""confidence"": 0.93,
  ""rationale_steps"": [
    ""Privilege state: root context with max_uid_euid_delta at p99+ and auid_euid_mismatch set -- a real identity inconsistency and privilege transition."",
    ""Mechanism: exec_count is elevated with euid_root/uid_is_root set but auid_euid_mismatch absent -- a classic setuid-shell escalation."",
    ""Behavioural anomaly: very short lifetime (p99+) and high throughput argue for a malicious process."",
    ""Benign-explanation test: the absence of shell_from_service and low failed_call_rate argue against a routine admin script, cron job, or health-check."",
    ""Decide: the escalation mechanism and high throughput outweigh XGBoost's malicious call; this supports the CNN.""
  ],
  ""key_features"": [""max_uid_euid_delta"", ""auid_euid_mismatch"", ""exec_count"", ""euid_root"", ""uid_is_root""],
  ""agrees_with"": ""cnn""
}"
85787,3,1,T1548,1,0,0.999918818473816,0.8624513745307922,xgb_malicious_cnn_benign,MALICIOUS,1,0.93,cnn,ok,"[""Privilege state: root context with max_uid_euid_delta at p99+ and auid_euid_mismatch set -- a real identity inconsistency and privilege transition."", ""Mechanism: exec_count is elevated with euid_root/uid_is_root set but auid_euid_mismatch absent -- a classic setuid-shell escalation."", ""Behavioural anomaly: very short lifetime (p99+) and high throughput argue for a malicious process."", ""Benign-explanation test: the absence of shell_from_service and low failed_call_rate argue against a routine admin script, cron job, or health-check."", ""Decide: the escalation mechanism and high throughput outweigh XGBoost's malicious call; this supports the CNN.""]","[""max_uid_euid_delta"", ""auid_euid_mismatch"", ""exec_count"", ""euid_root"", ""uid_is_root""]","{
  ""verdict"": ""MALICIOUS"",
  ""confidence"": 0.93,
  ""rationale_steps"": [
    ""Privilege state: root context with max_uid_euid_delta at p99+ and auid_euid_mismatch set -- a real identity inconsistency and privilege transition."",
    ""Mechanism: exec_count is elevated with euid_root/uid_is_root set but auid_euid_mismatch absent -- a classic setuid-shell escalation."",
    ""Behavioural anomaly: very short lifetime (p99+) and high throughput argue for a malicious process."",
    ""Benign-explanation test: the absence of shell_from_service and low failed_call_rate argue against a routine admin script, cron job, or health-check."",
    ""Decide: the escalation mechanism and high throughput outweigh XGBoost's malicious call; this supports the CNN.""
  ],
  ""key_features"": [""max_uid_euid_delta"", ""auid_euid_mismatch"", ""exec_count"", ""euid_root"", ""uid_is_root""],
  ""agrees_with"": ""cnn""
}"
85805,3,1,T1548,1,0,0.999918818473816,0.8624513745307922,xgb_malicious_cnn_benign,MALICIOUS,1,0.93,cnn,ok,"[""Privilege state: root context with max_uid_euid_delta at p99+ and auid_euid_mismatch set -- a real identity inconsistency and privilege transition."", ""Mechanism: exec_count is elevated with euid_root/uid_is_root set but auid_euid_mismatch absent -- a classic setuid-shell escalation."", ""Behavioural anomaly: very short lifetime (p99+) and high throughput argue for a malicious process."", ""Benign-explanation test: the absence of shell_from_service and low failed_call_rate argue against a routine admin script, cron job, or health-check."", ""Decide: the escalation mechanism and high throughput outweigh XGBoost's malicious call; this supports the CNN.""]","[""max_uid_euid_delta"", ""auid_euid_mismatch"", ""exec_count"", ""euid_root"", ""uid_is_root""]","{
  ""verdict"": ""MALICIOUS"",
  ""confidence"": 0.93,
  ""rationale_steps"": [
    ""Privilege state: root context with max_uid_euid_delta at p99+ and auid_euid_mismatch set -- a real identity inconsistency and privilege transition."",
    ""Mechanism: exec_count is elevated with euid_root/uid_is_root set but auid_euid_mismatch absent -- a classic setuid-shell escalation."",
    ""Behavioural anomaly: very short lifetime (p99+) and high throughput argue for a malicious process."",
    ""Benign-explanation test: the absence of shell_from_service and low failed_call_rate argue against a routine admin script, cron job, or health-check."",
    ""Decide: the escalation mechanism and high throughput outweigh XGBoost's malicious call; this supports the CNN.""
  ],
  ""key_features"": [""max_uid_euid_delta"", ""auid_euid_mismatch"", ""exec_count"", ""euid_root"", ""uid_is_root""],
  ""agrees_with"": ""cnn""
}"
85810,3,1,T1548,1,0,0.999918818473816,0.8624513745307922,xgb_malicious_cnn_benign,MALICIOUS,1,0.93,cnn,ok,"[""Privilege state: root context with max_uid_euid_delta at p99+ and auid_euid_mismatch set -- a real identity inconsistency and privilege transition."", ""Mechanism: exec_count is elevated with euid_root/uid_is_root set but auid_euid_mismatch absent -- a classic setuid-shell escalation."", ""Behavioural anomaly: very short lifetime (p99+) and high throughput argue for a malicious process."", ""Benign-explanation test: the absence of shell_from_service and low failed_call_rate argue against a routine admin script, cron job, or health-check."", ""Decide: the escalation mechanism and high throughput outweigh XGBoost's malicious call; this supports the CNN.""]","[""max_uid_euid_delta"", ""auid_euid_mismatch"", ""exec_count"", ""euid_root"", ""uid_is_root""]","{
  ""verdict"": ""MALICIOUS"",
  ""confidence"": 0.93,
  ""rationale_steps"": [
    ""Privilege state: root context with max_uid_euid_delta at p99+ and auid_euid_mismatch set -- a real identity inconsistency and privilege transition."",
    ""Mechanism: exec_count is elevated with euid_root/uid_is_root set but auid_euid_mismatch absent -- a classic setuid-shell escalation."",
    ""Behavioural anomaly: very short lifetime (p99+) and high throughput argue for a malicious process."",
    ""Benign-explanation test: the absence of shell_from_service and low failed_call_rate argue against a routine admin script, cron job, or health-check."",
    ""Decide: the escalation mechanism and high throughput outweigh XGBoost's malicious call; this supports the CNN.""
  ],
  ""key_features"": [""max_uid_euid_delta"", ""auid_euid_mismatch"", ""exec_count"", ""euid_root"", ""uid_is_root""],
  ""agrees_with"": ""cnn""
}"
85813,3,1,T1548,1,0,0.999918818473816,0.8624513745307922,xgb_malicious_cnn_benign,MALICIOUS,1,0.93,cnn,ok,"[""Privilege state: root context with max_uid_euid_delta at p99+ and auid_euid_mismatch set -- a real identity inconsistency and privilege transition."", ""Mechanism: exec_count is elevated with euid_root/uid_is_root set but auid_euid_mismatch absent -- a classic setuid-shell escalation."", ""Behavioural anomaly: very short lifetime (p99+) and high throughput argue for a malicious process."", ""Benign-explanation test: the absence of shell_from_service and low failed_call_rate argue against a routine admin script, cron job, or health-check."", ""Decide: the escalation mechanism and high throughput outweigh XGBoost's malicious call; this supports the CNN.""]","[""max_uid_euid_delta"", ""auid_euid_mismatch"", ""exec_count"", ""euid_root"", ""uid_is_root""]","{
  ""verdict"": ""MALICIOUS"",
  ""confidence"": 0.93,
  ""rationale_steps"": [
    ""Privilege state: root context with max_uid_euid_delta at p99+ and auid_euid_mismatch set -- a real identity inconsistency and privilege transition."",
    ""Mechanism: exec_count is elevated with euid_root/uid_is_root set but auid_euid_mismatch absent -- a classic setuid-shell escalation."",
    ""Behavioural anomaly: very short lifetime (p99+) and high throughput argue for a malicious process."",
    ""Benign-explanation test: the absence of shell_from_service and low failed_call_rate argue against a routine admin script, cron job, or health-check."",
    ""Decide: the escalation mechanism and high throughput outweigh XGBoost's malicious call; this supports the CNN.""
  ],
  ""key_features"": [""max_uid_euid_delta"", ""auid_euid_mismatch"", ""exec_count"", ""euid_root"", ""uid_is_root""],
  ""agrees_with"": ""cnn""
}"
85816,3,1,T1548,1,0,0.999918818473816,0.8624513745307922,xgb_malicious_cnn_benign,MALICIOUS,1,0.93,cnn,ok,"[""Privilege state: root context with max_uid_euid_delta at p99+ and auid_euid_mismatch set -- a real identity inconsistency and privilege transition."", ""Mechanism: exec_count is elevated with euid_root/uid_is_root set but auid_euid_mismatch absent -- a classic setuid-shell escalation."", ""Behavioural anomaly: very short lifetime (p99+) and high throughput argue for a malicious process."", ""Benign-explanation test: the absence of shell_from_service and low failed_call_rate argue against a routine admin script, cron job, or health-check."", ""Decide: the escalation mechanism and high throughput outweigh XGBoost's malicious call; this supports the CNN.""]","[""max_uid_euid_delta"", ""auid_euid_mismatch"", ""exec_count"", ""euid_root"", ""uid_is_root""]","{
  ""verdict"": ""MALICIOUS"",
  ""confidence"": 0.93,
  ""rationale_steps"": [
    ""Privilege state: root context with max_uid_euid_delta at p99+ and auid_euid_mismatch set -- a real identity inconsistency and privilege transition."",
    ""Mechanism: exec_count is elevated with euid_root/uid_is_root set but auid_euid_mismatch absent -- a classic setuid-shell escalation."",
    ""Behavioural anomaly: very short lifetime (p99+) and high throughput argue for a malicious process."",
    ""Benign-explanation test: the absence of shell_from_service and low failed_call_rate argue against a routine admin script, cron job, or health-check."",
    ""Decide: the escalation mechanism and high throughput outweigh XGBoost's malicious call; this supports the CNN.""
  ],
  ""key_features"": [""max_uid_euid_delta"", ""auid_euid_mismatch"", ""exec_count"", ""euid_root"", ""uid_is_root""],
  ""agrees_with"": ""cnn""
}"
85824,3,1,T1548,1,0,0.999918818473816,0.8624513745307922,xgb_malicious_cnn_benign,MALICIOUS,1,0.93,cnn,ok,"[""Privilege state: root context with max_uid_euid_delta at p99+ and auid_euid_mismatch set -- a real identity inconsistency and privilege transition."", ""Mechanism: exec_count is elevated with euid_root/uid_is_root set but auid_euid_mismatch absent -- a classic setuid-shell escalation."", ""Behavioural anomaly: very short lifetime (p99+) and high throughput argue for a malicious process."", ""Benign-explanation test: the absence of shell_from_service and low failed_call_rate argue against a routine admin script, cron job, or health-check."", ""Decide: the escalation mechanism and high throughput outweigh XGBoost's malicious call; this supports the CNN.""]","[""max_uid_euid_delta"", ""auid_euid_mismatch"", ""exec_count"", ""euid_root"", ""uid_is_root""]","{
  ""verdict"": ""MALICIOUS"",
  ""confidence"": 0.93,
  ""rationale_steps"": [
    ""Privilege state: root context with max_uid_euid_delta at p99+ and auid_euid_mismatch set -- a real identity inconsistency and privilege transition."",
    ""Mechanism: exec_count is elevated with euid_root/uid_is_root set but auid_euid_mismatch absent -- a classic setuid-shell escalation."",
    ""Behavioural anomaly: very short lifetime (p99+) and high throughput argue for a malicious process."",
    ""Benign-explanation test: the absence of shell_from_service and low failed_call_rate argue against a routine admin script, cron job, or health-check."",
    ""Decide: the escalation mechanism and high throughput outweigh XGBoost's malicious call; this supports the CNN.""
  ],
  ""key_features"": [""max_uid_euid_delta"", ""auid_euid_mismatch"", ""exec_count"", ""euid_root"", ""uid_is_root""],
  ""agrees_with"": ""cnn""
}"
85830,3,1,T1548,1,0,0.999918818473816,0.8624513745307922,xgb_malicious_cnn_benign,MALICIOUS,1,0.93,cnn,ok,"[""Privilege state: root context with max_uid_euid_delta at p99+ and auid_euid_mismatch set -- a real identity inconsistency and privilege transition."", ""Mechanism: exec_count is elevated with euid_root/uid_is_root set but auid_euid_mismatch absent -- a classic setuid-shell escalation."", ""Behavioural anomaly: very short lifetime (p99+) and high throughput argue for a malicious process."", ""Benign-explanation test: the absence of shell_from_service and low failed_call_rate argue against a routine admin script, cron job, or health-check."", ""Decide: the escalation mechanism and high throughput outweigh XGBoost's malicious call; this supports the CNN.""]","[""max_uid_euid_delta"", ""auid_euid_mismatch"", ""exec_count"", ""euid_root"", ""uid_is_root""]","{
  ""verdict"": ""MALICIOUS"",
  ""confidence"": 0.93,
  ""rationale_steps"": [
    ""Privilege state: root context with max_uid_euid_delta at p99+ and auid_euid_mismatch set -- a real identity inconsistency and privilege transition."",
    ""Mechanism: exec_count is elevated with euid_root/uid_is_root set but auid_euid_mismatch absent -- a classic setuid-shell escalation."",
    ""Behavioural anomaly: very short lifetime (p99+) and high throughput argue for a malicious process."",
    ""Benign-explanation test: the absence of shell_from_service and low failed_call_rate argue against a routine admin script, cron job, or health-check."",
    ""Decide: the escalation mechanism and high throughput outweigh XGBoost's malicious call; this supports the CNN.""
  ],
  ""key_features"": [""max_uid_euid_delta"", ""auid_euid_mismatch"", ""exec_count"", ""euid_root"", ""uid_is_root""],
  ""agrees_with"": ""cnn""
}"
85832,3,1,T1548,1,0,0.999918818473816,0.8624513745307922,xgb_malicious_cnn_benign,MALICIOUS,1,0.93,cnn,ok,"[""Privilege state: root context with max_uid_euid_delta at p99+ and auid_euid_mismatch set -- a real identity inconsistency and privilege transition."", ""Mechanism: exec_count is elevated with euid_root/uid_is_root set but auid_euid_mismatch absent -- a classic setuid-shell escalation."", ""Behavioural anomaly: very short lifetime (p99+) and high throughput argue for a malicious process."", ""Benign-explanation test: the absence of shell_from_service and low failed_call_rate argue against a routine admin script, cron job, or health-check."", ""Decide: the escalation mechanism and high throughput outweigh XGBoost's malicious call; this supports the CNN.""]","[""max_uid_euid_delta"", ""auid_euid_mismatch"", ""exec_count"", ""euid_root"", ""uid_is_root""]","{
  ""verdict"": ""MALICIOUS"",
  ""confidence"": 0.93,
  ""rationale_steps"": [
    ""Privilege state: root context with max_uid_euid_delta at p99+ and auid_euid_mismatch set -- a real identity inconsistency and privilege transition."",
    ""Mechanism: exec_count is elevated with euid_root/uid_is_root set but auid_euid_mismatch absent -- a classic setuid-shell escalation."",
    ""Behavioural anomaly: very short lifetime (p99+) and high throughput argue for a malicious process."",
    ""Benign-explanation test: the absence of shell_from_service and low failed_call_rate argue against a routine admin script, cron job, or health-check."",
    ""Decide: the escalation mechanism and high throughput outweigh XGBoost's malicious call; this supports the CNN.""
  ],
  ""key_features"": [""max_uid_euid_delta"", ""auid_euid_mismatch"", ""exec_count"", ""euid_root"", ""uid_is_root""],
  ""agrees_with"": ""cnn""
}"
85838,3,1,T1548,1,0,0.999918818473816,0.8624513745307922,xgb_malicious_cnn_benign,MALICIOUS,1,0.93,cnn,ok,"[""Privilege state: root context with max_uid_euid_delta at p99+ and auid_euid_mismatch set -- a real identity inconsistency and privilege transition."", ""Mechanism: exec_count is elevated with euid_root/uid_is_root set but auid_euid_mismatch absent -- a classic setuid-shell escalation."", ""Behavioural anomaly: very short lifetime (p99+) and high throughput argue for a malicious process."", ""Benign-explanation test: the absence of shell_from_service and low failed_call_rate argue against a routine admin script, cron job, or health-check."", ""Decide: the escalation mechanism and high throughput outweigh XGBoost's malicious call; this supports the CNN.""]","[""max_uid_euid_delta"", ""auid_euid_mismatch"", ""exec_count"", ""euid_root"", ""uid_is_root""]","{
  ""verdict"": ""MALICIOUS"",
  ""confidence"": 0.93,
  ""rationale_steps"": [
    ""Privilege state: root context with max_uid_euid_delta at p99+ and auid_euid_mismatch set -- a real identity inconsistency and privilege transition."",
    ""Mechanism: exec_count is elevated with euid_root/uid_is_root set but auid_euid_mismatch absent -- a classic setuid-shell escalation."",
    ""Behavioural anomaly: very short lifetime (p99+) and high throughput argue for a malicious process."",
    ""Benign-explanation test: the absence of shell_from_service and low failed_call_rate argue against a routine admin script, cron job, or health-check."",
    ""Decide: the escalation mechanism and high throughput outweigh XGBoost's malicious call; this supports the CNN.""
  ],
  ""key_features"": [""max_uid_euid_delta"", ""auid_euid_mismatch"", ""exec_count"", ""euid_root"", ""uid_is_root""],
  ""agrees_with"": ""cnn""
}"
85846,3,1,T1548,1,0,0.999918818473816,0.8624513745307922,xgb_malicious_cnn_benign,MALICIOUS,1,0.93,cnn,ok,"[""Privilege state: root context with max_uid_euid_delta at p99+ and auid_euid_mismatch set -- a real identity inconsistency and privilege transition."", ""Mechanism: exec_count is elevated with euid_root/uid_is_root set but auid_euid_mismatch absent -- a classic setuid-shell escalation."", ""Behavioural anomaly: very short lifetime (p99+) and high throughput argue for a malicious process."", ""Benign-explanation test: the absence of shell_from_service and low failed_call_rate argue against a routine admin script, cron job, or health-check."", ""Decide: the escalation mechanism and high throughput outweigh XGBoost's malicious call; this supports the CNN.""]","[""max_uid_euid_delta"", ""auid_euid_mismatch"", ""exec_count"", ""euid_root"", ""uid_is_root""]","{
  ""verdict"": ""MALICIOUS"",
  ""confidence"": 0.93,
  ""rationale_steps"": [
    ""Privilege state: root context with max_uid_euid_delta at p99+ and auid_euid_mismatch set -- a real identity inconsistency and privilege transition."",
    ""Mechanism: exec_count is elevated with euid_root/uid_is_root set but auid_euid_mismatch absent -- a classic setuid-shell escalation."",
    ""Behavioural anomaly: very short lifetime (p99+) and high throughput argue for a malicious process."",
    ""Benign-explanation test: the absence of shell_from_service and low failed_call_rate argue against a routine admin script, cron job, or health-check."",
    ""Decide: the escalation mechanism and high throughput outweigh XGBoost's malicious call; this supports the CNN.""
  ],
  ""key_features"": [""max_uid_euid_delta"", ""auid_euid_mismatch"", ""exec_count"", ""euid_root"", ""uid_is_root""],
  ""agrees_with"": ""cnn""
}"
85858,3,1,T1548,1,0,0.999918818473816,0.8624513745307922,xgb_malicious_cnn_benign,MALICIOUS,1,0.93,cnn,ok,"[""Privilege state: root context with max_uid_euid_delta at p99+ and auid_euid_mismatch set -- a real identity inconsistency and privilege transition."", ""Mechanism: exec_count is elevated with euid_root/uid_is_root set but auid_euid_mismatch absent -- a classic setuid-shell escalation."", ""Behavioural anomaly: very short lifetime (p99+) and high throughput argue for a malicious process."", ""Benign-explanation test: the absence of shell_from_service and low failed_call_rate argue against a routine admin script, cron job, or health-check."", ""Decide: the escalation mechanism and high throughput outweigh XGBoost's malicious call; this supports the CNN.""]","[""max_uid_euid_delta"", ""auid_euid_mismatch"", ""exec_count"", ""euid_root"", ""uid_is_root""]","{
  ""verdict"": ""MALICIOUS"",
  ""confidence"": 0.93,
  ""rationale_steps"": [
    ""Privilege state: root context with max_uid_euid_delta at p99+ and auid_euid_mismatch set -- a real identity inconsistency and privilege transition."",
    ""Mechanism: exec_count is elevated with euid_root/uid_is_root set but auid_euid_mismatch absent -- a classic setuid-shell escalation."",
    ""Behavioural anomaly: very short lifetime (p99+) and high throughput argue for a malicious process."",
    ""Benign-explanation test: the absence of shell_from_service and low failed_call_rate argue against a routine admin script, cron job, or health-check."",
    ""Decide: the escalation mechanism and high throughput outweigh XGBoost's malicious call; this supports the CNN.""
  ],
  ""key_features"": [""max_uid_euid_delta"", ""auid_euid_mismatch"", ""exec_count"", ""euid_root"", ""uid_is_root""],
  ""agrees_with"": ""cnn""
}"
85859,3,1,T1548,1,0,0.999918818473816,0.8624513745307922,xgb_malicious_cnn_benign,MALICIOUS,1,0.93,cnn,ok,"[""Privilege state: root context with max_uid_euid_delta at p99+ and auid_euid_mismatch set -- a real identity inconsistency and privilege transition."", ""Mechanism: exec_count is elevated with euid_root/uid_is_root set but auid_euid_mismatch absent -- a classic setuid-shell escalation."", ""Behavioural anomaly: very short lifetime (p99+) and high throughput argue for a malicious process."", ""Benign-explanation test: the absence of shell_from_service and low failed_call_rate argue against a routine admin script, cron job, or health-check."", ""Decide: the escalation mechanism and high throughput outweigh XGBoost's malicious call; this supports the CNN.""]","[""max_uid_euid_delta"", ""auid_euid_mismatch"", ""exec_count"", ""euid_root"", ""uid_is_root""]","{
  ""verdict"": ""MALICIOUS"",
  ""confidence"": 0.93,
  ""rationale_steps"": [
    ""Privilege state: root context with max_uid_euid_delta at p99+ and auid_euid_mismatch set -- a real identity inconsistency and privilege transition."",
    ""Mechanism: exec_count is elevated with euid_root/uid_is_root set but auid_euid_mismatch absent -- a classic setuid-shell escalation."",
    ""Behavioural anomaly: very short lifetime (p99+) and high throughput argue for a malicious process."",
    ""Benign-explanation test: the absence of shell_from_service and low failed_call_rate argue against a routine admin script, cron job, or health-check."",
    ""Decide: the escalation mechanism and high throughput outweigh XGBoost's malicious call; this supports the CNN.""
  ],
  ""key_features"": [""max_uid_euid_delta"", ""auid_euid_mismatch"", ""exec_count"", ""euid_root"", ""uid_is_root""],
  ""agrees_with"": ""cnn""
}"
85866,3,1,T1548,1,0,0.999918818473816,0.8624513745307922,xgb_malicious_cnn_benign,MALICIOUS,1,0.93,cnn,ok,"[""Privilege state: root context with max_uid_euid_delta at p99+ and auid_euid_mismatch set -- a real identity inconsistency and privilege transition."", ""Mechanism: exec_count is elevated with euid_root/uid_is_root set but auid_euid_mismatch absent -- a classic setuid-shell escalation."", ""Behavioural anomaly: very short lifetime (p99+) and high throughput argue for a malicious process."", ""Benign-explanation test: the absence of shell_from_service and low failed_call_rate argue against a routine admin script, cron job, or health-check."", ""Decide: the escalation mechanism and high throughput outweigh XGBoost's malicious call; this supports the CNN.""]","[""max_uid_euid_delta"", ""auid_euid_mismatch"", ""exec_count"", ""euid_root"", ""uid_is_root""]","{
  ""verdict"": ""MALICIOUS"",
  ""confidence"": 0.93,
  ""rationale_steps"": [
    ""Privilege state: root context with max_uid_euid_delta at p99+ and auid_euid_mismatch set -- a real identity inconsistency and privilege transition."",
    ""Mechanism: exec_count is elevated with euid_root/uid_is_root set but auid_euid_mismatch absent -- a classic setuid-shell escalation."",
    ""Behavioural anomaly: very short lifetime (p99+) and high throughput argue for a malicious process."",
    ""Benign-explanation test: the absence of shell_from_service and low failed_call_rate argue against a routine admin script, cron job, or health-check."",
    ""Decide: the escalation mechanism and high throughput outweigh XGBoost's malicious call; this supports the CNN.""
  ],
  ""key_features"": [""max_uid_euid_delta"", ""auid_euid_mismatch"", ""exec_count"", ""euid_root"", ""uid_is_root""],
  ""agrees_with"": ""cnn""
}"
85890,3,1,T1548,1,0,0.999918818473816,0.8624513745307922,xgb_malicious_cnn_benign,MALICIOUS,1,0.93,cnn,ok,"[""Privilege state: root context with max_uid_euid_delta at p99+ and auid_euid_mismatch set -- a real identity inconsistency and privilege transition."", ""Mechanism: exec_count is elevated with euid_root/uid_is_root set but auid_euid_mismatch absent -- a classic setuid-shell escalation."", ""Behavioural anomaly: very short lifetime (p99+) and high throughput argue for a malicious process."", ""Benign-explanation test: the absence of shell_from_service and low failed_call_rate argue against a routine admin script, cron job, or health-check."", ""Decide: the escalation mechanism and high throughput outweigh XGBoost's malicious call; this supports the CNN.""]","[""max_uid_euid_delta"", ""auid_euid_mismatch"", ""exec_count"", ""euid_root"", ""uid_is_root""]","{
  ""verdict"": ""MALICIOUS"",
  ""confidence"": 0.93,
  ""rationale_steps"": [
    ""Privilege state: root context with max_uid_euid_delta at p99+ and auid_euid_mismatch set -- a real identity inconsistency and privilege transition."",
    ""Mechanism: exec_count is elevated with euid_root/uid_is_root set but auid_euid_mismatch absent -- a classic setuid-shell escalation."",
    ""Behavioural anomaly: very short lifetime (p99+) and high throughput argue for a malicious process."",
    ""Benign-explanation test: the absence of shell_from_service and low failed_call_rate argue against a routine admin script, cron job, or health-check."",
    ""Decide: the escalation mechanism and high throughput outweigh XGBoost's malicious call; this supports the CNN.""
  ],
  ""key_features"": [""max_uid_euid_delta"", ""auid_euid_mismatch"", ""exec_count"", ""euid_root"", ""uid_is_root""],
  ""agrees_with"": ""cnn""
}"
85901,3,1,T1548,1,0,0.999918818473816,0.8624513745307922,xgb_malicious_cnn_benign,MALICIOUS,1,0.93,cnn,ok,"[""Privilege state: root context with max_uid_euid_delta at p99+ and auid_euid_mismatch set -- a real identity inconsistency and privilege transition."", ""Mechanism: exec_count is elevated with euid_root/uid_is_root set but auid_euid_mismatch absent -- a classic setuid-shell escalation."", ""Behavioural anomaly: very short lifetime (p99+) and high throughput argue for a malicious process."", ""Benign-explanation test: the absence of shell_from_service and low failed_call_rate argue against a routine admin script, cron job, or health-check."", ""Decide: the escalation mechanism and high throughput outweigh XGBoost's malicious call; this supports the CNN.""]","[""max_uid_euid_delta"", ""auid_euid_mismatch"", ""exec_count"", ""euid_root"", ""uid_is_root""]","{
  ""verdict"": ""MALICIOUS"",
  ""confidence"": 0.93,
  ""rationale_steps"": [
    ""Privilege state: root context with max_uid_euid_delta at p99+ and auid_euid_mismatch set -- a real identity inconsistency and privilege transition."",
    ""Mechanism: exec_count is elevated with euid_root/uid_is_root set but auid_euid_mismatch absent -- a classic setuid-shell escalation."",
    ""Behavioural anomaly: very short lifetime (p99+) and high throughput argue for a malicious process."",
    ""Benign-explanation test: the absence of shell_from_service and low failed_call_rate argue against a routine admin script, cron job, or health-check."",
    ""Decide: the escalation mechanism and high throughput outweigh XGBoost's malicious call; this supports the CNN.""
  ],
  ""key_features"": [""max_uid_euid_delta"", ""auid_euid_mismatch"", ""exec_count"", ""euid_root"", ""uid_is_root""],
  ""agrees_with"": ""cnn""
}"
85921,3,1,T1548,1,0,0.999918818473816,0.8624513745307922,xgb_malicious_cnn_benign,MALICIOUS,1,0.93,cnn,ok,"[""Privilege state: root context with max_uid_euid_delta at p99+ and auid_euid_mismatch set -- a real identity inconsistency and privilege transition."", ""Mechanism: exec_count is elevated with euid_root/uid_is_root set but auid_euid_mismatch absent -- a classic setuid-shell escalation."", ""Behavioural anomaly: very short lifetime (p99+) and high throughput argue for a malicious process."", ""Benign-explanation test: the absence of shell_from_service and low failed_call_rate argue against a routine admin script, cron job, or health-check."", ""Decide: the escalation mechanism and high throughput outweigh XGBoost's malicious call; this supports the CNN.""]","[""max_uid_euid_delta"", ""auid_euid_mismatch"", ""exec_count"", ""euid_root"", ""uid_is_root""]","{
  ""verdict"": ""MALICIOUS"",
  ""confidence"": 0.93,
  ""rationale_steps"": [
    ""Privilege state: root context with max_uid_euid_delta at p99+ and auid_euid_mismatch set -- a real identity inconsistency and privilege transition."",
    ""Mechanism: exec_count is elevated with euid_root/uid_is_root set but auid_euid_mismatch absent -- a classic setuid-shell escalation."",
    ""Behavioural anomaly: very short lifetime (p99+) and high throughput argue for a malicious process."",
    ""Benign-explanation test: the absence of shell_from_service and low failed_call_rate argue against a routine admin script, cron job, or health-check."",
    ""Decide: the escalation mechanism and high throughput outweigh XGBoost's malicious call; this supports the CNN.""
  ],
  ""key_features"": [""max_uid_euid_delta"", ""auid_euid_mismatch"", ""exec_count"", ""euid_root"", ""uid_is_root""],
  ""agrees_with"": ""cnn""
}"
85927,3,1,T1548,1,0,0.999918818473816,0.8624513745307922,xgb_malicious_cnn_benign,MALICIOUS,1,0.93,cnn,ok,"[""Privilege state: root context with max_uid_euid_delta at p99+ and auid_euid_mismatch set -- a real identity inconsistency and privilege transition."", ""Mechanism: exec_count is elevated with euid_root/uid_is_root set but auid_euid_mismatch absent -- a classic setuid-shell escalation."", ""Behavioural anomaly: very short lifetime (p99+) and high throughput argue for a malicious process."", ""Benign-explanation test: the absence of shell_from_service and low failed_call_rate argue against a routine admin script, cron job, or health-check."", ""Decide: the escalation mechanism and high throughput outweigh XGBoost's malicious call; this supports the CNN.""]","[""max_uid_euid_delta"", ""auid_euid_mismatch"", ""exec_count"", ""euid_root"", ""uid_is_root""]","{
  ""verdict"": ""MALICIOUS"",
  ""confidence"": 0.93,
  ""rationale_steps"": [
    ""Privilege state: root context with max_uid_euid_delta at p99+ and auid_euid_mismatch set -- a real identity inconsistency and privilege transition."",
    ""Mechanism: exec_count is elevated with euid_root/uid_is_root set but auid_euid_mismatch absent -- a classic setuid-shell escalation."",
    ""Behavioural anomaly: very short lifetime (p99+) and high throughput argue for a malicious process."",
    ""Benign-explanation test: the absence of shell_from_service and low failed_call_rate argue against a routine admin script, cron job, or health-check."",
    ""Decide: the escalation mechanism and high throughput outweigh XGBoost's malicious call; this supports the CNN.""
  ],
  ""key_features"": [""max_uid_euid_delta"", ""auid_euid_mismatch"", ""exec_count"", ""euid_root"", ""uid_is_root""],
  ""agrees_with"": ""cnn""
}"
85932,3,1,T1548,1,0,0.999918818473816,0.8624513745307922,xgb_malicious_cnn_benign,MALICIOUS,1,0.93,cnn,ok,"[""Privilege state: root context with max_uid_euid_delta at p99+ and auid_euid_mismatch set -- a real identity inconsistency and privilege transition."", ""Mechanism: exec_count is elevated with euid_root/uid_is_root set but auid_euid_mismatch absent -- a classic setuid-shell escalation."", ""Behavioural anomaly: very short lifetime (p99+) and high throughput argue for a malicious process."", ""Benign-explanation test: the absence of shell_from_service and low failed_call_rate argue against a routine admin script, cron job, or health-check."", ""Decide: the escalation mechanism and high throughput outweigh XGBoost's malicious call; this supports the CNN.""]","[""max_uid_euid_delta"", ""auid_euid_mismatch"", ""exec_count"", ""euid_root"", ""uid_is_root""]","{
  ""verdict"": ""MALICIOUS"",
  ""confidence"": 0.93,
  ""rationale_steps"": [
    ""Privilege state: root context with max_uid_euid_delta at p99+ and auid_euid_mismatch set -- a real identity inconsistency and privilege transition."",
    ""Mechanism: exec_count is elevated with euid_root/uid_is_root set but auid_euid_mismatch absent -- a classic setuid-shell escalation."",
    ""Behavioural anomaly: very short lifetime (p99+) and high throughput argue for a malicious process."",
    ""Benign-explanation test: the absence of shell_from_service and low failed_call_rate argue against a routine admin script, cron job, or health-check."",
    ""Decide: the escalation mechanism and high throughput outweigh XGBoost's malicious call; this supports the CNN.""
  ],
  ""key_features"": [""max_uid_euid_delta"", ""auid_euid_mismatch"", ""exec_count"", ""euid_root"", ""uid_is_root""],
  ""agrees_with"": ""cnn""
}"
85934,3,1,T1548,1,0,0.999918818473816,0.8624513745307922,xgb_malicious_cnn_benign,MALICIOUS,1,0.93,cnn,ok,"[""Privilege state: root context with max_uid_euid_delta at p99+ and auid_euid_mismatch set -- a real identity inconsistency and privilege transition."", ""Mechanism: exec_count is elevated with euid_root/uid_is_root set but auid_euid_mismatch absent -- a classic setuid-shell escalation."", ""Behavioural anomaly: very short lifetime (p99+) and high throughput argue for a malicious process."", ""Benign-explanation test: the absence of shell_from_service and low failed_call_rate argue against a routine admin script, cron job, or health-check."", ""Decide: the escalation mechanism and high throughput outweigh XGBoost's malicious call; this supports the CNN.""]","[""max_uid_euid_delta"", ""auid_euid_mismatch"", ""exec_count"", ""euid_root"", ""uid_is_root""]","{
  ""verdict"": ""MALICIOUS"",
  ""confidence"": 0.93,
  ""rationale_steps"": [
    ""Privilege state: root context with max_uid_euid_delta at p99+ and auid_euid_mismatch set -- a real identity inconsistency and privilege transition."",
    ""Mechanism: exec_count is elevated with euid_root/uid_is_root set but auid_euid_mismatch absent -- a classic setuid-shell escalation."",
    ""Behavioural anomaly: very short lifetime (p99+) and high throughput argue for a malicious process."",
    ""Benign-explanation test: the absence of shell_from_service and low failed_call_rate argue against a routine admin script, cron job, or health-check."",
    ""Decide: the escalation mechanism and high throughput outweigh XGBoost's malicious call; this supports the CNN.""
  ],
  ""key_features"": [""max_uid_euid_delta"", ""auid_euid_mismatch"", ""exec_count"", ""euid_root"", ""uid_is_root""],
  ""agrees_with"": ""cnn""
}"
85960,3,1,T1548,1,0,0.999918818473816,0.8624513745307922,xgb_malicious_cnn_benign,MALICIOUS,1,0.93,cnn,ok,"[""Privilege state: root context with max_uid_euid_delta at p99+ and auid_euid_mismatch set -- a real identity inconsistency and privilege transition."", ""Mechanism: exec_count is elevated with euid_root/uid_is_root set but auid_euid_mismatch absent -- a classic setuid-shell escalation."", ""Behavioural anomaly: very short lifetime (p99+) and high throughput argue for a malicious process."", ""Benign-explanation test: the absence of shell_from_service and low failed_call_rate argue against a routine admin script, cron job, or health-check."", ""Decide: the escalation mechanism and high throughput outweigh XGBoost's malicious call; this supports the CNN.""]","[""max_uid_euid_delta"", ""auid_euid_mismatch"", ""exec_count"", ""euid_root"", ""uid_is_root""]","{
  ""verdict"": ""MALICIOUS"",
  ""confidence"": 0.93,
  ""rationale_steps"": [
    ""Privilege state: root context with max_uid_euid_delta at p99+ and auid_euid_mismatch set -- a real identity inconsistency and privilege transition."",
    ""Mechanism: exec_count is elevated with euid_root/uid_is_root set but auid_euid_mismatch absent -- a classic setuid-shell escalation."",
    ""Behavioural anomaly: very short lifetime (p99+) and high throughput argue for a malicious process."",
    ""Benign-explanation test: the absence of shell_from_service and low failed_call_rate argue against a routine admin script, cron job, or health-check."",
    ""Decide: the escalation mechanism and high throughput outweigh XGBoost's malicious call; this supports the CNN.""
  ],
  ""key_features"": [""max_uid_euid_delta"", ""auid_euid_mismatch"", ""exec_count"", ""euid_root"", ""uid_is_root""],
  ""agrees_with"": ""cnn""
}"
85967,3,1,T1548,1,0,0.999918818473816,0.8624513745307922,xgb_malicious_cnn_benign,MALICIOUS,1,0.93,cnn,ok,"[""Privilege state: root context with max_uid_euid_delta at p99+ and auid_euid_mismatch set -- a real identity inconsistency and privilege transition."", ""Mechanism: exec_count is elevated with euid_root/uid_is_root set but auid_euid_mismatch absent -- a classic setuid-shell escalation."", ""Behavioural anomaly: very short lifetime (p99+) and high throughput argue for a malicious process."", ""Benign-explanation test: the absence of shell_from_service and low failed_call_rate argue against a routine admin script, cron job, or health-check."", ""Decide: the escalation mechanism and high throughput outweigh XGBoost's malicious call; this supports the CNN.""]","[""max_uid_euid_delta"", ""auid_euid_mismatch"", ""exec_count"", ""euid_root"", ""uid_is_root""]","{
  ""verdict"": ""MALICIOUS"",
  ""confidence"": 0.93,
  ""rationale_steps"": [
    ""Privilege state: root context with max_uid_euid_delta at p99+ and auid_euid_mismatch set -- a real identity inconsistency and privilege transition."",
    ""Mechanism: exec_count is elevated with euid_root/uid_is_root set but auid_euid_mismatch absent -- a classic setuid-shell escalation."",
    ""Behavioural anomaly: very short lifetime (p99+) and high throughput argue for a malicious process."",
    ""Benign-explanation test: the absence of shell_from_service and low failed_call_rate argue against a routine admin script, cron job, or health-check."",
    ""Decide: the escalation mechanism and high throughput outweigh XGBoost's malicious call; this supports the CNN.""
  ],
  ""key_features"": [""max_uid_euid_delta"", ""auid_euid_mismatch"", ""exec_count"", ""euid_root"", ""uid_is_root""],
  ""agrees_with"": ""cnn""
}"
85978,3,1,T1548,1,0,0.999918818473816,0.8624513745307922,xgb_malicious_cnn_benign,MALICIOUS,1,0.93,cnn,ok,"[""Privilege state: root context with max_uid_euid_delta at p99+ and auid_euid_mismatch set -- a real identity inconsistency and privilege transition."", ""Mechanism: exec_count is elevated with euid_root/uid_is_root set but auid_euid_mismatch absent -- a classic setuid-shell escalation."", ""Behavioural anomaly: very short lifetime (p99+) and high throughput argue for a malicious process."", ""Benign-explanation test: the absence of shell_from_service and low failed_call_rate argue against a routine admin script, cron job, or health-check."", ""Decide: the escalation mechanism and high throughput outweigh XGBoost's malicious call; this supports the CNN.""]","[""max_uid_euid_delta"", ""auid_euid_mismatch"", ""exec_count"", ""euid_root"", ""uid_is_root""]","{
  ""verdict"": ""MALICIOUS"",
  ""confidence"": 0.93,
  ""rationale_steps"": [
    ""Privilege state: root context with max_uid_euid_delta at p99+ and auid_euid_mismatch set -- a real identity inconsistency and privilege transition."",
    ""Mechanism: exec_count is elevated with euid_root/uid_is_root set but auid_euid_mismatch absent -- a classic setuid-shell escalation."",
    ""Behavioural anomaly: very short lifetime (p99+) and high throughput argue for a malicious process."",
    ""Benign-explanation test: the absence of shell_from_service and low failed_call_rate argue against a routine admin script, cron job, or health-check."",
    ""Decide: the escalation mechanism and high throughput outweigh XGBoost's malicious call; this supports the CNN.""
  ],
  ""key_features"": [""max_uid_euid_delta"", ""auid_euid_mismatch"", ""exec_count"", ""euid_root"", ""uid_is_root""],
  ""agrees_with"": ""cnn""
}"
85990,3,1,T1548,1,0,0.999918818473816,0.8624513745307922,xgb_malicious_cnn_benign,MALICIOUS,1,0.93,cnn,ok,"[""Privilege state: root context with max_uid_euid_delta at p99+ and auid_euid_mismatch set -- a real identity inconsistency and privilege transition."", ""Mechanism: exec_count is elevated with euid_root/uid_is_root set but auid_euid_mismatch absent -- a classic setuid-shell escalation."", ""Behavioural anomaly: very short lifetime (p99+) and high throughput argue for a malicious process."", ""Benign-explanation test: the absence of shell_from_service and low failed_call_rate argue against a routine admin script, cron job, or health-check."", ""Decide: the escalation mechanism and high throughput outweigh XGBoost's malicious call; this supports the CNN.""]","[""max_uid_euid_delta"", ""auid_euid_mismatch"", ""exec_count"", ""euid_root"", ""uid_is_root""]","{
  ""verdict"": ""MALICIOUS"",
  ""confidence"": 0.93,
  ""rationale_steps"": [
    ""Privilege state: root context with max_uid_euid_delta at p99+ and auid_euid_mismatch set -- a real identity inconsistency and privilege transition."",
    ""Mechanism: exec_count is elevated with euid_root/uid_is_root set but auid_euid_mismatch absent -- a classic setuid-shell escalation."",
    ""Behavioural anomaly: very short lifetime (p99+) and high throughput argue for a malicious process."",
    ""Benign-explanation test: the absence of shell_from_service and low failed_call_rate argue against a routine admin script, cron job, or health-check."",
    ""Decide: the escalation mechanism and high throughput outweigh XGBoost's malicious call; this supports the CNN.""
  ],
  ""key_features"": [""max_uid_euid_delta"", ""auid_euid_mismatch"", ""exec_count"", ""euid_root"", ""uid_is_root""],
  ""agrees_with"": ""cnn""
}"
85999,3,1,T1548,1,0,0.999918818473816,0.8624513745307922,xgb_malicious_cnn_benign,MALICIOUS,1,0.93,cnn,ok,"[""Privilege state: root context with max_uid_euid_delta at p99+ and auid_euid_mismatch set -- a real identity inconsistency and privilege transition."", ""Mechanism: exec_count is elevated with euid_root/uid_is_root set but auid_euid_mismatch absent -- a classic setuid-shell escalation."", ""Behavioural anomaly: very short lifetime (p99+) and high throughput argue for a malicious process."", ""Benign-explanation test: the absence of shell_from_service and low failed_call_rate argue against a routine admin script, cron job, or health-check."", ""Decide: the escalation mechanism and high throughput outweigh XGBoost's malicious call; this supports the CNN.""]","[""max_uid_euid_delta"", ""auid_euid_mismatch"", ""exec_count"", ""euid_root"", ""uid_is_root""]","{
  ""verdict"": ""MALICIOUS"",
  ""confidence"": 0.93,
  ""rationale_steps"": [
    ""Privilege state: root context with max_uid_euid_delta at p99+ and auid_euid_mismatch set -- a real identity inconsistency and privilege transition."",
    ""Mechanism: exec_count is elevated with euid_root/uid_is_root set but auid_euid_mismatch absent -- a classic setuid-shell escalation."",
    ""Behavioural anomaly: very short lifetime (p99+) and high throughput argue for a malicious process."",
    ""Benign-explanation test: the absence of shell_from_service and low failed_call_rate argue against a routine admin script, cron job, or health-check."",
    ""Decide: the escalation mechanism and high throughput outweigh XGBoost's malicious call; this supports the CNN.""
  ],
  ""key_features"": [""max_uid_euid_delta"", ""auid_euid_mismatch"", ""exec_count"", ""euid_root"", ""uid_is_root""],
  ""agrees_with"": ""cnn""
}"
86000,3,1,T1548,1,0,0.999918818473816,0.8624513745307922,xgb_malicious_cnn_benign,MALICIOUS,1,0.93,cnn,ok,"[""Privilege state: root context with max_uid_euid_delta at p99+ and auid_euid_mismatch set -- a real identity inconsistency and privilege transition."", ""Mechanism: exec_count is elevated with euid_root/uid_is_root set but auid_euid_mismatch absent -- a classic setuid-shell escalation."", ""Behavioural anomaly: very short lifetime (p99+) and high throughput argue for a malicious process."", ""Benign-explanation test: the absence of shell_from_service and low failed_call_rate argue against a routine admin script, cron job, or health-check."", ""Decide: the escalation mechanism and high throughput outweigh XGBoost's malicious call; this supports the CNN.""]","[""max_uid_euid_delta"", ""auid_euid_mismatch"", ""exec_count"", ""euid_root"", ""uid_is_root""]","{
  ""verdict"": ""MALICIOUS"",
  ""confidence"": 0.93,
  ""rationale_steps"": [
    ""Privilege state: root context with max_uid_euid_delta at p99+ and auid_euid_mismatch set -- a real identity inconsistency and privilege transition."",
    ""Mechanism: exec_count is elevated with euid_root/uid_is_root set but auid_euid_mismatch absent -- a classic setuid-shell escalation."",
    ""Behavioural anomaly: very short lifetime (p99+) and high throughput argue for a malicious process."",
    ""Benign-explanation test: the absence of shell_from_service and low failed_call_rate argue against a routine admin script, cron job, or health-check."",
    ""Decide: the escalation mechanism and high throughput outweigh XGBoost's malicious call; this supports the CNN.""
  ],
  ""key_features"": [""max_uid_euid_delta"", ""auid_euid_mismatch"", ""exec_count"", ""euid_root"", ""uid_is_root""],
  ""agrees_with"": ""cnn""
}"
86002,3,1,T1548,1,0,0.999918818473816,0.8624513745307922,xgb_malicious_cnn_benign,MALICIOUS,1,0.93,cnn,ok,"[""Privilege state: root context with max_uid_euid_delta at p99+ and auid_euid_mismatch set -- a real identity inconsistency and privilege transition."", ""Mechanism: exec_count is elevated with euid_root/uid_is_root set but auid_euid_mismatch absent -- a classic setuid-shell escalation."", ""Behavioural anomaly: very short lifetime (p99+) and high throughput argue for a malicious process."", ""Benign-explanation test: the absence of shell_from_service and low failed_call_rate argue against a routine admin script, cron job, or health-check."", ""Decide: the escalation mechanism and high throughput outweigh XGBoost's malicious call; this supports the CNN.""]","[""max_uid_euid_delta"", ""auid_euid_mismatch"", ""exec_count"", ""euid_root"", ""uid_is_root""]","{
  ""verdict"": ""MALICIOUS"",
  ""confidence"": 0.93,
  ""rationale_steps"": [
    ""Privilege state: root context with max_uid_euid_delta at p99+ and auid_euid_mismatch set -- a real identity inconsistency and privilege transition."",
    ""Mechanism: exec_count is elevated with euid_root/uid_is_root set but auid_euid_mismatch absent -- a classic setuid-shell escalation."",
    ""Behavioural anomaly: very short lifetime (p99+) and high throughput argue for a malicious process."",
    ""Benign-explanation test: the absence of shell_from_service and low failed_call_rate argue against a routine admin script, cron job, or health-check."",
    ""Decide: the escalation mechanism and high throughput outweigh XGBoost's malicious call; this supports the CNN.""
  ],
  ""key_features"": [""max_uid_euid_delta"", ""auid_euid_mismatch"", ""exec_count"", ""euid_root"", ""uid_is_root""],
  ""agrees_with"": ""cnn""
}"
86020,3,1,T1548,1,0,0.999918818473816,0.8624513745307922,xgb_malicious_cnn_benign,MALICIOUS,1,0.93,cnn,ok,"[""Privilege state: root context with max_uid_euid_delta at p99+ and auid_euid_mismatch set -- a real identity inconsistency and privilege transition."", ""Mechanism: exec_count is elevated with euid_root/uid_is_root set but auid_euid_mismatch absent -- a classic setuid-shell escalation."", ""Behavioural anomaly: very short lifetime (p99+) and high throughput argue for a malicious process."", ""Benign-explanation test: the absence of shell_from_service and low failed_call_rate argue against a routine admin script, cron job, or health-check."", ""Decide: the escalation mechanism and high throughput outweigh XGBoost's malicious call; this supports the CNN.""]","[""max_uid_euid_delta"", ""auid_euid_mismatch"", ""exec_count"", ""euid_root"", ""uid_is_root""]","{
  ""verdict"": ""MALICIOUS"",
  ""confidence"": 0.93,
  ""rationale_steps"": [
    ""Privilege state: root context with max_uid_euid_delta at p99+ and auid_euid_mismatch set -- a real identity inconsistency and privilege transition."",
    ""Mechanism: exec_count is elevated with euid_root/uid_is_root set but auid_euid_mismatch absent -- a classic setuid-shell escalation."",
    ""Behavioural anomaly: very short lifetime (p99+) and high throughput argue for a malicious process."",
    ""Benign-explanation test: the absence of shell_from_service and low failed_call_rate argue against a routine admin script, cron job, or health-check."",
    ""Decide: the escalation mechanism and high throughput outweigh XGBoost's malicious call; this supports the CNN.""
  ],
  ""key_features"": [""max_uid_euid_delta"", ""auid_euid_mismatch"", ""exec_count"", ""euid_root"", ""uid_is_root""],
  ""agrees_with"": ""cnn""
}"
86033,3,1,T1548,1,0,0.999918818473816,0.8624513745307922,xgb_malicious_cnn_benign,MALICIOUS,1,0.93,cnn,ok,"[""Privilege state: root context with max_uid_euid_delta at p99+ and auid_euid_mismatch set -- a real identity inconsistency and privilege transition."", ""Mechanism: exec_count is elevated with euid_root/uid_is_root set but auid_euid_mismatch absent -- a classic setuid-shell escalation."", ""Behavioural anomaly: very short lifetime (p99+) and high throughput argue for a malicious process."", ""Benign-explanation test: the absence of shell_from_service and low failed_call_rate argue against a routine admin script, cron job, or health-check."", ""Decide: the escalation mechanism and high throughput outweigh XGBoost's malicious call; this supports the CNN.""]","[""max_uid_euid_delta"", ""auid_euid_mismatch"", ""exec_count"", ""euid_root"", ""uid_is_root""]","{
  ""verdict"": ""MALICIOUS"",
  ""confidence"": 0.93,
  ""rationale_steps"": [
    ""Privilege state: root context with max_uid_euid_delta at p99+ and auid_euid_mismatch set -- a real identity inconsistency and privilege transition."",
    ""Mechanism: exec_count is elevated with euid_root/uid_is_root set but auid_euid_mismatch absent -- a classic setuid-shell escalation."",
    ""Behavioural anomaly: very short lifetime (p99+) and high throughput argue for a malicious process."",
    ""Benign-explanation test: the absence of shell_from_service and low failed_call_rate argue against a routine admin script, cron job, or health-check."",
    ""Decide: the escalation mechanism and high throughput outweigh XGBoost's malicious call; this supports the CNN.""
  ],
  ""key_features"": [""max_uid_euid_delta"", ""auid_euid_mismatch"", ""exec_count"", ""euid_root"", ""uid_is_root""],
  ""agrees_with"": ""cnn""
}"
86050,3,1,T1548,1,0,0.999918818473816,0.8624513745307922,xgb_malicious_cnn_benign,MALICIOUS,1,0.93,cnn,ok,"[""Privilege state: root context with max_uid_euid_delta at p99+ and auid_euid_mismatch set -- a real identity inconsistency and privilege transition."", ""Mechanism: exec_count is elevated with euid_root/uid_is_root set but auid_euid_mismatch absent -- a classic setuid-shell escalation."", ""Behavioural anomaly: very short lifetime (p99+) and high throughput argue for a malicious process."", ""Benign-explanation test: the absence of shell_from_service and low failed_call_rate argue against a routine admin script, cron job, or health-check."", ""Decide: the escalation mechanism and high throughput outweigh XGBoost's malicious call; this supports the CNN.""]","[""max_uid_euid_delta"", ""auid_euid_mismatch"", ""exec_count"", ""euid_root"", ""uid_is_root""]","{
  ""verdict"": ""MALICIOUS"",
  ""confidence"": 0.93,
  ""rationale_steps"": [
    ""Privilege state: root context with max_uid_euid_delta at p99+ and auid_euid_mismatch set -- a real identity inconsistency and privilege transition."",
    ""Mechanism: exec_count is elevated with euid_root/uid_is_root set but auid_euid_mismatch absent -- a classic setuid-shell escalation."",
    ""Behavioural anomaly: very short lifetime (p99+) and high throughput argue for a malicious process."",
    ""Benign-explanation test: the absence of shell_from_service and low failed_call_rate argue against a routine admin script, cron job, or health-check."",
    ""Decide: the escalation mechanism and high throughput outweigh XGBoost's malicious call; this supports the CNN.""
  ],
  ""key_features"": [""max_uid_euid_delta"", ""auid_euid_mismatch"", ""exec_count"", ""euid_root"", ""uid_is_root""],
  ""agrees_with"": ""cnn""
}"
86072,3,1,T1548,1,0,0.999918818473816,0.8624513745307922,xgb_malicious_cnn_benign,MALICIOUS,1,0.93,cnn,ok,"[""Privilege state: root context with max_uid_euid_delta at p99+ and auid_euid_mismatch set -- a real identity inconsistency and privilege transition."", ""Mechanism: exec_count is elevated with euid_root/uid_is_root set but auid_euid_mismatch absent -- a classic setuid-shell escalation."", ""Behavioural anomaly: very short lifetime (p99+) and high throughput argue for a malicious process."", ""Benign-explanation test: the absence of shell_from_service and low failed_call_rate argue against a routine admin script, cron job, or health-check."", ""Decide: the escalation mechanism and high throughput outweigh XGBoost's malicious call; this supports the CNN.""]","[""max_uid_euid_delta"", ""auid_euid_mismatch"", ""exec_count"", ""euid_root"", ""uid_is_root""]","{
  ""verdict"": ""MALICIOUS"",
  ""confidence"": 0.93,
  ""rationale_steps"": [
    ""Privilege state: root context with max_uid_euid_delta at p99+ and auid_euid_mismatch set -- a real identity inconsistency and privilege transition."",
    ""Mechanism: exec_count is elevated with euid_root/uid_is_root set but auid_euid_mismatch absent -- a classic setuid-shell escalation."",
    ""Behavioural anomaly: very short lifetime (p99+) and high throughput argue for a malicious process."",
    ""Benign-explanation test: the absence of shell_from_service and low failed_call_rate argue against a routine admin script, cron job, or health-check."",
    ""Decide: the escalation mechanism and high throughput outweigh XGBoost's malicious call; this supports the CNN.""
  ],
  ""key_features"": [""max_uid_euid_delta"", ""auid_euid_mismatch"", ""exec_count"", ""euid_root"", ""uid_is_root""],
  ""agrees_with"": ""cnn""
}"
86090,3,1,T1548,1,0,0.999918818473816,0.8624513745307922,xgb_malicious_cnn_benign,MALICIOUS,1,0.93,cnn,ok,"[""Privilege state: root context with max_uid_euid_delta at p99+ and auid_euid_mismatch set -- a real identity inconsistency and privilege transition."", ""Mechanism: exec_count is elevated with euid_root/uid_is_root set but auid_euid_mismatch absent -- a classic setuid-shell escalation."", ""Behavioural anomaly: very short lifetime (p99+) and high throughput argue for a malicious process."", ""Benign-explanation test: the absence of shell_from_service and low failed_call_rate argue against a routine admin script, cron job, or health-check."", ""Decide: the escalation mechanism and high throughput outweigh XGBoost's malicious call; this supports the CNN.""]","[""max_uid_euid_delta"", ""auid_euid_mismatch"", ""exec_count"", ""euid_root"", ""uid_is_root""]","{
  ""verdict"": ""MALICIOUS"",
  ""confidence"": 0.93,
  ""rationale_steps"": [
    ""Privilege state: root context with max_uid_euid_delta at p99+ and auid_euid_mismatch set -- a real identity inconsistency and privilege transition."",
    ""Mechanism: exec_count is elevated with euid_root/uid_is_root set but auid_euid_mismatch absent -- a classic setuid-shell escalation."",
    ""Behavioural anomaly: very short lifetime (p99+) and high throughput argue for a malicious process."",
    ""Benign-explanation test: the absence of shell_from_service and low failed_call_rate argue against a routine admin script, cron job, or health-check."",
    ""Decide: the escalation mechanism and high throughput outweigh XGBoost's malicious call; this supports the CNN.""
  ],
  ""key_features"": [""max_uid_euid_delta"", ""auid_euid_mismatch"", ""exec_count"", ""euid_root"", ""uid_is_root""],
  ""agrees_with"": ""cnn""
}"
86097,3,1,T1548,1,0,0.999918818473816,0.8624513745307922,xgb_malicious_cnn_benign,MALICIOUS,1,0.93,cnn,ok,"[""Privilege state: root context with max_uid_euid_delta at p99+ and auid_euid_mismatch set -- a real identity inconsistency and privilege transition."", ""Mechanism: exec_count is elevated with euid_root/uid_is_root set but auid_euid_mismatch absent -- a classic setuid-shell escalation."", ""Behavioural anomaly: very short lifetime (p99+) and high throughput argue for a malicious process."", ""Benign-explanation test: the absence of shell_from_service and low failed_call_rate argue against a routine admin script, cron job, or health-check."", ""Decide: the escalation mechanism and high throughput outweigh XGBoost's malicious call; this supports the CNN.""]","[""max_uid_euid_delta"", ""auid_euid_mismatch"", ""exec_count"", ""euid_root"", ""uid_is_root""]","{
  ""verdict"": ""MALICIOUS"",
  ""confidence"": 0.93,
  ""rationale_steps"": [
    ""Privilege state: root context with max_uid_euid_delta at p99+ and auid_euid_mismatch set -- a real identity inconsistency and privilege transition."",
    ""Mechanism: exec_count is elevated with euid_root/uid_is_root set but auid_euid_mismatch absent -- a classic setuid-shell escalation."",
    ""Behavioural anomaly: very short lifetime (p99+) and high throughput argue for a malicious process."",
    ""Benign-explanation test: the absence of shell_from_service and low failed_call_rate argue against a routine admin script, cron job, or health-check."",
    ""Decide: the escalation mechanism and high throughput outweigh XGBoost's malicious call; this supports the CNN.""
  ],
  ""key_features"": [""max_uid_euid_delta"", ""auid_euid_mismatch"", ""exec_count"", ""euid_root"", ""uid_is_root""],
  ""agrees_with"": ""cnn""
}"
86099,3,1,T1548,1,0,0.999918818473816,0.8624513745307922,xgb_malicious_cnn_benign,MALICIOUS,1,0.93,cnn,ok,"[""Privilege state: root context with max_uid_euid_delta at p99+ and auid_euid_mismatch set -- a real identity inconsistency and privilege transition."", ""Mechanism: exec_count is elevated with euid_root/uid_is_root set but auid_euid_mismatch absent -- a classic setuid-shell escalation."", ""Behavioural anomaly: very short lifetime (p99+) and high throughput argue for a malicious process."", ""Benign-explanation test: the absence of shell_from_service and low failed_call_rate argue against a routine admin script, cron job, or health-check."", ""Decide: the escalation mechanism and high throughput outweigh XGBoost's malicious call; this supports the CNN.""]","[""max_uid_euid_delta"", ""auid_euid_mismatch"", ""exec_count"", ""euid_root"", ""uid_is_root""]","{
  ""verdict"": ""MALICIOUS"",
  ""confidence"": 0.93,
  ""rationale_steps"": [
    ""Privilege state: root context with max_uid_euid_delta at p99+ and auid_euid_mismatch set -- a real identity inconsistency and privilege transition."",
    ""Mechanism: exec_count is elevated with euid_root/uid_is_root set but auid_euid_mismatch absent -- a classic setuid-shell escalation."",
    ""Behavioural anomaly: very short lifetime (p99+) and high throughput argue for a malicious process."",
    ""Benign-explanation test: the absence of shell_from_service and low failed_call_rate argue against a routine admin script, cron job, or health-check."",
    ""Decide: the escalation mechanism and high throughput outweigh XGBoost's malicious call; this supports the CNN.""
  ],
  ""key_features"": [""max_uid_euid_delta"", ""auid_euid_mismatch"", ""exec_count"", ""euid_root"", ""uid_is_root""],
  ""agrees_with"": ""cnn""
}"
86107,3,1,T1548,1,0,0.999918818473816,0.8624513745307922,xgb_malicious_cnn_benign,MALICIOUS,1,0.93,cnn,ok,"[""Privilege state: root context with max_uid_euid_delta at p99+ and auid_euid_mismatch set -- a real identity inconsistency and privilege transition."", ""Mechanism: exec_count is elevated with euid_root/uid_is_root set but auid_euid_mismatch absent -- a classic setuid-shell escalation."", ""Behavioural anomaly: very short lifetime (p99+) and high throughput argue for a malicious process."", ""Benign-explanation test: the absence of shell_from_service and low failed_call_rate argue against a routine admin script, cron job, or health-check."", ""Decide: the escalation mechanism and high throughput outweigh XGBoost's malicious call; this supports the CNN.""]","[""max_uid_euid_delta"", ""auid_euid_mismatch"", ""exec_count"", ""euid_root"", ""uid_is_root""]","{
  ""verdict"": ""MALICIOUS"",
  ""confidence"": 0.93,
  ""rationale_steps"": [
    ""Privilege state: root context with max_uid_euid_delta at p99+ and auid_euid_mismatch set -- a real identity inconsistency and privilege transition."",
    ""Mechanism: exec_count is elevated with euid_root/uid_is_root set but auid_euid_mismatch absent -- a classic setuid-shell escalation."",
    ""Behavioural anomaly: very short lifetime (p99+) and high throughput argue for a malicious process."",
    ""Benign-explanation test: the absence of shell_from_service and low failed_call_rate argue against a routine admin script, cron job, or health-check."",
    ""Decide: the escalation mechanism and high throughput outweigh XGBoost's malicious call; this supports the CNN.""
  ],
  ""key_features"": [""max_uid_euid_delta"", ""auid_euid_mismatch"", ""exec_count"", ""euid_root"", ""uid_is_root""],
  ""agrees_with"": ""cnn""
}"
86118,3,1,T1548,1,0,0.999918818473816,0.8624513745307922,xgb_malicious_cnn_benign,MALICIOUS,1,0.93,cnn,ok,"[""Privilege state: root context with max_uid_euid_delta at p99+ and auid_euid_mismatch set -- a real identity inconsistency and privilege transition."", ""Mechanism: exec_count is elevated with euid_root/uid_is_root set but auid_euid_mismatch absent -- a classic setuid-shell escalation."", ""Behavioural anomaly: very short lifetime (p99+) and high throughput argue for a malicious process."", ""Benign-explanation test: the absence of shell_from_service and low failed_call_rate argue against a routine admin script, cron job, or health-check."", ""Decide: the escalation mechanism and high throughput outweigh XGBoost's malicious call; this supports the CNN.""]","[""max_uid_euid_delta"", ""auid_euid_mismatch"", ""exec_count"", ""euid_root"", ""uid_is_root""]","{
  ""verdict"": ""MALICIOUS"",
  ""confidence"": 0.93,
  ""rationale_steps"": [
    ""Privilege state: root context with max_uid_euid_delta at p99+ and auid_euid_mismatch set -- a real identity inconsistency and privilege transition."",
    ""Mechanism: exec_count is elevated with euid_root/uid_is_root set but auid_euid_mismatch absent -- a classic setuid-shell escalation."",
    ""Behavioural anomaly: very short lifetime (p99+) and high throughput argue for a malicious process."",
    ""Benign-explanation test: the absence of shell_from_service and low failed_call_rate argue against a routine admin script, cron job, or health-check."",
    ""Decide: the escalation mechanism and high throughput outweigh XGBoost's malicious call; this supports the CNN.""
  ],
  ""key_features"": [""max_uid_euid_delta"", ""auid_euid_mismatch"", ""exec_count"", ""euid_root"", ""uid_is_root""],
  ""agrees_with"": ""cnn""
}"
86121,3,1,T1548,1,0,0.999918818473816,0.8624513745307922,xgb_malicious_cnn_benign,MALICIOUS,1,0.93,cnn,ok,"[""Privilege state: root context with max_uid_euid_delta at p99+ and auid_euid_mismatch set -- a real identity inconsistency and privilege transition."", ""Mechanism: exec_count is elevated with euid_root/uid_is_root set but auid_euid_mismatch absent -- a classic setuid-shell escalation."", ""Behavioural anomaly: very short lifetime (p99+) and high throughput argue for a malicious process."", ""Benign-explanation test: the absence of shell_from_service and low failed_call_rate argue against a routine admin script, cron job, or health-check."", ""Decide: the escalation mechanism and high throughput outweigh XGBoost's malicious call; this supports the CNN.""]","[""max_uid_euid_delta"", ""auid_euid_mismatch"", ""exec_count"", ""euid_root"", ""uid_is_root""]","{
  ""verdict"": ""MALICIOUS"",
  ""confidence"": 0.93,
  ""rationale_steps"": [
    ""Privilege state: root context with max_uid_euid_delta at p99+ and auid_euid_mismatch set -- a real identity inconsistency and privilege transition."",
    ""Mechanism: exec_count is elevated with euid_root/uid_is_root set but auid_euid_mismatch absent -- a classic setuid-shell escalation."",
    ""Behavioural anomaly: very short lifetime (p99+) and high throughput argue for a malicious process."",
    ""Benign-explanation test: the absence of shell_from_service and low failed_call_rate argue against a routine admin script, cron job, or health-check."",
    ""Decide: the escalation mechanism and high throughput outweigh XGBoost's malicious call; this supports the CNN.""
  ],
  ""key_features"": [""max_uid_euid_delta"", ""auid_euid_mismatch"", ""exec_count"", ""euid_root"", ""uid_is_root""],
  ""agrees_with"": ""cnn""
}"
86123,3,1,T1548,1,0,0.999918818473816,0.8624513745307922,xgb_malicious_cnn_benign,MALICIOUS,1,0.93,cnn,ok,"[""Privilege state: root context with max_uid_euid_delta at p99+ and auid_euid_mismatch set -- a real identity inconsistency and privilege transition."", ""Mechanism: exec_count is elevated with euid_root/uid_is_root set but auid_euid_mismatch absent -- a classic setuid-shell escalation."", ""Behavioural anomaly: very short lifetime (p99+) and high throughput argue for a malicious process."", ""Benign-explanation test: the absence of shell_from_service and low failed_call_rate argue against a routine admin script, cron job, or health-check."", ""Decide: the escalation mechanism and high throughput outweigh XGBoost's malicious call; this supports the CNN.""]","[""max_uid_euid_delta"", ""auid_euid_mismatch"", ""exec_count"", ""euid_root"", ""uid_is_root""]","{
  ""verdict"": ""MALICIOUS"",
  ""confidence"": 0.93,
  ""rationale_steps"": [
    ""Privilege state: root context with max_uid_euid_delta at p99+ and auid_euid_mismatch set -- a real identity inconsistency and privilege transition."",
    ""Mechanism: exec_count is elevated with euid_root/uid_is_root set but auid_euid_mismatch absent -- a classic setuid-shell escalation."",
    ""Behavioural anomaly: very short lifetime (p99+) and high throughput argue for a malicious process."",
    ""Benign-explanation test: the absence of shell_from_service and low failed_call_rate argue against a routine admin script, cron job, or health-check."",
    ""Decide: the escalation mechanism and high throughput outweigh XGBoost's malicious call; this supports the CNN.""
  ],
  ""key_features"": [""max_uid_euid_delta"", ""auid_euid_mismatch"", ""exec_count"", ""euid_root"", ""uid_is_root""],
  ""agrees_with"": ""cnn""
}"
86128,3,1,T1548,1,0,0.999918818473816,0.8624513745307922,xgb_malicious_cnn_benign,MALICIOUS,1,0.93,cnn,ok,"[""Privilege state: root context with max_uid_euid_delta at p99+ and auid_euid_mismatch set -- a real identity inconsistency and privilege transition."", ""Mechanism: exec_count is elevated with euid_root/uid_is_root set but auid_euid_mismatch absent -- a classic setuid-shell escalation."", ""Behavioural anomaly: very short lifetime (p99+) and high throughput argue for a malicious process."", ""Benign-explanation test: the absence of shell_from_service and low failed_call_rate argue against a routine admin script, cron job, or health-check."", ""Decide: the escalation mechanism and high throughput outweigh XGBoost's malicious call; this supports the CNN.""]","[""max_uid_euid_delta"", ""auid_euid_mismatch"", ""exec_count"", ""euid_root"", ""uid_is_root""]","{
  ""verdict"": ""MALICIOUS"",
  ""confidence"": 0.93,
  ""rationale_steps"": [
    ""Privilege state: root context with max_uid_euid_delta at p99+ and auid_euid_mismatch set -- a real identity inconsistency and privilege transition."",
    ""Mechanism: exec_count is elevated with euid_root/uid_is_root set but auid_euid_mismatch absent -- a classic setuid-shell escalation."",
    ""Behavioural anomaly: very short lifetime (p99+) and high throughput argue for a malicious process."",
    ""Benign-explanation test: the absence of shell_from_service and low failed_call_rate argue against a routine admin script, cron job, or health-check."",
    ""Decide: the escalation mechanism and high throughput outweigh XGBoost's malicious call; this supports the CNN.""
  ],
  ""key_features"": [""max_uid_euid_delta"", ""auid_euid_mismatch"", ""exec_count"", ""euid_root"", ""uid_is_root""],
  ""agrees_with"": ""cnn""
}"
86132,3,1,T1548,1,0,0.999918818473816,0.8624513745307922,xgb_malicious_cnn_benign,MALICIOUS,1,0.93,cnn,ok,"[""Privilege state: root context with max_uid_euid_delta at p99+ and auid_euid_mismatch set -- a real identity inconsistency and privilege transition."", ""Mechanism: exec_count is elevated with euid_root/uid_is_root set but auid_euid_mismatch absent -- a classic setuid-shell escalation."", ""Behavioural anomaly: very short lifetime (p99+) and high throughput argue for a malicious process."", ""Benign-explanation test: the absence of shell_from_service and low failed_call_rate argue against a routine admin script, cron job, or health-check."", ""Decide: the escalation mechanism and high throughput outweigh XGBoost's malicious call; this supports the CNN.""]","[""max_uid_euid_delta"", ""auid_euid_mismatch"", ""exec_count"", ""euid_root"", ""uid_is_root""]","{
  ""verdict"": ""MALICIOUS"",
  ""confidence"": 0.93,
  ""rationale_steps"": [
    ""Privilege state: root context with max_uid_euid_delta at p99+ and auid_euid_mismatch set -- a real identity inconsistency and privilege transition."",
    ""Mechanism: exec_count is elevated with euid_root/uid_is_root set but auid_euid_mismatch absent -- a classic setuid-shell escalation."",
    ""Behavioural anomaly: very short lifetime (p99+) and high throughput argue for a malicious process."",
    ""Benign-explanation test: the absence of shell_from_service and low failed_call_rate argue against a routine admin script, cron job, or health-check."",
    ""Decide: the escalation mechanism and high throughput outweigh XGBoost's malicious call; this supports the CNN.""
  ],
  ""key_features"": [""max_uid_euid_delta"", ""auid_euid_mismatch"", ""exec_count"", ""euid_root"", ""uid_is_root""],
  ""agrees_with"": ""cnn""
}"
86134,3,1,T1548,1,0,0.999918818473816,0.8624513745307922,xgb_malicious_cnn_benign,MALICIOUS,1,0.93,cnn,ok,"[""Privilege state: root context with max_uid_euid_delta at p99+ and auid_euid_mismatch set -- a real identity inconsistency and privilege transition."", ""Mechanism: exec_count is elevated with euid_root/uid_is_root set but auid_euid_mismatch absent -- a classic setuid-shell escalation."", ""Behavioural anomaly: very short lifetime (p99+) and high throughput argue for a malicious process."", ""Benign-explanation test: the absence of shell_from_service and low failed_call_rate argue against a routine admin script, cron job, or health-check."", ""Decide: the escalation mechanism and high throughput outweigh XGBoost's malicious call; this supports the CNN.""]","[""max_uid_euid_delta"", ""auid_euid_mismatch"", ""exec_count"", ""euid_root"", ""uid_is_root""]","{
  ""verdict"": ""MALICIOUS"",
  ""confidence"": 0.93,
  ""rationale_steps"": [
    ""Privilege state: root context with max_uid_euid_delta at p99+ and auid_euid_mismatch set -- a real identity inconsistency and privilege transition."",
    ""Mechanism: exec_count is elevated with euid_root/uid_is_root set but auid_euid_mismatch absent -- a classic setuid-shell escalation."",
    ""Behavioural anomaly: very short lifetime (p99+) and high throughput argue for a malicious process."",
    ""Benign-explanation test: the absence of shell_from_service and low failed_call_rate argue against a routine admin script, cron job, or health-check."",
    ""Decide: the escalation mechanism and high throughput outweigh XGBoost's malicious call; this supports the CNN.""
  ],
  ""key_features"": [""max_uid_euid_delta"", ""auid_euid_mismatch"", ""exec_count"", ""euid_root"", ""uid_is_root""],
  ""agrees_with"": ""cnn""
}"
86138,3,1,T1548,1,0,0.999918818473816,0.8624513745307922,xgb_malicious_cnn_benign,MALICIOUS,1,0.93,cnn,ok,"[""Privilege state: root context with max_uid_euid_delta at p99+ and auid_euid_mismatch set -- a real identity inconsistency and privilege transition."", ""Mechanism: exec_count is elevated with euid_root/uid_is_root set but auid_euid_mismatch absent -- a classic setuid-shell escalation."", ""Behavioural anomaly: very short lifetime (p99+) and high throughput argue for a malicious process."", ""Benign-explanation test: the absence of shell_from_service and low failed_call_rate argue against a routine admin script, cron job, or health-check."", ""Decide: the escalation mechanism and high throughput outweigh XGBoost's malicious call; this supports the CNN.""]","[""max_uid_euid_delta"", ""auid_euid_mismatch"", ""exec_count"", ""euid_root"", ""uid_is_root""]","{
  ""verdict"": ""MALICIOUS"",
  ""confidence"": 0.93,
  ""rationale_steps"": [
    ""Privilege state: root context with max_uid_euid_delta at p99+ and auid_euid_mismatch set -- a real identity inconsistency and privilege transition."",
    ""Mechanism: exec_count is elevated with euid_root/uid_is_root set but auid_euid_mismatch absent -- a classic setuid-shell escalation."",
    ""Behavioural anomaly: very short lifetime (p99+) and high throughput argue for a malicious process."",
    ""Benign-explanation test: the absence of shell_from_service and low failed_call_rate argue against a routine admin script, cron job, or health-check."",
    ""Decide: the escalation mechanism and high throughput outweigh XGBoost's malicious call; this supports the CNN.""
  ],
  ""key_features"": [""max_uid_euid_delta"", ""auid_euid_mismatch"", ""exec_count"", ""euid_root"", ""uid_is_root""],
  ""agrees_with"": ""cnn""
}"
86157,3,1,T1548,1,0,0.999918818473816,0.8624513745307922,xgb_malicious_cnn_benign,MALICIOUS,1,0.93,cnn,ok,"[""Privilege state: root context with max_uid_euid_delta at p99+ and auid_euid_mismatch set -- a real identity inconsistency and privilege transition."", ""Mechanism: exec_count is elevated with euid_root/uid_is_root set but auid_euid_mismatch absent -- a classic setuid-shell escalation."", ""Behavioural anomaly: very short lifetime (p99+) and high throughput argue for a malicious process."", ""Benign-explanation test: the absence of shell_from_service and low failed_call_rate argue against a routine admin script, cron job, or health-check."", ""Decide: the escalation mechanism and high throughput outweigh XGBoost's malicious call; this supports the CNN.""]","[""max_uid_euid_delta"", ""auid_euid_mismatch"", ""exec_count"", ""euid_root"", ""uid_is_root""]","{
  ""verdict"": ""MALICIOUS"",
  ""confidence"": 0.93,
  ""rationale_steps"": [
    ""Privilege state: root context with max_uid_euid_delta at p99+ and auid_euid_mismatch set -- a real identity inconsistency and privilege transition."",
    ""Mechanism: exec_count is elevated with euid_root/uid_is_root set but auid_euid_mismatch absent -- a classic setuid-shell escalation."",
    ""Behavioural anomaly: very short lifetime (p99+) and high throughput argue for a malicious process."",
    ""Benign-explanation test: the absence of shell_from_service and low failed_call_rate argue against a routine admin script, cron job, or health-check."",
    ""Decide: the escalation mechanism and high throughput outweigh XGBoost's malicious call; this supports the CNN.""
  ],
  ""key_features"": [""max_uid_euid_delta"", ""auid_euid_mismatch"", ""exec_count"", ""euid_root"", ""uid_is_root""],
  ""agrees_with"": ""cnn""
}"
86163,3,1,T1548,1,0,0.999918818473816,0.8624513745307922,xgb_malicious_cnn_benign,MALICIOUS,1,0.93,cnn,ok,"[""Privilege state: root context with max_uid_euid_delta at p99+ and auid_euid_mismatch set -- a real identity inconsistency and privilege transition."", ""Mechanism: exec_count is elevated with euid_root/uid_is_root set but auid_euid_mismatch absent -- a classic setuid-shell escalation."", ""Behavioural anomaly: very short lifetime (p99+) and high throughput argue for a malicious process."", ""Benign-explanation test: the absence of shell_from_service and low failed_call_rate argue against a routine admin script, cron job, or health-check."", ""Decide: the escalation mechanism and high throughput outweigh XGBoost's malicious call; this supports the CNN.""]","[""max_uid_euid_delta"", ""auid_euid_mismatch"", ""exec_count"", ""euid_root"", ""uid_is_root""]","{
  ""verdict"": ""MALICIOUS"",
  ""confidence"": 0.93,
  ""rationale_steps"": [
    ""Privilege state: root context with max_uid_euid_delta at p99+ and auid_euid_mismatch set -- a real identity inconsistency and privilege transition."",
    ""Mechanism: exec_count is elevated with euid_root/uid_is_root set but auid_euid_mismatch absent -- a classic setuid-shell escalation."",
    ""Behavioural anomaly: very short lifetime (p99+) and high throughput argue for a malicious process."",
    ""Benign-explanation test: the absence of shell_from_service and low failed_call_rate argue against a routine admin script, cron job, or health-check."",
    ""Decide: the escalation mechanism and high throughput outweigh XGBoost's malicious call; this supports the CNN.""
  ],
  ""key_features"": [""max_uid_euid_delta"", ""auid_euid_mismatch"", ""exec_count"", ""euid_root"", ""uid_is_root""],
  ""agrees_with"": ""cnn""
}"
86170,3,1,T1548,1,0,0.999918818473816,0.8624513745307922,xgb_malicious_cnn_benign,MALICIOUS,1,0.93,cnn,ok,"[""Privilege state: root context with max_uid_euid_delta at p99+ and auid_euid_mismatch set -- a real identity inconsistency and privilege transition."", ""Mechanism: exec_count is elevated with euid_root/uid_is_root set but auid_euid_mismatch absent -- a classic setuid-shell escalation."", ""Behavioural anomaly: very short lifetime (p99+) and high throughput argue for a malicious process."", ""Benign-explanation test: the absence of shell_from_service and low failed_call_rate argue against a routine admin script, cron job, or health-check."", ""Decide: the escalation mechanism and high throughput outweigh XGBoost's malicious call; this supports the CNN.""]","[""max_uid_euid_delta"", ""auid_euid_mismatch"", ""exec_count"", ""euid_root"", ""uid_is_root""]","{
  ""verdict"": ""MALICIOUS"",
  ""confidence"": 0.93,
  ""rationale_steps"": [
    ""Privilege state: root context with max_uid_euid_delta at p99+ and auid_euid_mismatch set -- a real identity inconsistency and privilege transition."",
    ""Mechanism: exec_count is elevated with euid_root/uid_is_root set but auid_euid_mismatch absent -- a classic setuid-shell escalation."",
    ""Behavioural anomaly: very short lifetime (p99+) and high throughput argue for a malicious process."",
    ""Benign-explanation test: the absence of shell_from_service and low failed_call_rate argue against a routine admin script, cron job, or health-check."",
    ""Decide: the escalation mechanism and high throughput outweigh XGBoost's malicious call; this supports the CNN.""
  ],
  ""key_features"": [""max_uid_euid_delta"", ""auid_euid_mismatch"", ""exec_count"", ""euid_root"", ""uid_is_root""],
  ""agrees_with"": ""cnn""
}"
86174,3,1,T1548,1,0,0.999918818473816,0.8624513745307922,xgb_malicious_cnn_benign,MALICIOUS,1,0.93,cnn,ok,"[""Privilege state: root context with max_uid_euid_delta at p99+ and auid_euid_mismatch set -- a real identity inconsistency and privilege transition."", ""Mechanism: exec_count is elevated with euid_root/uid_is_root set but auid_euid_mismatch absent -- a classic setuid-shell escalation."", ""Behavioural anomaly: very short lifetime (p99+) and high throughput argue for a malicious process."", ""Benign-explanation test: the absence of shell_from_service and low failed_call_rate argue against a routine admin script, cron job, or health-check."", ""Decide: the escalation mechanism and high throughput outweigh XGBoost's malicious call; this supports the CNN.""]","[""max_uid_euid_delta"", ""auid_euid_mismatch"", ""exec_count"", ""euid_root"", ""uid_is_root""]","{
  ""verdict"": ""MALICIOUS"",
  ""confidence"": 0.93,
  ""rationale_steps"": [
    ""Privilege state: root context with max_uid_euid_delta at p99+ and auid_euid_mismatch set -- a real identity inconsistency and privilege transition."",
    ""Mechanism: exec_count is elevated with euid_root/uid_is_root set but auid_euid_mismatch absent -- a classic setuid-shell escalation."",
    ""Behavioural anomaly: very short lifetime (p99+) and high throughput argue for a malicious process."",
    ""Benign-explanation test: the absence of shell_from_service and low failed_call_rate argue against a routine admin script, cron job, or health-check."",
    ""Decide: the escalation mechanism and high throughput outweigh XGBoost's malicious call; this supports the CNN.""
  ],
  ""key_features"": [""max_uid_euid_delta"", ""auid_euid_mismatch"", ""exec_count"", ""euid_root"", ""uid_is_root""],
  ""agrees_with"": ""cnn""
}"
86188,3,1,T1548,1,0,0.999918818473816,0.8624513745307922,xgb_malicious_cnn_benign,MALICIOUS,1,0.93,cnn,ok,"[""Privilege state: root context with max_uid_euid_delta at p99+ and auid_euid_mismatch set -- a real identity inconsistency and privilege transition."", ""Mechanism: exec_count is elevated with euid_root/uid_is_root set but auid_euid_mismatch absent -- a classic setuid-shell escalation."", ""Behavioural anomaly: very short lifetime (p99+) and high throughput argue for a malicious process."", ""Benign-explanation test: the absence of shell_from_service and low failed_call_rate argue against a routine admin script, cron job, or health-check."", ""Decide: the escalation mechanism and high throughput outweigh XGBoost's malicious call; this supports the CNN.""]","[""max_uid_euid_delta"", ""auid_euid_mismatch"", ""exec_count"", ""euid_root"", ""uid_is_root""]","{
  ""verdict"": ""MALICIOUS"",
  ""confidence"": 0.93,
  ""rationale_steps"": [
    ""Privilege state: root context with max_uid_euid_delta at p99+ and auid_euid_mismatch set -- a real identity inconsistency and privilege transition."",
    ""Mechanism: exec_count is elevated with euid_root/uid_is_root set but auid_euid_mismatch absent -- a classic setuid-shell escalation."",
    ""Behavioural anomaly: very short lifetime (p99+) and high throughput argue for a malicious process."",
    ""Benign-explanation test: the absence of shell_from_service and low failed_call_rate argue against a routine admin script, cron job, or health-check."",
    ""Decide: the escalation mechanism and high throughput outweigh XGBoost's malicious call; this supports the CNN.""
  ],
  ""key_features"": [""max_uid_euid_delta"", ""auid_euid_mismatch"", ""exec_count"", ""euid_root"", ""uid_is_root""],
  ""agrees_with"": ""cnn""
}"
86201,3,1,T1548,1,0,0.999918818473816,0.8624513745307922,xgb_malicious_cnn_benign,MALICIOUS,1,0.93,cnn,ok,"[""Privilege state: root context with max_uid_euid_delta at p99+ and auid_euid_mismatch set -- a real identity inconsistency and privilege transition."", ""Mechanism: exec_count is elevated with euid_root/uid_is_root set but auid_euid_mismatch absent -- a classic setuid-shell escalation."", ""Behavioural anomaly: very short lifetime (p99+) and high throughput argue for a malicious process."", ""Benign-explanation test: the absence of shell_from_service and low failed_call_rate argue against a routine admin script, cron job, or health-check."", ""Decide: the escalation mechanism and high throughput outweigh XGBoost's malicious call; this supports the CNN.""]","[""max_uid_euid_delta"", ""auid_euid_mismatch"", ""exec_count"", ""euid_root"", ""uid_is_root""]","{
  ""verdict"": ""MALICIOUS"",
  ""confidence"": 0.93,
  ""rationale_steps"": [
    ""Privilege state: root context with max_uid_euid_delta at p99+ and auid_euid_mismatch set -- a real identity inconsistency and privilege transition."",
    ""Mechanism: exec_count is elevated with euid_root/uid_is_root set but auid_euid_mismatch absent -- a classic setuid-shell escalation."",
    ""Behavioural anomaly: very short lifetime (p99+) and high throughput argue for a malicious process."",
    ""Benign-explanation test: the absence of shell_from_service and low failed_call_rate argue against a routine admin script, cron job, or health-check."",
    ""Decide: the escalation mechanism and high throughput outweigh XGBoost's malicious call; this supports the CNN.""
  ],
  ""key_features"": [""max_uid_euid_delta"", ""auid_euid_mismatch"", ""exec_count"", ""euid_root"", ""uid_is_root""],
  ""agrees_with"": ""cnn""
}"
86202,3,1,T1548,1,0,0.999918818473816,0.8624513745307922,xgb_malicious_cnn_benign,MALICIOUS,1,0.93,cnn,ok,"[""Privilege state: root context with max_uid_euid_delta at p99+ and auid_euid_mismatch set -- a real identity inconsistency and privilege transition."", ""Mechanism: exec_count is elevated with euid_root/uid_is_root set but auid_euid_mismatch absent -- a classic setuid-shell escalation."", ""Behavioural anomaly: very short lifetime (p99+) and high throughput argue for a malicious process."", ""Benign-explanation test: the absence of shell_from_service and low failed_call_rate argue against a routine admin script, cron job, or health-check."", ""Decide: the escalation mechanism and high throughput outweigh XGBoost's malicious call; this supports the CNN.""]","[""max_uid_euid_delta"", ""auid_euid_mismatch"", ""exec_count"", ""euid_root"", ""uid_is_root""]","{
  ""verdict"": ""MALICIOUS"",
  ""confidence"": 0.93,
  ""rationale_steps"": [
    ""Privilege state: root context with max_uid_euid_delta at p99+ and auid_euid_mismatch set -- a real identity inconsistency and privilege transition."",
    ""Mechanism: exec_count is elevated with euid_root/uid_is_root set but auid_euid_mismatch absent -- a classic setuid-shell escalation."",
    ""Behavioural anomaly: very short lifetime (p99+) and high throughput argue for a malicious process."",
    ""Benign-explanation test: the absence of shell_from_service and low failed_call_rate argue against a routine admin script, cron job, or health-check."",
    ""Decide: the escalation mechanism and high throughput outweigh XGBoost's malicious call; this supports the CNN.""
  ],
  ""key_features"": [""max_uid_euid_delta"", ""auid_euid_mismatch"", ""exec_count"", ""euid_root"", ""uid_is_root""],
  ""agrees_with"": ""cnn""
}"
86203,3,1,T1548,1,0,0.999918818473816,0.8624513745307922,xgb_malicious_cnn_benign,MALICIOUS,1,0.93,cnn,ok,"[""Privilege state: root context with max_uid_euid_delta at p99+ and auid_euid_mismatch set -- a real identity inconsistency and privilege transition."", ""Mechanism: exec_count is elevated with euid_root/uid_is_root set but auid_euid_mismatch absent -- a classic setuid-shell escalation."", ""Behavioural anomaly: very short lifetime (p99+) and high throughput argue for a malicious process."", ""Benign-explanation test: the absence of shell_from_service and low failed_call_rate argue against a routine admin script, cron job, or health-check."", ""Decide: the escalation mechanism and high throughput outweigh XGBoost's malicious call; this supports the CNN.""]","[""max_uid_euid_delta"", ""auid_euid_mismatch"", ""exec_count"", ""euid_root"", ""uid_is_root""]","{
  ""verdict"": ""MALICIOUS"",
  ""confidence"": 0.93,
  ""rationale_steps"": [
    ""Privilege state: root context with max_uid_euid_delta at p99+ and auid_euid_mismatch set -- a real identity inconsistency and privilege transition."",
    ""Mechanism: exec_count is elevated with euid_root/uid_is_root set but auid_euid_mismatch absent -- a classic setuid-shell escalation."",
    ""Behavioural anomaly: very short lifetime (p99+) and high throughput argue for a malicious process."",
    ""Benign-explanation test: the absence of shell_from_service and low failed_call_rate argue against a routine admin script, cron job, or health-check."",
    ""Decide: the escalation mechanism and high throughput outweigh XGBoost's malicious call; this supports the CNN.""
  ],
  ""key_features"": [""max_uid_euid_delta"", ""auid_euid_mismatch"", ""exec_count"", ""euid_root"", ""uid_is_root""],
  ""agrees_with"": ""cnn""
}"
86218,3,1,T1548,1,0,0.999918818473816,0.8624513745307922,xgb_malicious_cnn_benign,MALICIOUS,1,0.93,cnn,ok,"[""Privilege state: root context with max_uid_euid_delta at p99+ and auid_euid_mismatch set -- a real identity inconsistency and privilege transition."", ""Mechanism: exec_count is elevated with euid_root/uid_is_root set but auid_euid_mismatch absent -- a classic setuid-shell escalation."", ""Behavioural anomaly: very short lifetime (p99+) and high throughput argue for a malicious process."", ""Benign-explanation test: the absence of shell_from_service and low failed_call_rate argue against a routine admin script, cron job, or health-check."", ""Decide: the escalation mechanism and high throughput outweigh XGBoost's malicious call; this supports the CNN.""]","[""max_uid_euid_delta"", ""auid_euid_mismatch"", ""exec_count"", ""euid_root"", ""uid_is_root""]","{
  ""verdict"": ""MALICIOUS"",
  ""confidence"": 0.93,
  ""rationale_steps"": [
    ""Privilege state: root context with max_uid_euid_delta at p99+ and auid_euid_mismatch set -- a real identity inconsistency and privilege transition."",
    ""Mechanism: exec_count is elevated with euid_root/uid_is_root set but auid_euid_mismatch absent -- a classic setuid-shell escalation."",
    ""Behavioural anomaly: very short lifetime (p99+) and high throughput argue for a malicious process."",
    ""Benign-explanation test: the absence of shell_from_service and low failed_call_rate argue against a routine admin script, cron job, or health-check."",
    ""Decide: the escalation mechanism and high throughput outweigh XGBoost's malicious call; this supports the CNN.""
  ],
  ""key_features"": [""max_uid_euid_delta"", ""auid_euid_mismatch"", ""exec_count"", ""euid_root"", ""uid_is_root""],
  ""agrees_with"": ""cnn""
}"
86228,3,1,T1548,1,0,0.999918818473816,0.8624513745307922,xgb_malicious_cnn_benign,MALICIOUS,1,0.93,cnn,ok,"[""Privilege state: root context with max_uid_euid_delta at p99+ and auid_euid_mismatch set -- a real identity inconsistency and privilege transition."", ""Mechanism: exec_count is elevated with euid_root/uid_is_root set but auid_euid_mismatch absent -- a classic setuid-shell escalation."", ""Behavioural anomaly: very short lifetime (p99+) and high throughput argue for a malicious process."", ""Benign-explanation test: the absence of shell_from_service and low failed_call_rate argue against a routine admin script, cron job, or health-check."", ""Decide: the escalation mechanism and high throughput outweigh XGBoost's malicious call; this supports the CNN.""]","[""max_uid_euid_delta"", ""auid_euid_mismatch"", ""exec_count"", ""euid_root"", ""uid_is_root""]","{
  ""verdict"": ""MALICIOUS"",
  ""confidence"": 0.93,
  ""rationale_steps"": [
    ""Privilege state: root context with max_uid_euid_delta at p99+ and auid_euid_mismatch set -- a real identity inconsistency and privilege transition."",
    ""Mechanism: exec_count is elevated with euid_root/uid_is_root set but auid_euid_mismatch absent -- a classic setuid-shell escalation."",
    ""Behavioural anomaly: very short lifetime (p99+) and high throughput argue for a malicious process."",
    ""Benign-explanation test: the absence of shell_from_service and low failed_call_rate argue against a routine admin script, cron job, or health-check."",
    ""Decide: the escalation mechanism and high throughput outweigh XGBoost's malicious call; this supports the CNN.""
  ],
  ""key_features"": [""max_uid_euid_delta"", ""auid_euid_mismatch"", ""exec_count"", ""euid_root"", ""uid_is_root""],
  ""agrees_with"": ""cnn""
}"
86230,3,1,T1548,1,0,0.999918818473816,0.8624513745307922,xgb_malicious_cnn_benign,MALICIOUS,1,0.93,cnn,ok,"[""Privilege state: root context with max_uid_euid_delta at p99+ and auid_euid_mismatch set -- a real identity inconsistency and privilege transition."", ""Mechanism: exec_count is elevated with euid_root/uid_is_root set but auid_euid_mismatch absent -- a classic setuid-shell escalation."", ""Behavioural anomaly: very short lifetime (p99+) and high throughput argue for a malicious process."", ""Benign-explanation test: the absence of shell_from_service and low failed_call_rate argue against a routine admin script, cron job, or health-check."", ""Decide: the escalation mechanism and high throughput outweigh XGBoost's malicious call; this supports the CNN.""]","[""max_uid_euid_delta"", ""auid_euid_mismatch"", ""exec_count"", ""euid_root"", ""uid_is_root""]","{
  ""verdict"": ""MALICIOUS"",
  ""confidence"": 0.93,
  ""rationale_steps"": [
    ""Privilege state: root context with max_uid_euid_delta at p99+ and auid_euid_mismatch set -- a real identity inconsistency and privilege transition."",
    ""Mechanism: exec_count is elevated with euid_root/uid_is_root set but auid_euid_mismatch absent -- a classic setuid-shell escalation."",
    ""Behavioural anomaly: very short lifetime (p99+) and high throughput argue for a malicious process."",
    ""Benign-explanation test: the absence of shell_from_service and low failed_call_rate argue against a routine admin script, cron job, or health-check."",
    ""Decide: the escalation mechanism and high throughput outweigh XGBoost's malicious call; this supports the CNN.""
  ],
  ""key_features"": [""max_uid_euid_delta"", ""auid_euid_mismatch"", ""exec_count"", ""euid_root"", ""uid_is_root""],
  ""agrees_with"": ""cnn""
}"
86231,3,1,T1548,1,0,0.999918818473816,0.8624513745307922,xgb_malicious_cnn_benign,MALICIOUS,1,0.93,cnn,ok,"[""Privilege state: root context with max_uid_euid_delta at p99+ and auid_euid_mismatch set -- a real identity inconsistency and privilege transition."", ""Mechanism: exec_count is elevated with euid_root/uid_is_root set but auid_euid_mismatch absent -- a classic setuid-shell escalation."", ""Behavioural anomaly: very short lifetime (p99+) and high throughput argue for a malicious process."", ""Benign-explanation test: the absence of shell_from_service and low failed_call_rate argue against a routine admin script, cron job, or health-check."", ""Decide: the escalation mechanism and high throughput outweigh XGBoost's malicious call; this supports the CNN.""]","[""max_uid_euid_delta"", ""auid_euid_mismatch"", ""exec_count"", ""euid_root"", ""uid_is_root""]","{
  ""verdict"": ""MALICIOUS"",
  ""confidence"": 0.93,
  ""rationale_steps"": [
    ""Privilege state: root context with max_uid_euid_delta at p99+ and auid_euid_mismatch set -- a real identity inconsistency and privilege transition."",
    ""Mechanism: exec_count is elevated with euid_root/uid_is_root set but auid_euid_mismatch absent -- a classic setuid-shell escalation."",
    ""Behavioural anomaly: very short lifetime (p99+) and high throughput argue for a malicious process."",
    ""Benign-explanation test: the absence of shell_from_service and low failed_call_rate argue against a routine admin script, cron job, or health-check."",
    ""Decide: the escalation mechanism and high throughput outweigh XGBoost's malicious call; this supports the CNN.""
  ],
  ""key_features"": [""max_uid_euid_delta"", ""auid_euid_mismatch"", ""exec_count"", ""euid_root"", ""uid_is_root""],
  ""agrees_with"": ""cnn""
}"
86232,3,1,T1548,1,0,0.999918818473816,0.8624513745307922,xgb_malicious_cnn_benign,MALICIOUS,1,0.93,cnn,ok,"[""Privilege state: root context with max_uid_euid_delta at p99+ and auid_euid_mismatch set -- a real identity inconsistency and privilege transition."", ""Mechanism: exec_count is elevated with euid_root/uid_is_root set but auid_euid_mismatch absent -- a classic setuid-shell escalation."", ""Behavioural anomaly: very short lifetime (p99+) and high throughput argue for a malicious process."", ""Benign-explanation test: the absence of shell_from_service and low failed_call_rate argue against a routine admin script, cron job, or health-check."", ""Decide: the escalation mechanism and high throughput outweigh XGBoost's malicious call; this supports the CNN.""]","[""max_uid_euid_delta"", ""auid_euid_mismatch"", ""exec_count"", ""euid_root"", ""uid_is_root""]","{
  ""verdict"": ""MALICIOUS"",
  ""confidence"": 0.93,
  ""rationale_steps"": [
    ""Privilege state: root context with max_uid_euid_delta at p99+ and auid_euid_mismatch set -- a real identity inconsistency and privilege transition."",
    ""Mechanism: exec_count is elevated with euid_root/uid_is_root set but auid_euid_mismatch absent -- a classic setuid-shell escalation."",
    ""Behavioural anomaly: very short lifetime (p99+) and high throughput argue for a malicious process."",
    ""Benign-explanation test: the absence of shell_from_service and low failed_call_rate argue against a routine admin script, cron job, or health-check."",
    ""Decide: the escalation mechanism and high throughput outweigh XGBoost's malicious call; this supports the CNN.""
  ],
  ""key_features"": [""max_uid_euid_delta"", ""auid_euid_mismatch"", ""exec_count"", ""euid_root"", ""uid_is_root""],
  ""agrees_with"": ""cnn""
}"
86257,3,1,T1548,1,0,0.999918818473816,0.8624513745307922,xgb_malicious_cnn_benign,MALICIOUS,1,0.93,cnn,ok,"[""Privilege state: root context with max_uid_euid_delta at p99+ and auid_euid_mismatch set -- a real identity inconsistency and privilege transition."", ""Mechanism: exec_count is elevated with euid_root/uid_is_root set but auid_euid_mismatch absent -- a classic setuid-shell escalation."", ""Behavioural anomaly: very short lifetime (p99+) and high throughput argue for a malicious process."", ""Benign-explanation test: the absence of shell_from_service and low failed_call_rate argue against a routine admin script, cron job, or health-check."", ""Decide: the escalation mechanism and high throughput outweigh XGBoost's malicious call; this supports the CNN.""]","[""max_uid_euid_delta"", ""auid_euid_mismatch"", ""exec_count"", ""euid_root"", ""uid_is_root""]","{
  ""verdict"": ""MALICIOUS"",
  ""confidence"": 0.93,
  ""rationale_steps"": [
    ""Privilege state: root context with max_uid_euid_delta at p99+ and auid_euid_mismatch set -- a real identity inconsistency and privilege transition."",
    ""Mechanism: exec_count is elevated with euid_root/uid_is_root set but auid_euid_mismatch absent -- a classic setuid-shell escalation."",
    ""Behavioural anomaly: very short lifetime (p99+) and high throughput argue for a malicious process."",
    ""Benign-explanation test: the absence of shell_from_service and low failed_call_rate argue against a routine admin script, cron job, or health-check."",
    ""Decide: the escalation mechanism and high throughput outweigh XGBoost's malicious call; this supports the CNN.""
  ],
  ""key_features"": [""max_uid_euid_delta"", ""auid_euid_mismatch"", ""exec_count"", ""euid_root"", ""uid_is_root""],
  ""agrees_with"": ""cnn""
}"
86264,3,1,T1548,1,0,0.999918818473816,0.8624513745307922,xgb_malicious_cnn_benign,MALICIOUS,1,0.93,cnn,ok,"[""Privilege state: root context with max_uid_euid_delta at p99+ and auid_euid_mismatch set -- a real identity inconsistency and privilege transition."", ""Mechanism: exec_count is elevated with euid_root/uid_is_root set but auid_euid_mismatch absent -- a classic setuid-shell escalation."", ""Behavioural anomaly: very short lifetime (p99+) and high throughput argue for a malicious process."", ""Benign-explanation test: the absence of shell_from_service and low failed_call_rate argue against a routine admin script, cron job, or health-check."", ""Decide: the escalation mechanism and high throughput outweigh XGBoost's malicious call; this supports the CNN.""]","[""max_uid_euid_delta"", ""auid_euid_mismatch"", ""exec_count"", ""euid_root"", ""uid_is_root""]","{
  ""verdict"": ""MALICIOUS"",
  ""confidence"": 0.93,
  ""rationale_steps"": [
    ""Privilege state: root context with max_uid_euid_delta at p99+ and auid_euid_mismatch set -- a real identity inconsistency and privilege transition."",
    ""Mechanism: exec_count is elevated with euid_root/uid_is_root set but auid_euid_mismatch absent -- a classic setuid-shell escalation."",
    ""Behavioural anomaly: very short lifetime (p99+) and high throughput argue for a malicious process."",
    ""Benign-explanation test: the absence of shell_from_service and low failed_call_rate argue against a routine admin script, cron job, or health-check."",
    ""Decide: the escalation mechanism and high throughput outweigh XGBoost's malicious call; this supports the CNN.""
  ],
  ""key_features"": [""max_uid_euid_delta"", ""auid_euid_mismatch"", ""exec_count"", ""euid_root"", ""uid_is_root""],
  ""agrees_with"": ""cnn""
}"
86278,3,1,T1548,1,0,0.999918818473816,0.8624513745307922,xgb_malicious_cnn_benign,MALICIOUS,1,0.93,cnn,ok,"[""Privilege state: root context with max_uid_euid_delta at p99+ and auid_euid_mismatch set -- a real identity inconsistency and privilege transition."", ""Mechanism: exec_count is elevated with euid_root/uid_is_root set but auid_euid_mismatch absent -- a classic setuid-shell escalation."", ""Behavioural anomaly: very short lifetime (p99+) and high throughput argue for a malicious process."", ""Benign-explanation test: the absence of shell_from_service and low failed_call_rate argue against a routine admin script, cron job, or health-check."", ""Decide: the escalation mechanism and high throughput outweigh XGBoost's malicious call; this supports the CNN.""]","[""max_uid_euid_delta"", ""auid_euid_mismatch"", ""exec_count"", ""euid_root"", ""uid_is_root""]","{
  ""verdict"": ""MALICIOUS"",
  ""confidence"": 0.93,
  ""rationale_steps"": [
    ""Privilege state: root context with max_uid_euid_delta at p99+ and auid_euid_mismatch set -- a real identity inconsistency and privilege transition."",
    ""Mechanism: exec_count is elevated with euid_root/uid_is_root set but auid_euid_mismatch absent -- a classic setuid-shell escalation."",
    ""Behavioural anomaly: very short lifetime (p99+) and high throughput argue for a malicious process."",
    ""Benign-explanation test: the absence of shell_from_service and low failed_call_rate argue against a routine admin script, cron job, or health-check."",
    ""Decide: the escalation mechanism and high throughput outweigh XGBoost's malicious call; this supports the CNN.""
  ],
  ""key_features"": [""max_uid_euid_delta"", ""auid_euid_mismatch"", ""exec_count"", ""euid_root"", ""uid_is_root""],
  ""agrees_with"": ""cnn""
}"
86283,3,1,T1548,1,0,0.999918818473816,0.8624513745307922,xgb_malicious_cnn_benign,MALICIOUS,1,0.93,cnn,ok,"[""Privilege state: root context with max_uid_euid_delta at p99+ and auid_euid_mismatch set -- a real identity inconsistency and privilege transition."", ""Mechanism: exec_count is elevated with euid_root/uid_is_root set but auid_euid_mismatch absent -- a classic setuid-shell escalation."", ""Behavioural anomaly: very short lifetime (p99+) and high throughput argue for a malicious process."", ""Benign-explanation test: the absence of shell_from_service and low failed_call_rate argue against a routine admin script, cron job, or health-check."", ""Decide: the escalation mechanism and high throughput outweigh XGBoost's malicious call; this supports the CNN.""]","[""max_uid_euid_delta"", ""auid_euid_mismatch"", ""exec_count"", ""euid_root"", ""uid_is_root""]","{
  ""verdict"": ""MALICIOUS"",
  ""confidence"": 0.93,
  ""rationale_steps"": [
    ""Privilege state: root context with max_uid_euid_delta at p99+ and auid_euid_mismatch set -- a real identity inconsistency and privilege transition."",
    ""Mechanism: exec_count is elevated with euid_root/uid_is_root set but auid_euid_mismatch absent -- a classic setuid-shell escalation."",
    ""Behavioural anomaly: very short lifetime (p99+) and high throughput argue for a malicious process."",
    ""Benign-explanation test: the absence of shell_from_service and low failed_call_rate argue against a routine admin script, cron job, or health-check."",
    ""Decide: the escalation mechanism and high throughput outweigh XGBoost's malicious call; this supports the CNN.""
  ],
  ""key_features"": [""max_uid_euid_delta"", ""auid_euid_mismatch"", ""exec_count"", ""euid_root"", ""uid_is_root""],
  ""agrees_with"": ""cnn""
}"
86287,3,1,T1548,1,0,0.999918818473816,0.8624513745307922,xgb_malicious_cnn_benign,MALICIOUS,1,0.93,cnn,ok,"[""Privilege state: root context with max_uid_euid_delta at p99+ and auid_euid_mismatch set -- a real identity inconsistency and privilege transition."", ""Mechanism: exec_count is elevated with euid_root/uid_is_root set but auid_euid_mismatch absent -- a classic setuid-shell escalation."", ""Behavioural anomaly: very short lifetime (p99+) and high throughput argue for a malicious process."", ""Benign-explanation test: the absence of shell_from_service and low failed_call_rate argue against a routine admin script, cron job, or health-check."", ""Decide: the escalation mechanism and high throughput outweigh XGBoost's malicious call; this supports the CNN.""]","[""max_uid_euid_delta"", ""auid_euid_mismatch"", ""exec_count"", ""euid_root"", ""uid_is_root""]","{
  ""verdict"": ""MALICIOUS"",
  ""confidence"": 0.93,
  ""rationale_steps"": [
    ""Privilege state: root context with max_uid_euid_delta at p99+ and auid_euid_mismatch set -- a real identity inconsistency and privilege transition."",
    ""Mechanism: exec_count is elevated with euid_root/uid_is_root set but auid_euid_mismatch absent -- a classic setuid-shell escalation."",
    ""Behavioural anomaly: very short lifetime (p99+) and high throughput argue for a malicious process."",
    ""Benign-explanation test: the absence of shell_from_service and low failed_call_rate argue against a routine admin script, cron job, or health-check."",
    ""Decide: the escalation mechanism and high throughput outweigh XGBoost's malicious call; this supports the CNN.""
  ],
  ""key_features"": [""max_uid_euid_delta"", ""auid_euid_mismatch"", ""exec_count"", ""euid_root"", ""uid_is_root""],
  ""agrees_with"": ""cnn""
}"
86291,3,1,T1548,1,0,0.999918818473816,0.8624513745307922,xgb_malicious_cnn_benign,MALICIOUS,1,0.93,cnn,ok,"[""Privilege state: root context with max_uid_euid_delta at p99+ and auid_euid_mismatch set -- a real identity inconsistency and privilege transition."", ""Mechanism: exec_count is elevated with euid_root/uid_is_root set but auid_euid_mismatch absent -- a classic setuid-shell escalation."", ""Behavioural anomaly: very short lifetime (p99+) and high throughput argue for a malicious process."", ""Benign-explanation test: the absence of shell_from_service and low failed_call_rate argue against a routine admin script, cron job, or health-check."", ""Decide: the escalation mechanism and high throughput outweigh XGBoost's malicious call; this supports the CNN.""]","[""max_uid_euid_delta"", ""auid_euid_mismatch"", ""exec_count"", ""euid_root"", ""uid_is_root""]","{
  ""verdict"": ""MALICIOUS"",
  ""confidence"": 0.93,
  ""rationale_steps"": [
    ""Privilege state: root context with max_uid_euid_delta at p99+ and auid_euid_mismatch set -- a real identity inconsistency and privilege transition."",
    ""Mechanism: exec_count is elevated with euid_root/uid_is_root set but auid_euid_mismatch absent -- a classic setuid-shell escalation."",
    ""Behavioural anomaly: very short lifetime (p99+) and high throughput argue for a malicious process."",
    ""Benign-explanation test: the absence of shell_from_service and low failed_call_rate argue against a routine admin script, cron job, or health-check."",
    ""Decide: the escalation mechanism and high throughput outweigh XGBoost's malicious call; this supports the CNN.""
  ],
  ""key_features"": [""max_uid_euid_delta"", ""auid_euid_mismatch"", ""exec_count"", ""euid_root"", ""uid_is_root""],
  ""agrees_with"": ""cnn""
}"
86294,3,1,T1548,1,0,0.999918818473816,0.8624513745307922,xgb_malicious_cnn_benign,MALICIOUS,1,0.93,cnn,ok,"[""Privilege state: root context with max_uid_euid_delta at p99+ and auid_euid_mismatch set -- a real identity inconsistency and privilege transition."", ""Mechanism: exec_count is elevated with euid_root/uid_is_root set but auid_euid_mismatch absent -- a classic setuid-shell escalation."", ""Behavioural anomaly: very short lifetime (p99+) and high throughput argue for a malicious process."", ""Benign-explanation test: the absence of shell_from_service and low failed_call_rate argue against a routine admin script, cron job, or health-check."", ""Decide: the escalation mechanism and high throughput outweigh XGBoost's malicious call; this supports the CNN.""]","[""max_uid_euid_delta"", ""auid_euid_mismatch"", ""exec_count"", ""euid_root"", ""uid_is_root""]","{
  ""verdict"": ""MALICIOUS"",
  ""confidence"": 0.93,
  ""rationale_steps"": [
    ""Privilege state: root context with max_uid_euid_delta at p99+ and auid_euid_mismatch set -- a real identity inconsistency and privilege transition."",
    ""Mechanism: exec_count is elevated with euid_root/uid_is_root set but auid_euid_mismatch absent -- a classic setuid-shell escalation."",
    ""Behavioural anomaly: very short lifetime (p99+) and high throughput argue for a malicious process."",
    ""Benign-explanation test: the absence of shell_from_service and low failed_call_rate argue against a routine admin script, cron job, or health-check."",
    ""Decide: the escalation mechanism and high throughput outweigh XGBoost's malicious call; this supports the CNN.""
  ],
  ""key_features"": [""max_uid_euid_delta"", ""auid_euid_mismatch"", ""exec_count"", ""euid_root"", ""uid_is_root""],
  ""agrees_with"": ""cnn""
}"
86301,3,1,T1548,1,0,0.999918818473816,0.8624513745307922,xgb_malicious_cnn_benign,MALICIOUS,1,0.93,cnn,ok,"[""Privilege state: root context with max_uid_euid_delta at p99+ and auid_euid_mismatch set -- a real identity inconsistency and privilege transition."", ""Mechanism: exec_count is elevated with euid_root/uid_is_root set but auid_euid_mismatch absent -- a classic setuid-shell escalation."", ""Behavioural anomaly: very short lifetime (p99+) and high throughput argue for a malicious process."", ""Benign-explanation test: the absence of shell_from_service and low failed_call_rate argue against a routine admin script, cron job, or health-check."", ""Decide: the escalation mechanism and high throughput outweigh XGBoost's malicious call; this supports the CNN.""]","[""max_uid_euid_delta"", ""auid_euid_mismatch"", ""exec_count"", ""euid_root"", ""uid_is_root""]","{
  ""verdict"": ""MALICIOUS"",
  ""confidence"": 0.93,
  ""rationale_steps"": [
    ""Privilege state: root context with max_uid_euid_delta at p99+ and auid_euid_mismatch set -- a real identity inconsistency and privilege transition."",
    ""Mechanism: exec_count is elevated with euid_root/uid_is_root set but auid_euid_mismatch absent -- a classic setuid-shell escalation."",
    ""Behavioural anomaly: very short lifetime (p99+) and high throughput argue for a malicious process."",
    ""Benign-explanation test: the absence of shell_from_service and low failed_call_rate argue against a routine admin script, cron job, or health-check."",
    ""Decide: the escalation mechanism and high throughput outweigh XGBoost's malicious call; this supports the CNN.""
  ],
  ""key_features"": [""max_uid_euid_delta"", ""auid_euid_mismatch"", ""exec_count"", ""euid_root"", ""uid_is_root""],
  ""agrees_with"": ""cnn""
}"
86319,3,1,T1548,1,0,0.999918818473816,0.8624513745307922,xgb_malicious_cnn_benign,MALICIOUS,1,0.93,cnn,ok,"[""Privilege state: root context with max_uid_euid_delta at p99+ and auid_euid_mismatch set -- a real identity inconsistency and privilege transition."", ""Mechanism: exec_count is elevated with euid_root/uid_is_root set but auid_euid_mismatch absent -- a classic setuid-shell escalation."", ""Behavioural anomaly: very short lifetime (p99+) and high throughput argue for a malicious process."", ""Benign-explanation test: the absence of shell_from_service and low failed_call_rate argue against a routine admin script, cron job, or health-check."", ""Decide: the escalation mechanism and high throughput outweigh XGBoost's malicious call; this supports the CNN.""]","[""max_uid_euid_delta"", ""auid_euid_mismatch"", ""exec_count"", ""euid_root"", ""uid_is_root""]","{
  ""verdict"": ""MALICIOUS"",
  ""confidence"": 0.93,
  ""rationale_steps"": [
    ""Privilege state: root context with max_uid_euid_delta at p99+ and auid_euid_mismatch set -- a real identity inconsistency and privilege transition."",
    ""Mechanism: exec_count is elevated with euid_root/uid_is_root set but auid_euid_mismatch absent -- a classic setuid-shell escalation."",
    ""Behavioural anomaly: very short lifetime (p99+) and high throughput argue for a malicious process."",
    ""Benign-explanation test: the absence of shell_from_service and low failed_call_rate argue against a routine admin script, cron job, or health-check."",
    ""Decide: the escalation mechanism and high throughput outweigh XGBoost's malicious call; this supports the CNN.""
  ],
  ""key_features"": [""max_uid_euid_delta"", ""auid_euid_mismatch"", ""exec_count"", ""euid_root"", ""uid_is_root""],
  ""agrees_with"": ""cnn""
}"
86369,3,1,T1548,1,0,0.999918818473816,0.8624513745307922,xgb_malicious_cnn_benign,MALICIOUS,1,0.93,cnn,ok,"[""Privilege state: root context with max_uid_euid_delta at p99+ and auid_euid_mismatch set -- a real identity inconsistency and privilege transition."", ""Mechanism: exec_count is elevated with euid_root/uid_is_root set but auid_euid_mismatch absent -- a classic setuid-shell escalation."", ""Behavioural anomaly: very short lifetime (p99+) and high throughput argue for a malicious process."", ""Benign-explanation test: the absence of shell_from_service and low failed_call_rate argue against a routine admin script, cron job, or health-check."", ""Decide: the escalation mechanism and high throughput outweigh XGBoost's malicious call; this supports the CNN.""]","[""max_uid_euid_delta"", ""auid_euid_mismatch"", ""exec_count"", ""euid_root"", ""uid_is_root""]","{
  ""verdict"": ""MALICIOUS"",
  ""confidence"": 0.93,
  ""rationale_steps"": [
    ""Privilege state: root context with max_uid_euid_delta at p99+ and auid_euid_mismatch set -- a real identity inconsistency and privilege transition."",
    ""Mechanism: exec_count is elevated with euid_root/uid_is_root set but auid_euid_mismatch absent -- a classic setuid-shell escalation."",
    ""Behavioural anomaly: very short lifetime (p99+) and high throughput argue for a malicious process."",
    ""Benign-explanation test: the absence of shell_from_service and low failed_call_rate argue against a routine admin script, cron job, or health-check."",
    ""Decide: the escalation mechanism and high throughput outweigh XGBoost's malicious call; this supports the CNN.""
  ],
  ""key_features"": [""max_uid_euid_delta"", ""auid_euid_mismatch"", ""exec_count"", ""euid_root"", ""uid_is_root""],
  ""agrees_with"": ""cnn""
}"
86378,3,1,T1548,1,0,0.999918818473816,0.8624513745307922,xgb_malicious_cnn_benign,MALICIOUS,1,0.93,cnn,ok,"[""Privilege state: root context with max_uid_euid_delta at p99+ and auid_euid_mismatch set -- a real identity inconsistency and privilege transition."", ""Mechanism: exec_count is elevated with euid_root/uid_is_root set but auid_euid_mismatch absent -- a classic setuid-shell escalation."", ""Behavioural anomaly: very short lifetime (p99+) and high throughput argue for a malicious process."", ""Benign-explanation test: the absence of shell_from_service and low failed_call_rate argue against a routine admin script, cron job, or health-check."", ""Decide: the escalation mechanism and high throughput outweigh XGBoost's malicious call; this supports the CNN.""]","[""max_uid_euid_delta"", ""auid_euid_mismatch"", ""exec_count"", ""euid_root"", ""uid_is_root""]","{
  ""verdict"": ""MALICIOUS"",
  ""confidence"": 0.93,
  ""rationale_steps"": [
    ""Privilege state: root context with max_uid_euid_delta at p99+ and auid_euid_mismatch set -- a real identity inconsistency and privilege transition."",
    ""Mechanism: exec_count is elevated with euid_root/uid_is_root set but auid_euid_mismatch absent -- a classic setuid-shell escalation."",
    ""Behavioural anomaly: very short lifetime (p99+) and high throughput argue for a malicious process."",
    ""Benign-explanation test: the absence of shell_from_service and low failed_call_rate argue against a routine admin script, cron job, or health-check."",
    ""Decide: the escalation mechanism and high throughput outweigh XGBoost's malicious call; this supports the CNN.""
  ],
  ""key_features"": [""max_uid_euid_delta"", ""auid_euid_mismatch"", ""exec_count"", ""euid_root"", ""uid_is_root""],
  ""agrees_with"": ""cnn""
}"
86385,3,1,T1548,1,0,0.999918818473816,0.8624513745307922,xgb_malicious_cnn_benign,MALICIOUS,1,0.93,cnn,ok,"[""Privilege state: root context with max_uid_euid_delta at p99+ and auid_euid_mismatch set -- a real identity inconsistency and privilege transition."", ""Mechanism: exec_count is elevated with euid_root/uid_is_root set but auid_euid_mismatch absent -- a classic setuid-shell escalation."", ""Behavioural anomaly: very short lifetime (p99+) and high throughput argue for a malicious process."", ""Benign-explanation test: the absence of shell_from_service and low failed_call_rate argue against a routine admin script, cron job, or health-check."", ""Decide: the escalation mechanism and high throughput outweigh XGBoost's malicious call; this supports the CNN.""]","[""max_uid_euid_delta"", ""auid_euid_mismatch"", ""exec_count"", ""euid_root"", ""uid_is_root""]","{
  ""verdict"": ""MALICIOUS"",
  ""confidence"": 0.93,
  ""rationale_steps"": [
    ""Privilege state: root context with max_uid_euid_delta at p99+ and auid_euid_mismatch set -- a real identity inconsistency and privilege transition."",
    ""Mechanism: exec_count is elevated with euid_root/uid_is_root set but auid_euid_mismatch absent -- a classic setuid-shell escalation."",
    ""Behavioural anomaly: very short lifetime (p99+) and high throughput argue for a malicious process."",
    ""Benign-explanation test: the absence of shell_from_service and low failed_call_rate argue against a routine admin script, cron job, or health-check."",
    ""Decide: the escalation mechanism and high throughput outweigh XGBoost's malicious call; this supports the CNN.""
  ],
  ""key_features"": [""max_uid_euid_delta"", ""auid_euid_mismatch"", ""exec_count"", ""euid_root"", ""uid_is_root""],
  ""agrees_with"": ""cnn""
}"
86387,3,1,T1548,1,0,0.999918818473816,0.8624513745307922,xgb_malicious_cnn_benign,MALICIOUS,1,0.93,cnn,ok,"[""Privilege state: root context with max_uid_euid_delta at p99+ and auid_euid_mismatch set -- a real identity inconsistency and privilege transition."", ""Mechanism: exec_count is elevated with euid_root/uid_is_root set but auid_euid_mismatch absent -- a classic setuid-shell escalation."", ""Behavioural anomaly: very short lifetime (p99+) and high throughput argue for a malicious process."", ""Benign-explanation test: the absence of shell_from_service and low failed_call_rate argue against a routine admin script, cron job, or health-check."", ""Decide: the escalation mechanism and high throughput outweigh XGBoost's malicious call; this supports the CNN.""]","[""max_uid_euid_delta"", ""auid_euid_mismatch"", ""exec_count"", ""euid_root"", ""uid_is_root""]","{
  ""verdict"": ""MALICIOUS"",
  ""confidence"": 0.93,
  ""rationale_steps"": [
    ""Privilege state: root context with max_uid_euid_delta at p99+ and auid_euid_mismatch set -- a real identity inconsistency and privilege transition."",
    ""Mechanism: exec_count is elevated with euid_root/uid_is_root set but auid_euid_mismatch absent -- a classic setuid-shell escalation."",
    ""Behavioural anomaly: very short lifetime (p99+) and high throughput argue for a malicious process."",
    ""Benign-explanation test: the absence of shell_from_service and low failed_call_rate argue against a routine admin script, cron job, or health-check."",
    ""Decide: the escalation mechanism and high throughput outweigh XGBoost's malicious call; this supports the CNN.""
  ],
  ""key_features"": [""max_uid_euid_delta"", ""auid_euid_mismatch"", ""exec_count"", ""euid_root"", ""uid_is_root""],
  ""agrees_with"": ""cnn""
}"
86403,3,1,T1548,1,0,0.999918818473816,0.8624513745307922,xgb_malicious_cnn_benign,MALICIOUS,1,0.93,cnn,ok,"[""Privilege state: root context with max_uid_euid_delta at p99+ and auid_euid_mismatch set -- a real identity inconsistency and privilege transition."", ""Mechanism: exec_count is elevated with euid_root/uid_is_root set but auid_euid_mismatch absent -- a classic setuid-shell escalation."", ""Behavioural anomaly: very short lifetime (p99+) and high throughput argue for a malicious process."", ""Benign-explanation test: the absence of shell_from_service and low failed_call_rate argue against a routine admin script, cron job, or health-check."", ""Decide: the escalation mechanism and high throughput outweigh XGBoost's malicious call; this supports the CNN.""]","[""max_uid_euid_delta"", ""auid_euid_mismatch"", ""exec_count"", ""euid_root"", ""uid_is_root""]","{
  ""verdict"": ""MALICIOUS"",
  ""confidence"": 0.93,
  ""rationale_steps"": [
    ""Privilege state: root context with max_uid_euid_delta at p99+ and auid_euid_mismatch set -- a real identity inconsistency and privilege transition."",
    ""Mechanism: exec_count is elevated with euid_root/uid_is_root set but auid_euid_mismatch absent -- a classic setuid-shell escalation."",
    ""Behavioural anomaly: very short lifetime (p99+) and high throughput argue for a malicious process."",
    ""Benign-explanation test: the absence of shell_from_service and low failed_call_rate argue against a routine admin script, cron job, or health-check."",
    ""Decide: the escalation mechanism and high throughput outweigh XGBoost's malicious call; this supports the CNN.""
  ],
  ""key_features"": [""max_uid_euid_delta"", ""auid_euid_mismatch"", ""exec_count"", ""euid_root"", ""uid_is_root""],
  ""agrees_with"": ""cnn""
}"
86410,3,1,T1548,1,0,0.999918818473816,0.8624513745307922,xgb_malicious_cnn_benign,MALICIOUS,1,0.93,cnn,ok,"[""Privilege state: root context with max_uid_euid_delta at p99+ and auid_euid_mismatch set -- a real identity inconsistency and privilege transition."", ""Mechanism: exec_count is elevated with euid_root/uid_is_root set but auid_euid_mismatch absent -- a classic setuid-shell escalation."", ""Behavioural anomaly: very short lifetime (p99+) and high throughput argue for a malicious process."", ""Benign-explanation test: the absence of shell_from_service and low failed_call_rate argue against a routine admin script, cron job, or health-check."", ""Decide: the escalation mechanism and high throughput outweigh XGBoost's malicious call; this supports the CNN.""]","[""max_uid_euid_delta"", ""auid_euid_mismatch"", ""exec_count"", ""euid_root"", ""uid_is_root""]","{
  ""verdict"": ""MALICIOUS"",
  ""confidence"": 0.93,
  ""rationale_steps"": [
    ""Privilege state: root context with max_uid_euid_delta at p99+ and auid_euid_mismatch set -- a real identity inconsistency and privilege transition."",
    ""Mechanism: exec_count is elevated with euid_root/uid_is_root set but auid_euid_mismatch absent -- a classic setuid-shell escalation."",
    ""Behavioural anomaly: very short lifetime (p99+) and high throughput argue for a malicious process."",
    ""Benign-explanation test: the absence of shell_from_service and low failed_call_rate argue against a routine admin script, cron job, or health-check."",
    ""Decide: the escalation mechanism and high throughput outweigh XGBoost's malicious call; this supports the CNN.""
  ],
  ""key_features"": [""max_uid_euid_delta"", ""auid_euid_mismatch"", ""exec_count"", ""euid_root"", ""uid_is_root""],
  ""agrees_with"": ""cnn""
}"
86418,3,1,T1548,1,0,0.999918818473816,0.8624513745307922,xgb_malicious_cnn_benign,MALICIOUS,1,0.93,cnn,ok,"[""Privilege state: root context with max_uid_euid_delta at p99+ and auid_euid_mismatch set -- a real identity inconsistency and privilege transition."", ""Mechanism: exec_count is elevated with euid_root/uid_is_root set but auid_euid_mismatch absent -- a classic setuid-shell escalation."", ""Behavioural anomaly: very short lifetime (p99+) and high throughput argue for a malicious process."", ""Benign-explanation test: the absence of shell_from_service and low failed_call_rate argue against a routine admin script, cron job, or health-check."", ""Decide: the escalation mechanism and high throughput outweigh XGBoost's malicious call; this supports the CNN.""]","[""max_uid_euid_delta"", ""auid_euid_mismatch"", ""exec_count"", ""euid_root"", ""uid_is_root""]","{
  ""verdict"": ""MALICIOUS"",
  ""confidence"": 0.93,
  ""rationale_steps"": [
    ""Privilege state: root context with max_uid_euid_delta at p99+ and auid_euid_mismatch set -- a real identity inconsistency and privilege transition."",
    ""Mechanism: exec_count is elevated with euid_root/uid_is_root set but auid_euid_mismatch absent -- a classic setuid-shell escalation."",
    ""Behavioural anomaly: very short lifetime (p99+) and high throughput argue for a malicious process."",
    ""Benign-explanation test: the absence of shell_from_service and low failed_call_rate argue against a routine admin script, cron job, or health-check."",
    ""Decide: the escalation mechanism and high throughput outweigh XGBoost's malicious call; this supports the CNN.""
  ],
  ""key_features"": [""max_uid_euid_delta"", ""auid_euid_mismatch"", ""exec_count"", ""euid_root"", ""uid_is_root""],
  ""agrees_with"": ""cnn""
}"
86428,3,1,T1548,1,0,0.999918818473816,0.8624513745307922,xgb_malicious_cnn_benign,MALICIOUS,1,0.93,cnn,ok,"[""Privilege state: root context with max_uid_euid_delta at p99+ and auid_euid_mismatch set -- a real identity inconsistency and privilege transition."", ""Mechanism: exec_count is elevated with euid_root/uid_is_root set but auid_euid_mismatch absent -- a classic setuid-shell escalation."", ""Behavioural anomaly: very short lifetime (p99+) and high throughput argue for a malicious process."", ""Benign-explanation test: the absence of shell_from_service and low failed_call_rate argue against a routine admin script, cron job, or health-check."", ""Decide: the escalation mechanism and high throughput outweigh XGBoost's malicious call; this supports the CNN.""]","[""max_uid_euid_delta"", ""auid_euid_mismatch"", ""exec_count"", ""euid_root"", ""uid_is_root""]","{
  ""verdict"": ""MALICIOUS"",
  ""confidence"": 0.93,
  ""rationale_steps"": [
    ""Privilege state: root context with max_uid_euid_delta at p99+ and auid_euid_mismatch set -- a real identity inconsistency and privilege transition."",
    ""Mechanism: exec_count is elevated with euid_root/uid_is_root set but auid_euid_mismatch absent -- a classic setuid-shell escalation."",
    ""Behavioural anomaly: very short lifetime (p99+) and high throughput argue for a malicious process."",
    ""Benign-explanation test: the absence of shell_from_service and low failed_call_rate argue against a routine admin script, cron job, or health-check."",
    ""Decide: the escalation mechanism and high throughput outweigh XGBoost's malicious call; this supports the CNN.""
  ],
  ""key_features"": [""max_uid_euid_delta"", ""auid_euid_mismatch"", ""exec_count"", ""euid_root"", ""uid_is_root""],
  ""agrees_with"": ""cnn""
}"
86431,3,1,T1548,1,0,0.999918818473816,0.8624513745307922,xgb_malicious_cnn_benign,MALICIOUS,1,0.93,cnn,ok,"[""Privilege state: root context with max_uid_euid_delta at p99+ and auid_euid_mismatch set -- a real identity inconsistency and privilege transition."", ""Mechanism: exec_count is elevated with euid_root/uid_is_root set but auid_euid_mismatch absent -- a classic setuid-shell escalation."", ""Behavioural anomaly: very short lifetime (p99+) and high throughput argue for a malicious process."", ""Benign-explanation test: the absence of shell_from_service and low failed_call_rate argue against a routine admin script, cron job, or health-check."", ""Decide: the escalation mechanism and high throughput outweigh XGBoost's malicious call; this supports the CNN.""]","[""max_uid_euid_delta"", ""auid_euid_mismatch"", ""exec_count"", ""euid_root"", ""uid_is_root""]","{
  ""verdict"": ""MALICIOUS"",
  ""confidence"": 0.93,
  ""rationale_steps"": [
    ""Privilege state: root context with max_uid_euid_delta at p99+ and auid_euid_mismatch set -- a real identity inconsistency and privilege transition."",
    ""Mechanism: exec_count is elevated with euid_root/uid_is_root set but auid_euid_mismatch absent -- a classic setuid-shell escalation."",
    ""Behavioural anomaly: very short lifetime (p99+) and high throughput argue for a malicious process."",
    ""Benign-explanation test: the absence of shell_from_service and low failed_call_rate argue against a routine admin script, cron job, or health-check."",
    ""Decide: the escalation mechanism and high throughput outweigh XGBoost's malicious call; this supports the CNN.""
  ],
  ""key_features"": [""max_uid_euid_delta"", ""auid_euid_mismatch"", ""exec_count"", ""euid_root"", ""uid_is_root""],
  ""agrees_with"": ""cnn""
}"
86433,3,1,T1548,1,0,0.999918818473816,0.8624513745307922,xgb_malicious_cnn_benign,MALICIOUS,1,0.93,cnn,ok,"[""Privilege state: root context with max_uid_euid_delta at p99+ and auid_euid_mismatch set -- a real identity inconsistency and privilege transition."", ""Mechanism: exec_count is elevated with euid_root/uid_is_root set but auid_euid_mismatch absent -- a classic setuid-shell escalation."", ""Behavioural anomaly: very short lifetime (p99+) and high throughput argue for a malicious process."", ""Benign-explanation test: the absence of shell_from_service and low failed_call_rate argue against a routine admin script, cron job, or health-check."", ""Decide: the escalation mechanism and high throughput outweigh XGBoost's malicious call; this supports the CNN.""]","[""max_uid_euid_delta"", ""auid_euid_mismatch"", ""exec_count"", ""euid_root"", ""uid_is_root""]","{
  ""verdict"": ""MALICIOUS"",
  ""confidence"": 0.93,
  ""rationale_steps"": [
    ""Privilege state: root context with max_uid_euid_delta at p99+ and auid_euid_mismatch set -- a real identity inconsistency and privilege transition."",
    ""Mechanism: exec_count is elevated with euid_root/uid_is_root set but auid_euid_mismatch absent -- a classic setuid-shell escalation."",
    ""Behavioural anomaly: very short lifetime (p99+) and high throughput argue for a malicious process."",
    ""Benign-explanation test: the absence of shell_from_service and low failed_call_rate argue against a routine admin script, cron job, or health-check."",
    ""Decide: the escalation mechanism and high throughput outweigh XGBoost's malicious call; this supports the CNN.""
  ],
  ""key_features"": [""max_uid_euid_delta"", ""auid_euid_mismatch"", ""exec_count"", ""euid_root"", ""uid_is_root""],
  ""agrees_with"": ""cnn""
}"
86439,3,1,T1548,1,0,0.999918818473816,0.8624513745307922,xgb_malicious_cnn_benign,MALICIOUS,1,0.93,cnn,ok,"[""Privilege state: root context with max_uid_euid_delta at p99+ and auid_euid_mismatch set -- a real identity inconsistency and privilege transition."", ""Mechanism: exec_count is elevated with euid_root/uid_is_root set but auid_euid_mismatch absent -- a classic setuid-shell escalation."", ""Behavioural anomaly: very short lifetime (p99+) and high throughput argue for a malicious process."", ""Benign-explanation test: the absence of shell_from_service and low failed_call_rate argue against a routine admin script, cron job, or health-check."", ""Decide: the escalation mechanism and high throughput outweigh XGBoost's malicious call; this supports the CNN.""]","[""max_uid_euid_delta"", ""auid_euid_mismatch"", ""exec_count"", ""euid_root"", ""uid_is_root""]","{
  ""verdict"": ""MALICIOUS"",
  ""confidence"": 0.93,
  ""rationale_steps"": [
    ""Privilege state: root context with max_uid_euid_delta at p99+ and auid_euid_mismatch set -- a real identity inconsistency and privilege transition."",
    ""Mechanism: exec_count is elevated with euid_root/uid_is_root set but auid_euid_mismatch absent -- a classic setuid-shell escalation."",
    ""Behavioural anomaly: very short lifetime (p99+) and high throughput argue for a malicious process."",
    ""Benign-explanation test: the absence of shell_from_service and low failed_call_rate argue against a routine admin script, cron job, or health-check."",
    ""Decide: the escalation mechanism and high throughput outweigh XGBoost's malicious call; this supports the CNN.""
  ],
  ""key_features"": [""max_uid_euid_delta"", ""auid_euid_mismatch"", ""exec_count"", ""euid_root"", ""uid_is_root""],
  ""agrees_with"": ""cnn""
}"
86446,3,1,T1548,1,0,0.999918818473816,0.8624513745307922,xgb_malicious_cnn_benign,MALICIOUS,1,0.93,cnn,ok,"[""Privilege state: root context with max_uid_euid_delta at p99+ and auid_euid_mismatch set -- a real identity inconsistency and privilege transition."", ""Mechanism: exec_count is elevated with euid_root/uid_is_root set but auid_euid_mismatch absent -- a classic setuid-shell escalation."", ""Behavioural anomaly: very short lifetime (p99+) and high throughput argue for a malicious process."", ""Benign-explanation test: the absence of shell_from_service and low failed_call_rate argue against a routine admin script, cron job, or health-check."", ""Decide: the escalation mechanism and high throughput outweigh XGBoost's malicious call; this supports the CNN.""]","[""max_uid_euid_delta"", ""auid_euid_mismatch"", ""exec_count"", ""euid_root"", ""uid_is_root""]","{
  ""verdict"": ""MALICIOUS"",
  ""confidence"": 0.93,
  ""rationale_steps"": [
    ""Privilege state: root context with max_uid_euid_delta at p99+ and auid_euid_mismatch set -- a real identity inconsistency and privilege transition."",
    ""Mechanism: exec_count is elevated with euid_root/uid_is_root set but auid_euid_mismatch absent -- a classic setuid-shell escalation."",
    ""Behavioural anomaly: very short lifetime (p99+) and high throughput argue for a malicious process."",
    ""Benign-explanation test: the absence of shell_from_service and low failed_call_rate argue against a routine admin script, cron job, or health-check."",
    ""Decide: the escalation mechanism and high throughput outweigh XGBoost's malicious call; this supports the CNN.""
  ],
  ""key_features"": [""max_uid_euid_delta"", ""auid_euid_mismatch"", ""exec_count"", ""euid_root"", ""uid_is_root""],
  ""agrees_with"": ""cnn""
}"
86457,3,1,T1548,1,0,0.999918818473816,0.8624513745307922,xgb_malicious_cnn_benign,MALICIOUS,1,0.93,cnn,ok,"[""Privilege state: root context with max_uid_euid_delta at p99+ and auid_euid_mismatch set -- a real identity inconsistency and privilege transition."", ""Mechanism: exec_count is elevated with euid_root/uid_is_root set but auid_euid_mismatch absent -- a classic setuid-shell escalation."", ""Behavioural anomaly: very short lifetime (p99+) and high throughput argue for a malicious process."", ""Benign-explanation test: the absence of shell_from_service and low failed_call_rate argue against a routine admin script, cron job, or health-check."", ""Decide: the escalation mechanism and high throughput outweigh XGBoost's malicious call; this supports the CNN.""]","[""max_uid_euid_delta"", ""auid_euid_mismatch"", ""exec_count"", ""euid_root"", ""uid_is_root""]","{
  ""verdict"": ""MALICIOUS"",
  ""confidence"": 0.93,
  ""rationale_steps"": [
    ""Privilege state: root context with max_uid_euid_delta at p99+ and auid_euid_mismatch set -- a real identity inconsistency and privilege transition."",
    ""Mechanism: exec_count is elevated with euid_root/uid_is_root set but auid_euid_mismatch absent -- a classic setuid-shell escalation."",
    ""Behavioural anomaly: very short lifetime (p99+) and high throughput argue for a malicious process."",
    ""Benign-explanation test: the absence of shell_from_service and low failed_call_rate argue against a routine admin script, cron job, or health-check."",
    ""Decide: the escalation mechanism and high throughput outweigh XGBoost's malicious call; this supports the CNN.""
  ],
  ""key_features"": [""max_uid_euid_delta"", ""auid_euid_mismatch"", ""exec_count"", ""euid_root"", ""uid_is_root""],
  ""agrees_with"": ""cnn""
}"
86461,3,1,T1548,1,0,0.999918818473816,0.8624513745307922,xgb_malicious_cnn_benign,MALICIOUS,1,0.93,cnn,ok,"[""Privilege state: root context with max_uid_euid_delta at p99+ and auid_euid_mismatch set -- a real identity inconsistency and privilege transition."", ""Mechanism: exec_count is elevated with euid_root/uid_is_root set but auid_euid_mismatch absent -- a classic setuid-shell escalation."", ""Behavioural anomaly: very short lifetime (p99+) and high throughput argue for a malicious process."", ""Benign-explanation test: the absence of shell_from_service and low failed_call_rate argue against a routine admin script, cron job, or health-check."", ""Decide: the escalation mechanism and high throughput outweigh XGBoost's malicious call; this supports the CNN.""]","[""max_uid_euid_delta"", ""auid_euid_mismatch"", ""exec_count"", ""euid_root"", ""uid_is_root""]","{
  ""verdict"": ""MALICIOUS"",
  ""confidence"": 0.93,
  ""rationale_steps"": [
    ""Privilege state: root context with max_uid_euid_delta at p99+ and auid_euid_mismatch set -- a real identity inconsistency and privilege transition."",
    ""Mechanism: exec_count is elevated with euid_root/uid_is_root set but auid_euid_mismatch absent -- a classic setuid-shell escalation."",
    ""Behavioural anomaly: very short lifetime (p99+) and high throughput argue for a malicious process."",
    ""Benign-explanation test: the absence of shell_from_service and low failed_call_rate argue against a routine admin script, cron job, or health-check."",
    ""Decide: the escalation mechanism and high throughput outweigh XGBoost's malicious call; this supports the CNN.""
  ],
  ""key_features"": [""max_uid_euid_delta"", ""auid_euid_mismatch"", ""exec_count"", ""euid_root"", ""uid_is_root""],
  ""agrees_with"": ""cnn""
}"
86477,3,1,T1548,1,0,0.999918818473816,0.8624513745307922,xgb_malicious_cnn_benign,MALICIOUS,1,0.93,cnn,ok,"[""Privilege state: root context with max_uid_euid_delta at p99+ and auid_euid_mismatch set -- a real identity inconsistency and privilege transition."", ""Mechanism: exec_count is elevated with euid_root/uid_is_root set but auid_euid_mismatch absent -- a classic setuid-shell escalation."", ""Behavioural anomaly: very short lifetime (p99+) and high throughput argue for a malicious process."", ""Benign-explanation test: the absence of shell_from_service and low failed_call_rate argue against a routine admin script, cron job, or health-check."", ""Decide: the escalation mechanism and high throughput outweigh XGBoost's malicious call; this supports the CNN.""]","[""max_uid_euid_delta"", ""auid_euid_mismatch"", ""exec_count"", ""euid_root"", ""uid_is_root""]","{
  ""verdict"": ""MALICIOUS"",
  ""confidence"": 0.93,
  ""rationale_steps"": [
    ""Privilege state: root context with max_uid_euid_delta at p99+ and auid_euid_mismatch set -- a real identity inconsistency and privilege transition."",
    ""Mechanism: exec_count is elevated with euid_root/uid_is_root set but auid_euid_mismatch absent -- a classic setuid-shell escalation."",
    ""Behavioural anomaly: very short lifetime (p99+) and high throughput argue for a malicious process."",
    ""Benign-explanation test: the absence of shell_from_service and low failed_call_rate argue against a routine admin script, cron job, or health-check."",
    ""Decide: the escalation mechanism and high throughput outweigh XGBoost's malicious call; this supports the CNN.""
  ],
  ""key_features"": [""max_uid_euid_delta"", ""auid_euid_mismatch"", ""exec_count"", ""euid_root"", ""uid_is_root""],
  ""agrees_with"": ""cnn""
}"
86508,3,1,T1548,1,0,0.999918818473816,0.8624513745307922,xgb_malicious_cnn_benign,MALICIOUS,1,0.93,cnn,ok,"[""Privilege state: root context with max_uid_euid_delta at p99+ and auid_euid_mismatch set -- a real identity inconsistency and privilege transition."", ""Mechanism: exec_count is elevated with euid_root/uid_is_root set but auid_euid_mismatch absent -- a classic setuid-shell escalation."", ""Behavioural anomaly: very short lifetime (p99+) and high throughput argue for a malicious process."", ""Benign-explanation test: the absence of shell_from_service and low failed_call_rate argue against a routine admin script, cron job, or health-check."", ""Decide: the escalation mechanism and high throughput outweigh XGBoost's malicious call; this supports the CNN.""]","[""max_uid_euid_delta"", ""auid_euid_mismatch"", ""exec_count"", ""euid_root"", ""uid_is_root""]","{
  ""verdict"": ""MALICIOUS"",
  ""confidence"": 0.93,
  ""rationale_steps"": [
    ""Privilege state: root context with max_uid_euid_delta at p99+ and auid_euid_mismatch set -- a real identity inconsistency and privilege transition."",
    ""Mechanism: exec_count is elevated with euid_root/uid_is_root set but auid_euid_mismatch absent -- a classic setuid-shell escalation."",
    ""Behavioural anomaly: very short lifetime (p99+) and high throughput argue for a malicious process."",
    ""Benign-explanation test: the absence of shell_from_service and low failed_call_rate argue against a routine admin script, cron job, or health-check."",
    ""Decide: the escalation mechanism and high throughput outweigh XGBoost's malicious call; this supports the CNN.""
  ],
  ""key_features"": [""max_uid_euid_delta"", ""auid_euid_mismatch"", ""exec_count"", ""euid_root"", ""uid_is_root""],
  ""agrees_with"": ""cnn""
}"
86562,3,1,T1548,1,0,0.999918818473816,0.8624513745307922,xgb_malicious_cnn_benign,MALICIOUS,1,0.93,cnn,ok,"[""Privilege state: root context with max_uid_euid_delta at p99+ and auid_euid_mismatch set -- a real identity inconsistency and privilege transition."", ""Mechanism: exec_count is elevated with euid_root/uid_is_root set but auid_euid_mismatch absent -- a classic setuid-shell escalation."", ""Behavioural anomaly: very short lifetime (p99+) and high throughput argue for a malicious process."", ""Benign-explanation test: the absence of shell_from_service and low failed_call_rate argue against a routine admin script, cron job, or health-check."", ""Decide: the escalation mechanism and high throughput outweigh XGBoost's malicious call; this supports the CNN.""]","[""max_uid_euid_delta"", ""auid_euid_mismatch"", ""exec_count"", ""euid_root"", ""uid_is_root""]","{
  ""verdict"": ""MALICIOUS"",
  ""confidence"": 0.93,
  ""rationale_steps"": [
    ""Privilege state: root context with max_uid_euid_delta at p99+ and auid_euid_mismatch set -- a real identity inconsistency and privilege transition."",
    ""Mechanism: exec_count is elevated with euid_root/uid_is_root set but auid_euid_mismatch absent -- a classic setuid-shell escalation."",
    ""Behavioural anomaly: very short lifetime (p99+) and high throughput argue for a malicious process."",
    ""Benign-explanation test: the absence of shell_from_service and low failed_call_rate argue against a routine admin script, cron job, or health-check."",
    ""Decide: the escalation mechanism and high throughput outweigh XGBoost's malicious call; this supports the CNN.""
  ],
  ""key_features"": [""max_uid_euid_delta"", ""auid_euid_mismatch"", ""exec_count"", ""euid_root"", ""uid_is_root""],
  ""agrees_with"": ""cnn""
}"
86594,3,1,T1548,1,0,0.999918818473816,0.8624513745307922,xgb_malicious_cnn_benign,MALICIOUS,1,0.93,cnn,ok,"[""Privilege state: root context with max_uid_euid_delta at p99+ and auid_euid_mismatch set -- a real identity inconsistency and privilege transition."", ""Mechanism: exec_count is elevated with euid_root/uid_is_root set but auid_euid_mismatch absent -- a classic setuid-shell escalation."", ""Behavioural anomaly: very short lifetime (p99+) and high throughput argue for a malicious process."", ""Benign-explanation test: the absence of shell_from_service and low failed_call_rate argue against a routine admin script, cron job, or health-check."", ""Decide: the escalation mechanism and high throughput outweigh XGBoost's malicious call; this supports the CNN.""]","[""max_uid_euid_delta"", ""auid_euid_mismatch"", ""exec_count"", ""euid_root"", ""uid_is_root""]","{
  ""verdict"": ""MALICIOUS"",
  ""confidence"": 0.93,
  ""rationale_steps"": [
    ""Privilege state: root context with max_uid_euid_delta at p99+ and auid_euid_mismatch set -- a real identity inconsistency and privilege transition."",
    ""Mechanism: exec_count is elevated with euid_root/uid_is_root set but auid_euid_mismatch absent -- a classic setuid-shell escalation."",
    ""Behavioural anomaly: very short lifetime (p99+) and high throughput argue for a malicious process."",
    ""Benign-explanation test: the absence of shell_from_service and low failed_call_rate argue against a routine admin script, cron job, or health-check."",
    ""Decide: the escalation mechanism and high throughput outweigh XGBoost's malicious call; this supports the CNN.""
  ],
  ""key_features"": [""max_uid_euid_delta"", ""auid_euid_mismatch"", ""exec_count"", ""euid_root"", ""uid_is_root""],
  ""agrees_with"": ""cnn""
}"
86598,3,1,T1548,1,0,0.999918818473816,0.8624513745307922,xgb_malicious_cnn_benign,MALICIOUS,1,0.93,cnn,ok,"[""Privilege state: root context with max_uid_euid_delta at p99+ and auid_euid_mismatch set -- a real identity inconsistency and privilege transition."", ""Mechanism: exec_count is elevated with euid_root/uid_is_root set but auid_euid_mismatch absent -- a classic setuid-shell escalation."", ""Behavioural anomaly: very short lifetime (p99+) and high throughput argue for a malicious process."", ""Benign-explanation test: the absence of shell_from_service and low failed_call_rate argue against a routine admin script, cron job, or health-check."", ""Decide: the escalation mechanism and high throughput outweigh XGBoost's malicious call; this supports the CNN.""]","[""max_uid_euid_delta"", ""auid_euid_mismatch"", ""exec_count"", ""euid_root"", ""uid_is_root""]","{
  ""verdict"": ""MALICIOUS"",
  ""confidence"": 0.93,
  ""rationale_steps"": [
    ""Privilege state: root context with max_uid_euid_delta at p99+ and auid_euid_mismatch set -- a real identity inconsistency and privilege transition."",
    ""Mechanism: exec_count is elevated with euid_root/uid_is_root set but auid_euid_mismatch absent -- a classic setuid-shell escalation."",
    ""Behavioural anomaly: very short lifetime (p99+) and high throughput argue for a malicious process."",
    ""Benign-explanation test: the absence of shell_from_service and low failed_call_rate argue against a routine admin script, cron job, or health-check."",
    ""Decide: the escalation mechanism and high throughput outweigh XGBoost's malicious call; this supports the CNN.""
  ],
  ""key_features"": [""max_uid_euid_delta"", ""auid_euid_mismatch"", ""exec_count"", ""euid_root"", ""uid_is_root""],
  ""agrees_with"": ""cnn""
}"
86618,3,1,T1548,1,0,0.999918818473816,0.8624513745307922,xgb_malicious_cnn_benign,MALICIOUS,1,0.93,cnn,ok,"[""Privilege state: root context with max_uid_euid_delta at p99+ and auid_euid_mismatch set -- a real identity inconsistency and privilege transition."", ""Mechanism: exec_count is elevated with euid_root/uid_is_root set but auid_euid_mismatch absent -- a classic setuid-shell escalation."", ""Behavioural anomaly: very short lifetime (p99+) and high throughput argue for a malicious process."", ""Benign-explanation test: the absence of shell_from_service and low failed_call_rate argue against a routine admin script, cron job, or health-check."", ""Decide: the escalation mechanism and high throughput outweigh XGBoost's malicious call; this supports the CNN.""]","[""max_uid_euid_delta"", ""auid_euid_mismatch"", ""exec_count"", ""euid_root"", ""uid_is_root""]","{
  ""verdict"": ""MALICIOUS"",
  ""confidence"": 0.93,
  ""rationale_steps"": [
    ""Privilege state: root context with max_uid_euid_delta at p99+ and auid_euid_mismatch set -- a real identity inconsistency and privilege transition."",
    ""Mechanism: exec_count is elevated with euid_root/uid_is_root set but auid_euid_mismatch absent -- a classic setuid-shell escalation."",
    ""Behavioural anomaly: very short lifetime (p99+) and high throughput argue for a malicious process."",
    ""Benign-explanation test: the absence of shell_from_service and low failed_call_rate argue against a routine admin script, cron job, or health-check."",
    ""Decide: the escalation mechanism and high throughput outweigh XGBoost's malicious call; this supports the CNN.""
  ],
  ""key_features"": [""max_uid_euid_delta"", ""auid_euid_mismatch"", ""exec_count"", ""euid_root"", ""uid_is_root""],
  ""agrees_with"": ""cnn""
}"
86621,3,1,T1548,1,0,0.999918818473816,0.8624513745307922,xgb_malicious_cnn_benign,MALICIOUS,1,0.93,cnn,ok,"[""Privilege state: root context with max_uid_euid_delta at p99+ and auid_euid_mismatch set -- a real identity inconsistency and privilege transition."", ""Mechanism: exec_count is elevated with euid_root/uid_is_root set but auid_euid_mismatch absent -- a classic setuid-shell escalation."", ""Behavioural anomaly: very short lifetime (p99+) and high throughput argue for a malicious process."", ""Benign-explanation test: the absence of shell_from_service and low failed_call_rate argue against a routine admin script, cron job, or health-check."", ""Decide: the escalation mechanism and high throughput outweigh XGBoost's malicious call; this supports the CNN.""]","[""max_uid_euid_delta"", ""auid_euid_mismatch"", ""exec_count"", ""euid_root"", ""uid_is_root""]","{
  ""verdict"": ""MALICIOUS"",
  ""confidence"": 0.93,
  ""rationale_steps"": [
    ""Privilege state: root context with max_uid_euid_delta at p99+ and auid_euid_mismatch set -- a real identity inconsistency and privilege transition."",
    ""Mechanism: exec_count is elevated with euid_root/uid_is_root set but auid_euid_mismatch absent -- a classic setuid-shell escalation."",
    ""Behavioural anomaly: very short lifetime (p99+) and high throughput argue for a malicious process."",
    ""Benign-explanation test: the absence of shell_from_service and low failed_call_rate argue against a routine admin script, cron job, or health-check."",
    ""Decide: the escalation mechanism and high throughput outweigh XGBoost's malicious call; this supports the CNN.""
  ],
  ""key_features"": [""max_uid_euid_delta"", ""auid_euid_mismatch"", ""exec_count"", ""euid_root"", ""uid_is_root""],
  ""agrees_with"": ""cnn""
}"
86633,3,1,T1548,1,0,0.999918818473816,0.8624513745307922,xgb_malicious_cnn_benign,MALICIOUS,1,0.93,cnn,ok,"[""Privilege state: root context with max_uid_euid_delta at p99+ and auid_euid_mismatch set -- a real identity inconsistency and privilege transition."", ""Mechanism: exec_count is elevated with euid_root/uid_is_root set but auid_euid_mismatch absent -- a classic setuid-shell escalation."", ""Behavioural anomaly: very short lifetime (p99+) and high throughput argue for a malicious process."", ""Benign-explanation test: the absence of shell_from_service and low failed_call_rate argue against a routine admin script, cron job, or health-check."", ""Decide: the escalation mechanism and high throughput outweigh XGBoost's malicious call; this supports the CNN.""]","[""max_uid_euid_delta"", ""auid_euid_mismatch"", ""exec_count"", ""euid_root"", ""uid_is_root""]","{
  ""verdict"": ""MALICIOUS"",
  ""confidence"": 0.93,
  ""rationale_steps"": [
    ""Privilege state: root context with max_uid_euid_delta at p99+ and auid_euid_mismatch set -- a real identity inconsistency and privilege transition."",
    ""Mechanism: exec_count is elevated with euid_root/uid_is_root set but auid_euid_mismatch absent -- a classic setuid-shell escalation."",
    ""Behavioural anomaly: very short lifetime (p99+) and high throughput argue for a malicious process."",
    ""Benign-explanation test: the absence of shell_from_service and low failed_call_rate argue against a routine admin script, cron job, or health-check."",
    ""Decide: the escalation mechanism and high throughput outweigh XGBoost's malicious call; this supports the CNN.""
  ],
  ""key_features"": [""max_uid_euid_delta"", ""auid_euid_mismatch"", ""exec_count"", ""euid_root"", ""uid_is_root""],
  ""agrees_with"": ""cnn""
}"
86637,3,1,T1548,1,0,0.999918818473816,0.8624513745307922,xgb_malicious_cnn_benign,MALICIOUS,1,0.93,cnn,ok,"[""Privilege state: root context with max_uid_euid_delta at p99+ and auid_euid_mismatch set -- a real identity inconsistency and privilege transition."", ""Mechanism: exec_count is elevated with euid_root/uid_is_root set but auid_euid_mismatch absent -- a classic setuid-shell escalation."", ""Behavioural anomaly: very short lifetime (p99+) and high throughput argue for a malicious process."", ""Benign-explanation test: the absence of shell_from_service and low failed_call_rate argue against a routine admin script, cron job, or health-check."", ""Decide: the escalation mechanism and high throughput outweigh XGBoost's malicious call; this supports the CNN.""]","[""max_uid_euid_delta"", ""auid_euid_mismatch"", ""exec_count"", ""euid_root"", ""uid_is_root""]","{
  ""verdict"": ""MALICIOUS"",
  ""confidence"": 0.93,
  ""rationale_steps"": [
    ""Privilege state: root context with max_uid_euid_delta at p99+ and auid_euid_mismatch set -- a real identity inconsistency and privilege transition."",
    ""Mechanism: exec_count is elevated with euid_root/uid_is_root set but auid_euid_mismatch absent -- a classic setuid-shell escalation."",
    ""Behavioural anomaly: very short lifetime (p99+) and high throughput argue for a malicious process."",
    ""Benign-explanation test: the absence of shell_from_service and low failed_call_rate argue against a routine admin script, cron job, or health-check."",
    ""Decide: the escalation mechanism and high throughput outweigh XGBoost's malicious call; this supports the CNN.""
  ],
  ""key_features"": [""max_uid_euid_delta"", ""auid_euid_mismatch"", ""exec_count"", ""euid_root"", ""uid_is_root""],
  ""agrees_with"": ""cnn""
}"
86645,3,1,T1548,1,0,0.999918818473816,0.8624513745307922,xgb_malicious_cnn_benign,MALICIOUS,1,0.93,cnn,ok,"[""Privilege state: root context with max_uid_euid_delta at p99+ and auid_euid_mismatch set -- a real identity inconsistency and privilege transition."", ""Mechanism: exec_count is elevated with euid_root/uid_is_root set but auid_euid_mismatch absent -- a classic setuid-shell escalation."", ""Behavioural anomaly: very short lifetime (p99+) and high throughput argue for a malicious process."", ""Benign-explanation test: the absence of shell_from_service and low failed_call_rate argue against a routine admin script, cron job, or health-check."", ""Decide: the escalation mechanism and high throughput outweigh XGBoost's malicious call; this supports the CNN.""]","[""max_uid_euid_delta"", ""auid_euid_mismatch"", ""exec_count"", ""euid_root"", ""uid_is_root""]","{
  ""verdict"": ""MALICIOUS"",
  ""confidence"": 0.93,
  ""rationale_steps"": [
    ""Privilege state: root context with max_uid_euid_delta at p99+ and auid_euid_mismatch set -- a real identity inconsistency and privilege transition."",
    ""Mechanism: exec_count is elevated with euid_root/uid_is_root set but auid_euid_mismatch absent -- a classic setuid-shell escalation."",
    ""Behavioural anomaly: very short lifetime (p99+) and high throughput argue for a malicious process."",
    ""Benign-explanation test: the absence of shell_from_service and low failed_call_rate argue against a routine admin script, cron job, or health-check."",
    ""Decide: the escalation mechanism and high throughput outweigh XGBoost's malicious call; this supports the CNN.""
  ],
  ""key_features"": [""max_uid_euid_delta"", ""auid_euid_mismatch"", ""exec_count"", ""euid_root"", ""uid_is_root""],
  ""agrees_with"": ""cnn""
}"
86659,3,1,T1548,1,0,0.999918818473816,0.8624513745307922,xgb_malicious_cnn_benign,MALICIOUS,1,0.93,cnn,ok,"[""Privilege state: root context with max_uid_euid_delta at p99+ and auid_euid_mismatch set -- a real identity inconsistency and privilege transition."", ""Mechanism: exec_count is elevated with euid_root/uid_is_root set but auid_euid_mismatch absent -- a classic setuid-shell escalation."", ""Behavioural anomaly: very short lifetime (p99+) and high throughput argue for a malicious process."", ""Benign-explanation test: the absence of shell_from_service and low failed_call_rate argue against a routine admin script, cron job, or health-check."", ""Decide: the escalation mechanism and high throughput outweigh XGBoost's malicious call; this supports the CNN.""]","[""max_uid_euid_delta"", ""auid_euid_mismatch"", ""exec_count"", ""euid_root"", ""uid_is_root""]","{
  ""verdict"": ""MALICIOUS"",
  ""confidence"": 0.93,
  ""rationale_steps"": [
    ""Privilege state: root context with max_uid_euid_delta at p99+ and auid_euid_mismatch set -- a real identity inconsistency and privilege transition."",
    ""Mechanism: exec_count is elevated with euid_root/uid_is_root set but auid_euid_mismatch absent -- a classic setuid-shell escalation."",
    ""Behavioural anomaly: very short lifetime (p99+) and high throughput argue for a malicious process."",
    ""Benign-explanation test: the absence of shell_from_service and low failed_call_rate argue against a routine admin script, cron job, or health-check."",
    ""Decide: the escalation mechanism and high throughput outweigh XGBoost's malicious call; this supports the CNN.""
  ],
  ""key_features"": [""max_uid_euid_delta"", ""auid_euid_mismatch"", ""exec_count"", ""euid_root"", ""uid_is_root""],
  ""agrees_with"": ""cnn""
}"
86678,3,1,T1548,1,0,0.999918818473816,0.8624513745307922,xgb_malicious_cnn_benign,MALICIOUS,1,0.93,cnn,ok,"[""Privilege state: root context with max_uid_euid_delta at p99+ and auid_euid_mismatch set -- a real identity inconsistency and privilege transition."", ""Mechanism: exec_count is elevated with euid_root/uid_is_root set but auid_euid_mismatch absent -- a classic setuid-shell escalation."", ""Behavioural anomaly: very short lifetime (p99+) and high throughput argue for a malicious process."", ""Benign-explanation test: the absence of shell_from_service and low failed_call_rate argue against a routine admin script, cron job, or health-check."", ""Decide: the escalation mechanism and high throughput outweigh XGBoost's malicious call; this supports the CNN.""]","[""max_uid_euid_delta"", ""auid_euid_mismatch"", ""exec_count"", ""euid_root"", ""uid_is_root""]","{
  ""verdict"": ""MALICIOUS"",
  ""confidence"": 0.93,
  ""rationale_steps"": [
    ""Privilege state: root context with max_uid_euid_delta at p99+ and auid_euid_mismatch set -- a real identity inconsistency and privilege transition."",
    ""Mechanism: exec_count is elevated with euid_root/uid_is_root set but auid_euid_mismatch absent -- a classic setuid-shell escalation."",
    ""Behavioural anomaly: very short lifetime (p99+) and high throughput argue for a malicious process."",
    ""Benign-explanation test: the absence of shell_from_service and low failed_call_rate argue against a routine admin script, cron job, or health-check."",
    ""Decide: the escalation mechanism and high throughput outweigh XGBoost's malicious call; this supports the CNN.""
  ],
  ""key_features"": [""max_uid_euid_delta"", ""auid_euid_mismatch"", ""exec_count"", ""euid_root"", ""uid_is_root""],
  ""agrees_with"": ""cnn""
}"
86694,3,1,T1548,1,0,0.999918818473816,0.8624513745307922,xgb_malicious_cnn_benign,MALICIOUS,1,0.93,cnn,ok,"[""Privilege state: root context with max_uid_euid_delta at p99+ and auid_euid_mismatch set -- a real identity inconsistency and privilege transition."", ""Mechanism: exec_count is elevated with euid_root/uid_is_root set but auid_euid_mismatch absent -- a classic setuid-shell escalation."", ""Behavioural anomaly: very short lifetime (p99+) and high throughput argue for a malicious process."", ""Benign-explanation test: the absence of shell_from_service and low failed_call_rate argue against a routine admin script, cron job, or health-check."", ""Decide: the escalation mechanism and high throughput outweigh XGBoost's malicious call; this supports the CNN.""]","[""max_uid_euid_delta"", ""auid_euid_mismatch"", ""exec_count"", ""euid_root"", ""uid_is_root""]","{
  ""verdict"": ""MALICIOUS"",
  ""confidence"": 0.93,
  ""rationale_steps"": [
    ""Privilege state: root context with max_uid_euid_delta at p99+ and auid_euid_mismatch set -- a real identity inconsistency and privilege transition."",
    ""Mechanism: exec_count is elevated with euid_root/uid_is_root set but auid_euid_mismatch absent -- a classic setuid-shell escalation."",
    ""Behavioural anomaly: very short lifetime (p99+) and high throughput argue for a malicious process."",
    ""Benign-explanation test: the absence of shell_from_service and low failed_call_rate argue against a routine admin script, cron job, or health-check."",
    ""Decide: the escalation mechanism and high throughput outweigh XGBoost's malicious call; this supports the CNN.""
  ],
  ""key_features"": [""max_uid_euid_delta"", ""auid_euid_mismatch"", ""exec_count"", ""euid_root"", ""uid_is_root""],
  ""agrees_with"": ""cnn""
}"
86699,3,1,T1548,1,0,0.999918818473816,0.8624513745307922,xgb_malicious_cnn_benign,MALICIOUS,1,0.93,cnn,ok,"[""Privilege state: root context with max_uid_euid_delta at p99+ and auid_euid_mismatch set -- a real identity inconsistency and privilege transition."", ""Mechanism: exec_count is elevated with euid_root/uid_is_root set but auid_euid_mismatch absent -- a classic setuid-shell escalation."", ""Behavioural anomaly: very short lifetime (p99+) and high throughput argue for a malicious process."", ""Benign-explanation test: the absence of shell_from_service and low failed_call_rate argue against a routine admin script, cron job, or health-check."", ""Decide: the escalation mechanism and high throughput outweigh XGBoost's malicious call; this supports the CNN.""]","[""max_uid_euid_delta"", ""auid_euid_mismatch"", ""exec_count"", ""euid_root"", ""uid_is_root""]","{
  ""verdict"": ""MALICIOUS"",
  ""confidence"": 0.93,
  ""rationale_steps"": [
    ""Privilege state: root context with max_uid_euid_delta at p99+ and auid_euid_mismatch set -- a real identity inconsistency and privilege transition."",
    ""Mechanism: exec_count is elevated with euid_root/uid_is_root set but auid_euid_mismatch absent -- a classic setuid-shell escalation."",
    ""Behavioural anomaly: very short lifetime (p99+) and high throughput argue for a malicious process."",
    ""Benign-explanation test: the absence of shell_from_service and low failed_call_rate argue against a routine admin script, cron job, or health-check."",
    ""Decide: the escalation mechanism and high throughput outweigh XGBoost's malicious call; this supports the CNN.""
  ],
  ""key_features"": [""max_uid_euid_delta"", ""auid_euid_mismatch"", ""exec_count"", ""euid_root"", ""uid_is_root""],
  ""agrees_with"": ""cnn""
}"
86700,3,1,T1548,1,0,0.999918818473816,0.8624513745307922,xgb_malicious_cnn_benign,MALICIOUS,1,0.93,cnn,ok,"[""Privilege state: root context with max_uid_euid_delta at p99+ and auid_euid_mismatch set -- a real identity inconsistency and privilege transition."", ""Mechanism: exec_count is elevated with euid_root/uid_is_root set but auid_euid_mismatch absent -- a classic setuid-shell escalation."", ""Behavioural anomaly: very short lifetime (p99+) and high throughput argue for a malicious process."", ""Benign-explanation test: the absence of shell_from_service and low failed_call_rate argue against a routine admin script, cron job, or health-check."", ""Decide: the escalation mechanism and high throughput outweigh XGBoost's malicious call; this supports the CNN.""]","[""max_uid_euid_delta"", ""auid_euid_mismatch"", ""exec_count"", ""euid_root"", ""uid_is_root""]","{
  ""verdict"": ""MALICIOUS"",
  ""confidence"": 0.93,
  ""rationale_steps"": [
    ""Privilege state: root context with max_uid_euid_delta at p99+ and auid_euid_mismatch set -- a real identity inconsistency and privilege transition."",
    ""Mechanism: exec_count is elevated with euid_root/uid_is_root set but auid_euid_mismatch absent -- a classic setuid-shell escalation."",
    ""Behavioural anomaly: very short lifetime (p99+) and high throughput argue for a malicious process."",
    ""Benign-explanation test: the absence of shell_from_service and low failed_call_rate argue against a routine admin script, cron job, or health-check."",
    ""Decide: the escalation mechanism and high throughput outweigh XGBoost's malicious call; this supports the CNN.""
  ],
  ""key_features"": [""max_uid_euid_delta"", ""auid_euid_mismatch"", ""exec_count"", ""euid_root"", ""uid_is_root""],
  ""agrees_with"": ""cnn""
}"
86704,3,1,T1548,1,0,0.999918818473816,0.8624513745307922,xgb_malicious_cnn_benign,MALICIOUS,1,0.93,cnn,ok,"[""Privilege state: root context with max_uid_euid_delta at p99+ and auid_euid_mismatch set -- a real identity inconsistency and privilege transition."", ""Mechanism: exec_count is elevated with euid_root/uid_is_root set but auid_euid_mismatch absent -- a classic setuid-shell escalation."", ""Behavioural anomaly: very short lifetime (p99+) and high throughput argue for a malicious process."", ""Benign-explanation test: the absence of shell_from_service and low failed_call_rate argue against a routine admin script, cron job, or health-check."", ""Decide: the escalation mechanism and high throughput outweigh XGBoost's malicious call; this supports the CNN.""]","[""max_uid_euid_delta"", ""auid_euid_mismatch"", ""exec_count"", ""euid_root"", ""uid_is_root""]","{
  ""verdict"": ""MALICIOUS"",
  ""confidence"": 0.93,
  ""rationale_steps"": [
    ""Privilege state: root context with max_uid_euid_delta at p99+ and auid_euid_mismatch set -- a real identity inconsistency and privilege transition."",
    ""Mechanism: exec_count is elevated with euid_root/uid_is_root set but auid_euid_mismatch absent -- a classic setuid-shell escalation."",
    ""Behavioural anomaly: very short lifetime (p99+) and high throughput argue for a malicious process."",
    ""Benign-explanation test: the absence of shell_from_service and low failed_call_rate argue against a routine admin script, cron job, or health-check."",
    ""Decide: the escalation mechanism and high throughput outweigh XGBoost's malicious call; this supports the CNN.""
  ],
  ""key_features"": [""max_uid_euid_delta"", ""auid_euid_mismatch"", ""exec_count"", ""euid_root"", ""uid_is_root""],
  ""agrees_with"": ""cnn""
}"
86706,3,1,T1548,1,0,0.999918818473816,0.8624513745307922,xgb_malicious_cnn_benign,MALICIOUS,1,0.93,cnn,ok,"[""Privilege state: root context with max_uid_euid_delta at p99+ and auid_euid_mismatch set -- a real identity inconsistency and privilege transition."", ""Mechanism: exec_count is elevated with euid_root/uid_is_root set but auid_euid_mismatch absent -- a classic setuid-shell escalation."", ""Behavioural anomaly: very short lifetime (p99+) and high throughput argue for a malicious process."", ""Benign-explanation test: the absence of shell_from_service and low failed_call_rate argue against a routine admin script, cron job, or health-check."", ""Decide: the escalation mechanism and high throughput outweigh XGBoost's malicious call; this supports the CNN.""]","[""max_uid_euid_delta"", ""auid_euid_mismatch"", ""exec_count"", ""euid_root"", ""uid_is_root""]","{
  ""verdict"": ""MALICIOUS"",
  ""confidence"": 0.93,
  ""rationale_steps"": [
    ""Privilege state: root context with max_uid_euid_delta at p99+ and auid_euid_mismatch set -- a real identity inconsistency and privilege transition."",
    ""Mechanism: exec_count is elevated with euid_root/uid_is_root set but auid_euid_mismatch absent -- a classic setuid-shell escalation."",
    ""Behavioural anomaly: very short lifetime (p99+) and high throughput argue for a malicious process."",
    ""Benign-explanation test: the absence of shell_from_service and low failed_call_rate argue against a routine admin script, cron job, or health-check."",
    ""Decide: the escalation mechanism and high throughput outweigh XGBoost's malicious call; this supports the CNN.""
  ],
  ""key_features"": [""max_uid_euid_delta"", ""auid_euid_mismatch"", ""exec_count"", ""euid_root"", ""uid_is_root""],
  ""agrees_with"": ""cnn""
}"
86716,3,1,T1548,1,0,0.999918818473816,0.8624513745307922,xgb_malicious_cnn_benign,MALICIOUS,1,0.93,cnn,ok,"[""Privilege state: root context with max_uid_euid_delta at p99+ and auid_euid_mismatch set -- a real identity inconsistency and privilege transition."", ""Mechanism: exec_count is elevated with euid_root/uid_is_root set but auid_euid_mismatch absent -- a classic setuid-shell escalation."", ""Behavioural anomaly: very short lifetime (p99+) and high throughput argue for a malicious process."", ""Benign-explanation test: the absence of shell_from_service and low failed_call_rate argue against a routine admin script, cron job, or health-check."", ""Decide: the escalation mechanism and high throughput outweigh XGBoost's malicious call; this supports the CNN.""]","[""max_uid_euid_delta"", ""auid_euid_mismatch"", ""exec_count"", ""euid_root"", ""uid_is_root""]","{
  ""verdict"": ""MALICIOUS"",
  ""confidence"": 0.93,
  ""rationale_steps"": [
    ""Privilege state: root context with max_uid_euid_delta at p99+ and auid_euid_mismatch set -- a real identity inconsistency and privilege transition."",
    ""Mechanism: exec_count is elevated with euid_root/uid_is_root set but auid_euid_mismatch absent -- a classic setuid-shell escalation."",
    ""Behavioural anomaly: very short lifetime (p99+) and high throughput argue for a malicious process."",
    ""Benign-explanation test: the absence of shell_from_service and low failed_call_rate argue against a routine admin script, cron job, or health-check."",
    ""Decide: the escalation mechanism and high throughput outweigh XGBoost's malicious call; this supports the CNN.""
  ],
  ""key_features"": [""max_uid_euid_delta"", ""auid_euid_mismatch"", ""exec_count"", ""euid_root"", ""uid_is_root""],
  ""agrees_with"": ""cnn""
}"
86721,3,1,T1548,1,0,0.999918818473816,0.8624513745307922,xgb_malicious_cnn_benign,MALICIOUS,1,0.93,cnn,ok,"[""Privilege state: root context with max_uid_euid_delta at p99+ and auid_euid_mismatch set -- a real identity inconsistency and privilege transition."", ""Mechanism: exec_count is elevated with euid_root/uid_is_root set but auid_euid_mismatch absent -- a classic setuid-shell escalation."", ""Behavioural anomaly: very short lifetime (p99+) and high throughput argue for a malicious process."", ""Benign-explanation test: the absence of shell_from_service and low failed_call_rate argue against a routine admin script, cron job, or health-check."", ""Decide: the escalation mechanism and high throughput outweigh XGBoost's malicious call; this supports the CNN.""]","[""max_uid_euid_delta"", ""auid_euid_mismatch"", ""exec_count"", ""euid_root"", ""uid_is_root""]","{
  ""verdict"": ""MALICIOUS"",
  ""confidence"": 0.93,
  ""rationale_steps"": [
    ""Privilege state: root context with max_uid_euid_delta at p99+ and auid_euid_mismatch set -- a real identity inconsistency and privilege transition."",
    ""Mechanism: exec_count is elevated with euid_root/uid_is_root set but auid_euid_mismatch absent -- a classic setuid-shell escalation."",
    ""Behavioural anomaly: very short lifetime (p99+) and high throughput argue for a malicious process."",
    ""Benign-explanation test: the absence of shell_from_service and low failed_call_rate argue against a routine admin script, cron job, or health-check."",
    ""Decide: the escalation mechanism and high throughput outweigh XGBoost's malicious call; this supports the CNN.""
  ],
  ""key_features"": [""max_uid_euid_delta"", ""auid_euid_mismatch"", ""exec_count"", ""euid_root"", ""uid_is_root""],
  ""agrees_with"": ""cnn""
}"
86728,3,1,T1548,1,0,0.999918818473816,0.8624513745307922,xgb_malicious_cnn_benign,MALICIOUS,1,0.93,cnn,ok,"[""Privilege state: root context with max_uid_euid_delta at p99+ and auid_euid_mismatch set -- a real identity inconsistency and privilege transition."", ""Mechanism: exec_count is elevated with euid_root/uid_is_root set but auid_euid_mismatch absent -- a classic setuid-shell escalation."", ""Behavioural anomaly: very short lifetime (p99+) and high throughput argue for a malicious process."", ""Benign-explanation test: the absence of shell_from_service and low failed_call_rate argue against a routine admin script, cron job, or health-check."", ""Decide: the escalation mechanism and high throughput outweigh XGBoost's malicious call; this supports the CNN.""]","[""max_uid_euid_delta"", ""auid_euid_mismatch"", ""exec_count"", ""euid_root"", ""uid_is_root""]","{
  ""verdict"": ""MALICIOUS"",
  ""confidence"": 0.93,
  ""rationale_steps"": [
    ""Privilege state: root context with max_uid_euid_delta at p99+ and auid_euid_mismatch set -- a real identity inconsistency and privilege transition."",
    ""Mechanism: exec_count is elevated with euid_root/uid_is_root set but auid_euid_mismatch absent -- a classic setuid-shell escalation."",
    ""Behavioural anomaly: very short lifetime (p99+) and high throughput argue for a malicious process."",
    ""Benign-explanation test: the absence of shell_from_service and low failed_call_rate argue against a routine admin script, cron job, or health-check."",
    ""Decide: the escalation mechanism and high throughput outweigh XGBoost's malicious call; this supports the CNN.""
  ],
  ""key_features"": [""max_uid_euid_delta"", ""auid_euid_mismatch"", ""exec_count"", ""euid_root"", ""uid_is_root""],
  ""agrees_with"": ""cnn""
}"
86742,3,1,T1548,1,0,0.999918818473816,0.8624513745307922,xgb_malicious_cnn_benign,MALICIOUS,1,0.93,cnn,ok,"[""Privilege state: root context with max_uid_euid_delta at p99+ and auid_euid_mismatch set -- a real identity inconsistency and privilege transition."", ""Mechanism: exec_count is elevated with euid_root/uid_is_root set but auid_euid_mismatch absent -- a classic setuid-shell escalation."", ""Behavioural anomaly: very short lifetime (p99+) and high throughput argue for a malicious process."", ""Benign-explanation test: the absence of shell_from_service and low failed_call_rate argue against a routine admin script, cron job, or health-check."", ""Decide: the escalation mechanism and high throughput outweigh XGBoost's malicious call; this supports the CNN.""]","[""max_uid_euid_delta"", ""auid_euid_mismatch"", ""exec_count"", ""euid_root"", ""uid_is_root""]","{
  ""verdict"": ""MALICIOUS"",
  ""confidence"": 0.93,
  ""rationale_steps"": [
    ""Privilege state: root context with max_uid_euid_delta at p99+ and auid_euid_mismatch set -- a real identity inconsistency and privilege transition."",
    ""Mechanism: exec_count is elevated with euid_root/uid_is_root set but auid_euid_mismatch absent -- a classic setuid-shell escalation."",
    ""Behavioural anomaly: very short lifetime (p99+) and high throughput argue for a malicious process."",
    ""Benign-explanation test: the absence of shell_from_service and low failed_call_rate argue against a routine admin script, cron job, or health-check."",
    ""Decide: the escalation mechanism and high throughput outweigh XGBoost's malicious call; this supports the CNN.""
  ],
  ""key_features"": [""max_uid_euid_delta"", ""auid_euid_mismatch"", ""exec_count"", ""euid_root"", ""uid_is_root""],
  ""agrees_with"": ""cnn""
}"
86763,3,1,T1548,1,0,0.999918818473816,0.8624513745307922,xgb_malicious_cnn_benign,MALICIOUS,1,0.93,cnn,ok,"[""Privilege state: root context with max_uid_euid_delta at p99+ and auid_euid_mismatch set -- a real identity inconsistency and privilege transition."", ""Mechanism: exec_count is elevated with euid_root/uid_is_root set but auid_euid_mismatch absent -- a classic setuid-shell escalation."", ""Behavioural anomaly: very short lifetime (p99+) and high throughput argue for a malicious process."", ""Benign-explanation test: the absence of shell_from_service and low failed_call_rate argue against a routine admin script, cron job, or health-check."", ""Decide: the escalation mechanism and high throughput outweigh XGBoost's malicious call; this supports the CNN.""]","[""max_uid_euid_delta"", ""auid_euid_mismatch"", ""exec_count"", ""euid_root"", ""uid_is_root""]","{
  ""verdict"": ""MALICIOUS"",
  ""confidence"": 0.93,
  ""rationale_steps"": [
    ""Privilege state: root context with max_uid_euid_delta at p99+ and auid_euid_mismatch set -- a real identity inconsistency and privilege transition."",
    ""Mechanism: exec_count is elevated with euid_root/uid_is_root set but auid_euid_mismatch absent -- a classic setuid-shell escalation."",
    ""Behavioural anomaly: very short lifetime (p99+) and high throughput argue for a malicious process."",
    ""Benign-explanation test: the absence of shell_from_service and low failed_call_rate argue against a routine admin script, cron job, or health-check."",
    ""Decide: the escalation mechanism and high throughput outweigh XGBoost's malicious call; this supports the CNN.""
  ],
  ""key_features"": [""max_uid_euid_delta"", ""auid_euid_mismatch"", ""exec_count"", ""euid_root"", ""uid_is_root""],
  ""agrees_with"": ""cnn""
}"
86802,3,1,T1548,1,0,0.999918818473816,0.8624513745307922,xgb_malicious_cnn_benign,MALICIOUS,1,0.93,cnn,ok,"[""Privilege state: root context with max_uid_euid_delta at p99+ and auid_euid_mismatch set -- a real identity inconsistency and privilege transition."", ""Mechanism: exec_count is elevated with euid_root/uid_is_root set but auid_euid_mismatch absent -- a classic setuid-shell escalation."", ""Behavioural anomaly: very short lifetime (p99+) and high throughput argue for a malicious process."", ""Benign-explanation test: the absence of shell_from_service and low failed_call_rate argue against a routine admin script, cron job, or health-check."", ""Decide: the escalation mechanism and high throughput outweigh XGBoost's malicious call; this supports the CNN.""]","[""max_uid_euid_delta"", ""auid_euid_mismatch"", ""exec_count"", ""euid_root"", ""uid_is_root""]","{
  ""verdict"": ""MALICIOUS"",
  ""confidence"": 0.93,
  ""rationale_steps"": [
    ""Privilege state: root context with max_uid_euid_delta at p99+ and auid_euid_mismatch set -- a real identity inconsistency and privilege transition."",
    ""Mechanism: exec_count is elevated with euid_root/uid_is_root set but auid_euid_mismatch absent -- a classic setuid-shell escalation."",
    ""Behavioural anomaly: very short lifetime (p99+) and high throughput argue for a malicious process."",
    ""Benign-explanation test: the absence of shell_from_service and low failed_call_rate argue against a routine admin script, cron job, or health-check."",
    ""Decide: the escalation mechanism and high throughput outweigh XGBoost's malicious call; this supports the CNN.""
  ],
  ""key_features"": [""max_uid_euid_delta"", ""auid_euid_mismatch"", ""exec_count"", ""euid_root"", ""uid_is_root""],
  ""agrees_with"": ""cnn""
}"
87696,2,1,T1548,0,1,0.964673638343811,0.9870211482048036,xgb_benign_cnn_malicious,MALICIOUS,1,0.99,cnn,ok,"[""Privilege state: root context with uid_is_root and euid_root set -- a clear indication of elevated privileges."", ""Mechanism: exec_count is elevated with euid_root/uid_is_root set but auid_euid_mismatch absent -- a classic setuid-shell escalation."", ""Behavioural anomaly: failed_call_rate is 1 with failed_call_count elevated -- a high rate of failed syscalls."", ""Benign-explanation test: very short lifetime (p99+) and high throughput argue against a routine admin script, cron job, or health-check."", ""Decide: the escalation mechanism and high failed_call_rate outweigh XGBoost's benign call; this supports the CNN.""]","[""uid_is_root"", ""euid_root"", ""exec_count"", ""failed_call_rate"", ""failed_call_count""]","{
  ""verdict"": ""MALICIOUS"",
  ""confidence"": 0.99,
  ""rationale_steps"": [
    ""Privilege state: root context with uid_is_root and euid_root set -- a clear indication of elevated privileges."",
    ""Mechanism: exec_count is elevated with euid_root/uid_is_root set but auid_euid_mismatch absent -- a classic setuid-shell escalation."",
    ""Behavioural anomaly: failed_call_rate is 1 with failed_call_count elevated -- a high rate of failed syscalls."",
    ""Benign-explanation test: very short lifetime (p99+) and high throughput argue against a routine admin script, cron job, or health-check."",
    ""Decide: the escalation mechanism and high failed_call_rate outweigh XGBoost's benign call; this supports the CNN.""
  ],
  ""key_features"": [""uid_is_root"", ""euid_root"", ""exec_count"", ""failed_call_rate"", ""failed_call_count""],
  ""agrees_with"": ""cnn""
}"
87809,2,1,T1548,0,1,0.964673638343811,0.9870211482048036,xgb_benign_cnn_malicious,MALICIOUS,1,0.99,cnn,ok,"[""Privilege state: root context with uid_is_root and euid_root set -- a clear indication of elevated privileges."", ""Mechanism: exec_count is elevated with euid_root/uid_is_root set but auid_euid_mismatch absent -- a classic setuid-shell escalation."", ""Behavioural anomaly: failed_call_rate is 1 with failed_call_count elevated -- a high rate of failed syscalls."", ""Benign-explanation test: very short lifetime (p99+) and high throughput argue against a routine admin script, cron job, or health-check."", ""Decide: the escalation mechanism and high failed_call_rate outweigh XGBoost's benign call; this supports the CNN.""]","[""uid_is_root"", ""euid_root"", ""exec_count"", ""failed_call_rate"", ""failed_call_count""]","{
  ""verdict"": ""MALICIOUS"",
  ""confidence"": 0.99,
  ""rationale_steps"": [
    ""Privilege state: root context with uid_is_root and euid_root set -- a clear indication of elevated privileges."",
    ""Mechanism: exec_count is elevated with euid_root/uid_is_root set but auid_euid_mismatch absent -- a classic setuid-shell escalation."",
    ""Behavioural anomaly: failed_call_rate is 1 with failed_call_count elevated -- a high rate of failed syscalls."",
    ""Benign-explanation test: very short lifetime (p99+) and high throughput argue against a routine admin script, cron job, or health-check."",
    ""Decide: the escalation mechanism and high failed_call_rate outweigh XGBoost's benign call; this supports the CNN.""
  ],
  ""key_features"": [""uid_is_root"", ""euid_root"", ""exec_count"", ""failed_call_rate"", ""failed_call_count""],
  ""agrees_with"": ""cnn""
}"
88527,3,1,T1548,1,0,0.999918818473816,0.8624439835548401,xgb_malicious_cnn_benign,MALICIOUS,1,0.93,cnn,ok,"[""Privilege state: root context with max_uid_euid_delta at p99+ and auid_euid_mismatch set -- a real identity inconsistency and privilege transition."", ""Mechanism: exec_count is elevated with euid_root/uid_is_root set but auid_euid_mismatch absent -- a classic setuid-shell escalation."", ""Behavioural anomaly: very short lifetime (p99+) and high throughput argue for a malicious process."", ""Benign-explanation test: the absence of shell_from_service and uid_is_root unset argue against a routine admin script, cron job, or health-check."", ""Decide: the escalation mechanism and high throughput outweigh XGBoost's malicious call; this supports the CNN.""]","[""lifetime_seconds"", ""unique_syscalls"", ""uid_is_root"", ""euid_root"", ""max_uid_euid_delta""]","{
  ""verdict"": ""MALICIOUS"",
  ""confidence"": 0.93,
  ""rationale_steps"": [
    ""Privilege state: root context with max_uid_euid_delta at p99+ and auid_euid_mismatch set -- a real identity inconsistency and privilege transition."",
    ""Mechanism: exec_count is elevated with euid_root/uid_is_root set but auid_euid_mismatch absent -- a classic setuid-shell escalation."",
    ""Behavioural anomaly: very short lifetime (p99+) and high throughput argue for a malicious process."",
    ""Benign-explanation test: the absence of shell_from_service and uid_is_root unset argue against a routine admin script, cron job, or health-check."",
    ""Decide: the escalation mechanism and high throughput outweigh XGBoost's malicious call; this supports the CNN.""
  ],
  ""key_features"": [""lifetime_seconds"", ""unique_syscalls"", ""uid_is_root"", ""euid_root"", ""max_uid_euid_delta""],
  ""agrees_with"": ""cnn""
}"
88548,3,1,T1548,1,0,0.999918818473816,0.8624439835548401,xgb_malicious_cnn_benign,MALICIOUS,1,0.93,cnn,ok,"[""Privilege state: root context with max_uid_euid_delta at p99+ and auid_euid_mismatch set -- a real identity inconsistency and privilege transition."", ""Mechanism: exec_count is elevated with euid_root/uid_is_root set but auid_euid_mismatch absent -- a classic setuid-shell escalation."", ""Behavioural anomaly: very short lifetime (p99+) and high throughput argue for a potential attack."", ""Benign-explanation test: the absence of shell_from_service and uid_is_root unset argue against a routine admin script, cron job, or health-check."", ""Decide: the escalation mechanism and behavioural anomalies outweigh XGBoost's malicious call; this supports the CNN.""]","[""max_uid_euid_delta"", ""auid_euid_mismatch"", ""exec_count"", ""euid_root"", ""uid_is_root""]","{
  ""verdict"": ""MALICIOUS"",
  ""confidence"": 0.93,
  ""rationale_steps"": [
    ""Privilege state: root context with max_uid_euid_delta at p99+ and auid_euid_mismatch set -- a real identity inconsistency and privilege transition."",
    ""Mechanism: exec_count is elevated with euid_root/uid_is_root set but auid_euid_mismatch absent -- a classic setuid-shell escalation."",
    ""Behavioural anomaly: very short lifetime (p99+) and high throughput argue for a potential attack."",
    ""Benign-explanation test: the absence of shell_from_service and uid_is_root unset argue against a routine admin script, cron job, or health-check."",
    ""Decide: the escalation mechanism and behavioural anomalies outweigh XGBoost's malicious call; this supports the CNN.""
  ],
  ""key_features"": [""max_uid_euid_delta"", ""auid_euid_mismatch"", ""exec_count"", ""euid_root"", ""uid_is_root""],
  ""agrees_with"": ""cnn""
}"
88562,2,1,T1548,0,1,0.9779095649719238,0.9780508279800416,xgb_benign_cnn_malicious,MALICIOUS,1,0.98,cnn,ok,"[""Privilege state: root context with auid_euid_mismatch set and euid_root/uid_is_root set -- a real identity inconsistency and privilege transition."", ""Mechanism: exec_count is elevated with euid_root/uid_is_root set but auid_euid_mismatch absent -- a classic setuid-shell escalation."", ""Behavioural anomaly: failed_call_rate is low with elevated exec_count and priv_op_count -- an unusual syscall pattern."", ""Benign-explanation test: very short lifetime (p99+) and high throughput argue against a routine admin script, cron job, or health-check."", ""Decide: the escalation mechanism and unusual syscall pattern outweigh XGBoost's benign call; this supports the CNN.""]","[""lifetime_seconds"", ""events_per_second"", ""seq_length"", ""unique_syscalls"", ""auid_euid_mismatch""]","{
  ""verdict"": ""MALICIOUS"",
  ""confidence"": 0.98,
  ""rationale_steps"": [
    ""Privilege state: root context with auid_euid_mismatch set and euid_root/uid_is_root set -- a real identity inconsistency and privilege transition."",
    ""Mechanism: exec_count is elevated with euid_root/uid_is_root set but auid_euid_mismatch absent -- a classic setuid-shell escalation."",
    ""Behavioural anomaly: failed_call_rate is low with elevated exec_count and priv_op_count -- an unusual syscall pattern."",
    ""Benign-explanation test: very short lifetime (p99+) and high throughput argue against a routine admin script, cron job, or health-check."",
    ""Decide: the escalation mechanism and unusual syscall pattern outweigh XGBoost's benign call; this supports the CNN.""
  ],
  ""key_features"": [""lifetime_seconds"", ""events_per_second"", ""seq_length"", ""unique_syscalls"", ""auid_euid_mismatch""],
  ""agrees_with"": ""cnn""
}"
88639,2,1,T1548,0,1,0.964673638343811,0.9870211482048036,xgb_benign_cnn_malicious,MALICIOUS,1,0.99,cnn,ok,"[""Privilege state: root context with uid_is_root and euid_root set -- a clear indication of elevated privileges."", ""Mechanism: exec_count is elevated with euid_root and uid_is_root set -- a classic sign of a setuid-shell escalation."", ""Behavioural anomaly: failed_call_rate is 1 with failed_call_count elevated -- a high rate of failed syscalls."", ""Benign-explanation test: very short lifetime (p99+) and high throughput argue against a routine admin script, cron job, or health-check."", ""Decide: the escalation mechanism and high failed_call_rate outweigh XGBoost's benign call; this supports the CNN.""]","[""uid_is_root"", ""euid_root"", ""exec_count"", ""failed_call_rate"", ""failed_call_count""]","{
  ""verdict"": ""MALICIOUS"",
  ""confidence"": 0.99,
  ""rationale_steps"": [
    ""Privilege state: root context with uid_is_root and euid_root set -- a clear indication of elevated privileges."",
    ""Mechanism: exec_count is elevated with euid_root and uid_is_root set -- a classic sign of a setuid-shell escalation."",
    ""Behavioural anomaly: failed_call_rate is 1 with failed_call_count elevated -- a high rate of failed syscalls."",
    ""Benign-explanation test: very short lifetime (p99+) and high throughput argue against a routine admin script, cron job, or health-check."",
    ""Decide: the escalation mechanism and high failed_call_rate outweigh XGBoost's benign call; this supports the CNN.""
  ],
  ""key_features"": [""uid_is_root"", ""euid_root"", ""exec_count"", ""failed_call_rate"", ""failed_call_count""],
  ""agrees_with"": ""cnn""
}"
89310,4,1,T1222,0,1,0.8476836681365967,0.9919057488441468,xgb_benign_cnn_malicious,MALICIOUS,1,0.99,cnn,ok,"[""Privilege state: root context with euid_root and uid_is_root set -- a real identity consistency and privilege transition."", ""Mechanism: no setuid/setgid execution, unusual exec chain, or shell spawned by a service -- no classic escalation mechanism."", ""Behavioural anomaly: high syscall throughput (events_per_second at p99+) and a long syscall sequence (seq_length at p99+) -- unusual activity."", ""Benign-explanation test: very high throughput and long syscall sequence argue against a routine admin script, cron job, or health-check."", ""Decide: the privilege transition and unusual activity outweigh XGBoost's benign call; this supports the CNN.""]","[""lifetime_seconds"", ""events_per_second"", ""seq_length"", ""unique_syscalls"", ""uid_is_root""]","{
  ""verdict"": ""MALICIOUS"",
  ""confidence"": 0.99,
  ""rationale_steps"": [
    ""Privilege state: root context with euid_root and uid_is_root set -- a real identity consistency and privilege transition."",
    ""Mechanism: no setuid/setgid execution, unusual exec chain, or shell spawned by a service -- no classic escalation mechanism."",
    ""Behavioural anomaly: high syscall throughput (events_per_second at p99+) and a long syscall sequence (seq_length at p99+) -- unusual activity."",
    ""Benign-explanation test: very high throughput and long syscall sequence argue against a routine admin script, cron job, or health-check."",
    ""Decide: the privilege transition and unusual activity outweigh XGBoost's benign call; this supports the CNN.""
  ],
  ""key_features"": [""lifetime_seconds"", ""events_per_second"", ""seq_length"", ""unique_syscalls"", ""uid_is_root""],
  ""agrees_with"": ""cnn""
}"
89317,4,1,T1222,1,0,0.9651243686676024,0.983751654624939,xgb_malicious_cnn_benign,MALICIOUS,1,0.97,xgb,ok,"[""Privilege state: no genuine UID/EUID transition or root context; euid_root and uid_is_root are unset, and max_uid_euid_delta is 0."", ""Mechanism: no setuid/setgid execution, unusual exec chain, or shell spawned by a service; is_suid_exec, exec_count, and shell_from_service are unset."", ""Behavioural anomaly: no failed-syscall rate, rare parent->child pair, ephemeral privileged process, sensitive-path access, or network activity; failed_call_rate, parent_child_rarity, ephemeral_privileged, sensitive_path_access, and network_count are all 0."", ""Benign-explanation test: very short lifetime (p99+) and high throughput argue against a routine admin script, cron job, or health-check; lifetime_seconds is 1 and events_per_second is 1."", ""Decide: the high confidence in maliciousness from XGBoost and the absence of benign indicators outweigh the CNN's benign call; this supports the XGBoost.""]","[""lifetime_seconds"", ""events_per_second"", ""seq_length"", ""unique_syscalls"", ""priv_op_count""]","{
  ""verdict"": ""MALICIOUS"",
  ""confidence"": 0.97,
  ""rationale_steps"": [
    ""Privilege state: no genuine UID/EUID transition or root context; euid_root and uid_is_root are unset, and max_uid_euid_delta is 0."",
    ""Mechanism: no setuid/setgid execution, unusual exec chain, or shell spawned by a service; is_suid_exec, exec_count, and shell_from_service are unset."",
    ""Behavioural anomaly: no failed-syscall rate, rare parent->child pair, ephemeral privileged process, sensitive-path access, or network activity; failed_call_rate, parent_child_rarity, ephemeral_privileged, sensitive_path_access, and network_count are all 0."",
    ""Benign-explanation test: very short lifetime (p99+) and high throughput argue against a routine admin script, cron job, or health-check; lifetime_seconds is 1 and events_per_second is 1."",
    ""Decide: the high confidence in maliciousness from XGBoost and the absence of benign indicators outweigh the CNN's benign call; this supports the XGBoost.""
  ],
  ""key_features"": [""lifetime_seconds"", ""events_per_second"", ""seq_length"", ""unique_syscalls"", ""priv_op_count""],
  ""agrees_with"": ""xgb""
}"
89421,3,1,T1548,1,0,0.999918818473816,0.8624513745307922,xgb_malicious_cnn_benign,MALICIOUS,1,0.93,cnn,ok,"[""Privilege state: root context with max_uid_euid_delta at p99+ and auid_euid_mismatch set -- a real identity inconsistency and privilege transition."", ""Mechanism: exec_count is elevated with euid_root/uid_is_root set but auid_euid_mismatch absent -- a classic setuid-shell escalation."", ""Behavioural anomaly: very short lifetime (p99+) and high throughput argue for a malicious process."", ""Benign-explanation test: the absence of shell_from_service and uid_is_root unset argue against a routine admin script, cron job, or health-check."", ""Decide: the escalation mechanism and behavioural anomalies outweigh XGBoost's malicious call; this supports the CNN.""]","[""max_uid_euid_delta"", ""auid_euid_mismatch"", ""exec_count"", ""euid_root"", ""uid_is_root""]","{
  ""verdict"": ""MALICIOUS"",
  ""confidence"": 0.93,
  ""rationale_steps"": [
    ""Privilege state: root context with max_uid_euid_delta at p99+ and auid_euid_mismatch set -- a real identity inconsistency and privilege transition."",
    ""Mechanism: exec_count is elevated with euid_root/uid_is_root set but auid_euid_mismatch absent -- a classic setuid-shell escalation."",
    ""Behavioural anomaly: very short lifetime (p99+) and high throughput argue for a malicious process."",
    ""Benign-explanation test: the absence of shell_from_service and uid_is_root unset argue against a routine admin script, cron job, or health-check."",
    ""Decide: the escalation mechanism and behavioural anomalies outweigh XGBoost's malicious call; this supports the CNN.""
  ],
  ""key_features"": [""max_uid_euid_delta"", ""auid_euid_mismatch"", ""exec_count"", ""euid_root"", ""uid_is_root""],
  ""agrees_with"": ""cnn""
}"
89444,2,1,T1548,0,1,0.964673638343811,0.9870211482048036,xgb_benign_cnn_malicious,MALICIOUS,1,0.99,cnn,ok,"[""Privilege state: root context with uid_is_root and euid_root set -- a clear indication of elevated privileges."", ""Mechanism: exec_count is elevated with euid_root/uid_is_root set but auid_euid_mismatch absent -- a classic setuid-shell escalation."", ""Behavioural anomaly: failed_call_rate is 1 with failed_call_count elevated -- a high rate of failed syscalls."", ""Benign-explanation test: very short lifetime (p99+) and high throughput argue against a routine admin script, cron job, or health-check."", ""Decide: the escalation mechanism and high failed_call_rate outweigh XGBoost's benign call; this supports the CNN.""]","[""uid_is_root"", ""euid_root"", ""exec_count"", ""failed_call_rate"", ""failed_call_count""]","{
  ""verdict"": ""MALICIOUS"",
  ""confidence"": 0.99,
  ""rationale_steps"": [
    ""Privilege state: root context with uid_is_root and euid_root set -- a clear indication of elevated privileges."",
    ""Mechanism: exec_count is elevated with euid_root/uid_is_root set but auid_euid_mismatch absent -- a classic setuid-shell escalation."",
    ""Behavioural anomaly: failed_call_rate is 1 with failed_call_count elevated -- a high rate of failed syscalls."",
    ""Benign-explanation test: very short lifetime (p99+) and high throughput argue against a routine admin script, cron job, or health-check."",
    ""Decide: the escalation mechanism and high failed_call_rate outweigh XGBoost's benign call; this supports the CNN.""
  ],
  ""key_features"": [""uid_is_root"", ""euid_root"", ""exec_count"", ""failed_call_rate"", ""failed_call_count""],
  ""agrees_with"": ""cnn""
}"
89603,2,0,benign,0,1,0.001278604613617,0.999983251094818,xgb_benign_cnn_malicious,MALICIOUS,1,0.95,cnn,ok,"[""Privilege state: no genuine UID/EUID transition or root context; euid_root and uid_is_root are unset, and max_uid_euid_delta is 0."", ""Mechanism: no setuid/setgid execution, unusual exec chain, or shell spawned by a service; exec_count is 0, and shell_from_service is unset."", ""Behavioural anomaly: high syscall throughput (events_per_second=1) and short lifetime (lifetime_seconds=1) are unusual for benign activity."", ""Benign-explanation test: the short lifetime and high syscall throughput argue against a routine admin script, cron job, or health-check."", ""Decide: the high syscall throughput and short lifetime outweigh XGBoost's benign call; this supports the CNN.""]","[""lifetime_seconds"", ""events_per_second"", ""seq_length"", ""unique_syscalls"", ""uid_is_root""]","{
  ""verdict"": ""MALICIOUS"",
  ""confidence"": 0.95,
  ""rationale_steps"": [
    ""Privilege state: no genuine UID/EUID transition or root context; euid_root and uid_is_root are unset, and max_uid_euid_delta is 0."",
    ""Mechanism: no setuid/setgid execution, unusual exec chain, or shell spawned by a service; exec_count is 0, and shell_from_service is unset."",
    ""Behavioural anomaly: high syscall throughput (events_per_second=1) and short lifetime (lifetime_seconds=1) are unusual for benign activity."",
    ""Benign-explanation test: the short lifetime and high syscall throughput argue against a routine admin script, cron job, or health-check."",
    ""Decide: the high syscall throughput and short lifetime outweigh XGBoost's benign call; this supports the CNN.""
  ],
  ""key_features"": [""lifetime_seconds"", ""events_per_second"", ""seq_length"", ""unique_syscalls"", ""uid_is_root""],
  ""agrees_with"": ""cnn""
}"
89646,2,0,benign,0,1,0.001278604613617,0.999983251094818,xgb_benign_cnn_malicious,MALICIOUS,1,0.99,cnn,ok,"[""Privilege state: no genuine UID/EUID transition or root context; euid_root and uid_is_root are unset, and max_uid_euid_delta is 0."", ""Mechanism: no setuid/setgid execution, unusual exec chain, or shell spawned by a service; exec_count is 0, and shell_from_service is unset."", ""Behavioural anomaly: no failed-syscall rate, rare parent->child pair, ephemeral privileged process, sensitive-path access, or network activity; failed_call_rate, parent_child_rarity, and network_count are all 0."", ""Benign-explanation test: very short lifetime (p99+) and high throughput argue against a routine admin script, cron job, or health-check; lifetime_seconds is 1, and events_per_second is 1."", ""Decide: the absence of privilege escalation mechanisms and benign-explanation test results outweigh XGBoost's benign call; this supports the CNN.""]","[""lifetime_seconds"", ""unique_syscalls"", ""uid_is_root"", ""uid_changed"", ""euid_root""]","{
  ""verdict"": ""MALICIOUS"",
  ""confidence"": 0.99,
  ""rationale_steps"": [
    ""Privilege state: no genuine UID/EUID transition or root context; euid_root and uid_is_root are unset, and max_uid_euid_delta is 0."",
    ""Mechanism: no setuid/setgid execution, unusual exec chain, or shell spawned by a service; exec_count is 0, and shell_from_service is unset."",
    ""Behavioural anomaly: no failed-syscall rate, rare parent->child pair, ephemeral privileged process, sensitive-path access, or network activity; failed_call_rate, parent_child_rarity, and network_count are all 0."",
    ""Benign-explanation test: very short lifetime (p99+) and high throughput argue against a routine admin script, cron job, or health-check; lifetime_seconds is 1, and events_per_second is 1."",
    ""Decide: the absence of privilege escalation mechanisms and benign-explanation test results outweigh XGBoost's benign call; this supports the CNN.""
  ],
  ""key_features"": [""lifetime_seconds"", ""unique_syscalls"", ""uid_is_root"", ""uid_changed"", ""euid_root""],
  ""agrees_with"": ""cnn""
}"
90172,3,1,T1548,1,0,0.999918818473816,0.8624513745307922,xgb_malicious_cnn_benign,MALICIOUS,1,0.93,cnn,ok,"[""Privilege state: root context with max_uid_euid_delta at p99+ and auid_euid_mismatch set -- a real identity inconsistency and privilege transition."", ""Mechanism: exec_count is elevated with euid_root/uid_is_root set but auid_euid_mismatch absent -- a classic setuid-shell escalation."", ""Behavioural anomaly: very short lifetime (p99+) and high throughput argue for a malicious process."", ""Benign-explanation test: the absence of shell_from_service and low failed_call_rate argue against a routine admin script, cron job, or health-check."", ""Decide: the escalation mechanism and high throughput outweigh XGBoost's malicious call; this supports the CNN.""]","[""max_uid_euid_delta"", ""auid_euid_mismatch"", ""exec_count"", ""euid_root"", ""uid_is_root""]","{
  ""verdict"": ""MALICIOUS"",
  ""confidence"": 0.93,
  ""rationale_steps"": [
    ""Privilege state: root context with max_uid_euid_delta at p99+ and auid_euid_mismatch set -- a real identity inconsistency and privilege transition."",
    ""Mechanism: exec_count is elevated with euid_root/uid_is_root set but auid_euid_mismatch absent -- a classic setuid-shell escalation."",
    ""Behavioural anomaly: very short lifetime (p99+) and high throughput argue for a malicious process."",
    ""Benign-explanation test: the absence of shell_from_service and low failed_call_rate argue against a routine admin script, cron job, or health-check."",
    ""Decide: the escalation mechanism and high throughput outweigh XGBoost's malicious call; this supports the CNN.""
  ],
  ""key_features"": [""max_uid_euid_delta"", ""auid_euid_mismatch"", ""exec_count"", ""euid_root"", ""uid_is_root""],
  ""agrees_with"": ""cnn""
}"
90261,2,1,T1548,0,1,0.964673638343811,0.9870211482048036,xgb_benign_cnn_malicious,MALICIOUS,1,0.99,cnn,ok,"[""Privilege state: root context with uid_is_root and euid_root set -- a clear indication of elevated privileges."", ""Mechanism: exec_count is elevated with euid_root/uid_is_root set but auid_euid_mismatch absent -- a classic setuid-shell escalation."", ""Behavioural anomaly: failed_call_rate is 1 with failed_call_count elevated -- a high rate of failed syscalls."", ""Benign-explanation test: very short lifetime (p99+) and high throughput argue against a routine admin script, cron job, or health-check."", ""Decide: the escalation mechanism and high failed_call_rate outweigh XGBoost's benign call; this supports the CNN.""]","[""uid_is_root"", ""euid_root"", ""exec_count"", ""failed_call_rate"", ""failed_call_count""]","{
  ""verdict"": ""MALICIOUS"",
  ""confidence"": 0.99,
  ""rationale_steps"": [
    ""Privilege state: root context with uid_is_root and euid_root set -- a clear indication of elevated privileges."",
    ""Mechanism: exec_count is elevated with euid_root/uid_is_root set but auid_euid_mismatch absent -- a classic setuid-shell escalation."",
    ""Behavioural anomaly: failed_call_rate is 1 with failed_call_count elevated -- a high rate of failed syscalls."",
    ""Benign-explanation test: very short lifetime (p99+) and high throughput argue against a routine admin script, cron job, or health-check."",
    ""Decide: the escalation mechanism and high failed_call_rate outweigh XGBoost's benign call; this supports the CNN.""
  ],
  ""key_features"": [""uid_is_root"", ""euid_root"", ""exec_count"", ""failed_call_rate"", ""failed_call_count""],
  ""agrees_with"": ""cnn""
}"
90276,4,1,T1222,1,0,0.9520105123519896,0.9857449531555176,xgb_malicious_cnn_benign,MALICIOUS,1,0.95,cnn,ok,"[""Privilege state: root context with max_uid_euid_delta at p99+ and auid_euid_mismatch set -- a real identity inconsistency and privilege transition."", ""Mechanism: priv_op_count is elevated and a shell was not spawned from a service context, but exec_count is low -- a possible setuid-shell escalation."", ""Behavioural anomaly: very short lifetime (p99+) and high throughput argue for a potential attack, but no network activity."", ""Benign-explanation test: low exec_count and no shell_from_service argue against a routine admin script, cron job, or health-check."", ""Decide: the escalation mechanism and privilege transition outweigh XGBoost's malicious call; this supports the CNN.""]","[""lifetime_seconds"", ""unique_syscalls"", ""auid_euid_mismatch"", ""priv_op_count"", ""max_uid_euid_delta""]","{
  ""verdict"": ""MALICIOUS"",
  ""confidence"": 0.95,
  ""rationale_steps"": [
    ""Privilege state: root context with max_uid_euid_delta at p99+ and auid_euid_mismatch set -- a real identity inconsistency and privilege transition."",
    ""Mechanism: priv_op_count is elevated and a shell was not spawned from a service context, but exec_count is low -- a possible setuid-shell escalation."",
    ""Behavioural anomaly: very short lifetime (p99+) and high throughput argue for a potential attack, but no network activity."",
    ""Benign-explanation test: low exec_count and no shell_from_service argue against a routine admin script, cron job, or health-check."",
    ""Decide: the escalation mechanism and privilege transition outweigh XGBoost's malicious call; this supports the CNN.""
  ],
  ""key_features"": [""lifetime_seconds"", ""unique_syscalls"", ""auid_euid_mismatch"", ""priv_op_count"", ""max_uid_euid_delta""],
  ""agrees_with"": ""cnn""
}"
90285,2,1,T1548,0,1,0.964673638343811,0.9870211482048036,xgb_benign_cnn_malicious,MALICIOUS,1,0.99,cnn,ok,"[""Privilege state: root context with uid_is_root and euid_root set -- a clear indication of elevated privileges."", ""Mechanism: exec_count is elevated with euid_root/uid_is_root set but auid_euid_mismatch absent -- a classic setuid-shell escalation."", ""Behavioural anomaly: failed_call_rate is 1 with failed_call_count elevated -- a high rate of failed syscalls."", ""Benign-explanation test: very short lifetime (p99+) and high throughput argue against a routine admin script, cron job, or health-check."", ""Decide: the escalation mechanism and high failed_call_rate outweigh XGBoost's benign call; this supports the CNN.""]","[""uid_is_root"", ""euid_root"", ""exec_count"", ""failed_call_rate"", ""failed_call_count""]","{
  ""verdict"": ""MALICIOUS"",
  ""confidence"": 0.99,
  ""rationale_steps"": [
    ""Privilege state: root context with uid_is_root and euid_root set -- a clear indication of elevated privileges."",
    ""Mechanism: exec_count is elevated with euid_root/uid_is_root set but auid_euid_mismatch absent -- a classic setuid-shell escalation."",
    ""Behavioural anomaly: failed_call_rate is 1 with failed_call_count elevated -- a high rate of failed syscalls."",
    ""Benign-explanation test: very short lifetime (p99+) and high throughput argue against a routine admin script, cron job, or health-check."",
    ""Decide: the escalation mechanism and high failed_call_rate outweigh XGBoost's benign call; this supports the CNN.""
  ],
  ""key_features"": [""uid_is_root"", ""euid_root"", ""exec_count"", ""failed_call_rate"", ""failed_call_count""],
  ""agrees_with"": ""cnn""
}"
90965,3,1,T1548,1,0,0.999918818473816,0.8624513745307922,xgb_malicious_cnn_benign,MALICIOUS,1,0.93,cnn,ok,"[""Privilege state: root context with max_uid_euid_delta at p99+ and auid_euid_mismatch set -- a real identity inconsistency and privilege transition."", ""Mechanism: exec_count is elevated with euid_root/uid_is_root set but auid_euid_mismatch absent -- a classic setuid-shell escalation."", ""Behavioural anomaly: very short lifetime (p99+) and high throughput argue for a malicious process."", ""Benign-explanation test: the absence of shell_from_service and low failed_call_rate argue against a routine admin script, cron job, or health-check."", ""Decide: the escalation mechanism and high throughput outweigh XGBoost's malicious call; this supports the CNN.""]","[""max_uid_euid_delta"", ""auid_euid_mismatch"", ""exec_count"", ""euid_root"", ""uid_is_root""]","{
  ""verdict"": ""MALICIOUS"",
  ""confidence"": 0.93,
  ""rationale_steps"": [
    ""Privilege state: root context with max_uid_euid_delta at p99+ and auid_euid_mismatch set -- a real identity inconsistency and privilege transition."",
    ""Mechanism: exec_count is elevated with euid_root/uid_is_root set but auid_euid_mismatch absent -- a classic setuid-shell escalation."",
    ""Behavioural anomaly: very short lifetime (p99+) and high throughput argue for a malicious process."",
    ""Benign-explanation test: the absence of shell_from_service and low failed_call_rate argue against a routine admin script, cron job, or health-check."",
    ""Decide: the escalation mechanism and high throughput outweigh XGBoost's malicious call; this supports the CNN.""
  ],
  ""key_features"": [""max_uid_euid_delta"", ""auid_euid_mismatch"", ""exec_count"", ""euid_root"", ""uid_is_root""],
  ""agrees_with"": ""cnn""
}"
90966,2,1,T1548,0,1,0.964673638343811,0.9870211482048036,xgb_benign_cnn_malicious,MALICIOUS,1,0.99,cnn,ok,"[""Privilege state: root context with uid_is_root and euid_root set -- a clear indication of elevated privileges."", ""Mechanism: exec_count is elevated with euid_root/uid_is_root set but auid_euid_mismatch absent -- a classic setuid-shell escalation."", ""Behavioural anomaly: failed_call_rate is 1 with failed_call_count elevated -- a high rate of failed syscalls."", ""Benign-explanation test: very short lifetime (p99+) and high throughput argue against a routine admin script, cron job, or health-check."", ""Decide: the escalation mechanism and high failed_call_rate outweigh XGBoost's benign call; this supports the CNN.""]","[""uid_is_root"", ""euid_root"", ""exec_count"", ""failed_call_rate"", ""failed_call_count""]","{
  ""verdict"": ""MALICIOUS"",
  ""confidence"": 0.99,
  ""rationale_steps"": [
    ""Privilege state: root context with uid_is_root and euid_root set -- a clear indication of elevated privileges."",
    ""Mechanism: exec_count is elevated with euid_root/uid_is_root set but auid_euid_mismatch absent -- a classic setuid-shell escalation."",
    ""Behavioural anomaly: failed_call_rate is 1 with failed_call_count elevated -- a high rate of failed syscalls."",
    ""Benign-explanation test: very short lifetime (p99+) and high throughput argue against a routine admin script, cron job, or health-check."",
    ""Decide: the escalation mechanism and high failed_call_rate outweigh XGBoost's benign call; this supports the CNN.""
  ],
  ""key_features"": [""uid_is_root"", ""euid_root"", ""exec_count"", ""failed_call_rate"", ""failed_call_count""],
  ""agrees_with"": ""cnn""
}"
90967,3,1,T1548,1,0,0.999918818473816,0.8624513745307922,xgb_malicious_cnn_benign,MALICIOUS,1,0.93,cnn,ok,"[""Privilege state: root context with max_uid_euid_delta at p99+ and auid_euid_mismatch set -- a real identity inconsistency and privilege transition."", ""Mechanism: exec_count is elevated with euid_root/uid_is_root set but auid_euid_mismatch absent -- a classic setuid-shell escalation."", ""Behavioural anomaly: very short lifetime (p99+) and high throughput argue for a malicious process."", ""Benign-explanation test: the absence of shell_from_service and low failed_call_rate argue against a routine admin script, cron job, or health-check."", ""Decide: the escalation mechanism and high throughput outweigh XGBoost's malicious call; this supports the CNN.""]","[""max_uid_euid_delta"", ""auid_euid_mismatch"", ""exec_count"", ""euid_root"", ""uid_is_root""]","{
  ""verdict"": ""MALICIOUS"",
  ""confidence"": 0.93,
  ""rationale_steps"": [
    ""Privilege state: root context with max_uid_euid_delta at p99+ and auid_euid_mismatch set -- a real identity inconsistency and privilege transition."",
    ""Mechanism: exec_count is elevated with euid_root/uid_is_root set but auid_euid_mismatch absent -- a classic setuid-shell escalation."",
    ""Behavioural anomaly: very short lifetime (p99+) and high throughput argue for a malicious process."",
    ""Benign-explanation test: the absence of shell_from_service and low failed_call_rate argue against a routine admin script, cron job, or health-check."",
    ""Decide: the escalation mechanism and high throughput outweigh XGBoost's malicious call; this supports the CNN.""
  ],
  ""key_features"": [""max_uid_euid_delta"", ""auid_euid_mismatch"", ""exec_count"", ""euid_root"", ""uid_is_root""],
  ""agrees_with"": ""cnn""
}"
91032,3,1,T1548,1,0,0.999918818473816,0.8624439835548401,xgb_malicious_cnn_benign,MALICIOUS,1,0.93,cnn,ok,"[""Privilege state: root context with max_uid_euid_delta at p99+ and auid_euid_mismatch set -- a real identity inconsistency and privilege transition."", ""Mechanism: exec_count is elevated with euid_root/uid_is_root set but auid_euid_mismatch absent -- a classic setuid-shell escalation."", ""Behavioural anomaly: very short lifetime (p99+) and high throughput argue for an anomalous process."", ""Benign-explanation test: the absence of shell_from_service and low failed_call_rate argue against a routine admin script, cron job, or health-check."", ""Decide: the escalation mechanism and anomalous behaviour outweigh XGBoost's malicious call; this supports the CNN.""]","[""max_uid_euid_delta"", ""auid_euid_mismatch"", ""exec_count"", ""euid_root"", ""uid_is_root""]","{
  ""verdict"": ""MALICIOUS"",
  ""confidence"": 0.93,
  ""rationale_steps"": [
    ""Privilege state: root context with max_uid_euid_delta at p99+ and auid_euid_mismatch set -- a real identity inconsistency and privilege transition."",
    ""Mechanism: exec_count is elevated with euid_root/uid_is_root set but auid_euid_mismatch absent -- a classic setuid-shell escalation."",
    ""Behavioural anomaly: very short lifetime (p99+) and high throughput argue for an anomalous process."",
    ""Benign-explanation test: the absence of shell_from_service and low failed_call_rate argue against a routine admin script, cron job, or health-check."",
    ""Decide: the escalation mechanism and anomalous behaviour outweigh XGBoost's malicious call; this supports the CNN.""
  ],
  ""key_features"": [""max_uid_euid_delta"", ""auid_euid_mismatch"", ""exec_count"", ""euid_root"", ""uid_is_root""],
  ""agrees_with"": ""cnn""
}"
