row_id,fold,true_label,technique,pred_xgb,pred_cnn,proba_xgb,proba_cnn,disagreement_direction,llm_verdict,llm_pred,llm_confidence,llm_agrees_with,parse_status,rationale_steps,key_features,raw
115,3,0,benign,0,1,0.6923177242279053,0.7595603466033936,xgb_benign_cnn_malicious,,-1,,,call_error,[],[],"ReadTimeout(ReadTimeoutError(""HTTPConnectionPool(host='127.0.0.1', port=12435): Read timed out. (read timeout=180)""))"
123,3,1,T1078_Valid_Accounts,0,1,0.6923177242279053,0.7595603466033936,xgb_benign_cnn_malicious,,-1,,,call_error,[],[],"ReadTimeout(ReadTimeoutError(""HTTPConnectionPool(host='127.0.0.1', port=12435): Read timed out. (read timeout=180)""))"
575,3,1,T1078_Valid_Accounts,0,1,0.6923177242279053,0.7595603466033936,xgb_benign_cnn_malicious,,-1,,,call_error,[],[],"ReadTimeout(ReadTimeoutError(""HTTPConnectionPool(host='127.0.0.1', port=12435): Read timed out. (read timeout=180)""))"
697,3,0,benign,0,1,0.6923177242279053,0.7595603466033936,xgb_benign_cnn_malicious,,-1,,,call_error,[],[],"ReadTimeout(ReadTimeoutError(""HTTPConnectionPool(host='127.0.0.1', port=12435): Read timed out. (read timeout=180)""))"
1300,4,0,benign,0,1,0.4733957052230835,0.7111262083053589,xgb_benign_cnn_malicious,,-1,,,call_error,[],[],"ReadTimeout(ReadTimeoutError(""HTTPConnectionPool(host='127.0.0.1', port=12435): Read timed out. (read timeout=180)""))"
1438,3,1,T1078_Valid_Accounts,0,1,0.6923177242279053,0.7595603466033936,xgb_benign_cnn_malicious,MALICIOUS,1,0.83,cnn,ok,"[""Privilege state: uid_is_root and euid_root are both set, indicating a root context."", ""Mechanism: is_suid_exec is not set, but the combination of uid_is_root and euid_root suggests a privilege escalation attempt."", ""Behavioural anomaly: unique_syscalls is high, indicating a novel syscall pattern, and ephemeral_privileged is set, suggesting a short-lived privileged process."", ""Benign-explanation test: the short lifetime and high throughput do not strongly suggest a routine admin script or health-check."", ""Decide: the combination of privilege escalation indicators and novel syscall pattern outweighs XGBoost's benign call; this supports the CNN.""]","[""uid_is_root"", ""euid_root"", ""unique_syscalls"", ""ephemeral_privileged"", ""max_uid_euid_delta""]","{
  ""verdict"": ""MALICIOUS"",
  ""confidence"": 0.83,
  ""rationale_steps"": [
    ""Privilege state: uid_is_root and euid_root are both set, indicating a root context."",
    ""Mechanism: is_suid_exec is not set, but the combination of uid_is_root and euid_root suggests a privilege escalation attempt."",
    ""Behavioural anomaly: unique_syscalls is high, indicating a novel syscall pattern, and ephemeral_privileged is set, suggesting a short-lived privileged process."",
    ""Benign-explanation test: the short lifetime and high throughput do not strongly suggest a routine admin script or health-check."",
    ""Decide: the combination of privilege escalation indicators and novel syscall pattern outweighs XGBoost's benign call; this supports the CNN.""
  ],
  ""key_features"": [""uid_is_root"", ""euid_root"", ""unique_syscalls"", ""ephemeral_privileged"", ""max_uid_euid_delta""],
  ""agrees_with"": ""cnn""
}"
2127,3,1,T1078_Valid_Accounts,0,1,0.3220290243625641,0.5545240044593811,xgb_benign_cnn_malicious,MALICIOUS,1,0.83,cnn,ok,"[""Privilege state: uid_is_root and euid_root are both set, indicating a genuine root context."", ""Mechanism: is_suid_exec is not set, but the combination of uid_is_root, euid_root, and auid_euid_mismatch suggests a privilege escalation attempt."", ""Behavioural anomaly: ephemeral_privileged is set, indicating a short-lived process that held privilege, and file_access_count is low, suggesting a focused attack."", ""Benign-explanation test: the short lifetime and lack of throughput argue against a routine admin script, cron job, or health-check."", ""Decide: the combination of privilege escalation indicators and behavioural anomalies outweighs XGBoost's benign call; this supports the CNN.""]","[""uid_is_root"", ""euid_root"", ""auid_euid_mismatch"", ""ephemeral_privileged"", ""priv_op_count""]","{
  ""verdict"": ""MALICIOUS"",
  ""confidence"": 0.83,
  ""rationale_steps"": [
    ""Privilege state: uid_is_root and euid_root are both set, indicating a genuine root context."",
    ""Mechanism: is_suid_exec is not set, but the combination of uid_is_root, euid_root, and auid_euid_mismatch suggests a privilege escalation attempt."",
    ""Behavioural anomaly: ephemeral_privileged is set, indicating a short-lived process that held privilege, and file_access_count is low, suggesting a focused attack."",
    ""Benign-explanation test: the short lifetime and lack of throughput argue against a routine admin script, cron job, or health-check."",
    ""Decide: the combination of privilege escalation indicators and behavioural anomalies outweighs XGBoost's benign call; this supports the CNN.""
  ],
  ""key_features"": [""uid_is_root"", ""euid_root"", ""auid_euid_mismatch"", ""ephemeral_privileged"", ""priv_op_count""],
  ""agrees_with"": ""cnn""
}"
2748,3,0,benign,0,1,0.6923177242279053,0.7595603466033936,xgb_benign_cnn_malicious,MALICIOUS,1,0.83,cnn,ok,"[""Privilege state: uid_is_root and euid_root are both set, indicating a root context."", ""Mechanism: is_suid_exec is not set, but the combination of uid_is_root and euid_root suggests a privilege escalation attempt."", ""Behavioural anomaly: unique_syscalls is high, indicating a novel syscall pattern, and ephemeral_privileged is set, suggesting a short-lived privileged process."", ""Benign-explanation test: the short lifetime and high throughput do not strongly suggest a routine admin script or health-check."", ""Decide: the combination of privilege escalation indicators and novel syscall pattern outweighs XGBoost's benign call; this supports the CNN.""]","[""uid_is_root"", ""euid_root"", ""unique_syscalls"", ""ephemeral_privileged"", ""max_uid_euid_delta""]","{
  ""verdict"": ""MALICIOUS"",
  ""confidence"": 0.83,
  ""rationale_steps"": [
    ""Privilege state: uid_is_root and euid_root are both set, indicating a root context."",
    ""Mechanism: is_suid_exec is not set, but the combination of uid_is_root and euid_root suggests a privilege escalation attempt."",
    ""Behavioural anomaly: unique_syscalls is high, indicating a novel syscall pattern, and ephemeral_privileged is set, suggesting a short-lived privileged process."",
    ""Benign-explanation test: the short lifetime and high throughput do not strongly suggest a routine admin script or health-check."",
    ""Decide: the combination of privilege escalation indicators and novel syscall pattern outweighs XGBoost's benign call; this supports the CNN.""
  ],
  ""key_features"": [""uid_is_root"", ""euid_root"", ""unique_syscalls"", ""ephemeral_privileged"", ""max_uid_euid_delta""],
  ""agrees_with"": ""cnn""
}"
3028,3,1,T1078_Valid_Accounts,0,1,0.6923177242279053,0.7595603466033936,xgb_benign_cnn_malicious,MALICIOUS,1,0.83,cnn,ok,"[""Privilege state: uid_is_root and euid_root are both set, indicating a root context."", ""Mechanism: is_suid_exec is not set, but the combination of uid_is_root and euid_root suggests a privilege escalation attempt."", ""Behavioural anomaly: unique_syscalls is high, indicating a novel syscall pattern, and ephemeral_privileged is set, suggesting a short-lived privileged process."", ""Benign-explanation test: the short lifetime and high throughput do not strongly suggest a routine admin script or health-check."", ""Decide: the combination of privilege escalation indicators and novel syscall pattern outweighs XGBoost's benign call; this supports the CNN.""]","[""uid_is_root"", ""euid_root"", ""unique_syscalls"", ""ephemeral_privileged"", ""max_uid_euid_delta""]","{
  ""verdict"": ""MALICIOUS"",
  ""confidence"": 0.83,
  ""rationale_steps"": [
    ""Privilege state: uid_is_root and euid_root are both set, indicating a root context."",
    ""Mechanism: is_suid_exec is not set, but the combination of uid_is_root and euid_root suggests a privilege escalation attempt."",
    ""Behavioural anomaly: unique_syscalls is high, indicating a novel syscall pattern, and ephemeral_privileged is set, suggesting a short-lived privileged process."",
    ""Benign-explanation test: the short lifetime and high throughput do not strongly suggest a routine admin script or health-check."",
    ""Decide: the combination of privilege escalation indicators and novel syscall pattern outweighs XGBoost's benign call; this supports the CNN.""
  ],
  ""key_features"": [""uid_is_root"", ""euid_root"", ""unique_syscalls"", ""ephemeral_privileged"", ""max_uid_euid_delta""],
  ""agrees_with"": ""cnn""
}"
3358,4,0,benign,0,1,0.6893975138664246,0.974606454372406,xgb_benign_cnn_malicious,MALICIOUS,1,0.93,cnn,ok,"[""Privilege state: uid_is_root and euid_root are both set, indicating a root context."", ""Mechanism: is_suid_exec is not set, but the high syscall throughput and distinct syscall types used suggest a privilege escalation attempt."", ""Behavioural anomaly: the process has a high syscall throughput, a long syscall sequence, and a large number of distinct syscall types used, indicating a novel and potentially malicious activity."", ""Benign-explanation test: the short lifetime and high syscall throughput make it unlikely to be a routine admin script, cron job, or health-check."", ""Decide: the evidence supports CNN's call, as the process has a root context, high syscall throughput, and a large number of distinct syscall types used, indicating a privilege escalation attempt.""]","[""events_per_second"", ""seq_length"", ""unique_syscalls"", ""uid_is_root"", ""euid_root""]","{
  ""verdict"": ""MALICIOUS"",
  ""confidence"": 0.93,
  ""rationale_steps"": [
    ""Privilege state: uid_is_root and euid_root are both set, indicating a root context."",
    ""Mechanism: is_suid_exec is not set, but the high syscall throughput and distinct syscall types used suggest a privilege escalation attempt."",
    ""Behavioural anomaly: the process has a high syscall throughput, a long syscall sequence, and a large number of distinct syscall types used, indicating a novel and potentially malicious activity."",
    ""Benign-explanation test: the short lifetime and high syscall throughput make it unlikely to be a routine admin script, cron job, or health-check."",
    ""Decide: the evidence supports CNN's call, as the process has a root context, high syscall throughput, and a large number of distinct syscall types used, indicating a privilege escalation attempt.""
  ],
  ""key_features"": [""events_per_second"", ""seq_length"", ""unique_syscalls"", ""uid_is_root"", ""euid_root""],
  ""agrees_with"": ""cnn""
}"
4911,3,1,T1078_Valid_Accounts,0,1,0.46803539991378784,0.5545594096183777,xgb_benign_cnn_malicious,MALICIOUS,1,0.83,cnn,ok,"[""Privilege state: uid_is_root and euid_root are both set, indicating a root context."", ""Mechanism: is_suid_exec is not set, but auid_euid_mismatch and ephemeral_privileged are, suggesting a privilege escalation attempt."", ""Behavioural anomaly: max_uid_euid_delta is low, indicating no large privilege transition, but auid_euid_mismatch is set, indicating an identity inconsistency."", ""Benign-explanation test: the short-lived process with privilege and identity inconsistency does not match the profile of a routine admin script or health-check."", ""Decide: the evidence supports CNN's call, as the privilege escalation attempt and identity inconsistency outweigh XGBoost's benign call.""]","[""uid_is_root"", ""euid_root"", ""auid_euid_mismatch"", ""ephemeral_privileged"", ""max_uid_euid_delta""]","{
  ""verdict"": ""MALICIOUS"",
  ""confidence"": 0.83,
  ""rationale_steps"": [
    ""Privilege state: uid_is_root and euid_root are both set, indicating a root context."",
    ""Mechanism: is_suid_exec is not set, but auid_euid_mismatch and ephemeral_privileged are, suggesting a privilege escalation attempt."",
    ""Behavioural anomaly: max_uid_euid_delta is low, indicating no large privilege transition, but auid_euid_mismatch is set, indicating an identity inconsistency."",
    ""Benign-explanation test: the short-lived process with privilege and identity inconsistency does not match the profile of a routine admin script or health-check."",
    ""Decide: the evidence supports CNN's call, as the privilege escalation attempt and identity inconsistency outweigh XGBoost's benign call.""
  ],
  ""key_features"": [""uid_is_root"", ""euid_root"", ""auid_euid_mismatch"", ""ephemeral_privileged"", ""max_uid_euid_delta""],
  ""agrees_with"": ""cnn""
}"
5351,3,1,T1078_Valid_Accounts,0,1,0.6923177242279053,0.7595603466033936,xgb_benign_cnn_malicious,MALICIOUS,1,0.83,cnn,ok,"[""Privilege state: uid_is_root and euid_root are both set, indicating a root context."", ""Mechanism: is_suid_exec is not set, but the combination of uid_is_root and euid_root suggests a privilege escalation attempt."", ""Behavioural anomaly: unique_syscalls is high, indicating a novel syscall pattern, and ephemeral_privileged is set, suggesting a short-lived privileged process."", ""Benign-explanation test: the short lifetime and high throughput do not strongly suggest a routine admin script or health-check."", ""Decide: the combination of privilege escalation indicators and novel syscall pattern outweighs XGBoost's benign call; this supports the CNN.""]","[""uid_is_root"", ""euid_root"", ""unique_syscalls"", ""ephemeral_privileged"", ""max_uid_euid_delta""]","{
  ""verdict"": ""MALICIOUS"",
  ""confidence"": 0.83,
  ""rationale_steps"": [
    ""Privilege state: uid_is_root and euid_root are both set, indicating a root context."",
    ""Mechanism: is_suid_exec is not set, but the combination of uid_is_root and euid_root suggests a privilege escalation attempt."",
    ""Behavioural anomaly: unique_syscalls is high, indicating a novel syscall pattern, and ephemeral_privileged is set, suggesting a short-lived privileged process."",
    ""Benign-explanation test: the short lifetime and high throughput do not strongly suggest a routine admin script or health-check."",
    ""Decide: the combination of privilege escalation indicators and novel syscall pattern outweighs XGBoost's benign call; this supports the CNN.""
  ],
  ""key_features"": [""uid_is_root"", ""euid_root"", ""unique_syscalls"", ""ephemeral_privileged"", ""max_uid_euid_delta""],
  ""agrees_with"": ""cnn""
}"
5679,3,0,benign,0,1,0.6607770323753357,0.6625580787658691,xgb_benign_cnn_malicious,BENIGN,0,0.83,xgb,ok,"[""Privilege state: uid_is_root and euid_root are both set, but max_uid_euid_delta is 0, indicating no genuine UID/EUID transition."", ""Mechanism: is_suid_exec is 0, and there's no unusual exec chain or shell spawned by a service."", ""Behavioural anomaly: ephemeral_privileged is set, but network_count is 0, and there's no sensitive-path access."", ""Benign-explanation test: the process has a high throughput (uid_is_root and euid_root) and a short lifetime, consistent with a routine admin script or health-check."", ""Decide: the evidence supports XGBoost's benign call, as there's no clear escalation mechanism or behavioural anomaly.""]","[""uid_is_root"", ""euid_root"", ""max_uid_euid_delta"", ""is_suid_exec"", ""ephemeral_privileged""]","{
  ""verdict"": ""BENIGN"",
  ""confidence"": 0.83,
  ""rationale_steps"": [
    ""Privilege state: uid_is_root and euid_root are both set, but max_uid_euid_delta is 0, indicating no genuine UID/EUID transition."",
    ""Mechanism: is_suid_exec is 0, and there's no unusual exec chain or shell spawned by a service."",
    ""Behavioural anomaly: ephemeral_privileged is set, but network_count is 0, and there's no sensitive-path access."",
    ""Benign-explanation test: the process has a high throughput (uid_is_root and euid_root) and a short lifetime, consistent with a routine admin script or health-check."",
    ""Decide: the evidence supports XGBoost's benign call, as there's no clear escalation mechanism or behavioural anomaly.""
  ],
  ""key_features"": [""uid_is_root"", ""euid_root"", ""max_uid_euid_delta"", ""is_suid_exec"", ""ephemeral_privileged""],
  ""agrees_with"": ""xgb""
}"
5947,3,0,benign,0,1,0.6923177242279053,0.7595603466033936,xgb_benign_cnn_malicious,MALICIOUS,1,0.83,cnn,ok,"[""Privilege state: uid_is_root and euid_root are both set, indicating a root context."", ""Mechanism: is_suid_exec is not set, but the combination of uid_is_root and euid_root suggests a privilege escalation attempt."", ""Behavioural anomaly: unique_syscalls is high, indicating a novel syscall pattern, and ephemeral_privileged is set, suggesting a short-lived privileged process."", ""Benign-explanation test: the short lifetime and high throughput do not strongly suggest a routine admin script or health-check."", ""Decide: the combination of privilege escalation indicators and novel syscall pattern outweighs XGBoost's benign call; this supports the CNN.""]","[""uid_is_root"", ""euid_root"", ""unique_syscalls"", ""ephemeral_privileged"", ""max_uid_euid_delta""]","{
  ""verdict"": ""MALICIOUS"",
  ""confidence"": 0.83,
  ""rationale_steps"": [
    ""Privilege state: uid_is_root and euid_root are both set, indicating a root context."",
    ""Mechanism: is_suid_exec is not set, but the combination of uid_is_root and euid_root suggests a privilege escalation attempt."",
    ""Behavioural anomaly: unique_syscalls is high, indicating a novel syscall pattern, and ephemeral_privileged is set, suggesting a short-lived privileged process."",
    ""Benign-explanation test: the short lifetime and high throughput do not strongly suggest a routine admin script or health-check."",
    ""Decide: the combination of privilege escalation indicators and novel syscall pattern outweighs XGBoost's benign call; this supports the CNN.""
  ],
  ""key_features"": [""uid_is_root"", ""euid_root"", ""unique_syscalls"", ""ephemeral_privileged"", ""max_uid_euid_delta""],
  ""agrees_with"": ""cnn""
}"
6362,3,1,T1078_Valid_Accounts,0,1,0.6923177242279053,0.7595603466033936,xgb_benign_cnn_malicious,MALICIOUS,1,0.83,cnn,ok,"[""Privilege state: uid_is_root and euid_root are both set, indicating a root context."", ""Mechanism: is_suid_exec is not set, but the combination of uid_is_root and euid_root suggests a privilege escalation attempt."", ""Behavioural anomaly: unique_syscalls is high, indicating a novel syscall pattern, and ephemeral_privileged is set, suggesting a short-lived privileged process."", ""Benign-explanation test: the short lifetime and high throughput do not strongly suggest a routine admin script or health-check."", ""Decide: the combination of privilege escalation indicators and novel syscall pattern outweighs XGBoost's benign call; this supports the CNN.""]","[""uid_is_root"", ""euid_root"", ""unique_syscalls"", ""ephemeral_privileged"", ""max_uid_euid_delta""]","{
  ""verdict"": ""MALICIOUS"",
  ""confidence"": 0.83,
  ""rationale_steps"": [
    ""Privilege state: uid_is_root and euid_root are both set, indicating a root context."",
    ""Mechanism: is_suid_exec is not set, but the combination of uid_is_root and euid_root suggests a privilege escalation attempt."",
    ""Behavioural anomaly: unique_syscalls is high, indicating a novel syscall pattern, and ephemeral_privileged is set, suggesting a short-lived privileged process."",
    ""Benign-explanation test: the short lifetime and high throughput do not strongly suggest a routine admin script or health-check."",
    ""Decide: the combination of privilege escalation indicators and novel syscall pattern outweighs XGBoost's benign call; this supports the CNN.""
  ],
  ""key_features"": [""uid_is_root"", ""euid_root"", ""unique_syscalls"", ""ephemeral_privileged"", ""max_uid_euid_delta""],
  ""agrees_with"": ""cnn""
}"
6383,3,1,T1078_Valid_Accounts,0,1,0.45945414900779724,0.5329562425613403,xgb_benign_cnn_malicious,MALICIOUS,1,0.83,cnn,ok,"[""Privilege state: uid_is_root and euid_root are both set, indicating a root context."", ""Mechanism: is_suid_exec is not set, but the presence of uid_is_root and euid_root suggests a privilege escalation attempt."", ""Behavioural anomaly: failed_call_rate is high, indicating a potential anomaly in system call behavior."", ""Benign-explanation test: the short-lived, privileged process with high failed_call_rate does not match the profile of a routine admin script or health-check."", ""Decide: the presence of uid_is_root and euid_root, combined with the high failed_call_rate, supports the CNN's call over XGBoost's benign call.""]","[""uid_is_root"", ""euid_root"", ""max_uid_euid_delta"", ""failed_call_rate"", ""ephemeral_privileged""]","{
  ""verdict"": ""MALICIOUS"",
  ""confidence"": 0.83,
  ""rationale_steps"": [
    ""Privilege state: uid_is_root and euid_root are both set, indicating a root context."",
    ""Mechanism: is_suid_exec is not set, but the presence of uid_is_root and euid_root suggests a privilege escalation attempt."",
    ""Behavioural anomaly: failed_call_rate is high, indicating a potential anomaly in system call behavior."",
    ""Benign-explanation test: the short-lived, privileged process with high failed_call_rate does not match the profile of a routine admin script or health-check."",
    ""Decide: the presence of uid_is_root and euid_root, combined with the high failed_call_rate, supports the CNN's call over XGBoost's benign call.""
  ],
  ""key_features"": [""uid_is_root"", ""euid_root"", ""max_uid_euid_delta"", ""failed_call_rate"", ""ephemeral_privileged""],
  ""agrees_with"": ""cnn""
}"
6415,4,1,T1078_Valid_Accounts,0,1,0.39235103130340576,0.839806318283081,xgb_benign_cnn_malicious,MALICIOUS,1,0.92,cnn,ok,"[""Privilege state: uid_is_root and euid_root are both set, indicating a genuine root context."", ""Mechanism: is_suid_exec is not set, but the combination of uid_is_root, euid_root, and auid_euid_mismatch suggests a privilege escalation attempt."", ""Behavioural anomaly: failed_call_count is high, indicating a potential privilege escalation attempt."", ""Benign-explanation test: the short lifetime and high syscall throughput make it unlikely to be a routine admin script or health-check."", ""Decide: the combination of privilege escalation indicators and behavioural anomalies outweighs XGBoost's benign call; this supports the CNN.""]","[""uid_is_root"", ""euid_root"", ""auid_euid_mismatch"", ""failed_call_count"", ""seq_length""]","{
  ""verdict"": ""MALICIOUS"",
  ""confidence"": 0.92,
  ""rationale_steps"": [
    ""Privilege state: uid_is_root and euid_root are both set, indicating a genuine root context."",
    ""Mechanism: is_suid_exec is not set, but the combination of uid_is_root, euid_root, and auid_euid_mismatch suggests a privilege escalation attempt."",
    ""Behavioural anomaly: failed_call_count is high, indicating a potential privilege escalation attempt."",
    ""Benign-explanation test: the short lifetime and high syscall throughput make it unlikely to be a routine admin script or health-check."",
    ""Decide: the combination of privilege escalation indicators and behavioural anomalies outweighs XGBoost's benign call; this supports the CNN.""
  ],
  ""key_features"": [""uid_is_root"", ""euid_root"", ""auid_euid_mismatch"", ""failed_call_count"", ""seq_length""],
  ""agrees_with"": ""cnn""
}"
7521,4,0,benign,0,1,0.4733957052230835,0.7111262083053589,xgb_benign_cnn_malicious,MALICIOUS,1,0.83,cnn,ok,"[""Privilege state: uid_is_root and euid_root are both set, indicating a root context."", ""Mechanism: is_suid_exec is not set, but auid_euid_mismatch and ephemeral_privileged are, suggesting a privilege escalation attempt."", ""Behavioural anomaly: failed_call_rate is high, indicating a high rate of failed syscalls, and priv_op_count is low, suggesting a lack of privileged operations."", ""Benign-explanation test: the short lifetime and high failed_call_rate make it unlikely to be a routine admin script or health-check."", ""Decide: the evidence supports CNN's call, despite XGBoost's benign prediction.""]","[""uid_is_root"", ""euid_root"", ""auid_euid_mismatch"", ""ephemeral_privileged"", ""failed_call_rate""]","{
  ""verdict"": ""MALICIOUS"",
  ""confidence"": 0.83,
  ""rationale_steps"": [
    ""Privilege state: uid_is_root and euid_root are both set, indicating a root context."",
    ""Mechanism: is_suid_exec is not set, but auid_euid_mismatch and ephemeral_privileged are, suggesting a privilege escalation attempt."",
    ""Behavioural anomaly: failed_call_rate is high, indicating a high rate of failed syscalls, and priv_op_count is low, suggesting a lack of privileged operations."",
    ""Benign-explanation test: the short lifetime and high failed_call_rate make it unlikely to be a routine admin script or health-check."",
    ""Decide: the evidence supports CNN's call, despite XGBoost's benign prediction.""
  ],
  ""key_features"": [""uid_is_root"", ""euid_root"", ""auid_euid_mismatch"", ""ephemeral_privileged"", ""failed_call_rate""],
  ""agrees_with"": ""cnn""
}"
8818,3,1,T1078_Valid_Accounts,0,1,0.6923177242279053,0.7595603466033936,xgb_benign_cnn_malicious,MALICIOUS,1,0.83,cnn,ok,"[""Privilege state: uid_is_root and euid_root are both set, indicating a root context."", ""Mechanism: is_suid_exec is not set, but the combination of uid_is_root and euid_root suggests a privilege escalation attempt."", ""Behavioural anomaly: unique_syscalls is high, indicating a novel syscall pattern, and ephemeral_privileged is set, suggesting a short-lived privileged process."", ""Benign-explanation test: the short lifetime and high throughput do not strongly suggest a routine admin script or health-check."", ""Decide: the combination of privilege escalation indicators and novel syscall pattern outweighs XGBoost's benign call; this supports the CNN.""]","[""uid_is_root"", ""euid_root"", ""unique_syscalls"", ""ephemeral_privileged"", ""max_uid_euid_delta""]","{
  ""verdict"": ""MALICIOUS"",
  ""confidence"": 0.83,
  ""rationale_steps"": [
    ""Privilege state: uid_is_root and euid_root are both set, indicating a root context."",
    ""Mechanism: is_suid_exec is not set, but the combination of uid_is_root and euid_root suggests a privilege escalation attempt."",
    ""Behavioural anomaly: unique_syscalls is high, indicating a novel syscall pattern, and ephemeral_privileged is set, suggesting a short-lived privileged process."",
    ""Benign-explanation test: the short lifetime and high throughput do not strongly suggest a routine admin script or health-check."",
    ""Decide: the combination of privilege escalation indicators and novel syscall pattern outweighs XGBoost's benign call; this supports the CNN.""
  ],
  ""key_features"": [""uid_is_root"", ""euid_root"", ""unique_syscalls"", ""ephemeral_privileged"", ""max_uid_euid_delta""],
  ""agrees_with"": ""cnn""
}"
8835,1,0,benign,0,1,0.5205070972442627,0.9998888969421387,xgb_benign_cnn_malicious,MALICIOUS,1,0.92,cnn,ok,"[""Privilege state: uid_is_root and euid_root are both set, indicating a root context."", ""Mechanism: is_suid_exec is not set, but the process has a high seq_length and unique_syscalls, suggesting a complex and potentially malicious exec chain."", ""Behavioural anomaly: uid_changed and ephemeral_privileged are both set, indicating a short-lived process with a privilege transition."", ""Benign-explanation test: the short lifetime and high syscall throughput make it unlikely to be a routine admin script or health-check."", ""Decide: the combination of a root context, complex exec chain, and privilege transition outweighs XGBoost's benign call; this supports the CNN.""]","[""seq_length"", ""unique_syscalls"", ""uid_is_root"", ""uid_changed"", ""euid_root""]","{
  ""verdict"": ""MALICIOUS"",
  ""confidence"": 0.92,
  ""rationale_steps"": [
    ""Privilege state: uid_is_root and euid_root are both set, indicating a root context."",
    ""Mechanism: is_suid_exec is not set, but the process has a high seq_length and unique_syscalls, suggesting a complex and potentially malicious exec chain."",
    ""Behavioural anomaly: uid_changed and ephemeral_privileged are both set, indicating a short-lived process with a privilege transition."",
    ""Benign-explanation test: the short lifetime and high syscall throughput make it unlikely to be a routine admin script or health-check."",
    ""Decide: the combination of a root context, complex exec chain, and privilege transition outweighs XGBoost's benign call; this supports the CNN.""
  ],
  ""key_features"": [""seq_length"", ""unique_syscalls"", ""uid_is_root"", ""uid_changed"", ""euid_root""],
  ""agrees_with"": ""cnn""
}"
9051,1,0,benign,0,1,0.6505191326141357,0.9997227191925049,xgb_benign_cnn_malicious,MALICIOUS,1,0.83,cnn,ok,"[""Privilege state: uid_is_root and euid_root are both set, indicating a root context."", ""Mechanism: is_suid_exec is not set, but the combination of uid_is_root, euid_root, and uid_changed suggests a privilege escalation attempt."", ""Behavioural anomaly: failed_call_count is high, indicating a potential privilege escalation attempt."", ""Benign-explanation test: the short lifetime and high syscall throughput make it unlikely to be a routine admin script or health-check."", ""Decide: the combination of privilege escalation indicators and behavioural anomalies supports CNN's call over XGBoost's.""]","[""seq_length"", ""unique_syscalls"", ""uid_is_root"", ""uid_changed"", ""euid_root""]","{
  ""verdict"": ""MALICIOUS"",
  ""confidence"": 0.83,
  ""rationale_steps"": [
    ""Privilege state: uid_is_root and euid_root are both set, indicating a root context."",
    ""Mechanism: is_suid_exec is not set, but the combination of uid_is_root, euid_root, and uid_changed suggests a privilege escalation attempt."",
    ""Behavioural anomaly: failed_call_count is high, indicating a potential privilege escalation attempt."",
    ""Benign-explanation test: the short lifetime and high syscall throughput make it unlikely to be a routine admin script or health-check."",
    ""Decide: the combination of privilege escalation indicators and behavioural anomalies supports CNN's call over XGBoost's.""
  ],
  ""key_features"": [""seq_length"", ""unique_syscalls"", ""uid_is_root"", ""uid_changed"", ""euid_root""],
  ""agrees_with"": ""cnn""
}"
9143,3,1,T1078_Valid_Accounts,0,1,0.6923177242279053,0.7595603466033936,xgb_benign_cnn_malicious,MALICIOUS,1,0.83,cnn,ok,"[""Privilege state: uid_is_root and euid_root are both set, indicating a root context."", ""Mechanism: is_suid_exec is not set, but the combination of uid_is_root and euid_root suggests a privilege escalation attempt."", ""Behavioural anomaly: unique_syscalls is high, indicating a novel syscall pattern, and ephemeral_privileged is set, suggesting a short-lived privileged process."", ""Benign-explanation test: the short lifetime and high throughput do not strongly suggest a routine admin script or health-check."", ""Decide: the combination of privilege escalation indicators and novel syscall pattern outweighs XGBoost's benign call; this supports the CNN.""]","[""uid_is_root"", ""euid_root"", ""unique_syscalls"", ""ephemeral_privileged"", ""max_uid_euid_delta""]","{
  ""verdict"": ""MALICIOUS"",
  ""confidence"": 0.83,
  ""rationale_steps"": [
    ""Privilege state: uid_is_root and euid_root are both set, indicating a root context."",
    ""Mechanism: is_suid_exec is not set, but the combination of uid_is_root and euid_root suggests a privilege escalation attempt."",
    ""Behavioural anomaly: unique_syscalls is high, indicating a novel syscall pattern, and ephemeral_privileged is set, suggesting a short-lived privileged process."",
    ""Benign-explanation test: the short lifetime and high throughput do not strongly suggest a routine admin script or health-check."",
    ""Decide: the combination of privilege escalation indicators and novel syscall pattern outweighs XGBoost's benign call; this supports the CNN.""
  ],
  ""key_features"": [""uid_is_root"", ""euid_root"", ""unique_syscalls"", ""ephemeral_privileged"", ""max_uid_euid_delta""],
  ""agrees_with"": ""cnn""
}"
9698,3,1,T1078_Valid_Accounts,0,1,0.46803539991378784,0.5545594096183777,xgb_benign_cnn_malicious,MALICIOUS,1,0.83,cnn,ok,"[""Privilege state: uid_is_root and euid_root are both set, indicating a root context."", ""Mechanism: is_suid_exec is not set, but auid_euid_mismatch and ephemeral_privileged are, suggesting a privilege escalation attempt."", ""Behavioural anomaly: max_uid_euid_delta is low, indicating no large privilege transition, but auid_euid_mismatch is set, indicating an identity inconsistency."", ""Benign-explanation test: the short-lived process with privilege and identity inconsistency does not match the profile of a routine admin script or health-check."", ""Decide: the evidence supports CNN's call, as the privilege escalation attempt and identity inconsistency outweigh XGBoost's benign call.""]","[""uid_is_root"", ""euid_root"", ""auid_euid_mismatch"", ""ephemeral_privileged"", ""max_uid_euid_delta""]","{
  ""verdict"": ""MALICIOUS"",
  ""confidence"": 0.83,
  ""rationale_steps"": [
    ""Privilege state: uid_is_root and euid_root are both set, indicating a root context."",
    ""Mechanism: is_suid_exec is not set, but auid_euid_mismatch and ephemeral_privileged are, suggesting a privilege escalation attempt."",
    ""Behavioural anomaly: max_uid_euid_delta is low, indicating no large privilege transition, but auid_euid_mismatch is set, indicating an identity inconsistency."",
    ""Benign-explanation test: the short-lived process with privilege and identity inconsistency does not match the profile of a routine admin script or health-check."",
    ""Decide: the evidence supports CNN's call, as the privilege escalation attempt and identity inconsistency outweigh XGBoost's benign call.""
  ],
  ""key_features"": [""uid_is_root"", ""euid_root"", ""auid_euid_mismatch"", ""ephemeral_privileged"", ""max_uid_euid_delta""],
  ""agrees_with"": ""cnn""
}"
10100,3,0,benign,0,1,0.6923177242279053,0.7595603466033936,xgb_benign_cnn_malicious,MALICIOUS,1,0.83,cnn,ok,"[""Privilege state: uid_is_root and euid_root are both set, indicating a root context."", ""Mechanism: is_suid_exec is not set, but the combination of uid_is_root and euid_root suggests a privilege escalation attempt."", ""Behavioural anomaly: unique_syscalls is high, indicating a novel syscall pattern, and ephemeral_privileged is set, suggesting a short-lived privileged process."", ""Benign-explanation test: the short lifetime and high throughput do not strongly suggest a routine admin script or health-check."", ""Decide: the combination of privilege escalation indicators and novel syscall pattern outweighs XGBoost's benign call; this supports the CNN.""]","[""uid_is_root"", ""euid_root"", ""unique_syscalls"", ""ephemeral_privileged"", ""max_uid_euid_delta""]","{
  ""verdict"": ""MALICIOUS"",
  ""confidence"": 0.83,
  ""rationale_steps"": [
    ""Privilege state: uid_is_root and euid_root are both set, indicating a root context."",
    ""Mechanism: is_suid_exec is not set, but the combination of uid_is_root and euid_root suggests a privilege escalation attempt."",
    ""Behavioural anomaly: unique_syscalls is high, indicating a novel syscall pattern, and ephemeral_privileged is set, suggesting a short-lived privileged process."",
    ""Benign-explanation test: the short lifetime and high throughput do not strongly suggest a routine admin script or health-check."",
    ""Decide: the combination of privilege escalation indicators and novel syscall pattern outweighs XGBoost's benign call; this supports the CNN.""
  ],
  ""key_features"": [""uid_is_root"", ""euid_root"", ""unique_syscalls"", ""ephemeral_privileged"", ""max_uid_euid_delta""],
  ""agrees_with"": ""cnn""
}"
10615,4,0,benign,0,1,0.3904956877231598,0.9322004318237305,xgb_benign_cnn_malicious,MALICIOUS,1,0.93,cnn,ok,"[""Privilege state: uid_is_root and euid_root are both set, indicating a genuine root context."", ""Mechanism: is_suid_exec is not set, but the presence of a root context and an ephemeral-privileged process suggests a potential escalation attempt."", ""Behavioural anomaly: failed_call_rate and failed_call_count are both high, indicating a high rate of failed syscalls, which is unusual for benign activity."", ""Benign-explanation test: the short lifetime and high throughput of the process make it unlikely to be a routine admin script, cron job, or health-check."", ""Decide: the presence of a root context, high failed syscall rate, and short lifetime outweigh XGBoost's benign call; this supports the CNN's flag.""]","[""uid_is_root"", ""euid_root"", ""max_uid_euid_delta"", ""ephemeral_privileged"", ""failed_call_rate""]","{
  ""verdict"": ""MALICIOUS"",
  ""confidence"": 0.93,
  ""rationale_steps"": [
    ""Privilege state: uid_is_root and euid_root are both set, indicating a genuine root context."",
    ""Mechanism: is_suid_exec is not set, but the presence of a root context and an ephemeral-privileged process suggests a potential escalation attempt."",
    ""Behavioural anomaly: failed_call_rate and failed_call_count are both high, indicating a high rate of failed syscalls, which is unusual for benign activity."",
    ""Benign-explanation test: the short lifetime and high throughput of the process make it unlikely to be a routine admin script, cron job, or health-check."",
    ""Decide: the presence of a root context, high failed syscall rate, and short lifetime outweigh XGBoost's benign call; this supports the CNN's flag.""
  ],
  ""key_features"": [""uid_is_root"", ""euid_root"", ""max_uid_euid_delta"", ""ephemeral_privileged"", ""failed_call_rate""],
  ""agrees_with"": ""cnn""
}"
10771,3,0,benign,0,1,0.6991081237792969,0.5584469437599182,xgb_benign_cnn_malicious,BENIGN,0,0.92,xgb,ok,"[""Privilege state: uid_is_root and euid_root are both set, but max_uid_euid_delta is 0, indicating no genuine UID/EUID transition."", ""Mechanism: is_suid_exec is 0, and there's no unusual exec chain or shell spawned by a service."", ""Behavioural anomaly: ephemeral_privileged is set, but network_count is 0, and there's no sensitive-path access or rare parent->child pair."", ""Benign-explanation test: the process has a high throughput (uid_is_root and euid_root) and a short lifetime, consistent with a routine admin script or health-check."", ""Decide: the evidence supports XGBoost's benign call, as there's no clear escalation mechanism or privilege transition, and the process's behaviour is consistent with benign activity.""]","[""uid_is_root"", ""euid_root"", ""max_uid_euid_delta"", ""ephemeral_privileged"", ""network_count""]","{
  ""verdict"": ""BENIGN"",
  ""confidence"": 0.92,
  ""rationale_steps"": [
    ""Privilege state: uid_is_root and euid_root are both set, but max_uid_euid_delta is 0, indicating no genuine UID/EUID transition."",
    ""Mechanism: is_suid_exec is 0, and there's no unusual exec chain or shell spawned by a service."",
    ""Behavioural anomaly: ephemeral_privileged is set, but network_count is 0, and there's no sensitive-path access or rare parent->child pair."",
    ""Benign-explanation test: the process has a high throughput (uid_is_root and euid_root) and a short lifetime, consistent with a routine admin script or health-check."",
    ""Decide: the evidence supports XGBoost's benign call, as there's no clear escalation mechanism or privilege transition, and the process's behaviour is consistent with benign activity.""
  ],
  ""key_features"": [""uid_is_root"", ""euid_root"", ""max_uid_euid_delta"", ""ephemeral_privileged"", ""network_count""],
  ""agrees_with"": ""xgb""
}"
11050,3,1,T1078_Valid_Accounts,0,1,0.6828815937042236,0.7599541544914246,xgb_benign_cnn_malicious,BENIGN,0,0.92,xgb,ok,"[""Privilege state: uid_is_root and euid_root are both set, but max_uid_euid_delta is 0, indicating no genuine UID/EUID transition."", ""Mechanism: is_suid_exec is 0, and there's no unusual exec chain or shell spawned by a service."", ""Behavioural anomaly: unique_syscalls is 4, but this is not rare compared to the attack population, and there's no sensitive-path access or network activity."", ""Benign-explanation test: the process has a high throughput (p99+) and a short lifetime (p10), consistent with a routine admin script or health-check."", ""Decide: the evidence supports XGBoost's benign call, as there's no clear escalation mechanism or privilege transition, and the process's behaviour is consistent with benign activity.""]","[""unique_syscalls"", ""uid_is_root"", ""euid_root"", ""max_uid_euid_delta"", ""is_suid_exec""]","{
  ""verdict"": ""BENIGN"",
  ""confidence"": 0.92,
  ""rationale_steps"": [
    ""Privilege state: uid_is_root and euid_root are both set, but max_uid_euid_delta is 0, indicating no genuine UID/EUID transition."",
    ""Mechanism: is_suid_exec is 0, and there's no unusual exec chain or shell spawned by a service."",
    ""Behavioural anomaly: unique_syscalls is 4, but this is not rare compared to the attack population, and there's no sensitive-path access or network activity."",
    ""Benign-explanation test: the process has a high throughput (p99+) and a short lifetime (p10), consistent with a routine admin script or health-check."",
    ""Decide: the evidence supports XGBoost's benign call, as there's no clear escalation mechanism or privilege transition, and the process's behaviour is consistent with benign activity.""
  ],
  ""key_features"": [""unique_syscalls"", ""uid_is_root"", ""euid_root"", ""max_uid_euid_delta"", ""is_suid_exec""],
  ""agrees_with"": ""xgb""
}"
11125,4,1,T1078_Valid_Accounts,0,1,0.612684965133667,0.8049503564834595,xgb_benign_cnn_malicious,MALICIOUS,1,0.92,cnn,ok,"[""Privilege state: uid_is_root and euid_root are both set, indicating a genuine root context."", ""Mechanism: is_suid_exec is not set, but the combination of uid_is_root, euid_root, and auid_euid_mismatch suggests a privilege escalation attempt."", ""Behavioural anomaly: events_per_second is extremely high, indicating a potential attack, and ephemeral_privileged is set, suggesting a short-lived privileged process."", ""Benign-explanation test: the short lifetime and high throughput make it unlikely to be a routine admin script, cron job, or health-check."", ""Decide: the combination of privilege escalation indicators and behavioural anomalies outweighs XGBoost's benign call; this supports the CNN.""]","[""events_per_second"", ""uid_is_root"", ""euid_root"", ""auid_euid_mismatch"", ""ephemeral_privileged""]","{
  ""verdict"": ""MALICIOUS"",
  ""confidence"": 0.92,
  ""rationale_steps"": [
    ""Privilege state: uid_is_root and euid_root are both set, indicating a genuine root context."",
    ""Mechanism: is_suid_exec is not set, but the combination of uid_is_root, euid_root, and auid_euid_mismatch suggests a privilege escalation attempt."",
    ""Behavioural anomaly: events_per_second is extremely high, indicating a potential attack, and ephemeral_privileged is set, suggesting a short-lived privileged process."",
    ""Benign-explanation test: the short lifetime and high throughput make it unlikely to be a routine admin script, cron job, or health-check."",
    ""Decide: the combination of privilege escalation indicators and behavioural anomalies outweighs XGBoost's benign call; this supports the CNN.""
  ],
  ""key_features"": [""events_per_second"", ""uid_is_root"", ""euid_root"", ""auid_euid_mismatch"", ""ephemeral_privileged""],
  ""agrees_with"": ""cnn""
}"
11312,1,0,benign,0,1,0.42495980858802795,0.9999542236328125,xgb_benign_cnn_malicious,MALICIOUS,1,0.92,cnn,ok,"[""Privilege state: uid_is_root and euid_root are both set, indicating a root context."", ""Mechanism: is_suid_exec is not set, but uid_changed and ephemeral_privileged suggest a privilege transition."", ""Behavioural anomaly: seq_length and unique_syscalls are both at p99+, indicating a complex syscall sequence."", ""Benign-explanation test: the short lifetime and high-throughput execution from a root context argue against a routine admin script or health-check."", ""Decide: the privilege transition and complex syscall sequence outweigh XGBoost's benign call; this supports the CNN.""]","[""seq_length"", ""unique_syscalls"", ""uid_is_root"", ""uid_changed"", ""euid_root""]","{
  ""verdict"": ""MALICIOUS"",
  ""confidence"": 0.92,
  ""rationale_steps"": [
    ""Privilege state: uid_is_root and euid_root are both set, indicating a root context."",
    ""Mechanism: is_suid_exec is not set, but uid_changed and ephemeral_privileged suggest a privilege transition."",
    ""Behavioural anomaly: seq_length and unique_syscalls are both at p99+, indicating a complex syscall sequence."",
    ""Benign-explanation test: the short lifetime and high-throughput execution from a root context argue against a routine admin script or health-check."",
    ""Decide: the privilege transition and complex syscall sequence outweigh XGBoost's benign call; this supports the CNN.""
  ],
  ""key_features"": [""seq_length"", ""unique_syscalls"", ""uid_is_root"", ""uid_changed"", ""euid_root""],
  ""agrees_with"": ""cnn""
}"
11440,1,0,benign,0,1,0.39246416091918945,1.0,xgb_benign_cnn_malicious,MALICIOUS,1,0.92,cnn,ok,"[""Privilege state: uid_is_root, euid_root, and max_uid_euid_delta are all at p99+, indicating a genuine root context and privilege transition."", ""Mechanism: is_suid_exec is set, indicating a setuid/setgid binary execution, and priv_op_count is elevated, suggesting a privileged operation."", ""Behavioural anomaly: uid_changed and ephemeral_privileged are both set, indicating a UID change and a short-lived privileged process."", ""Benign-explanation test: the short lifetime and elevated file-access syscalls argue against a routine admin script or health-check."", ""Decide: the combination of privilege transition, setuid execution, and elevated privileged operations outweighs XGBoost's benign call; this supports the CNN.""]","[""uid_is_root"", ""uid_changed"", ""euid_root"", ""max_uid_euid_delta"", ""is_suid_exec""]","{
  ""verdict"": ""MALICIOUS"",
  ""confidence"": 0.92,
  ""rationale_steps"": [
    ""Privilege state: uid_is_root, euid_root, and max_uid_euid_delta are all at p99+, indicating a genuine root context and privilege transition."",
    ""Mechanism: is_suid_exec is set, indicating a setuid/setgid binary execution, and priv_op_count is elevated, suggesting a privileged operation."",
    ""Behavioural anomaly: uid_changed and ephemeral_privileged are both set, indicating a UID change and a short-lived privileged process."",
    ""Benign-explanation test: the short lifetime and elevated file-access syscalls argue against a routine admin script or health-check."",
    ""Decide: the combination of privilege transition, setuid execution, and elevated privileged operations outweighs XGBoost's benign call; this supports the CNN.""
  ],
  ""key_features"": [""uid_is_root"", ""uid_changed"", ""euid_root"", ""max_uid_euid_delta"", ""is_suid_exec""],
  ""agrees_with"": ""cnn""
}"
11562,3,1,T1078_Valid_Accounts,0,1,0.3220290243625641,0.5545240044593811,xgb_benign_cnn_malicious,MALICIOUS,1,0.83,cnn,ok,"[""Privilege state: uid_is_root and euid_root are both set, indicating a genuine root context."", ""Mechanism: is_suid_exec is not set, but the combination of uid_is_root, euid_root, and auid_euid_mismatch suggests a privilege escalation attempt."", ""Behavioural anomaly: ephemeral_privileged is set, indicating a short-lived process that held privilege, and file_access_count is low, suggesting a focused attack."", ""Benign-explanation test: the short lifetime and lack of throughput argue against a routine admin script, cron job, or health-check."", ""Decide: the combination of privilege escalation indicators and behavioural anomalies outweighs XGBoost's benign call; this supports the CNN.""]","[""uid_is_root"", ""euid_root"", ""auid_euid_mismatch"", ""ephemeral_privileged"", ""priv_op_count""]","{
  ""verdict"": ""MALICIOUS"",
  ""confidence"": 0.83,
  ""rationale_steps"": [
    ""Privilege state: uid_is_root and euid_root are both set, indicating a genuine root context."",
    ""Mechanism: is_suid_exec is not set, but the combination of uid_is_root, euid_root, and auid_euid_mismatch suggests a privilege escalation attempt."",
    ""Behavioural anomaly: ephemeral_privileged is set, indicating a short-lived process that held privilege, and file_access_count is low, suggesting a focused attack."",
    ""Benign-explanation test: the short lifetime and lack of throughput argue against a routine admin script, cron job, or health-check."",
    ""Decide: the combination of privilege escalation indicators and behavioural anomalies outweighs XGBoost's benign call; this supports the CNN.""
  ],
  ""key_features"": [""uid_is_root"", ""euid_root"", ""auid_euid_mismatch"", ""ephemeral_privileged"", ""priv_op_count""],
  ""agrees_with"": ""cnn""
}"
11581,3,1,T1166_Seuid_and_Setgid,0,1,0.6966186761856079,0.8339069485664368,xgb_benign_cnn_malicious,MALICIOUS,1,0.83,cnn,ok,"[""Privilege state: uid_is_root and euid_root are both set, indicating a root context."", ""Mechanism: is_suid_exec is not set, but uid_changed and ephemeral_privileged suggest a privilege transition."", ""Behavioural anomaly: failed_call_count is high, indicating a failed syscall rate."", ""Benign-explanation test: the short lifetime and high syscall throughput argue against a routine admin script or health-check."", ""Decide: the privilege transition and failed syscall rate outweigh XGBoost's benign call; this supports the CNN.""]","[""seq_length"", ""uid_is_root"", ""uid_changed"", ""euid_root"", ""max_uid_euid_delta""]","{
  ""verdict"": ""MALICIOUS"",
  ""confidence"": 0.83,
  ""rationale_steps"": [
    ""Privilege state: uid_is_root and euid_root are both set, indicating a root context."",
    ""Mechanism: is_suid_exec is not set, but uid_changed and ephemeral_privileged suggest a privilege transition."",
    ""Behavioural anomaly: failed_call_count is high, indicating a failed syscall rate."",
    ""Benign-explanation test: the short lifetime and high syscall throughput argue against a routine admin script or health-check."",
    ""Decide: the privilege transition and failed syscall rate outweigh XGBoost's benign call; this supports the CNN.""
  ],
  ""key_features"": [""seq_length"", ""uid_is_root"", ""uid_changed"", ""euid_root"", ""max_uid_euid_delta""],
  ""agrees_with"": ""cnn""
}"
11763,3,0,benign,0,1,0.6755326986312866,0.659525990486145,xgb_benign_cnn_malicious,MALICIOUS,1,0.83,cnn,ok,"[""Privilege state: uid_is_root and euid_root are both set, indicating a root context."", ""Mechanism: is_suid_exec is not set, but the combination of uid_is_root and euid_root suggests a privilege escalation."", ""Behavioural anomaly: unique_syscalls is high, indicating a novel syscall pattern, and failed_call_rate is low, suggesting a successful execution."", ""Benign-explanation test: the short lifetime and high throughput do not suggest a routine admin script or health-check."", ""Decide: the combination of privilege escalation and novel syscall pattern outweighs XGBoost's benign call; this supports the CNN.""]","[""uid_is_root"", ""euid_root"", ""unique_syscalls"", ""failed_call_rate"", ""priv_op_count""]","{
  ""verdict"": ""MALICIOUS"",
  ""confidence"": 0.83,
  ""rationale_steps"": [
    ""Privilege state: uid_is_root and euid_root are both set, indicating a root context."",
    ""Mechanism: is_suid_exec is not set, but the combination of uid_is_root and euid_root suggests a privilege escalation."",
    ""Behavioural anomaly: unique_syscalls is high, indicating a novel syscall pattern, and failed_call_rate is low, suggesting a successful execution."",
    ""Benign-explanation test: the short lifetime and high throughput do not suggest a routine admin script or health-check."",
    ""Decide: the combination of privilege escalation and novel syscall pattern outweighs XGBoost's benign call; this supports the CNN.""
  ],
  ""key_features"": [""uid_is_root"", ""euid_root"", ""unique_syscalls"", ""failed_call_rate"", ""priv_op_count""],
  ""agrees_with"": ""cnn""
}"
11816,3,1,T1078_Valid_Accounts,0,1,0.6923177242279053,0.7595603466033936,xgb_benign_cnn_malicious,MALICIOUS,1,0.83,cnn,ok,"[""Privilege state: uid_is_root and euid_root are both set, indicating a root context."", ""Mechanism: is_suid_exec is not set, but the combination of uid_is_root and euid_root suggests a privilege escalation attempt."", ""Behavioural anomaly: unique_syscalls is high, indicating a novel syscall pattern, and ephemeral_privileged is set, suggesting a short-lived privileged process."", ""Benign-explanation test: the short lifetime and high throughput do not strongly suggest a routine admin script or health-check."", ""Decide: the combination of privilege escalation indicators and novel syscall pattern outweighs XGBoost's benign call; this supports the CNN.""]","[""uid_is_root"", ""euid_root"", ""unique_syscalls"", ""ephemeral_privileged"", ""max_uid_euid_delta""]","{
  ""verdict"": ""MALICIOUS"",
  ""confidence"": 0.83,
  ""rationale_steps"": [
    ""Privilege state: uid_is_root and euid_root are both set, indicating a root context."",
    ""Mechanism: is_suid_exec is not set, but the combination of uid_is_root and euid_root suggests a privilege escalation attempt."",
    ""Behavioural anomaly: unique_syscalls is high, indicating a novel syscall pattern, and ephemeral_privileged is set, suggesting a short-lived privileged process."",
    ""Benign-explanation test: the short lifetime and high throughput do not strongly suggest a routine admin script or health-check."",
    ""Decide: the combination of privilege escalation indicators and novel syscall pattern outweighs XGBoost's benign call; this supports the CNN.""
  ],
  ""key_features"": [""uid_is_root"", ""euid_root"", ""unique_syscalls"", ""ephemeral_privileged"", ""max_uid_euid_delta""],
  ""agrees_with"": ""cnn""
}"
11857,3,1,T1078_Valid_Accounts,0,1,0.5284601449966431,0.8375722765922546,xgb_benign_cnn_malicious,MALICIOUS,1,0.86,cnn,ok,"[""Privilege state: uid_is_root and euid_root are both set, indicating a root context."", ""Mechanism: is_suid_exec is not set, but the presence of uid_is_root and euid_root suggests a privilege escalation attempt."", ""Behavioural anomaly: failed_call_rate is high, indicating a potential anomaly in system call behavior."", ""Benign-explanation test: the short lifetime and high syscall throughput make it unlikely to be a routine admin script or health-check."", ""Decide: the presence of a root context and high failed_call_rate outweigh XGBoost's benign call; this supports the CNN.""]","[""uid_is_root"", ""euid_root"", ""max_uid_euid_delta"", ""failed_call_rate"", ""failed_call_count""]","{
  ""verdict"": ""MALICIOUS"",
  ""confidence"": 0.86,
  ""rationale_steps"": [
    ""Privilege state: uid_is_root and euid_root are both set, indicating a root context."",
    ""Mechanism: is_suid_exec is not set, but the presence of uid_is_root and euid_root suggests a privilege escalation attempt."",
    ""Behavioural anomaly: failed_call_rate is high, indicating a potential anomaly in system call behavior."",
    ""Benign-explanation test: the short lifetime and high syscall throughput make it unlikely to be a routine admin script or health-check."",
    ""Decide: the presence of a root context and high failed_call_rate outweigh XGBoost's benign call; this supports the CNN.""
  ],
  ""key_features"": [""uid_is_root"", ""euid_root"", ""max_uid_euid_delta"", ""failed_call_rate"", ""failed_call_count""],
  ""agrees_with"": ""cnn""
}"
12613,3,1,T1078_Valid_Accounts,0,1,0.6923177242279053,0.7595603466033936,xgb_benign_cnn_malicious,MALICIOUS,1,0.83,cnn,ok,"[""Privilege state: uid_is_root and euid_root are both set, indicating a root context."", ""Mechanism: is_suid_exec is not set, but the combination of uid_is_root and euid_root suggests a privilege escalation attempt."", ""Behavioural anomaly: unique_syscalls is high, indicating a novel syscall pattern, and ephemeral_privileged is set, suggesting a short-lived privileged process."", ""Benign-explanation test: the short lifetime and high throughput do not strongly suggest a routine admin script or health-check."", ""Decide: the combination of privilege escalation indicators and novel syscall pattern outweighs XGBoost's benign call; this supports the CNN.""]","[""uid_is_root"", ""euid_root"", ""unique_syscalls"", ""ephemeral_privileged"", ""max_uid_euid_delta""]","{
  ""verdict"": ""MALICIOUS"",
  ""confidence"": 0.83,
  ""rationale_steps"": [
    ""Privilege state: uid_is_root and euid_root are both set, indicating a root context."",
    ""Mechanism: is_suid_exec is not set, but the combination of uid_is_root and euid_root suggests a privilege escalation attempt."",
    ""Behavioural anomaly: unique_syscalls is high, indicating a novel syscall pattern, and ephemeral_privileged is set, suggesting a short-lived privileged process."",
    ""Benign-explanation test: the short lifetime and high throughput do not strongly suggest a routine admin script or health-check."",
    ""Decide: the combination of privilege escalation indicators and novel syscall pattern outweighs XGBoost's benign call; this supports the CNN.""
  ],
  ""key_features"": [""uid_is_root"", ""euid_root"", ""unique_syscalls"", ""ephemeral_privileged"", ""max_uid_euid_delta""],
  ""agrees_with"": ""cnn""
}"
13793,3,1,T1078_Valid_Accounts,0,1,0.6923177242279053,0.7595603466033936,xgb_benign_cnn_malicious,MALICIOUS,1,0.83,cnn,ok,"[""Privilege state: uid_is_root and euid_root are both set, indicating a root context."", ""Mechanism: is_suid_exec is not set, but the combination of uid_is_root and euid_root suggests a privilege escalation attempt."", ""Behavioural anomaly: unique_syscalls is high, indicating a novel syscall pattern, and ephemeral_privileged is set, suggesting a short-lived privileged process."", ""Benign-explanation test: the short lifetime and high throughput do not strongly suggest a routine admin script or health-check."", ""Decide: the combination of privilege escalation indicators and novel syscall pattern outweighs XGBoost's benign call; this supports the CNN.""]","[""uid_is_root"", ""euid_root"", ""unique_syscalls"", ""ephemeral_privileged"", ""max_uid_euid_delta""]","{
  ""verdict"": ""MALICIOUS"",
  ""confidence"": 0.83,
  ""rationale_steps"": [
    ""Privilege state: uid_is_root and euid_root are both set, indicating a root context."",
    ""Mechanism: is_suid_exec is not set, but the combination of uid_is_root and euid_root suggests a privilege escalation attempt."",
    ""Behavioural anomaly: unique_syscalls is high, indicating a novel syscall pattern, and ephemeral_privileged is set, suggesting a short-lived privileged process."",
    ""Benign-explanation test: the short lifetime and high throughput do not strongly suggest a routine admin script or health-check."",
    ""Decide: the combination of privilege escalation indicators and novel syscall pattern outweighs XGBoost's benign call; this supports the CNN.""
  ],
  ""key_features"": [""uid_is_root"", ""euid_root"", ""unique_syscalls"", ""ephemeral_privileged"", ""max_uid_euid_delta""],
  ""agrees_with"": ""cnn""
}"
13883,3,0,benign,0,1,0.6923177242279053,0.7595603466033936,xgb_benign_cnn_malicious,MALICIOUS,1,0.83,cnn,ok,"[""Privilege state: uid_is_root and euid_root are both set, indicating a root context."", ""Mechanism: is_suid_exec is not set, but the combination of uid_is_root and euid_root suggests a privilege escalation attempt."", ""Behavioural anomaly: unique_syscalls is high, indicating a novel syscall pattern, and ephemeral_privileged is set, suggesting a short-lived privileged process."", ""Benign-explanation test: the short lifetime and high throughput do not strongly suggest a routine admin script or health-check."", ""Decide: the combination of privilege escalation indicators and novel syscall pattern outweighs XGBoost's benign call; this supports the CNN.""]","[""uid_is_root"", ""euid_root"", ""unique_syscalls"", ""ephemeral_privileged"", ""max_uid_euid_delta""]","{
  ""verdict"": ""MALICIOUS"",
  ""confidence"": 0.83,
  ""rationale_steps"": [
    ""Privilege state: uid_is_root and euid_root are both set, indicating a root context."",
    ""Mechanism: is_suid_exec is not set, but the combination of uid_is_root and euid_root suggests a privilege escalation attempt."",
    ""Behavioural anomaly: unique_syscalls is high, indicating a novel syscall pattern, and ephemeral_privileged is set, suggesting a short-lived privileged process."",
    ""Benign-explanation test: the short lifetime and high throughput do not strongly suggest a routine admin script or health-check."",
    ""Decide: the combination of privilege escalation indicators and novel syscall pattern outweighs XGBoost's benign call; this supports the CNN.""
  ],
  ""key_features"": [""uid_is_root"", ""euid_root"", ""unique_syscalls"", ""ephemeral_privileged"", ""max_uid_euid_delta""],
  ""agrees_with"": ""cnn""
}"
14096,1,0,benign,0,1,0.5386667847633362,0.9871322512626648,xgb_benign_cnn_malicious,MALICIOUS,1,0.92,cnn,ok,"[""Privilege state: uid_is_root and euid_root are both set, indicating a root context."", ""Mechanism: is_suid_exec is not set, but the combination of uid_is_root and euid_root suggests a privilege escalation."", ""Behavioural anomaly: auid_euid_mismatch is set, indicating an identity inconsistency, and ephemeral_privileged is set, indicating a short-lived process that held privilege."", ""Benign-explanation test: the short lifetime and high-throughput execution from a root context is not consistent with a routine admin script, cron job, or health-check."", ""Decide: the privilege escalation and identity inconsistency outweigh XGBoost's benign call; this supports the CNN.""]","[""uid_is_root"", ""euid_root"", ""auid_euid_mismatch"", ""ephemeral_privileged"", ""priv_op_count""]","{
  ""verdict"": ""MALICIOUS"",
  ""confidence"": 0.92,
  ""rationale_steps"": [
    ""Privilege state: uid_is_root and euid_root are both set, indicating a root context."",
    ""Mechanism: is_suid_exec is not set, but the combination of uid_is_root and euid_root suggests a privilege escalation."",
    ""Behavioural anomaly: auid_euid_mismatch is set, indicating an identity inconsistency, and ephemeral_privileged is set, indicating a short-lived process that held privilege."",
    ""Benign-explanation test: the short lifetime and high-throughput execution from a root context is not consistent with a routine admin script, cron job, or health-check."",
    ""Decide: the privilege escalation and identity inconsistency outweigh XGBoost's benign call; this supports the CNN.""
  ],
  ""key_features"": [""uid_is_root"", ""euid_root"", ""auid_euid_mismatch"", ""ephemeral_privileged"", ""priv_op_count""],
  ""agrees_with"": ""cnn""
}"
14188,4,1,T1087_Account_Discovery,0,1,0.5437732934951782,0.8655855059623718,xgb_benign_cnn_malicious,BENIGN,0,0.92,xgb,ok,"[""Privilege state: max_uid_euid_delta is 0, indicating no genuine UID/EUID transition."", ""Mechanism: is_suid_exec is 0, and there's no unusual exec chain or shell spawned by a service."", ""Behavioural anomaly: lifetime_seconds is 6.012e+05, which is unusually long, but seq_length and unique_syscalls are also high, suggesting a long-running process with many syscalls."", ""Benign-explanation test: the process has a long lifetime and high syscall throughput, which could be consistent with a routine admin script or health-check."", ""Decide: the evidence supports XGBoost's benign call, as there's no clear indication of a privilege escalation attempt or unusual behaviour.""]","[""lifetime_seconds"", ""seq_length"", ""unique_syscalls"", ""uid_is_root"", ""euid_root""]","{
  ""verdict"": ""BENIGN"",
  ""confidence"": 0.92,
  ""rationale_steps"": [
    ""Privilege state: max_uid_euid_delta is 0, indicating no genuine UID/EUID transition."",
    ""Mechanism: is_suid_exec is 0, and there's no unusual exec chain or shell spawned by a service."",
    ""Behavioural anomaly: lifetime_seconds is 6.012e+05, which is unusually long, but seq_length and unique_syscalls are also high, suggesting a long-running process with many syscalls."",
    ""Benign-explanation test: the process has a long lifetime and high syscall throughput, which could be consistent with a routine admin script or health-check."",
    ""Decide: the evidence supports XGBoost's benign call, as there's no clear indication of a privilege escalation attempt or unusual behaviour.""
  ],
  ""key_features"": [""lifetime_seconds"", ""seq_length"", ""unique_syscalls"", ""uid_is_root"", ""euid_root""],
  ""agrees_with"": ""xgb""
}"
14221,1,0,benign,0,1,0.6632530093193054,0.9899991750717163,xgb_benign_cnn_malicious,MALICIOUS,1,0.92,cnn,ok,"[""Privilege state: uid_is_root and euid_root are both set, indicating a genuine root context."", ""Mechanism: is_suid_exec is not set, but the combination of uid_is_root, euid_root, and auid_euid_mismatch suggests a privilege escalation attempt."", ""Behavioural anomaly: the process is ephemeral and privileged, with a high file-access count, indicating a potential attack."", ""Benign-explanation test: the short lifetime and high file-access count make it unlikely to be a routine admin script or health-check."", ""Decide: the combination of privilege escalation indicators and behavioural anomalies outweighs XGBoost's benign call; this supports the CNN.""]","[""uid_is_root"", ""euid_root"", ""auid_euid_mismatch"", ""ephemeral_privileged"", ""priv_op_count""]","{
  ""verdict"": ""MALICIOUS"",
  ""confidence"": 0.92,
  ""rationale_steps"": [
    ""Privilege state: uid_is_root and euid_root are both set, indicating a genuine root context."",
    ""Mechanism: is_suid_exec is not set, but the combination of uid_is_root, euid_root, and auid_euid_mismatch suggests a privilege escalation attempt."",
    ""Behavioural anomaly: the process is ephemeral and privileged, with a high file-access count, indicating a potential attack."",
    ""Benign-explanation test: the short lifetime and high file-access count make it unlikely to be a routine admin script or health-check."",
    ""Decide: the combination of privilege escalation indicators and behavioural anomalies outweighs XGBoost's benign call; this supports the CNN.""
  ],
  ""key_features"": [""uid_is_root"", ""euid_root"", ""auid_euid_mismatch"", ""ephemeral_privileged"", ""priv_op_count""],
  ""agrees_with"": ""cnn""
}"
14245,3,1,T1078_Valid_Accounts,0,1,0.6923177242279053,0.7595603466033936,xgb_benign_cnn_malicious,MALICIOUS,1,0.83,cnn,ok,"[""Privilege state: uid_is_root and euid_root are both set, indicating a root context."", ""Mechanism: is_suid_exec is not set, but the combination of uid_is_root and euid_root suggests a privilege escalation attempt."", ""Behavioural anomaly: unique_syscalls is high, indicating a novel syscall pattern, and ephemeral_privileged is set, suggesting a short-lived privileged process."", ""Benign-explanation test: the short lifetime and high throughput do not strongly suggest a routine admin script or health-check."", ""Decide: the combination of privilege escalation indicators and novel syscall pattern outweighs XGBoost's benign call; this supports the CNN.""]","[""uid_is_root"", ""euid_root"", ""unique_syscalls"", ""ephemeral_privileged"", ""max_uid_euid_delta""]","{
  ""verdict"": ""MALICIOUS"",
  ""confidence"": 0.83,
  ""rationale_steps"": [
    ""Privilege state: uid_is_root and euid_root are both set, indicating a root context."",
    ""Mechanism: is_suid_exec is not set, but the combination of uid_is_root and euid_root suggests a privilege escalation attempt."",
    ""Behavioural anomaly: unique_syscalls is high, indicating a novel syscall pattern, and ephemeral_privileged is set, suggesting a short-lived privileged process."",
    ""Benign-explanation test: the short lifetime and high throughput do not strongly suggest a routine admin script or health-check."",
    ""Decide: the combination of privilege escalation indicators and novel syscall pattern outweighs XGBoost's benign call; this supports the CNN.""
  ],
  ""key_features"": [""uid_is_root"", ""euid_root"", ""unique_syscalls"", ""ephemeral_privileged"", ""max_uid_euid_delta""],
  ""agrees_with"": ""cnn""
}"
14486,3,0,benign,0,1,0.6923177242279053,0.7595603466033936,xgb_benign_cnn_malicious,MALICIOUS,1,0.83,cnn,ok,"[""Privilege state: uid_is_root and euid_root are both set, indicating a root context."", ""Mechanism: is_suid_exec is not set, but the combination of uid_is_root and euid_root suggests a privilege escalation attempt."", ""Behavioural anomaly: unique_syscalls is high, indicating a novel syscall pattern, and ephemeral_privileged is set, suggesting a short-lived privileged process."", ""Benign-explanation test: the short lifetime and high throughput do not strongly suggest a routine admin script or health-check."", ""Decide: the combination of privilege escalation indicators and novel syscall pattern outweighs XGBoost's benign call; this supports the CNN.""]","[""uid_is_root"", ""euid_root"", ""unique_syscalls"", ""ephemeral_privileged"", ""max_uid_euid_delta""]","{
  ""verdict"": ""MALICIOUS"",
  ""confidence"": 0.83,
  ""rationale_steps"": [
    ""Privilege state: uid_is_root and euid_root are both set, indicating a root context."",
    ""Mechanism: is_suid_exec is not set, but the combination of uid_is_root and euid_root suggests a privilege escalation attempt."",
    ""Behavioural anomaly: unique_syscalls is high, indicating a novel syscall pattern, and ephemeral_privileged is set, suggesting a short-lived privileged process."",
    ""Benign-explanation test: the short lifetime and high throughput do not strongly suggest a routine admin script or health-check."",
    ""Decide: the combination of privilege escalation indicators and novel syscall pattern outweighs XGBoost's benign call; this supports the CNN.""
  ],
  ""key_features"": [""uid_is_root"", ""euid_root"", ""unique_syscalls"", ""ephemeral_privileged"", ""max_uid_euid_delta""],
  ""agrees_with"": ""cnn""
}"
14697,1,0,benign,0,1,0.5386667847633362,0.9871322512626648,xgb_benign_cnn_malicious,MALICIOUS,1,0.92,cnn,ok,"[""Privilege state: uid_is_root and euid_root are both set, indicating a root context."", ""Mechanism: is_suid_exec is not set, but the combination of uid_is_root and euid_root suggests a privilege escalation."", ""Behavioural anomaly: auid_euid_mismatch is set, indicating an identity inconsistency, and ephemeral_privileged is set, indicating a short-lived process that held privilege."", ""Benign-explanation test: the short lifetime and high-throughput execution from a root context is not consistent with a routine admin script, cron job, or health-check."", ""Decide: the privilege escalation and identity inconsistency outweigh XGBoost's benign call; this supports the CNN.""]","[""uid_is_root"", ""euid_root"", ""auid_euid_mismatch"", ""ephemeral_privileged"", ""priv_op_count""]","{
  ""verdict"": ""MALICIOUS"",
  ""confidence"": 0.92,
  ""rationale_steps"": [
    ""Privilege state: uid_is_root and euid_root are both set, indicating a root context."",
    ""Mechanism: is_suid_exec is not set, but the combination of uid_is_root and euid_root suggests a privilege escalation."",
    ""Behavioural anomaly: auid_euid_mismatch is set, indicating an identity inconsistency, and ephemeral_privileged is set, indicating a short-lived process that held privilege."",
    ""Benign-explanation test: the short lifetime and high-throughput execution from a root context is not consistent with a routine admin script, cron job, or health-check."",
    ""Decide: the privilege escalation and identity inconsistency outweigh XGBoost's benign call; this supports the CNN.""
  ],
  ""key_features"": [""uid_is_root"", ""euid_root"", ""auid_euid_mismatch"", ""ephemeral_privileged"", ""priv_op_count""],
  ""agrees_with"": ""cnn""
}"
14705,3,1,T1078_Valid_Accounts,0,1,0.6923177242279053,0.7595603466033936,xgb_benign_cnn_malicious,MALICIOUS,1,0.83,cnn,ok,"[""Privilege state: uid_is_root and euid_root are both set, indicating a root context."", ""Mechanism: is_suid_exec is not set, but the combination of uid_is_root and euid_root suggests a privilege escalation attempt."", ""Behavioural anomaly: unique_syscalls is high, indicating a novel syscall pattern, and ephemeral_privileged is set, suggesting a short-lived privileged process."", ""Benign-explanation test: the short lifetime and high throughput do not strongly suggest a routine admin script or health-check."", ""Decide: the combination of privilege escalation indicators and novel syscall pattern outweighs XGBoost's benign call; this supports the CNN.""]","[""uid_is_root"", ""euid_root"", ""unique_syscalls"", ""ephemeral_privileged"", ""max_uid_euid_delta""]","{
  ""verdict"": ""MALICIOUS"",
  ""confidence"": 0.83,
  ""rationale_steps"": [
    ""Privilege state: uid_is_root and euid_root are both set, indicating a root context."",
    ""Mechanism: is_suid_exec is not set, but the combination of uid_is_root and euid_root suggests a privilege escalation attempt."",
    ""Behavioural anomaly: unique_syscalls is high, indicating a novel syscall pattern, and ephemeral_privileged is set, suggesting a short-lived privileged process."",
    ""Benign-explanation test: the short lifetime and high throughput do not strongly suggest a routine admin script or health-check."",
    ""Decide: the combination of privilege escalation indicators and novel syscall pattern outweighs XGBoost's benign call; this supports the CNN.""
  ],
  ""key_features"": [""uid_is_root"", ""euid_root"", ""unique_syscalls"", ""ephemeral_privileged"", ""max_uid_euid_delta""],
  ""agrees_with"": ""cnn""
}"
15040,3,0,benign,0,1,0.6923177242279053,0.7595603466033936,xgb_benign_cnn_malicious,MALICIOUS,1,0.83,cnn,ok,"[""Privilege state: uid_is_root and euid_root are both set, indicating a root context."", ""Mechanism: is_suid_exec is not set, but the combination of uid_is_root and euid_root suggests a privilege escalation attempt."", ""Behavioural anomaly: unique_syscalls is high, indicating a novel syscall pattern, and ephemeral_privileged is set, suggesting a short-lived privileged process."", ""Benign-explanation test: the short lifetime and high throughput do not strongly suggest a routine admin script or health-check."", ""Decide: the combination of privilege escalation indicators and novel syscall pattern outweighs XGBoost's benign call; this supports the CNN.""]","[""uid_is_root"", ""euid_root"", ""unique_syscalls"", ""ephemeral_privileged"", ""max_uid_euid_delta""]","{
  ""verdict"": ""MALICIOUS"",
  ""confidence"": 0.83,
  ""rationale_steps"": [
    ""Privilege state: uid_is_root and euid_root are both set, indicating a root context."",
    ""Mechanism: is_suid_exec is not set, but the combination of uid_is_root and euid_root suggests a privilege escalation attempt."",
    ""Behavioural anomaly: unique_syscalls is high, indicating a novel syscall pattern, and ephemeral_privileged is set, suggesting a short-lived privileged process."",
    ""Benign-explanation test: the short lifetime and high throughput do not strongly suggest a routine admin script or health-check."",
    ""Decide: the combination of privilege escalation indicators and novel syscall pattern outweighs XGBoost's benign call; this supports the CNN.""
  ],
  ""key_features"": [""uid_is_root"", ""euid_root"", ""unique_syscalls"", ""ephemeral_privileged"", ""max_uid_euid_delta""],
  ""agrees_with"": ""cnn""
}"
15619,4,0,benign,0,1,0.58388751745224,0.727519690990448,xgb_benign_cnn_malicious,MALICIOUS,1,0.83,cnn,ok,"[""Privilege state: uid_is_root and euid_root are both set, indicating a root context."", ""Mechanism: is_suid_exec is not set, but uid_changed and ephemeral_privileged suggest a privilege transition."", ""Behavioural anomaly: seq_length and unique_syscalls are both at p99+, indicating a complex syscall sequence."", ""Benign-explanation test: the short lifetime and high throughput do not suggest a routine admin script or health-check."", ""Decide: the privilege transition and complex syscall sequence outweigh XGBoost's benign call; this supports the CNN.""]","[""seq_length"", ""unique_syscalls"", ""uid_is_root"", ""uid_changed"", ""euid_root""]","{
  ""verdict"": ""MALICIOUS"",
  ""confidence"": 0.83,
  ""rationale_steps"": [
    ""Privilege state: uid_is_root and euid_root are both set, indicating a root context."",
    ""Mechanism: is_suid_exec is not set, but uid_changed and ephemeral_privileged suggest a privilege transition."",
    ""Behavioural anomaly: seq_length and unique_syscalls are both at p99+, indicating a complex syscall sequence."",
    ""Benign-explanation test: the short lifetime and high throughput do not suggest a routine admin script or health-check."",
    ""Decide: the privilege transition and complex syscall sequence outweigh XGBoost's benign call; this supports the CNN.""
  ],
  ""key_features"": [""seq_length"", ""unique_syscalls"", ""uid_is_root"", ""uid_changed"", ""euid_root""],
  ""agrees_with"": ""cnn""
}"
16250,3,1,T1078_Valid_Accounts,0,1,0.6923177242279053,0.7595603466033936,xgb_benign_cnn_malicious,MALICIOUS,1,0.83,cnn,ok,"[""Privilege state: uid_is_root and euid_root are both set, indicating a root context."", ""Mechanism: is_suid_exec is not set, but the combination of uid_is_root and euid_root suggests a privilege escalation attempt."", ""Behavioural anomaly: unique_syscalls is high, indicating a novel syscall pattern, and ephemeral_privileged is set, suggesting a short-lived privileged process."", ""Benign-explanation test: the short lifetime and high throughput do not strongly suggest a routine admin script or health-check."", ""Decide: the combination of privilege escalation indicators and novel syscall pattern outweighs XGBoost's benign call; this supports the CNN.""]","[""uid_is_root"", ""euid_root"", ""unique_syscalls"", ""ephemeral_privileged"", ""max_uid_euid_delta""]","{
  ""verdict"": ""MALICIOUS"",
  ""confidence"": 0.83,
  ""rationale_steps"": [
    ""Privilege state: uid_is_root and euid_root are both set, indicating a root context."",
    ""Mechanism: is_suid_exec is not set, but the combination of uid_is_root and euid_root suggests a privilege escalation attempt."",
    ""Behavioural anomaly: unique_syscalls is high, indicating a novel syscall pattern, and ephemeral_privileged is set, suggesting a short-lived privileged process."",
    ""Benign-explanation test: the short lifetime and high throughput do not strongly suggest a routine admin script or health-check."",
    ""Decide: the combination of privilege escalation indicators and novel syscall pattern outweighs XGBoost's benign call; this supports the CNN.""
  ],
  ""key_features"": [""uid_is_root"", ""euid_root"", ""unique_syscalls"", ""ephemeral_privileged"", ""max_uid_euid_delta""],
  ""agrees_with"": ""cnn""
}"
16582,4,1,T1078_Valid_Accounts,0,1,0.612684965133667,0.8049503564834595,xgb_benign_cnn_malicious,MALICIOUS,1,0.92,cnn,ok,"[""Privilege state: uid_is_root and euid_root are both set, indicating a genuine root context."", ""Mechanism: is_suid_exec is not set, but the combination of uid_is_root, euid_root, and auid_euid_mismatch suggests a privilege escalation attempt."", ""Behavioural anomaly: events_per_second is extremely high, indicating a potential attack, and ephemeral_privileged is set, suggesting a short-lived privileged process."", ""Benign-explanation test: the short lifetime and high throughput make it unlikely to be a routine admin script, cron job, or health-check."", ""Decide: the combination of privilege escalation indicators and behavioural anomalies outweighs XGBoost's benign call; this supports the CNN.""]","[""events_per_second"", ""uid_is_root"", ""euid_root"", ""auid_euid_mismatch"", ""ephemeral_privileged""]","{
  ""verdict"": ""MALICIOUS"",
  ""confidence"": 0.92,
  ""rationale_steps"": [
    ""Privilege state: uid_is_root and euid_root are both set, indicating a genuine root context."",
    ""Mechanism: is_suid_exec is not set, but the combination of uid_is_root, euid_root, and auid_euid_mismatch suggests a privilege escalation attempt."",
    ""Behavioural anomaly: events_per_second is extremely high, indicating a potential attack, and ephemeral_privileged is set, suggesting a short-lived privileged process."",
    ""Benign-explanation test: the short lifetime and high throughput make it unlikely to be a routine admin script, cron job, or health-check."",
    ""Decide: the combination of privilege escalation indicators and behavioural anomalies outweighs XGBoost's benign call; this supports the CNN.""
  ],
  ""key_features"": [""events_per_second"", ""uid_is_root"", ""euid_root"", ""auid_euid_mismatch"", ""ephemeral_privileged""],
  ""agrees_with"": ""cnn""
}"
16794,3,0,benign,0,1,0.6923177242279053,0.7595603466033936,xgb_benign_cnn_malicious,MALICIOUS,1,0.83,cnn,ok,"[""Privilege state: uid_is_root and euid_root are both set, indicating a root context."", ""Mechanism: is_suid_exec is not set, but the combination of uid_is_root and euid_root suggests a privilege escalation attempt."", ""Behavioural anomaly: unique_syscalls is high, indicating a novel syscall pattern, and ephemeral_privileged is set, suggesting a short-lived privileged process."", ""Benign-explanation test: the short lifetime and high throughput do not strongly suggest a routine admin script or health-check."", ""Decide: the combination of privilege escalation indicators and novel syscall pattern outweighs XGBoost's benign call; this supports the CNN.""]","[""uid_is_root"", ""euid_root"", ""unique_syscalls"", ""ephemeral_privileged"", ""max_uid_euid_delta""]","{
  ""verdict"": ""MALICIOUS"",
  ""confidence"": 0.83,
  ""rationale_steps"": [
    ""Privilege state: uid_is_root and euid_root are both set, indicating a root context."",
    ""Mechanism: is_suid_exec is not set, but the combination of uid_is_root and euid_root suggests a privilege escalation attempt."",
    ""Behavioural anomaly: unique_syscalls is high, indicating a novel syscall pattern, and ephemeral_privileged is set, suggesting a short-lived privileged process."",
    ""Benign-explanation test: the short lifetime and high throughput do not strongly suggest a routine admin script or health-check."",
    ""Decide: the combination of privilege escalation indicators and novel syscall pattern outweighs XGBoost's benign call; this supports the CNN.""
  ],
  ""key_features"": [""uid_is_root"", ""euid_root"", ""unique_syscalls"", ""ephemeral_privileged"", ""max_uid_euid_delta""],
  ""agrees_with"": ""cnn""
}"
17150,4,0,benign,0,1,0.612684965133667,0.8049503564834595,xgb_benign_cnn_malicious,MALICIOUS,1,0.92,cnn,ok,"[""Privilege state: uid_is_root and euid_root are both set, indicating a genuine root context."", ""Mechanism: is_suid_exec is not set, but the combination of uid_is_root, euid_root, and auid_euid_mismatch suggests a privilege escalation attempt."", ""Behavioural anomaly: events_per_second is extremely high, indicating a potential attack, and ephemeral_privileged is set, suggesting a short-lived privileged process."", ""Benign-explanation test: the short lifetime and high throughput make it unlikely to be a routine admin script, cron job, or health-check."", ""Decide: the combination of privilege escalation indicators and behavioural anomalies outweighs XGBoost's benign call; this supports the CNN.""]","[""events_per_second"", ""uid_is_root"", ""euid_root"", ""auid_euid_mismatch"", ""ephemeral_privileged""]","{
  ""verdict"": ""MALICIOUS"",
  ""confidence"": 0.92,
  ""rationale_steps"": [
    ""Privilege state: uid_is_root and euid_root are both set, indicating a genuine root context."",
    ""Mechanism: is_suid_exec is not set, but the combination of uid_is_root, euid_root, and auid_euid_mismatch suggests a privilege escalation attempt."",
    ""Behavioural anomaly: events_per_second is extremely high, indicating a potential attack, and ephemeral_privileged is set, suggesting a short-lived privileged process."",
    ""Benign-explanation test: the short lifetime and high throughput make it unlikely to be a routine admin script, cron job, or health-check."",
    ""Decide: the combination of privilege escalation indicators and behavioural anomalies outweighs XGBoost's benign call; this supports the CNN.""
  ],
  ""key_features"": [""events_per_second"", ""uid_is_root"", ""euid_root"", ""auid_euid_mismatch"", ""ephemeral_privileged""],
  ""agrees_with"": ""cnn""
}"
17241,3,1,T1078_Valid_Accounts,0,1,0.6923177242279053,0.7595603466033936,xgb_benign_cnn_malicious,MALICIOUS,1,0.83,cnn,ok,"[""Privilege state: uid_is_root and euid_root are both set, indicating a root context."", ""Mechanism: is_suid_exec is not set, but the combination of uid_is_root and euid_root suggests a privilege escalation attempt."", ""Behavioural anomaly: unique_syscalls is high, indicating a novel syscall pattern, and ephemeral_privileged is set, suggesting a short-lived privileged process."", ""Benign-explanation test: the short lifetime and high throughput do not strongly suggest a routine admin script or health-check."", ""Decide: the combination of privilege escalation indicators and novel syscall pattern outweighs XGBoost's benign call; this supports the CNN.""]","[""uid_is_root"", ""euid_root"", ""unique_syscalls"", ""ephemeral_privileged"", ""max_uid_euid_delta""]","{
  ""verdict"": ""MALICIOUS"",
  ""confidence"": 0.83,
  ""rationale_steps"": [
    ""Privilege state: uid_is_root and euid_root are both set, indicating a root context."",
    ""Mechanism: is_suid_exec is not set, but the combination of uid_is_root and euid_root suggests a privilege escalation attempt."",
    ""Behavioural anomaly: unique_syscalls is high, indicating a novel syscall pattern, and ephemeral_privileged is set, suggesting a short-lived privileged process."",
    ""Benign-explanation test: the short lifetime and high throughput do not strongly suggest a routine admin script or health-check."",
    ""Decide: the combination of privilege escalation indicators and novel syscall pattern outweighs XGBoost's benign call; this supports the CNN.""
  ],
  ""key_features"": [""uid_is_root"", ""euid_root"", ""unique_syscalls"", ""ephemeral_privileged"", ""max_uid_euid_delta""],
  ""agrees_with"": ""cnn""
}"
17708,1,0,benign,0,1,0.47639450430870056,0.9830508232116699,xgb_benign_cnn_malicious,MALICIOUS,1,0.92,cnn,ok,"[""Privilege state: uid_is_root, euid_root, and max_uid_euid_delta are all at p99+, indicating a genuine root context and privilege transition."", ""Mechanism: is_suid_exec is not set, but the combination of uid_is_root, euid_root, and ephemeral_privileged suggests a setuid-shell escalation."", ""Behavioural anomaly: failed_call_rate is high, indicating a high rate of failed syscalls, and priv_op_count is low, suggesting a lack of privileged operations."", ""Benign-explanation test: the short lifetime and high failed_call_rate make it unlikely to be a routine admin script, cron job, or health-check."", ""Decide: the combination of privilege state and behavioural anomalies outweighs XGBoost's benign call; this supports the CNN.""]","[""uid_is_root"", ""euid_root"", ""max_uid_euid_delta"", ""ephemeral_privileged"", ""failed_call_rate""]","{
  ""verdict"": ""MALICIOUS"",
  ""confidence"": 0.92,
  ""rationale_steps"": [
    ""Privilege state: uid_is_root, euid_root, and max_uid_euid_delta are all at p99+, indicating a genuine root context and privilege transition."",
    ""Mechanism: is_suid_exec is not set, but the combination of uid_is_root, euid_root, and ephemeral_privileged suggests a setuid-shell escalation."",
    ""Behavioural anomaly: failed_call_rate is high, indicating a high rate of failed syscalls, and priv_op_count is low, suggesting a lack of privileged operations."",
    ""Benign-explanation test: the short lifetime and high failed_call_rate make it unlikely to be a routine admin script, cron job, or health-check."",
    ""Decide: the combination of privilege state and behavioural anomalies outweighs XGBoost's benign call; this supports the CNN.""
  ],
  ""key_features"": [""uid_is_root"", ""euid_root"", ""max_uid_euid_delta"", ""ephemeral_privileged"", ""failed_call_rate""],
  ""agrees_with"": ""cnn""
}"
18072,4,0,benign,0,1,0.4733957052230835,0.7111262083053589,xgb_benign_cnn_malicious,MALICIOUS,1,0.83,cnn,ok,"[""Privilege state: uid_is_root and euid_root are both set, indicating a root context."", ""Mechanism: is_suid_exec is not set, but auid_euid_mismatch and ephemeral_privileged are, suggesting a privilege escalation attempt."", ""Behavioural anomaly: failed_call_rate is high, indicating a high rate of failed syscalls, and priv_op_count is low, suggesting a lack of privileged operations."", ""Benign-explanation test: the short lifetime and high failed_call_rate make it unlikely to be a routine admin script or health-check."", ""Decide: the evidence supports CNN's call, despite XGBoost's benign prediction.""]","[""uid_is_root"", ""euid_root"", ""auid_euid_mismatch"", ""ephemeral_privileged"", ""failed_call_rate""]","{
  ""verdict"": ""MALICIOUS"",
  ""confidence"": 0.83,
  ""rationale_steps"": [
    ""Privilege state: uid_is_root and euid_root are both set, indicating a root context."",
    ""Mechanism: is_suid_exec is not set, but auid_euid_mismatch and ephemeral_privileged are, suggesting a privilege escalation attempt."",
    ""Behavioural anomaly: failed_call_rate is high, indicating a high rate of failed syscalls, and priv_op_count is low, suggesting a lack of privileged operations."",
    ""Benign-explanation test: the short lifetime and high failed_call_rate make it unlikely to be a routine admin script or health-check."",
    ""Decide: the evidence supports CNN's call, despite XGBoost's benign prediction.""
  ],
  ""key_features"": [""uid_is_root"", ""euid_root"", ""auid_euid_mismatch"", ""ephemeral_privileged"", ""failed_call_rate""],
  ""agrees_with"": ""cnn""
}"
18423,3,0,benign,0,1,0.32130226492881775,0.6629860997200012,xgb_benign_cnn_malicious,MALICIOUS,1,0.83,cnn,ok,"[""Privilege state: uid_is_root and euid_root are both set, indicating a root context."", ""Mechanism: is_suid_exec is not set, but the combination of uid_is_root and euid_root suggests a privilege escalation attempt."", ""Behavioural anomaly: unique_syscalls is high, indicating a novel syscall pattern, and failed_call_rate is high, indicating a high rate of failed syscalls."", ""Benign-explanation test: the short lifetime and high throughput do not suggest a routine admin script or health-check."", ""Decide: the combination of privilege escalation indicators and novel syscall patterns outweigh XGBoost's benign call; this supports the CNN.""]","[""uid_is_root"", ""euid_root"", ""unique_syscalls"", ""failed_call_rate"", ""max_uid_euid_delta""]","{
  ""verdict"": ""MALICIOUS"",
  ""confidence"": 0.83,
  ""rationale_steps"": [
    ""Privilege state: uid_is_root and euid_root are both set, indicating a root context."",
    ""Mechanism: is_suid_exec is not set, but the combination of uid_is_root and euid_root suggests a privilege escalation attempt."",
    ""Behavioural anomaly: unique_syscalls is high, indicating a novel syscall pattern, and failed_call_rate is high, indicating a high rate of failed syscalls."",
    ""Benign-explanation test: the short lifetime and high throughput do not suggest a routine admin script or health-check."",
    ""Decide: the combination of privilege escalation indicators and novel syscall patterns outweigh XGBoost's benign call; this supports the CNN.""
  ],
  ""key_features"": [""uid_is_root"", ""euid_root"", ""unique_syscalls"", ""failed_call_rate"", ""max_uid_euid_delta""],
  ""agrees_with"": ""cnn""
}"
18904,3,0,benign,0,1,0.6923177242279053,0.7595603466033936,xgb_benign_cnn_malicious,MALICIOUS,1,0.83,cnn,ok,"[""Privilege state: uid_is_root and euid_root are both set, indicating a root context."", ""Mechanism: is_suid_exec is not set, but the combination of uid_is_root and euid_root suggests a privilege escalation attempt."", ""Behavioural anomaly: unique_syscalls is high, indicating a novel syscall pattern, and ephemeral_privileged is set, suggesting a short-lived privileged process."", ""Benign-explanation test: the short lifetime and high throughput do not strongly suggest a routine admin script or health-check."", ""Decide: the combination of privilege escalation indicators and novel syscall pattern outweighs XGBoost's benign call; this supports the CNN.""]","[""uid_is_root"", ""euid_root"", ""unique_syscalls"", ""ephemeral_privileged"", ""max_uid_euid_delta""]","{
  ""verdict"": ""MALICIOUS"",
  ""confidence"": 0.83,
  ""rationale_steps"": [
    ""Privilege state: uid_is_root and euid_root are both set, indicating a root context."",
    ""Mechanism: is_suid_exec is not set, but the combination of uid_is_root and euid_root suggests a privilege escalation attempt."",
    ""Behavioural anomaly: unique_syscalls is high, indicating a novel syscall pattern, and ephemeral_privileged is set, suggesting a short-lived privileged process."",
    ""Benign-explanation test: the short lifetime and high throughput do not strongly suggest a routine admin script or health-check."",
    ""Decide: the combination of privilege escalation indicators and novel syscall pattern outweighs XGBoost's benign call; this supports the CNN.""
  ],
  ""key_features"": [""uid_is_root"", ""euid_root"", ""unique_syscalls"", ""ephemeral_privileged"", ""max_uid_euid_delta""],
  ""agrees_with"": ""cnn""
}"
19012,3,0,benign,0,1,0.6923177242279053,0.7595603466033936,xgb_benign_cnn_malicious,MALICIOUS,1,0.83,cnn,ok,"[""Privilege state: uid_is_root and euid_root are both set, indicating a root context."", ""Mechanism: is_suid_exec is not set, but the combination of uid_is_root and euid_root suggests a privilege escalation attempt."", ""Behavioural anomaly: unique_syscalls is high, indicating a novel syscall pattern, and ephemeral_privileged is set, suggesting a short-lived privileged process."", ""Benign-explanation test: the short lifetime and high throughput do not strongly suggest a routine admin script or health-check."", ""Decide: the combination of privilege escalation indicators and novel syscall pattern outweighs XGBoost's benign call; this supports the CNN.""]","[""uid_is_root"", ""euid_root"", ""unique_syscalls"", ""ephemeral_privileged"", ""max_uid_euid_delta""]","{
  ""verdict"": ""MALICIOUS"",
  ""confidence"": 0.83,
  ""rationale_steps"": [
    ""Privilege state: uid_is_root and euid_root are both set, indicating a root context."",
    ""Mechanism: is_suid_exec is not set, but the combination of uid_is_root and euid_root suggests a privilege escalation attempt."",
    ""Behavioural anomaly: unique_syscalls is high, indicating a novel syscall pattern, and ephemeral_privileged is set, suggesting a short-lived privileged process."",
    ""Benign-explanation test: the short lifetime and high throughput do not strongly suggest a routine admin script or health-check."",
    ""Decide: the combination of privilege escalation indicators and novel syscall pattern outweighs XGBoost's benign call; this supports the CNN.""
  ],
  ""key_features"": [""uid_is_root"", ""euid_root"", ""unique_syscalls"", ""ephemeral_privileged"", ""max_uid_euid_delta""],
  ""agrees_with"": ""cnn""
}"
19168,3,1,T1078_Valid_Accounts,0,1,0.6923177242279053,0.7595603466033936,xgb_benign_cnn_malicious,MALICIOUS,1,0.83,cnn,ok,"[""Privilege state: uid_is_root and euid_root are both set, indicating a root context."", ""Mechanism: is_suid_exec is not set, but the combination of uid_is_root and euid_root suggests a privilege escalation attempt."", ""Behavioural anomaly: unique_syscalls is high, indicating a novel syscall pattern, and ephemeral_privileged is set, suggesting a short-lived privileged process."", ""Benign-explanation test: the short lifetime and high throughput do not strongly suggest a routine admin script or health-check."", ""Decide: the combination of privilege escalation indicators and novel syscall pattern outweighs XGBoost's benign call; this supports the CNN.""]","[""uid_is_root"", ""euid_root"", ""unique_syscalls"", ""ephemeral_privileged"", ""max_uid_euid_delta""]","{
  ""verdict"": ""MALICIOUS"",
  ""confidence"": 0.83,
  ""rationale_steps"": [
    ""Privilege state: uid_is_root and euid_root are both set, indicating a root context."",
    ""Mechanism: is_suid_exec is not set, but the combination of uid_is_root and euid_root suggests a privilege escalation attempt."",
    ""Behavioural anomaly: unique_syscalls is high, indicating a novel syscall pattern, and ephemeral_privileged is set, suggesting a short-lived privileged process."",
    ""Benign-explanation test: the short lifetime and high throughput do not strongly suggest a routine admin script or health-check."",
    ""Decide: the combination of privilege escalation indicators and novel syscall pattern outweighs XGBoost's benign call; this supports the CNN.""
  ],
  ""key_features"": [""uid_is_root"", ""euid_root"", ""unique_syscalls"", ""ephemeral_privileged"", ""max_uid_euid_delta""],
  ""agrees_with"": ""cnn""
}"
19672,1,0,benign,0,1,0.5205070972442627,0.9998888969421387,xgb_benign_cnn_malicious,MALICIOUS,1,0.92,cnn,ok,"[""Privilege state: uid_is_root and euid_root are both set, indicating a root context."", ""Mechanism: is_suid_exec is not set, but the process has a high seq_length and unique_syscalls, suggesting a complex and potentially malicious exec chain."", ""Behavioural anomaly: uid_changed and ephemeral_privileged are both set, indicating a short-lived process with a privilege transition."", ""Benign-explanation test: the short lifetime and high syscall throughput make it unlikely to be a routine admin script or health-check."", ""Decide: the combination of a root context, complex exec chain, and privilege transition outweighs XGBoost's benign call; this supports the CNN.""]","[""seq_length"", ""unique_syscalls"", ""uid_is_root"", ""uid_changed"", ""euid_root""]","{
  ""verdict"": ""MALICIOUS"",
  ""confidence"": 0.92,
  ""rationale_steps"": [
    ""Privilege state: uid_is_root and euid_root are both set, indicating a root context."",
    ""Mechanism: is_suid_exec is not set, but the process has a high seq_length and unique_syscalls, suggesting a complex and potentially malicious exec chain."",
    ""Behavioural anomaly: uid_changed and ephemeral_privileged are both set, indicating a short-lived process with a privilege transition."",
    ""Benign-explanation test: the short lifetime and high syscall throughput make it unlikely to be a routine admin script or health-check."",
    ""Decide: the combination of a root context, complex exec chain, and privilege transition outweighs XGBoost's benign call; this supports the CNN.""
  ],
  ""key_features"": [""seq_length"", ""unique_syscalls"", ""uid_is_root"", ""uid_changed"", ""euid_root""],
  ""agrees_with"": ""cnn""
}"
20138,3,0,benign,0,1,0.6923177242279053,0.7595603466033936,xgb_benign_cnn_malicious,MALICIOUS,1,0.83,cnn,ok,"[""Privilege state: uid_is_root and euid_root are both set, indicating a root context."", ""Mechanism: is_suid_exec is not set, but the combination of uid_is_root and euid_root suggests a privilege escalation attempt."", ""Behavioural anomaly: unique_syscalls is high, indicating a novel syscall pattern, and ephemeral_privileged is set, suggesting a short-lived privileged process."", ""Benign-explanation test: the short lifetime and high throughput do not strongly suggest a routine admin script or health-check."", ""Decide: the combination of privilege escalation indicators and novel syscall pattern outweighs XGBoost's benign call; this supports the CNN.""]","[""uid_is_root"", ""euid_root"", ""unique_syscalls"", ""ephemeral_privileged"", ""max_uid_euid_delta""]","{
  ""verdict"": ""MALICIOUS"",
  ""confidence"": 0.83,
  ""rationale_steps"": [
    ""Privilege state: uid_is_root and euid_root are both set, indicating a root context."",
    ""Mechanism: is_suid_exec is not set, but the combination of uid_is_root and euid_root suggests a privilege escalation attempt."",
    ""Behavioural anomaly: unique_syscalls is high, indicating a novel syscall pattern, and ephemeral_privileged is set, suggesting a short-lived privileged process."",
    ""Benign-explanation test: the short lifetime and high throughput do not strongly suggest a routine admin script or health-check."",
    ""Decide: the combination of privilege escalation indicators and novel syscall pattern outweighs XGBoost's benign call; this supports the CNN.""
  ],
  ""key_features"": [""uid_is_root"", ""euid_root"", ""unique_syscalls"", ""ephemeral_privileged"", ""max_uid_euid_delta""],
  ""agrees_with"": ""cnn""
}"
21454,3,1,T1078_Valid_Accounts,0,1,0.6923177242279053,0.7595603466033936,xgb_benign_cnn_malicious,MALICIOUS,1,0.83,cnn,ok,"[""Privilege state: uid_is_root and euid_root are both set, indicating a root context."", ""Mechanism: is_suid_exec is not set, but the combination of uid_is_root and euid_root suggests a privilege escalation attempt."", ""Behavioural anomaly: unique_syscalls is high, indicating a novel syscall pattern, and ephemeral_privileged is set, suggesting a short-lived privileged process."", ""Benign-explanation test: the short lifetime and high throughput do not strongly suggest a routine admin script or health-check."", ""Decide: the combination of privilege escalation indicators and novel syscall pattern outweighs XGBoost's benign call; this supports the CNN.""]","[""uid_is_root"", ""euid_root"", ""unique_syscalls"", ""ephemeral_privileged"", ""max_uid_euid_delta""]","{
  ""verdict"": ""MALICIOUS"",
  ""confidence"": 0.83,
  ""rationale_steps"": [
    ""Privilege state: uid_is_root and euid_root are both set, indicating a root context."",
    ""Mechanism: is_suid_exec is not set, but the combination of uid_is_root and euid_root suggests a privilege escalation attempt."",
    ""Behavioural anomaly: unique_syscalls is high, indicating a novel syscall pattern, and ephemeral_privileged is set, suggesting a short-lived privileged process."",
    ""Benign-explanation test: the short lifetime and high throughput do not strongly suggest a routine admin script or health-check."",
    ""Decide: the combination of privilege escalation indicators and novel syscall pattern outweighs XGBoost's benign call; this supports the CNN.""
  ],
  ""key_features"": [""uid_is_root"", ""euid_root"", ""unique_syscalls"", ""ephemeral_privileged"", ""max_uid_euid_delta""],
  ""agrees_with"": ""cnn""
}"
21506,3,1,T1078_Valid_Accounts,0,1,0.6923177242279053,0.7595603466033936,xgb_benign_cnn_malicious,MALICIOUS,1,0.83,cnn,ok,"[""Privilege state: uid_is_root and euid_root are both set, indicating a root context."", ""Mechanism: is_suid_exec is not set, but the combination of uid_is_root and euid_root suggests a privilege escalation attempt."", ""Behavioural anomaly: unique_syscalls is high, indicating a novel syscall pattern, and ephemeral_privileged is set, suggesting a short-lived privileged process."", ""Benign-explanation test: the short lifetime and high throughput do not strongly suggest a routine admin script or health-check."", ""Decide: the combination of privilege escalation indicators and novel syscall pattern outweighs XGBoost's benign call; this supports the CNN.""]","[""uid_is_root"", ""euid_root"", ""unique_syscalls"", ""ephemeral_privileged"", ""max_uid_euid_delta""]","{
  ""verdict"": ""MALICIOUS"",
  ""confidence"": 0.83,
  ""rationale_steps"": [
    ""Privilege state: uid_is_root and euid_root are both set, indicating a root context."",
    ""Mechanism: is_suid_exec is not set, but the combination of uid_is_root and euid_root suggests a privilege escalation attempt."",
    ""Behavioural anomaly: unique_syscalls is high, indicating a novel syscall pattern, and ephemeral_privileged is set, suggesting a short-lived privileged process."",
    ""Benign-explanation test: the short lifetime and high throughput do not strongly suggest a routine admin script or health-check."",
    ""Decide: the combination of privilege escalation indicators and novel syscall pattern outweighs XGBoost's benign call; this supports the CNN.""
  ],
  ""key_features"": [""uid_is_root"", ""euid_root"", ""unique_syscalls"", ""ephemeral_privileged"", ""max_uid_euid_delta""],
  ""agrees_with"": ""cnn""
}"
21707,3,0,benign,0,1,0.6923177242279053,0.7595603466033936,xgb_benign_cnn_malicious,MALICIOUS,1,0.83,cnn,ok,"[""Privilege state: uid_is_root and euid_root are both set, indicating a root context."", ""Mechanism: is_suid_exec is not set, but the combination of uid_is_root and euid_root suggests a privilege escalation attempt."", ""Behavioural anomaly: unique_syscalls is high, indicating a novel syscall pattern, and ephemeral_privileged is set, suggesting a short-lived privileged process."", ""Benign-explanation test: the short lifetime and high throughput do not strongly suggest a routine admin script or health-check."", ""Decide: the combination of privilege escalation indicators and novel syscall pattern outweighs XGBoost's benign call; this supports the CNN.""]","[""uid_is_root"", ""euid_root"", ""unique_syscalls"", ""ephemeral_privileged"", ""max_uid_euid_delta""]","{
  ""verdict"": ""MALICIOUS"",
  ""confidence"": 0.83,
  ""rationale_steps"": [
    ""Privilege state: uid_is_root and euid_root are both set, indicating a root context."",
    ""Mechanism: is_suid_exec is not set, but the combination of uid_is_root and euid_root suggests a privilege escalation attempt."",
    ""Behavioural anomaly: unique_syscalls is high, indicating a novel syscall pattern, and ephemeral_privileged is set, suggesting a short-lived privileged process."",
    ""Benign-explanation test: the short lifetime and high throughput do not strongly suggest a routine admin script or health-check."",
    ""Decide: the combination of privilege escalation indicators and novel syscall pattern outweighs XGBoost's benign call; this supports the CNN.""
  ],
  ""key_features"": [""uid_is_root"", ""euid_root"", ""unique_syscalls"", ""ephemeral_privileged"", ""max_uid_euid_delta""],
  ""agrees_with"": ""cnn""
}"
22775,3,0,benign,0,1,0.6923177242279053,0.7595603466033936,xgb_benign_cnn_malicious,MALICIOUS,1,0.83,cnn,ok,"[""Privilege state: uid_is_root and euid_root are both set, indicating a root context."", ""Mechanism: is_suid_exec is not set, but the combination of uid_is_root and euid_root suggests a privilege escalation attempt."", ""Behavioural anomaly: unique_syscalls is high, indicating a novel syscall pattern, and ephemeral_privileged is set, suggesting a short-lived privileged process."", ""Benign-explanation test: the short lifetime and high throughput do not strongly suggest a routine admin script or health-check."", ""Decide: the combination of privilege escalation indicators and novel syscall pattern outweighs XGBoost's benign call; this supports the CNN.""]","[""uid_is_root"", ""euid_root"", ""unique_syscalls"", ""ephemeral_privileged"", ""max_uid_euid_delta""]","{
  ""verdict"": ""MALICIOUS"",
  ""confidence"": 0.83,
  ""rationale_steps"": [
    ""Privilege state: uid_is_root and euid_root are both set, indicating a root context."",
    ""Mechanism: is_suid_exec is not set, but the combination of uid_is_root and euid_root suggests a privilege escalation attempt."",
    ""Behavioural anomaly: unique_syscalls is high, indicating a novel syscall pattern, and ephemeral_privileged is set, suggesting a short-lived privileged process."",
    ""Benign-explanation test: the short lifetime and high throughput do not strongly suggest a routine admin script or health-check."",
    ""Decide: the combination of privilege escalation indicators and novel syscall pattern outweighs XGBoost's benign call; this supports the CNN.""
  ],
  ""key_features"": [""uid_is_root"", ""euid_root"", ""unique_syscalls"", ""ephemeral_privileged"", ""max_uid_euid_delta""],
  ""agrees_with"": ""cnn""
}"
22826,3,0,benign,0,1,0.6923177242279053,0.7595603466033936,xgb_benign_cnn_malicious,MALICIOUS,1,0.83,cnn,ok,"[""Privilege state: uid_is_root and euid_root are both set, indicating a root context."", ""Mechanism: is_suid_exec is not set, but the combination of uid_is_root and euid_root suggests a privilege escalation attempt."", ""Behavioural anomaly: unique_syscalls is high, indicating a novel syscall pattern, and ephemeral_privileged is set, suggesting a short-lived privileged process."", ""Benign-explanation test: the short lifetime and high throughput do not strongly suggest a routine admin script or health-check."", ""Decide: the combination of privilege escalation indicators and novel syscall pattern outweighs XGBoost's benign call; this supports the CNN.""]","[""uid_is_root"", ""euid_root"", ""unique_syscalls"", ""ephemeral_privileged"", ""max_uid_euid_delta""]","{
  ""verdict"": ""MALICIOUS"",
  ""confidence"": 0.83,
  ""rationale_steps"": [
    ""Privilege state: uid_is_root and euid_root are both set, indicating a root context."",
    ""Mechanism: is_suid_exec is not set, but the combination of uid_is_root and euid_root suggests a privilege escalation attempt."",
    ""Behavioural anomaly: unique_syscalls is high, indicating a novel syscall pattern, and ephemeral_privileged is set, suggesting a short-lived privileged process."",
    ""Benign-explanation test: the short lifetime and high throughput do not strongly suggest a routine admin script or health-check."",
    ""Decide: the combination of privilege escalation indicators and novel syscall pattern outweighs XGBoost's benign call; this supports the CNN.""
  ],
  ""key_features"": [""uid_is_root"", ""euid_root"", ""unique_syscalls"", ""ephemeral_privileged"", ""max_uid_euid_delta""],
  ""agrees_with"": ""cnn""
}"
23237,3,0,benign,0,1,0.6923177242279053,0.7595603466033936,xgb_benign_cnn_malicious,MALICIOUS,1,0.83,cnn,ok,"[""Privilege state: uid_is_root and euid_root are both set, indicating a root context."", ""Mechanism: is_suid_exec is not set, but the combination of uid_is_root and euid_root suggests a privilege escalation attempt."", ""Behavioural anomaly: unique_syscalls is high, indicating a novel syscall pattern, and ephemeral_privileged is set, suggesting a short-lived privileged process."", ""Benign-explanation test: the short lifetime and high throughput do not strongly suggest a routine admin script or health-check."", ""Decide: the combination of privilege escalation indicators and novel syscall pattern outweighs XGBoost's benign call; this supports the CNN.""]","[""uid_is_root"", ""euid_root"", ""unique_syscalls"", ""ephemeral_privileged"", ""max_uid_euid_delta""]","{
  ""verdict"": ""MALICIOUS"",
  ""confidence"": 0.83,
  ""rationale_steps"": [
    ""Privilege state: uid_is_root and euid_root are both set, indicating a root context."",
    ""Mechanism: is_suid_exec is not set, but the combination of uid_is_root and euid_root suggests a privilege escalation attempt."",
    ""Behavioural anomaly: unique_syscalls is high, indicating a novel syscall pattern, and ephemeral_privileged is set, suggesting a short-lived privileged process."",
    ""Benign-explanation test: the short lifetime and high throughput do not strongly suggest a routine admin script or health-check."",
    ""Decide: the combination of privilege escalation indicators and novel syscall pattern outweighs XGBoost's benign call; this supports the CNN.""
  ],
  ""key_features"": [""uid_is_root"", ""euid_root"", ""unique_syscalls"", ""ephemeral_privileged"", ""max_uid_euid_delta""],
  ""agrees_with"": ""cnn""
}"
23992,3,0,benign,0,1,0.6923177242279053,0.7595603466033936,xgb_benign_cnn_malicious,MALICIOUS,1,0.83,cnn,ok,"[""Privilege state: uid_is_root and euid_root are both set, indicating a root context."", ""Mechanism: is_suid_exec is not set, but the combination of uid_is_root and euid_root suggests a privilege escalation attempt."", ""Behavioural anomaly: unique_syscalls is high, indicating a novel syscall pattern, and ephemeral_privileged is set, suggesting a short-lived privileged process."", ""Benign-explanation test: the short lifetime and high throughput do not strongly suggest a routine admin script or health-check."", ""Decide: the combination of privilege escalation indicators and novel syscall pattern outweighs XGBoost's benign call; this supports the CNN.""]","[""uid_is_root"", ""euid_root"", ""unique_syscalls"", ""ephemeral_privileged"", ""max_uid_euid_delta""]","{
  ""verdict"": ""MALICIOUS"",
  ""confidence"": 0.83,
  ""rationale_steps"": [
    ""Privilege state: uid_is_root and euid_root are both set, indicating a root context."",
    ""Mechanism: is_suid_exec is not set, but the combination of uid_is_root and euid_root suggests a privilege escalation attempt."",
    ""Behavioural anomaly: unique_syscalls is high, indicating a novel syscall pattern, and ephemeral_privileged is set, suggesting a short-lived privileged process."",
    ""Benign-explanation test: the short lifetime and high throughput do not strongly suggest a routine admin script or health-check."",
    ""Decide: the combination of privilege escalation indicators and novel syscall pattern outweighs XGBoost's benign call; this supports the CNN.""
  ],
  ""key_features"": [""uid_is_root"", ""euid_root"", ""unique_syscalls"", ""ephemeral_privileged"", ""max_uid_euid_delta""],
  ""agrees_with"": ""cnn""
}"
24054,4,1,T1078_Valid_Accounts,0,1,0.4733957052230835,0.7111262083053589,xgb_benign_cnn_malicious,MALICIOUS,1,0.83,cnn,ok,"[""Privilege state: uid_is_root and euid_root are both set, indicating a root context."", ""Mechanism: is_suid_exec is not set, but auid_euid_mismatch and ephemeral_privileged are, suggesting a privilege escalation attempt."", ""Behavioural anomaly: failed_call_rate is high, indicating a high rate of failed syscalls, and priv_op_count is low, suggesting a lack of privileged operations."", ""Benign-explanation test: the short lifetime and high failed_call_rate make it unlikely to be a routine admin script or health-check."", ""Decide: the evidence supports CNN's call, despite XGBoost's benign prediction.""]","[""uid_is_root"", ""euid_root"", ""auid_euid_mismatch"", ""ephemeral_privileged"", ""failed_call_rate""]","{
  ""verdict"": ""MALICIOUS"",
  ""confidence"": 0.83,
  ""rationale_steps"": [
    ""Privilege state: uid_is_root and euid_root are both set, indicating a root context."",
    ""Mechanism: is_suid_exec is not set, but auid_euid_mismatch and ephemeral_privileged are, suggesting a privilege escalation attempt."",
    ""Behavioural anomaly: failed_call_rate is high, indicating a high rate of failed syscalls, and priv_op_count is low, suggesting a lack of privileged operations."",
    ""Benign-explanation test: the short lifetime and high failed_call_rate make it unlikely to be a routine admin script or health-check."",
    ""Decide: the evidence supports CNN's call, despite XGBoost's benign prediction.""
  ],
  ""key_features"": [""uid_is_root"", ""euid_root"", ""auid_euid_mismatch"", ""ephemeral_privileged"", ""failed_call_rate""],
  ""agrees_with"": ""cnn""
}"
26066,4,1,T1078_Valid_Accounts,0,1,0.612684965133667,0.8049503564834595,xgb_benign_cnn_malicious,MALICIOUS,1,0.92,cnn,ok,"[""Privilege state: uid_is_root and euid_root are both set, indicating a genuine root context."", ""Mechanism: is_suid_exec is not set, but the combination of uid_is_root, euid_root, and auid_euid_mismatch suggests a privilege escalation attempt."", ""Behavioural anomaly: events_per_second is extremely high, indicating a potential attack, and ephemeral_privileged is set, suggesting a short-lived privileged process."", ""Benign-explanation test: the short lifetime and high throughput make it unlikely to be a routine admin script, cron job, or health-check."", ""Decide: the combination of privilege escalation indicators and behavioural anomalies outweighs XGBoost's benign call; this supports the CNN.""]","[""events_per_second"", ""uid_is_root"", ""euid_root"", ""auid_euid_mismatch"", ""ephemeral_privileged""]","{
  ""verdict"": ""MALICIOUS"",
  ""confidence"": 0.92,
  ""rationale_steps"": [
    ""Privilege state: uid_is_root and euid_root are both set, indicating a genuine root context."",
    ""Mechanism: is_suid_exec is not set, but the combination of uid_is_root, euid_root, and auid_euid_mismatch suggests a privilege escalation attempt."",
    ""Behavioural anomaly: events_per_second is extremely high, indicating a potential attack, and ephemeral_privileged is set, suggesting a short-lived privileged process."",
    ""Benign-explanation test: the short lifetime and high throughput make it unlikely to be a routine admin script, cron job, or health-check."",
    ""Decide: the combination of privilege escalation indicators and behavioural anomalies outweighs XGBoost's benign call; this supports the CNN.""
  ],
  ""key_features"": [""events_per_second"", ""uid_is_root"", ""euid_root"", ""auid_euid_mismatch"", ""ephemeral_privileged""],
  ""agrees_with"": ""cnn""
}"
26258,3,0,benign,0,1,0.6923177242279053,0.7595603466033936,xgb_benign_cnn_malicious,MALICIOUS,1,0.83,cnn,ok,"[""Privilege state: uid_is_root and euid_root are both set, indicating a root context."", ""Mechanism: is_suid_exec is not set, but the combination of uid_is_root and euid_root suggests a privilege escalation attempt."", ""Behavioural anomaly: unique_syscalls is high, indicating a novel syscall pattern, and ephemeral_privileged is set, suggesting a short-lived privileged process."", ""Benign-explanation test: the short lifetime and high throughput do not strongly suggest a routine admin script or health-check."", ""Decide: the combination of privilege escalation indicators and novel syscall pattern outweighs XGBoost's benign call; this supports the CNN.""]","[""uid_is_root"", ""euid_root"", ""unique_syscalls"", ""ephemeral_privileged"", ""max_uid_euid_delta""]","{
  ""verdict"": ""MALICIOUS"",
  ""confidence"": 0.83,
  ""rationale_steps"": [
    ""Privilege state: uid_is_root and euid_root are both set, indicating a root context."",
    ""Mechanism: is_suid_exec is not set, but the combination of uid_is_root and euid_root suggests a privilege escalation attempt."",
    ""Behavioural anomaly: unique_syscalls is high, indicating a novel syscall pattern, and ephemeral_privileged is set, suggesting a short-lived privileged process."",
    ""Benign-explanation test: the short lifetime and high throughput do not strongly suggest a routine admin script or health-check."",
    ""Decide: the combination of privilege escalation indicators and novel syscall pattern outweighs XGBoost's benign call; this supports the CNN.""
  ],
  ""key_features"": [""uid_is_root"", ""euid_root"", ""unique_syscalls"", ""ephemeral_privileged"", ""max_uid_euid_delta""],
  ""agrees_with"": ""cnn""
}"
26540,4,1,T1078_Valid_Accounts,0,1,0.39235103130340576,0.839806318283081,xgb_benign_cnn_malicious,MALICIOUS,1,0.92,cnn,ok,"[""Privilege state: uid_is_root and euid_root are both set, indicating a genuine root context."", ""Mechanism: is_suid_exec is not set, but the combination of uid_is_root, euid_root, and auid_euid_mismatch suggests a privilege escalation attempt."", ""Behavioural anomaly: failed_call_count is high, indicating a potential privilege escalation attempt."", ""Benign-explanation test: the short lifetime and high syscall throughput make it unlikely to be a routine admin script or health-check."", ""Decide: the combination of privilege escalation indicators and behavioural anomalies outweighs XGBoost's benign call; this supports the CNN.""]","[""uid_is_root"", ""euid_root"", ""auid_euid_mismatch"", ""failed_call_count"", ""seq_length""]","{
  ""verdict"": ""MALICIOUS"",
  ""confidence"": 0.92,
  ""rationale_steps"": [
    ""Privilege state: uid_is_root and euid_root are both set, indicating a genuine root context."",
    ""Mechanism: is_suid_exec is not set, but the combination of uid_is_root, euid_root, and auid_euid_mismatch suggests a privilege escalation attempt."",
    ""Behavioural anomaly: failed_call_count is high, indicating a potential privilege escalation attempt."",
    ""Benign-explanation test: the short lifetime and high syscall throughput make it unlikely to be a routine admin script or health-check."",
    ""Decide: the combination of privilege escalation indicators and behavioural anomalies outweighs XGBoost's benign call; this supports the CNN.""
  ],
  ""key_features"": [""uid_is_root"", ""euid_root"", ""auid_euid_mismatch"", ""failed_call_count"", ""seq_length""],
  ""agrees_with"": ""cnn""
}"
26642,3,1,T1078_Valid_Accounts,0,1,0.6923177242279053,0.7595603466033936,xgb_benign_cnn_malicious,MALICIOUS,1,0.83,cnn,ok,"[""Privilege state: uid_is_root and euid_root are both set, indicating a root context."", ""Mechanism: is_suid_exec is not set, but the combination of uid_is_root and euid_root suggests a privilege escalation attempt."", ""Behavioural anomaly: unique_syscalls is high, indicating a novel syscall pattern, and ephemeral_privileged is set, suggesting a short-lived privileged process."", ""Benign-explanation test: the short lifetime and high throughput do not strongly suggest a routine admin script or health-check."", ""Decide: the combination of privilege escalation indicators and novel syscall pattern outweighs XGBoost's benign call; this supports the CNN.""]","[""uid_is_root"", ""euid_root"", ""unique_syscalls"", ""ephemeral_privileged"", ""max_uid_euid_delta""]","{
  ""verdict"": ""MALICIOUS"",
  ""confidence"": 0.83,
  ""rationale_steps"": [
    ""Privilege state: uid_is_root and euid_root are both set, indicating a root context."",
    ""Mechanism: is_suid_exec is not set, but the combination of uid_is_root and euid_root suggests a privilege escalation attempt."",
    ""Behavioural anomaly: unique_syscalls is high, indicating a novel syscall pattern, and ephemeral_privileged is set, suggesting a short-lived privileged process."",
    ""Benign-explanation test: the short lifetime and high throughput do not strongly suggest a routine admin script or health-check."",
    ""Decide: the combination of privilege escalation indicators and novel syscall pattern outweighs XGBoost's benign call; this supports the CNN.""
  ],
  ""key_features"": [""uid_is_root"", ""euid_root"", ""unique_syscalls"", ""ephemeral_privileged"", ""max_uid_euid_delta""],
  ""agrees_with"": ""cnn""
}"
27007,3,1,T1078_Valid_Accounts,0,1,0.6923177242279053,0.7595603466033936,xgb_benign_cnn_malicious,MALICIOUS,1,0.83,cnn,ok,"[""Privilege state: uid_is_root and euid_root are both set, indicating a root context."", ""Mechanism: is_suid_exec is not set, but the combination of uid_is_root and euid_root suggests a privilege escalation attempt."", ""Behavioural anomaly: unique_syscalls is high, indicating a novel syscall pattern, and ephemeral_privileged is set, suggesting a short-lived privileged process."", ""Benign-explanation test: the short lifetime and high throughput do not strongly suggest a routine admin script or health-check."", ""Decide: the combination of privilege escalation indicators and novel syscall pattern outweighs XGBoost's benign call; this supports the CNN.""]","[""uid_is_root"", ""euid_root"", ""unique_syscalls"", ""ephemeral_privileged"", ""max_uid_euid_delta""]","{
  ""verdict"": ""MALICIOUS"",
  ""confidence"": 0.83,
  ""rationale_steps"": [
    ""Privilege state: uid_is_root and euid_root are both set, indicating a root context."",
    ""Mechanism: is_suid_exec is not set, but the combination of uid_is_root and euid_root suggests a privilege escalation attempt."",
    ""Behavioural anomaly: unique_syscalls is high, indicating a novel syscall pattern, and ephemeral_privileged is set, suggesting a short-lived privileged process."",
    ""Benign-explanation test: the short lifetime and high throughput do not strongly suggest a routine admin script or health-check."",
    ""Decide: the combination of privilege escalation indicators and novel syscall pattern outweighs XGBoost's benign call; this supports the CNN.""
  ],
  ""key_features"": [""uid_is_root"", ""euid_root"", ""unique_syscalls"", ""ephemeral_privileged"", ""max_uid_euid_delta""],
  ""agrees_with"": ""cnn""
}"
27487,4,0,benign,0,1,0.5447514057159424,0.7740160822868347,xgb_benign_cnn_malicious,MALICIOUS,1,0.92,cnn,ok,"[""Privilege state: uid_is_root and euid_root are both set, indicating a genuine root context."", ""Mechanism: is_suid_exec is not set, but the combination of uid_is_root, euid_root, and auid_euid_mismatch suggests a privilege escalation attempt."", ""Behavioural anomaly: the process held privilege for a short time (ephemeral_privileged) and had a high exec_count, indicating a potential attack."", ""Benign-explanation test: the short lifetime and high exec_count make it unlikely to be a routine admin script or health-check."", ""Decide: the combination of privilege escalation indicators and behavioural anomalies outweighs XGBoost's benign call; this supports the CNN.""]","[""uid_is_root"", ""euid_root"", ""auid_euid_mismatch"", ""ephemeral_privileged"", ""exec_count""]","{
  ""verdict"": ""MALICIOUS"",
  ""confidence"": 0.92,
  ""rationale_steps"": [
    ""Privilege state: uid_is_root and euid_root are both set, indicating a genuine root context."",
    ""Mechanism: is_suid_exec is not set, but the combination of uid_is_root, euid_root, and auid_euid_mismatch suggests a privilege escalation attempt."",
    ""Behavioural anomaly: the process held privilege for a short time (ephemeral_privileged) and had a high exec_count, indicating a potential attack."",
    ""Benign-explanation test: the short lifetime and high exec_count make it unlikely to be a routine admin script or health-check."",
    ""Decide: the combination of privilege escalation indicators and behavioural anomalies outweighs XGBoost's benign call; this supports the CNN.""
  ],
  ""key_features"": [""uid_is_root"", ""euid_root"", ""auid_euid_mismatch"", ""ephemeral_privileged"", ""exec_count""],
  ""agrees_with"": ""cnn""
}"
28529,4,1,T1107_File_Deletion,0,1,0.4189004600048065,0.9122932553291321,xgb_benign_cnn_malicious,MALICIOUS,1,0.91,cnn,ok,"[""Privilege state: uid_is_root, euid_root, and max_uid_euid_delta are all at p99+, indicating a root context and privilege transition."", ""Mechanism: is_suid_exec is 0, but the presence of uid_changed and euid_root alongside uid_is_root suggests a setuid/setgid escalation."", ""Behavioural anomaly: seq_length and unique_syscalls are both at p99+, indicating a novel and complex syscall sequence."", ""Benign-explanation test: the short lifetime and high-throughput execution from a root context argue against a routine admin script or health-check."", ""Decide: the evidence supports CNN's call, with multiple indicators of privilege escalation and a complex syscall sequence.""]","[""seq_length"", ""unique_syscalls"", ""uid_is_root"", ""uid_changed"", ""euid_root""]","{
  ""verdict"": ""MALICIOUS"",
  ""confidence"": 0.91,
  ""rationale_steps"": [
    ""Privilege state: uid_is_root, euid_root, and max_uid_euid_delta are all at p99+, indicating a root context and privilege transition."",
    ""Mechanism: is_suid_exec is 0, but the presence of uid_changed and euid_root alongside uid_is_root suggests a setuid/setgid escalation."",
    ""Behavioural anomaly: seq_length and unique_syscalls are both at p99+, indicating a novel and complex syscall sequence."",
    ""Benign-explanation test: the short lifetime and high-throughput execution from a root context argue against a routine admin script or health-check."",
    ""Decide: the evidence supports CNN's call, with multiple indicators of privilege escalation and a complex syscall sequence.""
  ],
  ""key_features"": [""seq_length"", ""unique_syscalls"", ""uid_is_root"", ""uid_changed"", ""euid_root""],
  ""agrees_with"": ""cnn""
}"
28600,3,0,benign,0,1,0.3220290243625641,0.5545240044593811,xgb_benign_cnn_malicious,MALICIOUS,1,0.83,cnn,ok,"[""Privilege state: uid_is_root and euid_root are both set, indicating a genuine root context."", ""Mechanism: is_suid_exec is not set, but the combination of uid_is_root, euid_root, and auid_euid_mismatch suggests a privilege escalation attempt."", ""Behavioural anomaly: ephemeral_privileged is set, indicating a short-lived process that held privilege, and file_access_count is low, suggesting a focused attack."", ""Benign-explanation test: the short lifetime and lack of throughput argue against a routine admin script, cron job, or health-check."", ""Decide: the combination of privilege escalation indicators and behavioural anomalies outweighs XGBoost's benign call; this supports the CNN.""]","[""uid_is_root"", ""euid_root"", ""auid_euid_mismatch"", ""ephemeral_privileged"", ""priv_op_count""]","{
  ""verdict"": ""MALICIOUS"",
  ""confidence"": 0.83,
  ""rationale_steps"": [
    ""Privilege state: uid_is_root and euid_root are both set, indicating a genuine root context."",
    ""Mechanism: is_suid_exec is not set, but the combination of uid_is_root, euid_root, and auid_euid_mismatch suggests a privilege escalation attempt."",
    ""Behavioural anomaly: ephemeral_privileged is set, indicating a short-lived process that held privilege, and file_access_count is low, suggesting a focused attack."",
    ""Benign-explanation test: the short lifetime and lack of throughput argue against a routine admin script, cron job, or health-check."",
    ""Decide: the combination of privilege escalation indicators and behavioural anomalies outweighs XGBoost's benign call; this supports the CNN.""
  ],
  ""key_features"": [""uid_is_root"", ""euid_root"", ""auid_euid_mismatch"", ""ephemeral_privileged"", ""priv_op_count""],
  ""agrees_with"": ""cnn""
}"
28818,4,0,benign,0,1,0.58388751745224,0.727519690990448,xgb_benign_cnn_malicious,MALICIOUS,1,0.83,cnn,ok,"[""Privilege state: uid_is_root and euid_root are both set, indicating a root context."", ""Mechanism: is_suid_exec is not set, but uid_changed and ephemeral_privileged suggest a privilege transition."", ""Behavioural anomaly: seq_length and unique_syscalls are both at p99+, indicating a complex syscall sequence."", ""Benign-explanation test: the short lifetime and high throughput do not suggest a routine admin script or health-check."", ""Decide: the privilege transition and complex syscall sequence outweigh XGBoost's benign call; this supports the CNN.""]","[""seq_length"", ""unique_syscalls"", ""uid_is_root"", ""uid_changed"", ""euid_root""]","{
  ""verdict"": ""MALICIOUS"",
  ""confidence"": 0.83,
  ""rationale_steps"": [
    ""Privilege state: uid_is_root and euid_root are both set, indicating a root context."",
    ""Mechanism: is_suid_exec is not set, but uid_changed and ephemeral_privileged suggest a privilege transition."",
    ""Behavioural anomaly: seq_length and unique_syscalls are both at p99+, indicating a complex syscall sequence."",
    ""Benign-explanation test: the short lifetime and high throughput do not suggest a routine admin script or health-check."",
    ""Decide: the privilege transition and complex syscall sequence outweigh XGBoost's benign call; this supports the CNN.""
  ],
  ""key_features"": [""seq_length"", ""unique_syscalls"", ""uid_is_root"", ""uid_changed"", ""euid_root""],
  ""agrees_with"": ""cnn""
}"
29055,3,1,T1078_Valid_Accounts,0,1,0.3220290243625641,0.5545240044593811,xgb_benign_cnn_malicious,MALICIOUS,1,0.83,cnn,ok,"[""Privilege state: uid_is_root and euid_root are both set, indicating a genuine root context."", ""Mechanism: is_suid_exec is not set, but the combination of uid_is_root, euid_root, and auid_euid_mismatch suggests a privilege escalation attempt."", ""Behavioural anomaly: ephemeral_privileged is set, indicating a short-lived process that held privilege, and file_access_count is low, suggesting a focused attack."", ""Benign-explanation test: the short lifetime and lack of throughput argue against a routine admin script, cron job, or health-check."", ""Decide: the combination of privilege escalation indicators and behavioural anomalies outweighs XGBoost's benign call; this supports the CNN.""]","[""uid_is_root"", ""euid_root"", ""auid_euid_mismatch"", ""ephemeral_privileged"", ""priv_op_count""]","{
  ""verdict"": ""MALICIOUS"",
  ""confidence"": 0.83,
  ""rationale_steps"": [
    ""Privilege state: uid_is_root and euid_root are both set, indicating a genuine root context."",
    ""Mechanism: is_suid_exec is not set, but the combination of uid_is_root, euid_root, and auid_euid_mismatch suggests a privilege escalation attempt."",
    ""Behavioural anomaly: ephemeral_privileged is set, indicating a short-lived process that held privilege, and file_access_count is low, suggesting a focused attack."",
    ""Benign-explanation test: the short lifetime and lack of throughput argue against a routine admin script, cron job, or health-check."",
    ""Decide: the combination of privilege escalation indicators and behavioural anomalies outweighs XGBoost's benign call; this supports the CNN.""
  ],
  ""key_features"": [""uid_is_root"", ""euid_root"", ""auid_euid_mismatch"", ""ephemeral_privileged"", ""priv_op_count""],
  ""agrees_with"": ""cnn""
}"
30806,3,0,benign,0,1,0.6923177242279053,0.7595603466033936,xgb_benign_cnn_malicious,MALICIOUS,1,0.83,cnn,ok,"[""Privilege state: uid_is_root and euid_root are both set, indicating a root context."", ""Mechanism: is_suid_exec is not set, but the combination of uid_is_root and euid_root suggests a privilege escalation attempt."", ""Behavioural anomaly: unique_syscalls is high, indicating a novel syscall pattern, and ephemeral_privileged is set, suggesting a short-lived privileged process."", ""Benign-explanation test: the short lifetime and high throughput do not strongly suggest a routine admin script or health-check."", ""Decide: the combination of privilege escalation indicators and novel syscall pattern outweighs XGBoost's benign call; this supports the CNN.""]","[""uid_is_root"", ""euid_root"", ""unique_syscalls"", ""ephemeral_privileged"", ""max_uid_euid_delta""]","{
  ""verdict"": ""MALICIOUS"",
  ""confidence"": 0.83,
  ""rationale_steps"": [
    ""Privilege state: uid_is_root and euid_root are both set, indicating a root context."",
    ""Mechanism: is_suid_exec is not set, but the combination of uid_is_root and euid_root suggests a privilege escalation attempt."",
    ""Behavioural anomaly: unique_syscalls is high, indicating a novel syscall pattern, and ephemeral_privileged is set, suggesting a short-lived privileged process."",
    ""Benign-explanation test: the short lifetime and high throughput do not strongly suggest a routine admin script or health-check."",
    ""Decide: the combination of privilege escalation indicators and novel syscall pattern outweighs XGBoost's benign call; this supports the CNN.""
  ],
  ""key_features"": [""uid_is_root"", ""euid_root"", ""unique_syscalls"", ""ephemeral_privileged"", ""max_uid_euid_delta""],
  ""agrees_with"": ""cnn""
}"
30857,3,0,benign,0,1,0.6923177242279053,0.7595603466033936,xgb_benign_cnn_malicious,MALICIOUS,1,0.83,cnn,ok,"[""Privilege state: uid_is_root and euid_root are both set, indicating a root context."", ""Mechanism: is_suid_exec is not set, but the combination of uid_is_root and euid_root suggests a privilege escalation attempt."", ""Behavioural anomaly: unique_syscalls is high, indicating a novel syscall pattern, and ephemeral_privileged is set, suggesting a short-lived privileged process."", ""Benign-explanation test: the short lifetime and high throughput do not strongly suggest a routine admin script or health-check."", ""Decide: the combination of privilege escalation indicators and novel syscall pattern outweighs XGBoost's benign call; this supports the CNN.""]","[""uid_is_root"", ""euid_root"", ""unique_syscalls"", ""ephemeral_privileged"", ""max_uid_euid_delta""]","{
  ""verdict"": ""MALICIOUS"",
  ""confidence"": 0.83,
  ""rationale_steps"": [
    ""Privilege state: uid_is_root and euid_root are both set, indicating a root context."",
    ""Mechanism: is_suid_exec is not set, but the combination of uid_is_root and euid_root suggests a privilege escalation attempt."",
    ""Behavioural anomaly: unique_syscalls is high, indicating a novel syscall pattern, and ephemeral_privileged is set, suggesting a short-lived privileged process."",
    ""Benign-explanation test: the short lifetime and high throughput do not strongly suggest a routine admin script or health-check."",
    ""Decide: the combination of privilege escalation indicators and novel syscall pattern outweighs XGBoost's benign call; this supports the CNN.""
  ],
  ""key_features"": [""uid_is_root"", ""euid_root"", ""unique_syscalls"", ""ephemeral_privileged"", ""max_uid_euid_delta""],
  ""agrees_with"": ""cnn""
}"
30928,3,0,benign,0,1,0.6923177242279053,0.7595603466033936,xgb_benign_cnn_malicious,MALICIOUS,1,0.83,cnn,ok,"[""Privilege state: uid_is_root and euid_root are both set, indicating a root context."", ""Mechanism: is_suid_exec is not set, but the combination of uid_is_root and euid_root suggests a privilege escalation attempt."", ""Behavioural anomaly: unique_syscalls is high, indicating a novel syscall pattern, and ephemeral_privileged is set, suggesting a short-lived privileged process."", ""Benign-explanation test: the short lifetime and high throughput do not strongly suggest a routine admin script or health-check."", ""Decide: the combination of privilege escalation indicators and novel syscall pattern outweighs XGBoost's benign call; this supports the CNN.""]","[""uid_is_root"", ""euid_root"", ""unique_syscalls"", ""ephemeral_privileged"", ""max_uid_euid_delta""]","{
  ""verdict"": ""MALICIOUS"",
  ""confidence"": 0.83,
  ""rationale_steps"": [
    ""Privilege state: uid_is_root and euid_root are both set, indicating a root context."",
    ""Mechanism: is_suid_exec is not set, but the combination of uid_is_root and euid_root suggests a privilege escalation attempt."",
    ""Behavioural anomaly: unique_syscalls is high, indicating a novel syscall pattern, and ephemeral_privileged is set, suggesting a short-lived privileged process."",
    ""Benign-explanation test: the short lifetime and high throughput do not strongly suggest a routine admin script or health-check."",
    ""Decide: the combination of privilege escalation indicators and novel syscall pattern outweighs XGBoost's benign call; this supports the CNN.""
  ],
  ""key_features"": [""uid_is_root"", ""euid_root"", ""unique_syscalls"", ""ephemeral_privileged"", ""max_uid_euid_delta""],
  ""agrees_with"": ""cnn""
}"
31376,1,0,benign,0,1,0.5386667847633362,0.9871322512626648,xgb_benign_cnn_malicious,MALICIOUS,1,0.92,cnn,ok,"[""Privilege state: uid_is_root and euid_root are both set, indicating a root context."", ""Mechanism: is_suid_exec is not set, but the combination of uid_is_root and euid_root suggests a privilege escalation."", ""Behavioural anomaly: auid_euid_mismatch is set, indicating an identity inconsistency, and ephemeral_privileged is set, indicating a short-lived process that held privilege."", ""Benign-explanation test: the short lifetime and high-throughput execution from a root context is not consistent with a routine admin script, cron job, or health-check."", ""Decide: the privilege escalation and identity inconsistency outweigh XGBoost's benign call; this supports the CNN.""]","[""uid_is_root"", ""euid_root"", ""auid_euid_mismatch"", ""ephemeral_privileged"", ""priv_op_count""]","{
  ""verdict"": ""MALICIOUS"",
  ""confidence"": 0.92,
  ""rationale_steps"": [
    ""Privilege state: uid_is_root and euid_root are both set, indicating a root context."",
    ""Mechanism: is_suid_exec is not set, but the combination of uid_is_root and euid_root suggests a privilege escalation."",
    ""Behavioural anomaly: auid_euid_mismatch is set, indicating an identity inconsistency, and ephemeral_privileged is set, indicating a short-lived process that held privilege."",
    ""Benign-explanation test: the short lifetime and high-throughput execution from a root context is not consistent with a routine admin script, cron job, or health-check."",
    ""Decide: the privilege escalation and identity inconsistency outweigh XGBoost's benign call; this supports the CNN.""
  ],
  ""key_features"": [""uid_is_root"", ""euid_root"", ""auid_euid_mismatch"", ""ephemeral_privileged"", ""priv_op_count""],
  ""agrees_with"": ""cnn""
}"
31479,3,1,T1078_Valid_Accounts,0,1,0.3220290243625641,0.5545240044593811,xgb_benign_cnn_malicious,MALICIOUS,1,0.83,cnn,ok,"[""Privilege state: uid_is_root and euid_root are both set, indicating a genuine root context."", ""Mechanism: is_suid_exec is not set, but the combination of uid_is_root, euid_root, and auid_euid_mismatch suggests a privilege escalation attempt."", ""Behavioural anomaly: ephemeral_privileged is set, indicating a short-lived process that held privilege, and file_access_count is low, suggesting a focused attack."", ""Benign-explanation test: the short lifetime and lack of throughput argue against a routine admin script, cron job, or health-check."", ""Decide: the combination of privilege escalation indicators and behavioural anomalies outweighs XGBoost's benign call; this supports the CNN.""]","[""uid_is_root"", ""euid_root"", ""auid_euid_mismatch"", ""ephemeral_privileged"", ""priv_op_count""]","{
  ""verdict"": ""MALICIOUS"",
  ""confidence"": 0.83,
  ""rationale_steps"": [
    ""Privilege state: uid_is_root and euid_root are both set, indicating a genuine root context."",
    ""Mechanism: is_suid_exec is not set, but the combination of uid_is_root, euid_root, and auid_euid_mismatch suggests a privilege escalation attempt."",
    ""Behavioural anomaly: ephemeral_privileged is set, indicating a short-lived process that held privilege, and file_access_count is low, suggesting a focused attack."",
    ""Benign-explanation test: the short lifetime and lack of throughput argue against a routine admin script, cron job, or health-check."",
    ""Decide: the combination of privilege escalation indicators and behavioural anomalies outweighs XGBoost's benign call; this supports the CNN.""
  ],
  ""key_features"": [""uid_is_root"", ""euid_root"", ""auid_euid_mismatch"", ""ephemeral_privileged"", ""priv_op_count""],
  ""agrees_with"": ""cnn""
}"
31609,3,0,benign,0,1,0.6923177242279053,0.7595603466033936,xgb_benign_cnn_malicious,MALICIOUS,1,0.83,cnn,ok,"[""Privilege state: uid_is_root and euid_root are both set, indicating a root context."", ""Mechanism: is_suid_exec is not set, but the combination of uid_is_root and euid_root suggests a privilege escalation attempt."", ""Behavioural anomaly: unique_syscalls is high, indicating a novel syscall pattern, and ephemeral_privileged is set, suggesting a short-lived privileged process."", ""Benign-explanation test: the short lifetime and high throughput do not strongly suggest a routine admin script or health-check."", ""Decide: the combination of privilege escalation indicators and novel syscall pattern outweighs XGBoost's benign call; this supports the CNN.""]","[""uid_is_root"", ""euid_root"", ""unique_syscalls"", ""ephemeral_privileged"", ""max_uid_euid_delta""]","{
  ""verdict"": ""MALICIOUS"",
  ""confidence"": 0.83,
  ""rationale_steps"": [
    ""Privilege state: uid_is_root and euid_root are both set, indicating a root context."",
    ""Mechanism: is_suid_exec is not set, but the combination of uid_is_root and euid_root suggests a privilege escalation attempt."",
    ""Behavioural anomaly: unique_syscalls is high, indicating a novel syscall pattern, and ephemeral_privileged is set, suggesting a short-lived privileged process."",
    ""Benign-explanation test: the short lifetime and high throughput do not strongly suggest a routine admin script or health-check."",
    ""Decide: the combination of privilege escalation indicators and novel syscall pattern outweighs XGBoost's benign call; this supports the CNN.""
  ],
  ""key_features"": [""uid_is_root"", ""euid_root"", ""unique_syscalls"", ""ephemeral_privileged"", ""max_uid_euid_delta""],
  ""agrees_with"": ""cnn""
}"
31691,3,1,T1078_Valid_Accounts,0,1,0.6923177242279053,0.7595603466033936,xgb_benign_cnn_malicious,MALICIOUS,1,0.83,cnn,ok,"[""Privilege state: uid_is_root and euid_root are both set, indicating a root context."", ""Mechanism: is_suid_exec is not set, but the combination of uid_is_root and euid_root suggests a privilege escalation attempt."", ""Behavioural anomaly: unique_syscalls is high, indicating a novel syscall pattern, and ephemeral_privileged is set, suggesting a short-lived privileged process."", ""Benign-explanation test: the short lifetime and high throughput do not strongly suggest a routine admin script or health-check."", ""Decide: the combination of privilege escalation indicators and novel syscall pattern outweighs XGBoost's benign call; this supports the CNN.""]","[""uid_is_root"", ""euid_root"", ""unique_syscalls"", ""ephemeral_privileged"", ""max_uid_euid_delta""]","{
  ""verdict"": ""MALICIOUS"",
  ""confidence"": 0.83,
  ""rationale_steps"": [
    ""Privilege state: uid_is_root and euid_root are both set, indicating a root context."",
    ""Mechanism: is_suid_exec is not set, but the combination of uid_is_root and euid_root suggests a privilege escalation attempt."",
    ""Behavioural anomaly: unique_syscalls is high, indicating a novel syscall pattern, and ephemeral_privileged is set, suggesting a short-lived privileged process."",
    ""Benign-explanation test: the short lifetime and high throughput do not strongly suggest a routine admin script or health-check."",
    ""Decide: the combination of privilege escalation indicators and novel syscall pattern outweighs XGBoost's benign call; this supports the CNN.""
  ],
  ""key_features"": [""uid_is_root"", ""euid_root"", ""unique_syscalls"", ""ephemeral_privileged"", ""max_uid_euid_delta""],
  ""agrees_with"": ""cnn""
}"
33514,3,1,T1078_Valid_Accounts,0,1,0.6755326986312866,0.659525990486145,xgb_benign_cnn_malicious,MALICIOUS,1,0.83,cnn,ok,"[""Privilege state: uid_is_root and euid_root are both set, indicating a root context."", ""Mechanism: is_suid_exec is not set, but the combination of uid_is_root and euid_root suggests a privilege escalation."", ""Behavioural anomaly: unique_syscalls is high, indicating a novel syscall pattern, and failed_call_rate is low, suggesting a successful execution."", ""Benign-explanation test: the short lifetime and high throughput do not suggest a routine admin script or health-check."", ""Decide: the combination of privilege escalation and novel syscall pattern outweighs XGBoost's benign call; this supports the CNN.""]","[""uid_is_root"", ""euid_root"", ""unique_syscalls"", ""failed_call_rate"", ""priv_op_count""]","{
  ""verdict"": ""MALICIOUS"",
  ""confidence"": 0.83,
  ""rationale_steps"": [
    ""Privilege state: uid_is_root and euid_root are both set, indicating a root context."",
    ""Mechanism: is_suid_exec is not set, but the combination of uid_is_root and euid_root suggests a privilege escalation."",
    ""Behavioural anomaly: unique_syscalls is high, indicating a novel syscall pattern, and failed_call_rate is low, suggesting a successful execution."",
    ""Benign-explanation test: the short lifetime and high throughput do not suggest a routine admin script or health-check."",
    ""Decide: the combination of privilege escalation and novel syscall pattern outweighs XGBoost's benign call; this supports the CNN.""
  ],
  ""key_features"": [""uid_is_root"", ""euid_root"", ""unique_syscalls"", ""failed_call_rate"", ""priv_op_count""],
  ""agrees_with"": ""cnn""
}"
33767,3,1,T1078_Valid_Accounts,0,1,0.6923177242279053,0.7595603466033936,xgb_benign_cnn_malicious,MALICIOUS,1,0.83,cnn,ok,"[""Privilege state: uid_is_root and euid_root are both set, indicating a root context."", ""Mechanism: is_suid_exec is not set, but the combination of uid_is_root and euid_root suggests a privilege escalation attempt."", ""Behavioural anomaly: unique_syscalls is high, indicating a novel syscall pattern, and ephemeral_privileged is set, suggesting a short-lived privileged process."", ""Benign-explanation test: the short lifetime and high throughput do not strongly suggest a routine admin script or health-check."", ""Decide: the combination of privilege escalation indicators and novel syscall pattern outweighs XGBoost's benign call; this supports the CNN.""]","[""uid_is_root"", ""euid_root"", ""unique_syscalls"", ""ephemeral_privileged"", ""max_uid_euid_delta""]","{
  ""verdict"": ""MALICIOUS"",
  ""confidence"": 0.83,
  ""rationale_steps"": [
    ""Privilege state: uid_is_root and euid_root are both set, indicating a root context."",
    ""Mechanism: is_suid_exec is not set, but the combination of uid_is_root and euid_root suggests a privilege escalation attempt."",
    ""Behavioural anomaly: unique_syscalls is high, indicating a novel syscall pattern, and ephemeral_privileged is set, suggesting a short-lived privileged process."",
    ""Benign-explanation test: the short lifetime and high throughput do not strongly suggest a routine admin script or health-check."",
    ""Decide: the combination of privilege escalation indicators and novel syscall pattern outweighs XGBoost's benign call; this supports the CNN.""
  ],
  ""key_features"": [""uid_is_root"", ""euid_root"", ""unique_syscalls"", ""ephemeral_privileged"", ""max_uid_euid_delta""],
  ""agrees_with"": ""cnn""
}"
34059,3,1,T1166_Seuid_and_Setgid,0,1,0.6852090358734131,0.7893421053886414,xgb_benign_cnn_malicious,MALICIOUS,1,0.83,cnn,ok,"[""Privilege state: uid_is_root and euid_root are both set, indicating a root context."", ""Mechanism: is_suid_exec is not set, but auid_euid_mismatch is set, suggesting an identity inconsistency."", ""Behavioural anomaly: unique_syscalls is high, indicating a novel syscall pattern, and priv_op_count is elevated, suggesting a privileged operation."", ""Benign-explanation test: the short lifetime and high throughput do not suggest a routine admin script or health-check."", ""Decide: the evidence supports CNN's call, as the privilege state and mechanism suggest a malicious attempt, and the behavioural anomaly and benign-explanation test do not provide a clear alternative explanation.""]","[""uid_is_root"", ""euid_root"", ""auid_euid_mismatch"", ""unique_syscalls"", ""priv_op_count""]","{
  ""verdict"": ""MALICIOUS"",
  ""confidence"": 0.83,
  ""rationale_steps"": [
    ""Privilege state: uid_is_root and euid_root are both set, indicating a root context."",
    ""Mechanism: is_suid_exec is not set, but auid_euid_mismatch is set, suggesting an identity inconsistency."",
    ""Behavioural anomaly: unique_syscalls is high, indicating a novel syscall pattern, and priv_op_count is elevated, suggesting a privileged operation."",
    ""Benign-explanation test: the short lifetime and high throughput do not suggest a routine admin script or health-check."",
    ""Decide: the evidence supports CNN's call, as the privilege state and mechanism suggest a malicious attempt, and the behavioural anomaly and benign-explanation test do not provide a clear alternative explanation.""
  ],
  ""key_features"": [""uid_is_root"", ""euid_root"", ""auid_euid_mismatch"", ""unique_syscalls"", ""priv_op_count""],
  ""agrees_with"": ""cnn""
}"
34144,3,1,T1078_Valid_Accounts,0,1,0.6923177242279053,0.7595603466033936,xgb_benign_cnn_malicious,MALICIOUS,1,0.83,cnn,ok,"[""Privilege state: uid_is_root and euid_root are both set, indicating a root context."", ""Mechanism: is_suid_exec is not set, but the combination of uid_is_root and euid_root suggests a privilege escalation attempt."", ""Behavioural anomaly: unique_syscalls is high, indicating a novel syscall pattern, and ephemeral_privileged is set, suggesting a short-lived privileged process."", ""Benign-explanation test: the short lifetime and high throughput do not strongly suggest a routine admin script or health-check."", ""Decide: the combination of privilege escalation indicators and novel syscall pattern outweighs XGBoost's benign call; this supports the CNN.""]","[""uid_is_root"", ""euid_root"", ""unique_syscalls"", ""ephemeral_privileged"", ""max_uid_euid_delta""]","{
  ""verdict"": ""MALICIOUS"",
  ""confidence"": 0.83,
  ""rationale_steps"": [
    ""Privilege state: uid_is_root and euid_root are both set, indicating a root context."",
    ""Mechanism: is_suid_exec is not set, but the combination of uid_is_root and euid_root suggests a privilege escalation attempt."",
    ""Behavioural anomaly: unique_syscalls is high, indicating a novel syscall pattern, and ephemeral_privileged is set, suggesting a short-lived privileged process."",
    ""Benign-explanation test: the short lifetime and high throughput do not strongly suggest a routine admin script or health-check."",
    ""Decide: the combination of privilege escalation indicators and novel syscall pattern outweighs XGBoost's benign call; this supports the CNN.""
  ],
  ""key_features"": [""uid_is_root"", ""euid_root"", ""unique_syscalls"", ""ephemeral_privileged"", ""max_uid_euid_delta""],
  ""agrees_with"": ""cnn""
}"
34171,3,1,T1078_Valid_Accounts,0,1,0.6923177242279053,0.7595603466033936,xgb_benign_cnn_malicious,MALICIOUS,1,0.83,cnn,ok,"[""Privilege state: uid_is_root and euid_root are both set, indicating a root context."", ""Mechanism: is_suid_exec is not set, but the combination of uid_is_root and euid_root suggests a privilege escalation attempt."", ""Behavioural anomaly: unique_syscalls is high, indicating a novel syscall pattern, and ephemeral_privileged is set, suggesting a short-lived privileged process."", ""Benign-explanation test: the short lifetime and high throughput do not suggest a routine admin script or health-check."", ""Decide: the combination of privilege escalation indicators and novel syscall pattern outweighs XGBoost's benign call; this supports the CNN.""]","[""uid_is_root"", ""euid_root"", ""unique_syscalls"", ""ephemeral_privileged"", ""max_uid_euid_delta""]","{
  ""verdict"": ""MALICIOUS"",
  ""confidence"": 0.83,
  ""rationale_steps"": [
    ""Privilege state: uid_is_root and euid_root are both set, indicating a root context."",
    ""Mechanism: is_suid_exec is not set, but the combination of uid_is_root and euid_root suggests a privilege escalation attempt."",
    ""Behavioural anomaly: unique_syscalls is high, indicating a novel syscall pattern, and ephemeral_privileged is set, suggesting a short-lived privileged process."",
    ""Benign-explanation test: the short lifetime and high throughput do not suggest a routine admin script or health-check."",
    ""Decide: the combination of privilege escalation indicators and novel syscall pattern outweighs XGBoost's benign call; this supports the CNN.""
  ],
  ""key_features"": [""uid_is_root"", ""euid_root"", ""unique_syscalls"", ""ephemeral_privileged"", ""max_uid_euid_delta""],
  ""agrees_with"": ""cnn""
}"
34969,3,0,benign,0,1,0.6923177242279053,0.7595603466033936,xgb_benign_cnn_malicious,MALICIOUS,1,0.83,cnn,ok,"[""Privilege state: uid_is_root and euid_root are both set, indicating a root context."", ""Mechanism: is_suid_exec is not set, but the combination of uid_is_root and euid_root suggests a privilege escalation attempt."", ""Behavioural anomaly: unique_syscalls is high, indicating a novel syscall pattern, and ephemeral_privileged is set, suggesting a short-lived privileged process."", ""Benign-explanation test: the short lifetime and high throughput do not suggest a routine admin script or health-check."", ""Decide: the combination of privilege escalation indicators and novel syscall pattern outweighs XGBoost's benign call; this supports the CNN.""]","[""uid_is_root"", ""euid_root"", ""unique_syscalls"", ""ephemeral_privileged"", ""max_uid_euid_delta""]","{
  ""verdict"": ""MALICIOUS"",
  ""confidence"": 0.83,
  ""rationale_steps"": [
    ""Privilege state: uid_is_root and euid_root are both set, indicating a root context."",
    ""Mechanism: is_suid_exec is not set, but the combination of uid_is_root and euid_root suggests a privilege escalation attempt."",
    ""Behavioural anomaly: unique_syscalls is high, indicating a novel syscall pattern, and ephemeral_privileged is set, suggesting a short-lived privileged process."",
    ""Benign-explanation test: the short lifetime and high throughput do not suggest a routine admin script or health-check."",
    ""Decide: the combination of privilege escalation indicators and novel syscall pattern outweighs XGBoost's benign call; this supports the CNN.""
  ],
  ""key_features"": [""uid_is_root"", ""euid_root"", ""unique_syscalls"", ""ephemeral_privileged"", ""max_uid_euid_delta""],
  ""agrees_with"": ""cnn""
}"
35215,3,1,T1078_Valid_Accounts,0,1,0.6923177242279053,0.7595603466033936,xgb_benign_cnn_malicious,MALICIOUS,1,0.83,cnn,ok,"[""Privilege state: uid_is_root and euid_root are both set, indicating a root context."", ""Mechanism: is_suid_exec is not set, but the combination of uid_is_root and euid_root suggests a privilege escalation attempt."", ""Behavioural anomaly: unique_syscalls is high, indicating a novel syscall pattern, and ephemeral_privileged is set, suggesting a short-lived privileged process."", ""Benign-explanation test: the short lifetime and high throughput do not suggest a routine admin script or health-check."", ""Decide: the combination of privilege escalation indicators and novel syscall pattern outweighs XGBoost's benign call; this supports the CNN.""]","[""uid_is_root"", ""euid_root"", ""unique_syscalls"", ""ephemeral_privileged"", ""max_uid_euid_delta""]","{
  ""verdict"": ""MALICIOUS"",
  ""confidence"": 0.83,
  ""rationale_steps"": [
    ""Privilege state: uid_is_root and euid_root are both set, indicating a root context."",
    ""Mechanism: is_suid_exec is not set, but the combination of uid_is_root and euid_root suggests a privilege escalation attempt."",
    ""Behavioural anomaly: unique_syscalls is high, indicating a novel syscall pattern, and ephemeral_privileged is set, suggesting a short-lived privileged process."",
    ""Benign-explanation test: the short lifetime and high throughput do not suggest a routine admin script or health-check."",
    ""Decide: the combination of privilege escalation indicators and novel syscall pattern outweighs XGBoost's benign call; this supports the CNN.""
  ],
  ""key_features"": [""uid_is_root"", ""euid_root"", ""unique_syscalls"", ""ephemeral_privileged"", ""max_uid_euid_delta""],
  ""agrees_with"": ""cnn""
}"
35480,3,0,benign,0,1,0.6923177242279053,0.7595603466033936,xgb_benign_cnn_malicious,MALICIOUS,1,0.83,cnn,ok,"[""Privilege state: uid_is_root and euid_root are both set, indicating a root context."", ""Mechanism: is_suid_exec is not set, but the combination of uid_is_root and euid_root suggests a privilege escalation attempt."", ""Behavioural anomaly: unique_syscalls is high, indicating a novel syscall pattern, and ephemeral_privileged is set, suggesting a short-lived privileged process."", ""Benign-explanation test: the short lifetime and high throughput do not suggest a routine admin script or health-check."", ""Decide: the combination of privilege escalation indicators and novel syscall pattern outweighs XGBoost's benign call; this supports the CNN.""]","[""uid_is_root"", ""euid_root"", ""unique_syscalls"", ""ephemeral_privileged"", ""max_uid_euid_delta""]","{
  ""verdict"": ""MALICIOUS"",
  ""confidence"": 0.83,
  ""rationale_steps"": [
    ""Privilege state: uid_is_root and euid_root are both set, indicating a root context."",
    ""Mechanism: is_suid_exec is not set, but the combination of uid_is_root and euid_root suggests a privilege escalation attempt."",
    ""Behavioural anomaly: unique_syscalls is high, indicating a novel syscall pattern, and ephemeral_privileged is set, suggesting a short-lived privileged process."",
    ""Benign-explanation test: the short lifetime and high throughput do not suggest a routine admin script or health-check."",
    ""Decide: the combination of privilege escalation indicators and novel syscall pattern outweighs XGBoost's benign call; this supports the CNN.""
  ],
  ""key_features"": [""uid_is_root"", ""euid_root"", ""unique_syscalls"", ""ephemeral_privileged"", ""max_uid_euid_delta""],
  ""agrees_with"": ""cnn""
}"
36655,3,1,T1078_Valid_Accounts,0,1,0.6923177242279053,0.7595603466033936,xgb_benign_cnn_malicious,MALICIOUS,1,0.83,cnn,ok,"[""Privilege state: uid_is_root and euid_root are both set, indicating a root context."", ""Mechanism: is_suid_exec is not set, but the combination of uid_is_root and euid_root suggests a privilege escalation attempt."", ""Behavioural anomaly: unique_syscalls is high, indicating a novel syscall pattern, and ephemeral_privileged is set, suggesting a short-lived privileged process."", ""Benign-explanation test: the short lifetime and high throughput do not suggest a routine admin script or health-check."", ""Decide: the combination of privilege escalation indicators and novel syscall pattern outweighs XGBoost's benign call; this supports the CNN.""]","[""uid_is_root"", ""euid_root"", ""unique_syscalls"", ""ephemeral_privileged"", ""max_uid_euid_delta""]","{
  ""verdict"": ""MALICIOUS"",
  ""confidence"": 0.83,
  ""rationale_steps"": [
    ""Privilege state: uid_is_root and euid_root are both set, indicating a root context."",
    ""Mechanism: is_suid_exec is not set, but the combination of uid_is_root and euid_root suggests a privilege escalation attempt."",
    ""Behavioural anomaly: unique_syscalls is high, indicating a novel syscall pattern, and ephemeral_privileged is set, suggesting a short-lived privileged process."",
    ""Benign-explanation test: the short lifetime and high throughput do not suggest a routine admin script or health-check."",
    ""Decide: the combination of privilege escalation indicators and novel syscall pattern outweighs XGBoost's benign call; this supports the CNN.""
  ],
  ""key_features"": [""uid_is_root"", ""euid_root"", ""unique_syscalls"", ""ephemeral_privileged"", ""max_uid_euid_delta""],
  ""agrees_with"": ""cnn""
}"
36679,3,1,T1078_Valid_Accounts,0,1,0.6923177242279053,0.7595603466033936,xgb_benign_cnn_malicious,MALICIOUS,1,0.83,cnn,ok,"[""Privilege state: uid_is_root and euid_root are both set, indicating a root context."", ""Mechanism: is_suid_exec is not set, but the combination of uid_is_root and euid_root suggests a privilege escalation attempt."", ""Behavioural anomaly: unique_syscalls is high, indicating a novel syscall pattern, and ephemeral_privileged is set, suggesting a short-lived privileged process."", ""Benign-explanation test: the short lifetime and high throughput do not suggest a routine admin script or health-check."", ""Decide: the combination of privilege escalation indicators and novel syscall pattern outweighs XGBoost's benign call; this supports the CNN.""]","[""uid_is_root"", ""euid_root"", ""unique_syscalls"", ""ephemeral_privileged"", ""max_uid_euid_delta""]","{
  ""verdict"": ""MALICIOUS"",
  ""confidence"": 0.83,
  ""rationale_steps"": [
    ""Privilege state: uid_is_root and euid_root are both set, indicating a root context."",
    ""Mechanism: is_suid_exec is not set, but the combination of uid_is_root and euid_root suggests a privilege escalation attempt."",
    ""Behavioural anomaly: unique_syscalls is high, indicating a novel syscall pattern, and ephemeral_privileged is set, suggesting a short-lived privileged process."",
    ""Benign-explanation test: the short lifetime and high throughput do not suggest a routine admin script or health-check."",
    ""Decide: the combination of privilege escalation indicators and novel syscall pattern outweighs XGBoost's benign call; this supports the CNN.""
  ],
  ""key_features"": [""uid_is_root"", ""euid_root"", ""unique_syscalls"", ""ephemeral_privileged"", ""max_uid_euid_delta""],
  ""agrees_with"": ""cnn""
}"
36756,4,1,T1166_Seuid_and_Setgid,0,1,0.6859476566314697,0.8380261659622192,xgb_benign_cnn_malicious,MALICIOUS,1,0.84,cnn,ok,"[""Privilege state: uid_is_root and euid_root are both set, indicating a root context."", ""Mechanism: is_suid_exec is not set, but uid_changed and ephemeral_privileged suggest a privilege transition."", ""Behavioural anomaly: seq_length and unique_syscalls are both at p99+, indicating a complex syscall sequence."", ""Benign-explanation test: the short lifetime and high throughput do not suggest a routine admin script or health-check."", ""Decide: the privilege transition and complex syscall sequence outweigh XGBoost's benign call; this supports the CNN.""]","[""seq_length"", ""unique_syscalls"", ""uid_is_root"", ""uid_changed"", ""euid_root""]","{
  ""verdict"": ""MALICIOUS"",
  ""confidence"": 0.84,
  ""rationale_steps"": [
    ""Privilege state: uid_is_root and euid_root are both set, indicating a root context."",
    ""Mechanism: is_suid_exec is not set, but uid_changed and ephemeral_privileged suggest a privilege transition."",
    ""Behavioural anomaly: seq_length and unique_syscalls are both at p99+, indicating a complex syscall sequence."",
    ""Benign-explanation test: the short lifetime and high throughput do not suggest a routine admin script or health-check."",
    ""Decide: the privilege transition and complex syscall sequence outweigh XGBoost's benign call; this supports the CNN.""
  ],
  ""key_features"": [""seq_length"", ""unique_syscalls"", ""uid_is_root"", ""uid_changed"", ""euid_root""],
  ""agrees_with"": ""cnn""
}"
37952,3,0,benign,0,1,0.6923177242279053,0.7595603466033936,xgb_benign_cnn_malicious,MALICIOUS,1,0.83,cnn,ok,"[""Privilege state: uid_is_root and euid_root are both set, indicating a root context."", ""Mechanism: is_suid_exec is not set, but the combination of uid_is_root and euid_root suggests a privilege escalation attempt."", ""Behavioural anomaly: unique_syscalls is high, indicating a novel syscall pattern, and ephemeral_privileged is set, suggesting a short-lived privileged process."", ""Benign-explanation test: the short lifetime and high throughput do not strongly suggest a routine admin script or health-check."", ""Decide: the combination of privilege escalation indicators and novel syscall pattern outweighs XGBoost's benign call; this supports the CNN.""]","[""uid_is_root"", ""euid_root"", ""unique_syscalls"", ""ephemeral_privileged"", ""max_uid_euid_delta""]","{
  ""verdict"": ""MALICIOUS"",
  ""confidence"": 0.83,
  ""rationale_steps"": [
    ""Privilege state: uid_is_root and euid_root are both set, indicating a root context."",
    ""Mechanism: is_suid_exec is not set, but the combination of uid_is_root and euid_root suggests a privilege escalation attempt."",
    ""Behavioural anomaly: unique_syscalls is high, indicating a novel syscall pattern, and ephemeral_privileged is set, suggesting a short-lived privileged process."",
    ""Benign-explanation test: the short lifetime and high throughput do not strongly suggest a routine admin script or health-check."",
    ""Decide: the combination of privilege escalation indicators and novel syscall pattern outweighs XGBoost's benign call; this supports the CNN.""
  ],
  ""key_features"": [""uid_is_root"", ""euid_root"", ""unique_syscalls"", ""ephemeral_privileged"", ""max_uid_euid_delta""],
  ""agrees_with"": ""cnn""
}"
38339,3,1,T1078_Valid_Accounts,0,1,0.6923177242279053,0.7595603466033936,xgb_benign_cnn_malicious,MALICIOUS,1,0.83,cnn,ok,"[""Privilege state: uid_is_root and euid_root are both set, indicating a root context."", ""Mechanism: is_suid_exec is not set, but the combination of uid_is_root and euid_root suggests a privilege escalation attempt."", ""Behavioural anomaly: unique_syscalls is high, indicating a novel syscall pattern, and ephemeral_privileged is set, suggesting a short-lived privileged process."", ""Benign-explanation test: the short lifetime and high throughput do not suggest a routine admin script or health-check."", ""Decide: the combination of privilege escalation indicators and novel syscall pattern outweighs XGBoost's benign call; this supports the CNN.""]","[""uid_is_root"", ""euid_root"", ""unique_syscalls"", ""ephemeral_privileged"", ""max_uid_euid_delta""]","{
  ""verdict"": ""MALICIOUS"",
  ""confidence"": 0.83,
  ""rationale_steps"": [
    ""Privilege state: uid_is_root and euid_root are both set, indicating a root context."",
    ""Mechanism: is_suid_exec is not set, but the combination of uid_is_root and euid_root suggests a privilege escalation attempt."",
    ""Behavioural anomaly: unique_syscalls is high, indicating a novel syscall pattern, and ephemeral_privileged is set, suggesting a short-lived privileged process."",
    ""Benign-explanation test: the short lifetime and high throughput do not suggest a routine admin script or health-check."",
    ""Decide: the combination of privilege escalation indicators and novel syscall pattern outweighs XGBoost's benign call; this supports the CNN.""
  ],
  ""key_features"": [""uid_is_root"", ""euid_root"", ""unique_syscalls"", ""ephemeral_privileged"", ""max_uid_euid_delta""],
  ""agrees_with"": ""cnn""
}"
38838,3,0,benign,0,1,0.6923177242279053,0.7595603466033936,xgb_benign_cnn_malicious,MALICIOUS,1,0.83,cnn,ok,"[""Privilege state: uid_is_root and euid_root are both set, indicating a root context."", ""Mechanism: is_suid_exec is not set, but the combination of uid_is_root and euid_root suggests a privilege escalation attempt."", ""Behavioural anomaly: unique_syscalls is high, indicating a novel syscall pattern, and ephemeral_privileged is set, suggesting a short-lived privileged process."", ""Benign-explanation test: the short lifetime and high throughput do not suggest a routine admin script or health-check."", ""Decide: the combination of privilege escalation indicators and novel syscall pattern outweighs XGBoost's benign call; this supports the CNN.""]","[""uid_is_root"", ""euid_root"", ""unique_syscalls"", ""ephemeral_privileged"", ""max_uid_euid_delta""]","{
  ""verdict"": ""MALICIOUS"",
  ""confidence"": 0.83,
  ""rationale_steps"": [
    ""Privilege state: uid_is_root and euid_root are both set, indicating a root context."",
    ""Mechanism: is_suid_exec is not set, but the combination of uid_is_root and euid_root suggests a privilege escalation attempt."",
    ""Behavioural anomaly: unique_syscalls is high, indicating a novel syscall pattern, and ephemeral_privileged is set, suggesting a short-lived privileged process."",
    ""Benign-explanation test: the short lifetime and high throughput do not suggest a routine admin script or health-check."",
    ""Decide: the combination of privilege escalation indicators and novel syscall pattern outweighs XGBoost's benign call; this supports the CNN.""
  ],
  ""key_features"": [""uid_is_root"", ""euid_root"", ""unique_syscalls"", ""ephemeral_privileged"", ""max_uid_euid_delta""],
  ""agrees_with"": ""cnn""
}"
38899,3,0,benign,0,1,0.6923177242279053,0.7595603466033936,xgb_benign_cnn_malicious,MALICIOUS,1,0.83,cnn,ok,"[""Privilege state: uid_is_root and euid_root are both set, indicating a root context."", ""Mechanism: is_suid_exec is not set, but the combination of uid_is_root and euid_root suggests a privilege escalation attempt."", ""Behavioural anomaly: unique_syscalls is high, indicating a novel syscall pattern, and ephemeral_privileged is set, suggesting a short-lived privileged process."", ""Benign-explanation test: the short lifetime and high throughput do not suggest a routine admin script or health-check."", ""Decide: the combination of privilege escalation indicators and novel syscall pattern outweighs XGBoost's benign call; this supports the CNN.""]","[""uid_is_root"", ""euid_root"", ""unique_syscalls"", ""ephemeral_privileged"", ""max_uid_euid_delta""]","{
  ""verdict"": ""MALICIOUS"",
  ""confidence"": 0.83,
  ""rationale_steps"": [
    ""Privilege state: uid_is_root and euid_root are both set, indicating a root context."",
    ""Mechanism: is_suid_exec is not set, but the combination of uid_is_root and euid_root suggests a privilege escalation attempt."",
    ""Behavioural anomaly: unique_syscalls is high, indicating a novel syscall pattern, and ephemeral_privileged is set, suggesting a short-lived privileged process."",
    ""Benign-explanation test: the short lifetime and high throughput do not suggest a routine admin script or health-check."",
    ""Decide: the combination of privilege escalation indicators and novel syscall pattern outweighs XGBoost's benign call; this supports the CNN.""
  ],
  ""key_features"": [""uid_is_root"", ""euid_root"", ""unique_syscalls"", ""ephemeral_privileged"", ""max_uid_euid_delta""],
  ""agrees_with"": ""cnn""
}"
39081,4,1,T1078_Valid_Accounts,0,1,0.39235103130340576,0.839806318283081,xgb_benign_cnn_malicious,MALICIOUS,1,0.92,cnn,ok,"[""Privilege state: uid_is_root and euid_root are both set, indicating a genuine root context."", ""Mechanism: is_suid_exec is not set, but the combination of uid_is_root, euid_root, and auid_euid_mismatch suggests a privilege escalation attempt."", ""Behavioural anomaly: failed_call_count is high, indicating a potential privilege escalation attempt."", ""Benign-explanation test: the short lifetime and high syscall throughput make it unlikely to be a routine admin script or health-check."", ""Decide: the combination of privilege escalation indicators and behavioural anomalies outweighs XGBoost's benign call; this supports the CNN.""]","[""uid_is_root"", ""euid_root"", ""auid_euid_mismatch"", ""failed_call_count"", ""seq_length""]","{
  ""verdict"": ""MALICIOUS"",
  ""confidence"": 0.92,
  ""rationale_steps"": [
    ""Privilege state: uid_is_root and euid_root are both set, indicating a genuine root context."",
    ""Mechanism: is_suid_exec is not set, but the combination of uid_is_root, euid_root, and auid_euid_mismatch suggests a privilege escalation attempt."",
    ""Behavioural anomaly: failed_call_count is high, indicating a potential privilege escalation attempt."",
    ""Benign-explanation test: the short lifetime and high syscall throughput make it unlikely to be a routine admin script or health-check."",
    ""Decide: the combination of privilege escalation indicators and behavioural anomalies outweighs XGBoost's benign call; this supports the CNN.""
  ],
  ""key_features"": [""uid_is_root"", ""euid_root"", ""auid_euid_mismatch"", ""failed_call_count"", ""seq_length""],
  ""agrees_with"": ""cnn""
}"
39125,3,1,T1078_Valid_Accounts,0,1,0.6923177242279053,0.7595603466033936,xgb_benign_cnn_malicious,MALICIOUS,1,0.83,cnn,ok,"[""Privilege state: uid_is_root and euid_root are both set, indicating a root context."", ""Mechanism: is_suid_exec is not set, but the combination of uid_is_root and euid_root suggests a privilege escalation attempt."", ""Behavioural anomaly: unique_syscalls is high, indicating a novel syscall pattern, and ephemeral_privileged is set, suggesting a short-lived privileged process."", ""Benign-explanation test: the short lifetime and high throughput do not strongly suggest a routine admin script or health-check."", ""Decide: the combination of privilege escalation indicators and novel syscall pattern outweighs XGBoost's benign call; this supports the CNN.""]","[""uid_is_root"", ""euid_root"", ""unique_syscalls"", ""ephemeral_privileged"", ""max_uid_euid_delta""]","{
  ""verdict"": ""MALICIOUS"",
  ""confidence"": 0.83,
  ""rationale_steps"": [
    ""Privilege state: uid_is_root and euid_root are both set, indicating a root context."",
    ""Mechanism: is_suid_exec is not set, but the combination of uid_is_root and euid_root suggests a privilege escalation attempt."",
    ""Behavioural anomaly: unique_syscalls is high, indicating a novel syscall pattern, and ephemeral_privileged is set, suggesting a short-lived privileged process."",
    ""Benign-explanation test: the short lifetime and high throughput do not strongly suggest a routine admin script or health-check."",
    ""Decide: the combination of privilege escalation indicators and novel syscall pattern outweighs XGBoost's benign call; this supports the CNN.""
  ],
  ""key_features"": [""uid_is_root"", ""euid_root"", ""unique_syscalls"", ""ephemeral_privileged"", ""max_uid_euid_delta""],
  ""agrees_with"": ""cnn""
}"
39373,3,0,benign,0,1,0.6923177242279053,0.7595603466033936,xgb_benign_cnn_malicious,MALICIOUS,1,0.83,cnn,ok,"[""Privilege state: uid_is_root and euid_root are both set, indicating a root context."", ""Mechanism: is_suid_exec is not set, but the combination of uid_is_root and euid_root suggests a privilege escalation attempt."", ""Behavioural anomaly: unique_syscalls is high, indicating a novel syscall pattern, and ephemeral_privileged is set, suggesting a short-lived privileged process."", ""Benign-explanation test: the short lifetime and high throughput do not strongly suggest a routine admin script or health-check."", ""Decide: the combination of privilege escalation indicators and novel syscall pattern outweighs XGBoost's benign call; this supports the CNN.""]","[""uid_is_root"", ""euid_root"", ""unique_syscalls"", ""ephemeral_privileged"", ""max_uid_euid_delta""]","{
  ""verdict"": ""MALICIOUS"",
  ""confidence"": 0.83,
  ""rationale_steps"": [
    ""Privilege state: uid_is_root and euid_root are both set, indicating a root context."",
    ""Mechanism: is_suid_exec is not set, but the combination of uid_is_root and euid_root suggests a privilege escalation attempt."",
    ""Behavioural anomaly: unique_syscalls is high, indicating a novel syscall pattern, and ephemeral_privileged is set, suggesting a short-lived privileged process."",
    ""Benign-explanation test: the short lifetime and high throughput do not strongly suggest a routine admin script or health-check."",
    ""Decide: the combination of privilege escalation indicators and novel syscall pattern outweighs XGBoost's benign call; this supports the CNN.""
  ],
  ""key_features"": [""uid_is_root"", ""euid_root"", ""unique_syscalls"", ""ephemeral_privileged"", ""max_uid_euid_delta""],
  ""agrees_with"": ""cnn""
}"
39471,1,0,benign,0,1,0.6513984799385071,0.9903056025505066,xgb_benign_cnn_malicious,MALICIOUS,1,0.92,cnn,ok,"[""Privilege state: uid_is_root and euid_root are both set, indicating a genuine root context."", ""Mechanism: is_suid_exec is not set, but the combination of uid_is_root, euid_root, and auid_euid_mismatch suggests a privilege escalation attempt."", ""Behavioural anomaly: the process is ephemeral and privileged, and there is no network activity, which is consistent with a stealthy attack."", ""Benign-explanation test: the short lifetime and lack of throughput make it unlikely to be a routine admin script or health-check."", ""Decide: the combination of privilege state and behavioural anomalies outweighs the benign explanation, supporting CNN's call.""]","[""uid_is_root"", ""euid_root"", ""auid_euid_mismatch"", ""ephemeral_privileged"", ""priv_op_count""]","{
  ""verdict"": ""MALICIOUS"",
  ""confidence"": 0.92,
  ""rationale_steps"": [
    ""Privilege state: uid_is_root and euid_root are both set, indicating a genuine root context."",
    ""Mechanism: is_suid_exec is not set, but the combination of uid_is_root, euid_root, and auid_euid_mismatch suggests a privilege escalation attempt."",
    ""Behavioural anomaly: the process is ephemeral and privileged, and there is no network activity, which is consistent with a stealthy attack."",
    ""Benign-explanation test: the short lifetime and lack of throughput make it unlikely to be a routine admin script or health-check."",
    ""Decide: the combination of privilege state and behavioural anomalies outweighs the benign explanation, supporting CNN's call.""
  ],
  ""key_features"": [""uid_is_root"", ""euid_root"", ""auid_euid_mismatch"", ""ephemeral_privileged"", ""priv_op_count""],
  ""agrees_with"": ""cnn""
}"
39581,3,1,T1166_Seuid_and_Setgid,0,1,0.6825464963912964,0.8376172184944153,xgb_benign_cnn_malicious,MALICIOUS,1,0.92,cnn,ok,"[""Privilege state: uid_is_root, euid_root, and max_uid_euid_delta are all at p99+, indicating a genuine root context and privilege transition."", ""Mechanism: is_suid_exec is not set, but the combination of uid_is_root, uid_changed, and ephemeral_privileged suggests a setuid-shell escalation."", ""Behavioural anomaly: failed_call_count is high and priv_op_count is low, indicating a failed escalation attempt."", ""Benign-explanation test: the short lifetime and high failed_call_count make it unlikely to be a routine admin script or health-check."", ""Decide: the combination of privilege transition and failed escalation attempt outweighs XGBoost's benign call; this supports the CNN.""]","[""uid_is_root"", ""uid_changed"", ""euid_root"", ""max_uid_euid_delta"", ""failed_call_count""]","{
  ""verdict"": ""MALICIOUS"",
  ""confidence"": 0.92,
  ""rationale_steps"": [
    ""Privilege state: uid_is_root, euid_root, and max_uid_euid_delta are all at p99+, indicating a genuine root context and privilege transition."",
    ""Mechanism: is_suid_exec is not set, but the combination of uid_is_root, uid_changed, and ephemeral_privileged suggests a setuid-shell escalation."",
    ""Behavioural anomaly: failed_call_count is high and priv_op_count is low, indicating a failed escalation attempt."",
    ""Benign-explanation test: the short lifetime and high failed_call_count make it unlikely to be a routine admin script or health-check."",
    ""Decide: the combination of privilege transition and failed escalation attempt outweighs XGBoost's benign call; this supports the CNN.""
  ],
  ""key_features"": [""uid_is_root"", ""uid_changed"", ""euid_root"", ""max_uid_euid_delta"", ""failed_call_count""],
  ""agrees_with"": ""cnn""
}"
40132,1,0,benign,0,1,0.35090771317481995,0.9793001413345337,xgb_benign_cnn_malicious,MALICIOUS,1,0.92,cnn,ok,"[""Privilege state: uid_is_root and euid_root are both set, indicating a genuine root context."", ""Mechanism: is_suid_exec is not set, but the combination of uid_is_root, euid_root, and auid_euid_mismatch suggests a privilege escalation attempt."", ""Behavioural anomaly: the process is ephemeral and privileged, with a high file-access count, indicating a potential attack."", ""Benign-explanation test: the short lifetime and high file-access count make it unlikely to be a routine admin script or health-check."", ""Decide: the combination of privilege escalation indicators and behavioural anomalies outweighs XGBoost's benign call; this supports the CNN.""]","[""uid_is_root"", ""euid_root"", ""auid_euid_mismatch"", ""ephemeral_privileged"", ""priv_op_count""]","{
  ""verdict"": ""MALICIOUS"",
  ""confidence"": 0.92,
  ""rationale_steps"": [
    ""Privilege state: uid_is_root and euid_root are both set, indicating a genuine root context."",
    ""Mechanism: is_suid_exec is not set, but the combination of uid_is_root, euid_root, and auid_euid_mismatch suggests a privilege escalation attempt."",
    ""Behavioural anomaly: the process is ephemeral and privileged, with a high file-access count, indicating a potential attack."",
    ""Benign-explanation test: the short lifetime and high file-access count make it unlikely to be a routine admin script or health-check."",
    ""Decide: the combination of privilege escalation indicators and behavioural anomalies outweighs XGBoost's benign call; this supports the CNN.""
  ],
  ""key_features"": [""uid_is_root"", ""euid_root"", ""auid_euid_mismatch"", ""ephemeral_privileged"", ""priv_op_count""],
  ""agrees_with"": ""cnn""
}"
40422,3,1,T1078_Valid_Accounts,0,1,0.6923177242279053,0.7595603466033936,xgb_benign_cnn_malicious,MALICIOUS,1,0.83,cnn,ok,"[""Privilege state: uid_is_root and euid_root are both set, indicating a root context."", ""Mechanism: is_suid_exec is not set, but the combination of uid_is_root and euid_root suggests a privilege escalation attempt."", ""Behavioural anomaly: unique_syscalls is high, indicating a novel syscall pattern, and ephemeral_privileged is set, suggesting a short-lived privileged process."", ""Benign-explanation test: the short lifetime and high throughput do not strongly suggest a routine admin script or health-check."", ""Decide: the combination of privilege escalation indicators and novel syscall pattern outweighs XGBoost's benign call; this supports the CNN.""]","[""uid_is_root"", ""euid_root"", ""unique_syscalls"", ""ephemeral_privileged"", ""max_uid_euid_delta""]","{
  ""verdict"": ""MALICIOUS"",
  ""confidence"": 0.83,
  ""rationale_steps"": [
    ""Privilege state: uid_is_root and euid_root are both set, indicating a root context."",
    ""Mechanism: is_suid_exec is not set, but the combination of uid_is_root and euid_root suggests a privilege escalation attempt."",
    ""Behavioural anomaly: unique_syscalls is high, indicating a novel syscall pattern, and ephemeral_privileged is set, suggesting a short-lived privileged process."",
    ""Benign-explanation test: the short lifetime and high throughput do not strongly suggest a routine admin script or health-check."",
    ""Decide: the combination of privilege escalation indicators and novel syscall pattern outweighs XGBoost's benign call; this supports the CNN.""
  ],
  ""key_features"": [""uid_is_root"", ""euid_root"", ""unique_syscalls"", ""ephemeral_privileged"", ""max_uid_euid_delta""],
  ""agrees_with"": ""cnn""
}"
41033,1,0,benign,0,1,0.34923046827316284,0.9943949580192566,xgb_benign_cnn_malicious,MALICIOUS,1,0.92,cnn,ok,"[""Privilege state: uid_is_root and euid_root are both set, indicating a genuine root context."", ""Mechanism: is_suid_exec is not set, but the presence of uid_changed and ephemeral_privileged suggests a privilege transition."", ""Behavioural anomaly: failed_call_count is high, indicating a failed syscall rate, and seq_length is long, suggesting a complex syscall sequence."", ""Benign-explanation test: the short lifetime and high failed syscall rate make it unlikely to be a routine admin script or health-check."", ""Decide: the combination of privilege transition and behavioural anomalies outweighs XGBoost's benign call; this supports the CNN.""]","[""seq_length"", ""uid_is_root"", ""uid_changed"", ""euid_root"", ""failed_call_count""]","{
  ""verdict"": ""MALICIOUS"",
  ""confidence"": 0.92,
  ""rationale_steps"": [
    ""Privilege state: uid_is_root and euid_root are both set, indicating a genuine root context."",
    ""Mechanism: is_suid_exec is not set, but the presence of uid_changed and ephemeral_privileged suggests a privilege transition."",
    ""Behavioural anomaly: failed_call_count is high, indicating a failed syscall rate, and seq_length is long, suggesting a complex syscall sequence."",
    ""Benign-explanation test: the short lifetime and high failed syscall rate make it unlikely to be a routine admin script or health-check."",
    ""Decide: the combination of privilege transition and behavioural anomalies outweighs XGBoost's benign call; this supports the CNN.""
  ],
  ""key_features"": [""seq_length"", ""uid_is_root"", ""uid_changed"", ""euid_root"", ""failed_call_count""],
  ""agrees_with"": ""cnn""
}"
41275,3,0,benign,0,1,0.6923177242279053,0.7595603466033936,xgb_benign_cnn_malicious,MALICIOUS,1,0.83,cnn,ok,"[""Privilege state: uid_is_root and euid_root are both set, indicating a root context."", ""Mechanism: is_suid_exec is not set, but the combination of uid_is_root and euid_root suggests a privilege escalation attempt."", ""Behavioural anomaly: unique_syscalls is high, indicating a novel syscall pattern, and ephemeral_privileged is set, suggesting a short-lived privileged process."", ""Benign-explanation test: the short lifetime and high throughput do not strongly suggest a routine admin script or health-check."", ""Decide: the combination of privilege escalation indicators and novel syscall pattern outweighs XGBoost's benign call; this supports the CNN.""]","[""uid_is_root"", ""euid_root"", ""unique_syscalls"", ""ephemeral_privileged"", ""max_uid_euid_delta""]","{
  ""verdict"": ""MALICIOUS"",
  ""confidence"": 0.83,
  ""rationale_steps"": [
    ""Privilege state: uid_is_root and euid_root are both set, indicating a root context."",
    ""Mechanism: is_suid_exec is not set, but the combination of uid_is_root and euid_root suggests a privilege escalation attempt."",
    ""Behavioural anomaly: unique_syscalls is high, indicating a novel syscall pattern, and ephemeral_privileged is set, suggesting a short-lived privileged process."",
    ""Benign-explanation test: the short lifetime and high throughput do not strongly suggest a routine admin script or health-check."",
    ""Decide: the combination of privilege escalation indicators and novel syscall pattern outweighs XGBoost's benign call; this supports the CNN.""
  ],
  ""key_features"": [""uid_is_root"", ""euid_root"", ""unique_syscalls"", ""ephemeral_privileged"", ""max_uid_euid_delta""],
  ""agrees_with"": ""cnn""
}"
41366,3,0,benign,0,1,0.3220290243625641,0.5545240044593811,xgb_benign_cnn_malicious,MALICIOUS,1,0.83,cnn,ok,"[""Privilege state: uid_is_root and euid_root are both set, indicating a genuine root context."", ""Mechanism: is_suid_exec is not set, but the combination of uid_is_root, euid_root, and auid_euid_mismatch suggests a privilege escalation attempt."", ""Behavioural anomaly: ephemeral_privileged is set, indicating a short-lived process that held privilege, and file_access_count is low, suggesting a focused attack."", ""Benign-explanation test: the short lifetime and lack of throughput argue against a routine admin script, cron job, or health-check."", ""Decide: the combination of privilege escalation indicators and behavioural anomalies outweighs XGBoost's benign call; this supports the CNN.""]","[""uid_is_root"", ""euid_root"", ""auid_euid_mismatch"", ""ephemeral_privileged"", ""priv_op_count""]","{
  ""verdict"": ""MALICIOUS"",
  ""confidence"": 0.83,
  ""rationale_steps"": [
    ""Privilege state: uid_is_root and euid_root are both set, indicating a genuine root context."",
    ""Mechanism: is_suid_exec is not set, but the combination of uid_is_root, euid_root, and auid_euid_mismatch suggests a privilege escalation attempt."",
    ""Behavioural anomaly: ephemeral_privileged is set, indicating a short-lived process that held privilege, and file_access_count is low, suggesting a focused attack."",
    ""Benign-explanation test: the short lifetime and lack of throughput argue against a routine admin script, cron job, or health-check."",
    ""Decide: the combination of privilege escalation indicators and behavioural anomalies outweighs XGBoost's benign call; this supports the CNN.""
  ],
  ""key_features"": [""uid_is_root"", ""euid_root"", ""auid_euid_mismatch"", ""ephemeral_privileged"", ""priv_op_count""],
  ""agrees_with"": ""cnn""
}"
41602,3,0,benign,0,1,0.6923177242279053,0.7595603466033936,xgb_benign_cnn_malicious,MALICIOUS,1,0.83,cnn,ok,"[""Privilege state: uid_is_root and euid_root are both set, indicating a root context."", ""Mechanism: is_suid_exec is not set, but the combination of uid_is_root and euid_root suggests a privilege escalation attempt."", ""Behavioural anomaly: unique_syscalls is high, indicating a novel syscall pattern, and ephemeral_privileged is set, suggesting a short-lived privileged process."", ""Benign-explanation test: the short lifetime and high throughput do not strongly suggest a routine admin script or health-check."", ""Decide: the combination of privilege escalation indicators and novel syscall pattern outweighs XGBoost's benign call; this supports the CNN.""]","[""uid_is_root"", ""euid_root"", ""unique_syscalls"", ""ephemeral_privileged"", ""max_uid_euid_delta""]","{
  ""verdict"": ""MALICIOUS"",
  ""confidence"": 0.83,
  ""rationale_steps"": [
    ""Privilege state: uid_is_root and euid_root are both set, indicating a root context."",
    ""Mechanism: is_suid_exec is not set, but the combination of uid_is_root and euid_root suggests a privilege escalation attempt."",
    ""Behavioural anomaly: unique_syscalls is high, indicating a novel syscall pattern, and ephemeral_privileged is set, suggesting a short-lived privileged process."",
    ""Benign-explanation test: the short lifetime and high throughput do not strongly suggest a routine admin script or health-check."",
    ""Decide: the combination of privilege escalation indicators and novel syscall pattern outweighs XGBoost's benign call; this supports the CNN.""
  ],
  ""key_features"": [""uid_is_root"", ""euid_root"", ""unique_syscalls"", ""ephemeral_privileged"", ""max_uid_euid_delta""],
  ""agrees_with"": ""cnn""
}"
41995,3,1,T1078_Valid_Accounts,0,1,0.6828815937042236,0.7599541544914246,xgb_benign_cnn_malicious,BENIGN,0,0.92,xgb,ok,"[""Privilege state: uid_is_root and euid_root are both set, but max_uid_euid_delta is 0, indicating no genuine UID/EUID transition."", ""Mechanism: is_suid_exec is 0, and there's no unusual exec chain or shell spawned by a service."", ""Behavioural anomaly: unique_syscalls is 4, but this is not rare compared to the attack population, and there's no sensitive-path access or network activity."", ""Benign-explanation test: the process has a high throughput (p99+) and a short lifetime (p10), consistent with a routine admin script or health-check."", ""Decide: the evidence supports XGBoost's benign call, as there's no clear escalation mechanism or privilege transition, and the process's behaviour is consistent with benign activity.""]","[""unique_syscalls"", ""uid_is_root"", ""euid_root"", ""max_uid_euid_delta"", ""is_suid_exec""]","{
  ""verdict"": ""BENIGN"",
  ""confidence"": 0.92,
  ""rationale_steps"": [
    ""Privilege state: uid_is_root and euid_root are both set, but max_uid_euid_delta is 0, indicating no genuine UID/EUID transition."",
    ""Mechanism: is_suid_exec is 0, and there's no unusual exec chain or shell spawned by a service."",
    ""Behavioural anomaly: unique_syscalls is 4, but this is not rare compared to the attack population, and there's no sensitive-path access or network activity."",
    ""Benign-explanation test: the process has a high throughput (p99+) and a short lifetime (p10), consistent with a routine admin script or health-check."",
    ""Decide: the evidence supports XGBoost's benign call, as there's no clear escalation mechanism or privilege transition, and the process's behaviour is consistent with benign activity.""
  ],
  ""key_features"": [""unique_syscalls"", ""uid_is_root"", ""euid_root"", ""max_uid_euid_delta"", ""is_suid_exec""],
  ""agrees_with"": ""xgb""
}"
42331,3,0,benign,0,1,0.6923177242279053,0.7595603466033936,xgb_benign_cnn_malicious,MALICIOUS,1,0.83,cnn,ok,"[""Privilege state: uid_is_root and euid_root are both set, indicating a root context."", ""Mechanism: is_suid_exec is not set, but the combination of uid_is_root and euid_root suggests a privilege escalation attempt."", ""Behavioural anomaly: unique_syscalls is high, indicating a novel syscall pattern, and ephemeral_privileged is set, suggesting a short-lived privileged process."", ""Benign-explanation test: the short lifetime and high throughput do not strongly suggest a routine admin script or health-check."", ""Decide: the combination of privilege escalation indicators and novel syscall pattern outweighs XGBoost's benign call; this supports the CNN.""]","[""uid_is_root"", ""euid_root"", ""unique_syscalls"", ""ephemeral_privileged"", ""max_uid_euid_delta""]","{
  ""verdict"": ""MALICIOUS"",
  ""confidence"": 0.83,
  ""rationale_steps"": [
    ""Privilege state: uid_is_root and euid_root are both set, indicating a root context."",
    ""Mechanism: is_suid_exec is not set, but the combination of uid_is_root and euid_root suggests a privilege escalation attempt."",
    ""Behavioural anomaly: unique_syscalls is high, indicating a novel syscall pattern, and ephemeral_privileged is set, suggesting a short-lived privileged process."",
    ""Benign-explanation test: the short lifetime and high throughput do not strongly suggest a routine admin script or health-check."",
    ""Decide: the combination of privilege escalation indicators and novel syscall pattern outweighs XGBoost's benign call; this supports the CNN.""
  ],
  ""key_features"": [""uid_is_root"", ""euid_root"", ""unique_syscalls"", ""ephemeral_privileged"", ""max_uid_euid_delta""],
  ""agrees_with"": ""cnn""
}"
42501,3,1,T1078_Valid_Accounts,0,1,0.3807487487792969,0.5324392318725586,xgb_benign_cnn_malicious,MALICIOUS,1,0.83,cnn,ok,"[""Privilege state: uid_is_root and euid_root are both set, indicating a root context."", ""Mechanism: is_suid_exec is not set, but the presence of uid_is_root and euid_root suggests a privilege escalation attempt."", ""Behavioural anomaly: failed_call_rate is high, indicating a high rate of failed syscalls, and ephemeral_privileged is set, indicating a short-lived process that held privilege."", ""Benign-explanation test: the short lifetime and high failed_call_rate make it unlikely to be a routine admin script or health-check."", ""Decide: the evidence supports CNN's call, as the privilege escalation attempt and behavioural anomalies are consistent with a malicious activity.""]","[""uid_is_root"", ""euid_root"", ""max_uid_euid_delta"", ""is_suid_exec"", ""ephemeral_privileged""]","{
  ""verdict"": ""MALICIOUS"",
  ""confidence"": 0.83,
  ""rationale_steps"": [
    ""Privilege state: uid_is_root and euid_root are both set, indicating a root context."",
    ""Mechanism: is_suid_exec is not set, but the presence of uid_is_root and euid_root suggests a privilege escalation attempt."",
    ""Behavioural anomaly: failed_call_rate is high, indicating a high rate of failed syscalls, and ephemeral_privileged is set, indicating a short-lived process that held privilege."",
    ""Benign-explanation test: the short lifetime and high failed_call_rate make it unlikely to be a routine admin script or health-check."",
    ""Decide: the evidence supports CNN's call, as the privilege escalation attempt and behavioural anomalies are consistent with a malicious activity.""
  ],
  ""key_features"": [""uid_is_root"", ""euid_root"", ""max_uid_euid_delta"", ""is_suid_exec"", ""ephemeral_privileged""],
  ""agrees_with"": ""cnn""
}"
42736,4,0,benign,0,1,0.4733957052230835,0.7111262083053589,xgb_benign_cnn_malicious,MALICIOUS,1,0.83,cnn,ok,"[""Privilege state: uid_is_root and euid_root are both set, indicating a root context."", ""Mechanism: is_suid_exec is not set, but auid_euid_mismatch and ephemeral_privileged are, suggesting a privilege escalation attempt."", ""Behavioural anomaly: failed_call_rate is high, indicating a high rate of failed syscalls, and priv_op_count is low, suggesting a lack of privileged operations."", ""Benign-explanation test: the short lifetime and high failed_call_rate make it unlikely to be a routine admin script or health-check."", ""Decide: the evidence supports CNN's call, despite XGBoost's benign prediction.""]","[""uid_is_root"", ""euid_root"", ""auid_euid_mismatch"", ""ephemeral_privileged"", ""failed_call_rate""]","{
  ""verdict"": ""MALICIOUS"",
  ""confidence"": 0.83,
  ""rationale_steps"": [
    ""Privilege state: uid_is_root and euid_root are both set, indicating a root context."",
    ""Mechanism: is_suid_exec is not set, but auid_euid_mismatch and ephemeral_privileged are, suggesting a privilege escalation attempt."",
    ""Behavioural anomaly: failed_call_rate is high, indicating a high rate of failed syscalls, and priv_op_count is low, suggesting a lack of privileged operations."",
    ""Benign-explanation test: the short lifetime and high failed_call_rate make it unlikely to be a routine admin script or health-check."",
    ""Decide: the evidence supports CNN's call, despite XGBoost's benign prediction.""
  ],
  ""key_features"": [""uid_is_root"", ""euid_root"", ""auid_euid_mismatch"", ""ephemeral_privileged"", ""failed_call_rate""],
  ""agrees_with"": ""cnn""
}"
43928,3,1,T1078_Valid_Accounts,0,1,0.6923177242279053,0.7595603466033936,xgb_benign_cnn_malicious,MALICIOUS,1,0.83,cnn,ok,"[""Privilege state: uid_is_root and euid_root are both set, indicating a root context."", ""Mechanism: is_suid_exec is not set, but the combination of uid_is_root and euid_root suggests a privilege escalation attempt."", ""Behavioural anomaly: unique_syscalls is high, indicating a novel syscall pattern, and ephemeral_privileged is set, suggesting a short-lived privileged process."", ""Benign-explanation test: the short lifetime and high throughput do not strongly suggest a routine admin script or health-check."", ""Decide: the combination of privilege escalation indicators and novel syscall pattern outweighs XGBoost's benign call; this supports the CNN.""]","[""uid_is_root"", ""euid_root"", ""unique_syscalls"", ""ephemeral_privileged"", ""max_uid_euid_delta""]","{
  ""verdict"": ""MALICIOUS"",
  ""confidence"": 0.83,
  ""rationale_steps"": [
    ""Privilege state: uid_is_root and euid_root are both set, indicating a root context."",
    ""Mechanism: is_suid_exec is not set, but the combination of uid_is_root and euid_root suggests a privilege escalation attempt."",
    ""Behavioural anomaly: unique_syscalls is high, indicating a novel syscall pattern, and ephemeral_privileged is set, suggesting a short-lived privileged process."",
    ""Benign-explanation test: the short lifetime and high throughput do not strongly suggest a routine admin script or health-check."",
    ""Decide: the combination of privilege escalation indicators and novel syscall pattern outweighs XGBoost's benign call; this supports the CNN.""
  ],
  ""key_features"": [""uid_is_root"", ""euid_root"", ""unique_syscalls"", ""ephemeral_privileged"", ""max_uid_euid_delta""],
  ""agrees_with"": ""cnn""
}"
44073,3,1,T1078_Valid_Accounts,0,1,0.6828815937042236,0.7599541544914246,xgb_benign_cnn_malicious,BENIGN,0,0.92,xgb,ok,"[""Privilege state: uid_is_root and euid_root are both set, but max_uid_euid_delta is 0, indicating no genuine UID/EUID transition."", ""Mechanism: is_suid_exec is 0, and there's no unusual exec chain or shell spawned by a service."", ""Behavioural anomaly: unique_syscalls is 4, but this is not rare compared to the attack population, and there's no sensitive-path access or network activity."", ""Benign-explanation test: the process has a high throughput (p99+) and a short lifetime (p10), consistent with a routine admin script or health-check."", ""Decide: the evidence supports XGBoost's benign call, as there's no clear escalation mechanism or privilege transition, and the process's behaviour is consistent with benign activity.""]","[""unique_syscalls"", ""uid_is_root"", ""euid_root"", ""max_uid_euid_delta"", ""is_suid_exec""]","{
  ""verdict"": ""BENIGN"",
  ""confidence"": 0.92,
  ""rationale_steps"": [
    ""Privilege state: uid_is_root and euid_root are both set, but max_uid_euid_delta is 0, indicating no genuine UID/EUID transition."",
    ""Mechanism: is_suid_exec is 0, and there's no unusual exec chain or shell spawned by a service."",
    ""Behavioural anomaly: unique_syscalls is 4, but this is not rare compared to the attack population, and there's no sensitive-path access or network activity."",
    ""Benign-explanation test: the process has a high throughput (p99+) and a short lifetime (p10), consistent with a routine admin script or health-check."",
    ""Decide: the evidence supports XGBoost's benign call, as there's no clear escalation mechanism or privilege transition, and the process's behaviour is consistent with benign activity.""
  ],
  ""key_features"": [""unique_syscalls"", ""uid_is_root"", ""euid_root"", ""max_uid_euid_delta"", ""is_suid_exec""],
  ""agrees_with"": ""xgb""
}"
44783,3,1,T1078_Valid_Accounts,0,1,0.43107953667640686,0.6987574100494385,xgb_benign_cnn_malicious,MALICIOUS,1,0.83,cnn,ok,"[""Privilege state: uid_is_root and euid_root are both set, indicating a root context."", ""Mechanism: is_suid_exec is not set, but the combination of uid_is_root and euid_root suggests a privilege escalation attempt."", ""Behavioural anomaly: unique_syscalls is high, indicating a novel syscall pattern, and failed_call_rate is low, suggesting a successful execution."", ""Benign-explanation test: the short lifetime and high throughput do not suggest a routine admin script or health-check."", ""Decide: the combination of privilege escalation indicators and novel syscall pattern outweighs XGBoost's benign call; this supports the CNN.""]","[""uid_is_root"", ""euid_root"", ""unique_syscalls"", ""failed_call_rate"", ""priv_op_count""]","{
  ""verdict"": ""MALICIOUS"",
  ""confidence"": 0.83,
  ""rationale_steps"": [
    ""Privilege state: uid_is_root and euid_root are both set, indicating a root context."",
    ""Mechanism: is_suid_exec is not set, but the combination of uid_is_root and euid_root suggests a privilege escalation attempt."",
    ""Behavioural anomaly: unique_syscalls is high, indicating a novel syscall pattern, and failed_call_rate is low, suggesting a successful execution."",
    ""Benign-explanation test: the short lifetime and high throughput do not suggest a routine admin script or health-check."",
    ""Decide: the combination of privilege escalation indicators and novel syscall pattern outweighs XGBoost's benign call; this supports the CNN.""
  ],
  ""key_features"": [""uid_is_root"", ""euid_root"", ""unique_syscalls"", ""failed_call_rate"", ""priv_op_count""],
  ""agrees_with"": ""cnn""
}"
45291,3,0,benign,0,1,0.3220290243625641,0.5545240044593811,xgb_benign_cnn_malicious,MALICIOUS,1,0.83,cnn,ok,"[""Privilege state: uid_is_root and euid_root are both set, indicating a genuine root context."", ""Mechanism: is_suid_exec is not set, but the combination of uid_is_root, euid_root, and auid_euid_mismatch suggests a privilege escalation attempt."", ""Behavioural anomaly: ephemeral_privileged is set, indicating a short-lived process that held privilege, and file_access_count is low, suggesting a focused attack."", ""Benign-explanation test: the short lifetime and lack of throughput argue against a routine admin script, cron job, or health-check."", ""Decide: the combination of privilege escalation indicators and behavioural anomalies outweighs XGBoost's benign call; this supports the CNN.""]","[""uid_is_root"", ""euid_root"", ""auid_euid_mismatch"", ""ephemeral_privileged"", ""priv_op_count""]","{
  ""verdict"": ""MALICIOUS"",
  ""confidence"": 0.83,
  ""rationale_steps"": [
    ""Privilege state: uid_is_root and euid_root are both set, indicating a genuine root context."",
    ""Mechanism: is_suid_exec is not set, but the combination of uid_is_root, euid_root, and auid_euid_mismatch suggests a privilege escalation attempt."",
    ""Behavioural anomaly: ephemeral_privileged is set, indicating a short-lived process that held privilege, and file_access_count is low, suggesting a focused attack."",
    ""Benign-explanation test: the short lifetime and lack of throughput argue against a routine admin script, cron job, or health-check."",
    ""Decide: the combination of privilege escalation indicators and behavioural anomalies outweighs XGBoost's benign call; this supports the CNN.""
  ],
  ""key_features"": [""uid_is_root"", ""euid_root"", ""auid_euid_mismatch"", ""ephemeral_privileged"", ""priv_op_count""],
  ""agrees_with"": ""cnn""
}"
45728,1,0,benign,0,1,0.47639450430870056,0.9830508232116699,xgb_benign_cnn_malicious,MALICIOUS,1,0.92,cnn,ok,"[""Privilege state: uid_is_root, euid_root, and max_uid_euid_delta are all at p99+, indicating a genuine root context and privilege transition."", ""Mechanism: is_suid_exec is not set, but the combination of uid_is_root, euid_root, and ephemeral_privileged suggests a setuid-shell escalation."", ""Behavioural anomaly: failed_call_rate is high, indicating a high rate of failed syscalls, and priv_op_count is low, suggesting a lack of privileged operations."", ""Benign-explanation test: the short lifetime and high failed_call_rate make it unlikely to be a routine admin script, cron job, or health-check."", ""Decide: the combination of privilege state and behavioural anomalies outweighs XGBoost's benign call; this supports the CNN.""]","[""uid_is_root"", ""euid_root"", ""max_uid_euid_delta"", ""ephemeral_privileged"", ""failed_call_rate""]","{
  ""verdict"": ""MALICIOUS"",
  ""confidence"": 0.92,
  ""rationale_steps"": [
    ""Privilege state: uid_is_root, euid_root, and max_uid_euid_delta are all at p99+, indicating a genuine root context and privilege transition."",
    ""Mechanism: is_suid_exec is not set, but the combination of uid_is_root, euid_root, and ephemeral_privileged suggests a setuid-shell escalation."",
    ""Behavioural anomaly: failed_call_rate is high, indicating a high rate of failed syscalls, and priv_op_count is low, suggesting a lack of privileged operations."",
    ""Benign-explanation test: the short lifetime and high failed_call_rate make it unlikely to be a routine admin script, cron job, or health-check."",
    ""Decide: the combination of privilege state and behavioural anomalies outweighs XGBoost's benign call; this supports the CNN.""
  ],
  ""key_features"": [""uid_is_root"", ""euid_root"", ""max_uid_euid_delta"", ""ephemeral_privileged"", ""failed_call_rate""],
  ""agrees_with"": ""cnn""
}"
45991,3,0,benign,0,1,0.6923177242279053,0.7595603466033936,xgb_benign_cnn_malicious,MALICIOUS,1,0.83,cnn,ok,"[""Privilege state: uid_is_root and euid_root are both set, indicating a root context."", ""Mechanism: is_suid_exec is not set, but the combination of uid_is_root and euid_root suggests a privilege escalation attempt."", ""Behavioural anomaly: unique_syscalls is high, indicating a novel syscall pattern, and ephemeral_privileged is set, suggesting a short-lived privileged process."", ""Benign-explanation test: the short lifetime and high throughput do not strongly suggest a routine admin script or health-check."", ""Decide: the combination of privilege escalation indicators and novel syscall pattern outweighs XGBoost's benign call; this supports the CNN.""]","[""uid_is_root"", ""euid_root"", ""unique_syscalls"", ""ephemeral_privileged"", ""max_uid_euid_delta""]","{
  ""verdict"": ""MALICIOUS"",
  ""confidence"": 0.83,
  ""rationale_steps"": [
    ""Privilege state: uid_is_root and euid_root are both set, indicating a root context."",
    ""Mechanism: is_suid_exec is not set, but the combination of uid_is_root and euid_root suggests a privilege escalation attempt."",
    ""Behavioural anomaly: unique_syscalls is high, indicating a novel syscall pattern, and ephemeral_privileged is set, suggesting a short-lived privileged process."",
    ""Benign-explanation test: the short lifetime and high throughput do not strongly suggest a routine admin script or health-check."",
    ""Decide: the combination of privilege escalation indicators and novel syscall pattern outweighs XGBoost's benign call; this supports the CNN.""
  ],
  ""key_features"": [""uid_is_root"", ""euid_root"", ""unique_syscalls"", ""ephemeral_privileged"", ""max_uid_euid_delta""],
  ""agrees_with"": ""cnn""
}"
46940,3,0,benign,0,1,0.6923177242279053,0.7595603466033936,xgb_benign_cnn_malicious,MALICIOUS,1,0.83,cnn,ok,"[""Privilege state: uid_is_root and euid_root are both set, indicating a root context."", ""Mechanism: is_suid_exec is not set, but the combination of uid_is_root and euid_root suggests a privilege escalation attempt."", ""Behavioural anomaly: unique_syscalls is high, indicating a novel syscall pattern, and ephemeral_privileged is set, suggesting a short-lived privileged process."", ""Benign-explanation test: the short lifetime and high throughput do not strongly suggest a routine admin script or health-check."", ""Decide: the combination of privilege escalation indicators and novel syscall pattern outweighs XGBoost's benign call; this supports the CNN.""]","[""uid_is_root"", ""euid_root"", ""unique_syscalls"", ""ephemeral_privileged"", ""max_uid_euid_delta""]","{
  ""verdict"": ""MALICIOUS"",
  ""confidence"": 0.83,
  ""rationale_steps"": [
    ""Privilege state: uid_is_root and euid_root are both set, indicating a root context."",
    ""Mechanism: is_suid_exec is not set, but the combination of uid_is_root and euid_root suggests a privilege escalation attempt."",
    ""Behavioural anomaly: unique_syscalls is high, indicating a novel syscall pattern, and ephemeral_privileged is set, suggesting a short-lived privileged process."",
    ""Benign-explanation test: the short lifetime and high throughput do not strongly suggest a routine admin script or health-check."",
    ""Decide: the combination of privilege escalation indicators and novel syscall pattern outweighs XGBoost's benign call; this supports the CNN.""
  ],
  ""key_features"": [""uid_is_root"", ""euid_root"", ""unique_syscalls"", ""ephemeral_privileged"", ""max_uid_euid_delta""],
  ""agrees_with"": ""cnn""
}"
47032,3,1,T1078_Valid_Accounts,0,1,0.6923177242279053,0.7595603466033936,xgb_benign_cnn_malicious,MALICIOUS,1,0.83,cnn,ok,"[""Privilege state: uid_is_root and euid_root are both set, indicating a root context."", ""Mechanism: is_suid_exec is not set, but the combination of uid_is_root and euid_root suggests a privilege escalation attempt."", ""Behavioural anomaly: unique_syscalls is high, indicating a novel syscall pattern, and ephemeral_privileged is set, suggesting a short-lived privileged process."", ""Benign-explanation test: the short lifetime and high throughput do not strongly suggest a routine admin script or health-check."", ""Decide: the combination of privilege escalation indicators and novel syscall pattern outweighs XGBoost's benign call; this supports the CNN.""]","[""uid_is_root"", ""euid_root"", ""unique_syscalls"", ""ephemeral_privileged"", ""max_uid_euid_delta""]","{
  ""verdict"": ""MALICIOUS"",
  ""confidence"": 0.83,
  ""rationale_steps"": [
    ""Privilege state: uid_is_root and euid_root are both set, indicating a root context."",
    ""Mechanism: is_suid_exec is not set, but the combination of uid_is_root and euid_root suggests a privilege escalation attempt."",
    ""Behavioural anomaly: unique_syscalls is high, indicating a novel syscall pattern, and ephemeral_privileged is set, suggesting a short-lived privileged process."",
    ""Benign-explanation test: the short lifetime and high throughput do not strongly suggest a routine admin script or health-check."",
    ""Decide: the combination of privilege escalation indicators and novel syscall pattern outweighs XGBoost's benign call; this supports the CNN.""
  ],
  ""key_features"": [""uid_is_root"", ""euid_root"", ""unique_syscalls"", ""ephemeral_privileged"", ""max_uid_euid_delta""],
  ""agrees_with"": ""cnn""
}"
47309,3,1,T1078_Valid_Accounts,0,1,0.6991081237792969,0.5584469437599182,xgb_benign_cnn_malicious,BENIGN,0,0.92,xgb,ok,"[""Privilege state: uid_is_root and euid_root are both set, but max_uid_euid_delta is 0, indicating no genuine UID/EUID transition."", ""Mechanism: is_suid_exec is 0, and there's no unusual exec chain or shell spawned by a service."", ""Behavioural anomaly: ephemeral_privileged is set, but network_count is 0, and there's no sensitive-path access or rare parent->child pair."", ""Benign-explanation test: the process has a high throughput (uid_is_root and euid_root) and a short lifetime, consistent with a routine admin script or health-check."", ""Decide: the evidence supports XGBoost's benign call, as there's no clear escalation mechanism or privilege transition, and the process's behaviour is consistent with benign activity.""]","[""uid_is_root"", ""euid_root"", ""max_uid_euid_delta"", ""ephemeral_privileged"", ""network_count""]","{
  ""verdict"": ""BENIGN"",
  ""confidence"": 0.92,
  ""rationale_steps"": [
    ""Privilege state: uid_is_root and euid_root are both set, but max_uid_euid_delta is 0, indicating no genuine UID/EUID transition."",
    ""Mechanism: is_suid_exec is 0, and there's no unusual exec chain or shell spawned by a service."",
    ""Behavioural anomaly: ephemeral_privileged is set, but network_count is 0, and there's no sensitive-path access or rare parent->child pair."",
    ""Benign-explanation test: the process has a high throughput (uid_is_root and euid_root) and a short lifetime, consistent with a routine admin script or health-check."",
    ""Decide: the evidence supports XGBoost's benign call, as there's no clear escalation mechanism or privilege transition, and the process's behaviour is consistent with benign activity.""
  ],
  ""key_features"": [""uid_is_root"", ""euid_root"", ""max_uid_euid_delta"", ""ephemeral_privileged"", ""network_count""],
  ""agrees_with"": ""xgb""
}"
49554,3,1,T1078_Valid_Accounts,0,1,0.3258354961872101,0.5275624394416809,xgb_benign_cnn_malicious,MALICIOUS,1,0.83,cnn,ok,"[""Privilege state: uid_is_root and euid_root are both set, indicating a root context."", ""Mechanism: is_suid_exec is not set, but the process has a high syscall throughput and a long syscall sequence, suggesting a potential escalation attempt."", ""Behavioural anomaly: the process has a high failed syscall rate and count, and a short-lived, privileged process, which are all indicative of a potential attack."", ""Benign-explanation test: the process's high syscall throughput and short lifetime make it unlikely to be a routine admin script or health-check."", ""Decide: the combination of a root context, high syscall throughput, and failed syscall rate outweighs XGBoost's benign call; this supports the CNN.""]","[""events_per_second"", ""seq_length"", ""uid_is_root"", ""euid_root"", ""failed_call_count""]","{
  ""verdict"": ""MALICIOUS"",
  ""confidence"": 0.83,
  ""rationale_steps"": [
    ""Privilege state: uid_is_root and euid_root are both set, indicating a root context."",
    ""Mechanism: is_suid_exec is not set, but the process has a high syscall throughput and a long syscall sequence, suggesting a potential escalation attempt."",
    ""Behavioural anomaly: the process has a high failed syscall rate and count, and a short-lived, privileged process, which are all indicative of a potential attack."",
    ""Benign-explanation test: the process's high syscall throughput and short lifetime make it unlikely to be a routine admin script or health-check."",
    ""Decide: the combination of a root context, high syscall throughput, and failed syscall rate outweighs XGBoost's benign call; this supports the CNN.""
  ],
  ""key_features"": [""events_per_second"", ""seq_length"", ""uid_is_root"", ""euid_root"", ""failed_call_count""],
  ""agrees_with"": ""cnn""
}"
49660,3,0,benign,0,1,0.45945414900779724,0.5329562425613403,xgb_benign_cnn_malicious,MALICIOUS,1,0.83,cnn,ok,"[""Privilege state: uid_is_root and euid_root are both set, indicating a root context."", ""Mechanism: is_suid_exec is not set, but the presence of uid_is_root and euid_root suggests a privilege escalation attempt."", ""Behavioural anomaly: failed_call_rate is high, indicating a potential anomaly in system call behavior."", ""Benign-explanation test: the short-lived, privileged process with high failed_call_rate does not match the profile of a routine admin script or health-check."", ""Decide: the presence of uid_is_root and euid_root, combined with the high failed_call_rate, supports the CNN's call over XGBoost's benign call.""]","[""uid_is_root"", ""euid_root"", ""max_uid_euid_delta"", ""failed_call_rate"", ""ephemeral_privileged""]","{
  ""verdict"": ""MALICIOUS"",
  ""confidence"": 0.83,
  ""rationale_steps"": [
    ""Privilege state: uid_is_root and euid_root are both set, indicating a root context."",
    ""Mechanism: is_suid_exec is not set, but the presence of uid_is_root and euid_root suggests a privilege escalation attempt."",
    ""Behavioural anomaly: failed_call_rate is high, indicating a potential anomaly in system call behavior."",
    ""Benign-explanation test: the short-lived, privileged process with high failed_call_rate does not match the profile of a routine admin script or health-check."",
    ""Decide: the presence of uid_is_root and euid_root, combined with the high failed_call_rate, supports the CNN's call over XGBoost's benign call.""
  ],
  ""key_features"": [""uid_is_root"", ""euid_root"", ""max_uid_euid_delta"", ""failed_call_rate"", ""ephemeral_privileged""],
  ""agrees_with"": ""cnn""
}"
50108,3,1,T1078_Valid_Accounts,0,1,0.3220290243625641,0.5545240044593811,xgb_benign_cnn_malicious,MALICIOUS,1,0.83,cnn,ok,"[""Privilege state: uid_is_root and euid_root are both set, indicating a genuine root context."", ""Mechanism: is_suid_exec is not set, but the combination of uid_is_root, euid_root, and auid_euid_mismatch suggests a privilege escalation attempt."", ""Behavioural anomaly: ephemeral_privileged is set, indicating a short-lived process that held privilege, and file_access_count is low, suggesting a focused attack."", ""Benign-explanation test: the short lifetime and lack of throughput argue against a routine admin script, cron job, or health-check."", ""Decide: the combination of privilege escalation indicators and behavioural anomalies outweighs XGBoost's benign call; this supports the CNN.""]","[""uid_is_root"", ""euid_root"", ""auid_euid_mismatch"", ""ephemeral_privileged"", ""priv_op_count""]","{
  ""verdict"": ""MALICIOUS"",
  ""confidence"": 0.83,
  ""rationale_steps"": [
    ""Privilege state: uid_is_root and euid_root are both set, indicating a genuine root context."",
    ""Mechanism: is_suid_exec is not set, but the combination of uid_is_root, euid_root, and auid_euid_mismatch suggests a privilege escalation attempt."",
    ""Behavioural anomaly: ephemeral_privileged is set, indicating a short-lived process that held privilege, and file_access_count is low, suggesting a focused attack."",
    ""Benign-explanation test: the short lifetime and lack of throughput argue against a routine admin script, cron job, or health-check."",
    ""Decide: the combination of privilege escalation indicators and behavioural anomalies outweighs XGBoost's benign call; this supports the CNN.""
  ],
  ""key_features"": [""uid_is_root"", ""euid_root"", ""auid_euid_mismatch"", ""ephemeral_privileged"", ""priv_op_count""],
  ""agrees_with"": ""cnn""
}"
50145,3,1,T1078_Valid_Accounts,0,1,0.6923177242279053,0.7595603466033936,xgb_benign_cnn_malicious,MALICIOUS,1,0.83,cnn,ok,"[""Privilege state: uid_is_root and euid_root are both set, indicating a root context."", ""Mechanism: is_suid_exec is not set, but the combination of uid_is_root and euid_root suggests a privilege escalation attempt."", ""Behavioural anomaly: unique_syscalls is high, indicating a novel syscall pattern, and ephemeral_privileged is set, suggesting a short-lived privileged process."", ""Benign-explanation test: the short lifetime and high throughput do not strongly suggest a routine admin script or health-check."", ""Decide: the combination of privilege escalation indicators and novel syscall pattern outweighs XGBoost's benign call; this supports the CNN.""]","[""uid_is_root"", ""euid_root"", ""unique_syscalls"", ""ephemeral_privileged"", ""max_uid_euid_delta""]","{
  ""verdict"": ""MALICIOUS"",
  ""confidence"": 0.83,
  ""rationale_steps"": [
    ""Privilege state: uid_is_root and euid_root are both set, indicating a root context."",
    ""Mechanism: is_suid_exec is not set, but the combination of uid_is_root and euid_root suggests a privilege escalation attempt."",
    ""Behavioural anomaly: unique_syscalls is high, indicating a novel syscall pattern, and ephemeral_privileged is set, suggesting a short-lived privileged process."",
    ""Benign-explanation test: the short lifetime and high throughput do not strongly suggest a routine admin script or health-check."",
    ""Decide: the combination of privilege escalation indicators and novel syscall pattern outweighs XGBoost's benign call; this supports the CNN.""
  ],
  ""key_features"": [""uid_is_root"", ""euid_root"", ""unique_syscalls"", ""ephemeral_privileged"", ""max_uid_euid_delta""],
  ""agrees_with"": ""cnn""
}"
50165,3,0,benign,0,1,0.6923177242279053,0.7595603466033936,xgb_benign_cnn_malicious,MALICIOUS,1,0.83,cnn,ok,"[""Privilege state: uid_is_root and euid_root are both set, indicating a root context."", ""Mechanism: is_suid_exec is not set, but the combination of uid_is_root and euid_root suggests a privilege escalation attempt."", ""Behavioural anomaly: unique_syscalls is high, indicating a novel syscall pattern, and ephemeral_privileged is set, suggesting a short-lived privileged process."", ""Benign-explanation test: the short lifetime and high throughput do not strongly suggest a routine admin script or health-check."", ""Decide: the combination of privilege escalation indicators and novel syscall pattern outweighs XGBoost's benign call; this supports the CNN.""]","[""uid_is_root"", ""euid_root"", ""unique_syscalls"", ""ephemeral_privileged"", ""max_uid_euid_delta""]","{
  ""verdict"": ""MALICIOUS"",
  ""confidence"": 0.83,
  ""rationale_steps"": [
    ""Privilege state: uid_is_root and euid_root are both set, indicating a root context."",
    ""Mechanism: is_suid_exec is not set, but the combination of uid_is_root and euid_root suggests a privilege escalation attempt."",
    ""Behavioural anomaly: unique_syscalls is high, indicating a novel syscall pattern, and ephemeral_privileged is set, suggesting a short-lived privileged process."",
    ""Benign-explanation test: the short lifetime and high throughput do not strongly suggest a routine admin script or health-check."",
    ""Decide: the combination of privilege escalation indicators and novel syscall pattern outweighs XGBoost's benign call; this supports the CNN.""
  ],
  ""key_features"": [""uid_is_root"", ""euid_root"", ""unique_syscalls"", ""ephemeral_privileged"", ""max_uid_euid_delta""],
  ""agrees_with"": ""cnn""
}"
50358,3,1,T1078_Valid_Accounts,0,1,0.6923177242279053,0.7595603466033936,xgb_benign_cnn_malicious,MALICIOUS,1,0.83,cnn,ok,"[""Privilege state: uid_is_root and euid_root are both set, indicating a root context."", ""Mechanism: is_suid_exec is not set, but the combination of uid_is_root and euid_root suggests a privilege escalation attempt."", ""Behavioural anomaly: unique_syscalls is high, indicating a novel syscall pattern, and ephemeral_privileged is set, suggesting a short-lived privileged process."", ""Benign-explanation test: the short lifetime and high throughput do not strongly suggest a routine admin script or health-check."", ""Decide: the combination of privilege escalation indicators and novel syscall pattern outweighs XGBoost's benign call; this supports the CNN.""]","[""uid_is_root"", ""euid_root"", ""unique_syscalls"", ""ephemeral_privileged"", ""max_uid_euid_delta""]","{
  ""verdict"": ""MALICIOUS"",
  ""confidence"": 0.83,
  ""rationale_steps"": [
    ""Privilege state: uid_is_root and euid_root are both set, indicating a root context."",
    ""Mechanism: is_suid_exec is not set, but the combination of uid_is_root and euid_root suggests a privilege escalation attempt."",
    ""Behavioural anomaly: unique_syscalls is high, indicating a novel syscall pattern, and ephemeral_privileged is set, suggesting a short-lived privileged process."",
    ""Benign-explanation test: the short lifetime and high throughput do not strongly suggest a routine admin script or health-check."",
    ""Decide: the combination of privilege escalation indicators and novel syscall pattern outweighs XGBoost's benign call; this supports the CNN.""
  ],
  ""key_features"": [""uid_is_root"", ""euid_root"", ""unique_syscalls"", ""ephemeral_privileged"", ""max_uid_euid_delta""],
  ""agrees_with"": ""cnn""
}"
50370,3,0,benign,0,1,0.3807487487792969,0.5324392318725586,xgb_benign_cnn_malicious,MALICIOUS,1,0.83,cnn,ok,"[""Privilege state: uid_is_root and euid_root are both set, indicating a root context."", ""Mechanism: is_suid_exec is not set, but the presence of uid_is_root and euid_root suggests a privilege escalation attempt."", ""Behavioural anomaly: failed_call_rate is high, indicating a high rate of failed syscalls, and ephemeral_privileged is set, indicating a short-lived process that held privilege."", ""Benign-explanation test: the short lifetime and high failed_call_rate make it unlikely to be a routine admin script or health-check."", ""Decide: the evidence supports CNN's call, as the privilege escalation attempt and behavioural anomalies are consistent with a malicious activity.""]","[""uid_is_root"", ""euid_root"", ""max_uid_euid_delta"", ""is_suid_exec"", ""ephemeral_privileged""]","{
  ""verdict"": ""MALICIOUS"",
  ""confidence"": 0.83,
  ""rationale_steps"": [
    ""Privilege state: uid_is_root and euid_root are both set, indicating a root context."",
    ""Mechanism: is_suid_exec is not set, but the presence of uid_is_root and euid_root suggests a privilege escalation attempt."",
    ""Behavioural anomaly: failed_call_rate is high, indicating a high rate of failed syscalls, and ephemeral_privileged is set, indicating a short-lived process that held privilege."",
    ""Benign-explanation test: the short lifetime and high failed_call_rate make it unlikely to be a routine admin script or health-check."",
    ""Decide: the evidence supports CNN's call, as the privilege escalation attempt and behavioural anomalies are consistent with a malicious activity.""
  ],
  ""key_features"": [""uid_is_root"", ""euid_root"", ""max_uid_euid_delta"", ""is_suid_exec"", ""ephemeral_privileged""],
  ""agrees_with"": ""cnn""
}"
50983,3,0,benign,0,1,0.6923177242279053,0.7595603466033936,xgb_benign_cnn_malicious,MALICIOUS,1,0.83,cnn,ok,"[""Privilege state: uid_is_root and euid_root are both set, indicating a root context."", ""Mechanism: is_suid_exec is not set, but the combination of uid_is_root and euid_root suggests a privilege escalation attempt."", ""Behavioural anomaly: unique_syscalls is high, indicating a novel syscall pattern, and ephemeral_privileged is set, suggesting a short-lived privileged process."", ""Benign-explanation test: the short lifetime and high throughput do not strongly suggest a routine admin script or health-check."", ""Decide: the combination of privilege escalation indicators and novel syscall pattern outweighs XGBoost's benign call; this supports the CNN.""]","[""uid_is_root"", ""euid_root"", ""unique_syscalls"", ""ephemeral_privileged"", ""max_uid_euid_delta""]","{
  ""verdict"": ""MALICIOUS"",
  ""confidence"": 0.83,
  ""rationale_steps"": [
    ""Privilege state: uid_is_root and euid_root are both set, indicating a root context."",
    ""Mechanism: is_suid_exec is not set, but the combination of uid_is_root and euid_root suggests a privilege escalation attempt."",
    ""Behavioural anomaly: unique_syscalls is high, indicating a novel syscall pattern, and ephemeral_privileged is set, suggesting a short-lived privileged process."",
    ""Benign-explanation test: the short lifetime and high throughput do not strongly suggest a routine admin script or health-check."",
    ""Decide: the combination of privilege escalation indicators and novel syscall pattern outweighs XGBoost's benign call; this supports the CNN.""
  ],
  ""key_features"": [""uid_is_root"", ""euid_root"", ""unique_syscalls"", ""ephemeral_privileged"", ""max_uid_euid_delta""],
  ""agrees_with"": ""cnn""
}"
51016,1,0,benign,0,1,0.6132968664169312,1.0,xgb_benign_cnn_malicious,MALICIOUS,1,0.92,cnn,ok,"[""Privilege state: uid_is_root, euid_root, and max_uid_euid_delta are all at p99+, indicating a genuine root context and privilege transition."", ""Mechanism: is_suid_exec is set, indicating a setuid/setgid binary execution, and priv_op_count is elevated, suggesting a privileged operation."", ""Behavioural anomaly: uid_changed and ephemeral_privileged are both set, indicating a UID change and a short-lived privileged process."", ""Benign-explanation test: the short lifetime and high-throughput execution from a root context argue against a routine admin script or health-check."", ""Decide: the combination of privilege transition, setuid execution, and elevated privileged operations outweighs XGBoost's benign call; this supports the CNN.""]","[""uid_is_root"", ""uid_changed"", ""euid_root"", ""max_uid_euid_delta"", ""is_suid_exec""]","{
  ""verdict"": ""MALICIOUS"",
  ""confidence"": 0.92,
  ""rationale_steps"": [
    ""Privilege state: uid_is_root, euid_root, and max_uid_euid_delta are all at p99+, indicating a genuine root context and privilege transition."",
    ""Mechanism: is_suid_exec is set, indicating a setuid/setgid binary execution, and priv_op_count is elevated, suggesting a privileged operation."",
    ""Behavioural anomaly: uid_changed and ephemeral_privileged are both set, indicating a UID change and a short-lived privileged process."",
    ""Benign-explanation test: the short lifetime and high-throughput execution from a root context argue against a routine admin script or health-check."",
    ""Decide: the combination of privilege transition, setuid execution, and elevated privileged operations outweighs XGBoost's benign call; this supports the CNN.""
  ],
  ""key_features"": [""uid_is_root"", ""uid_changed"", ""euid_root"", ""max_uid_euid_delta"", ""is_suid_exec""],
  ""agrees_with"": ""cnn""
}"
51140,3,1,T1078_Valid_Accounts,0,1,0.6923177242279053,0.7595603466033936,xgb_benign_cnn_malicious,MALICIOUS,1,0.83,cnn,ok,"[""Privilege state: uid_is_root and euid_root are both set, indicating a root context."", ""Mechanism: is_suid_exec is not set, but the combination of uid_is_root and euid_root suggests a privilege escalation attempt."", ""Behavioural anomaly: unique_syscalls is high, indicating a novel syscall pattern, and ephemeral_privileged is set, suggesting a short-lived privileged process."", ""Benign-explanation test: the short lifetime and high throughput do not strongly suggest a routine admin script or health-check."", ""Decide: the combination of privilege escalation indicators and novel syscall pattern outweighs XGBoost's benign call; this supports the CNN.""]","[""uid_is_root"", ""euid_root"", ""unique_syscalls"", ""ephemeral_privileged"", ""max_uid_euid_delta""]","{
  ""verdict"": ""MALICIOUS"",
  ""confidence"": 0.83,
  ""rationale_steps"": [
    ""Privilege state: uid_is_root and euid_root are both set, indicating a root context."",
    ""Mechanism: is_suid_exec is not set, but the combination of uid_is_root and euid_root suggests a privilege escalation attempt."",
    ""Behavioural anomaly: unique_syscalls is high, indicating a novel syscall pattern, and ephemeral_privileged is set, suggesting a short-lived privileged process."",
    ""Benign-explanation test: the short lifetime and high throughput do not strongly suggest a routine admin script or health-check."",
    ""Decide: the combination of privilege escalation indicators and novel syscall pattern outweighs XGBoost's benign call; this supports the CNN.""
  ],
  ""key_features"": [""uid_is_root"", ""euid_root"", ""unique_syscalls"", ""ephemeral_privileged"", ""max_uid_euid_delta""],
  ""agrees_with"": ""cnn""
}"
51735,3,0,benign,0,1,0.6923177242279053,0.7595603466033936,xgb_benign_cnn_malicious,MALICIOUS,1,0.83,cnn,ok,"[""Privilege state: uid_is_root and euid_root are both set, indicating a root context."", ""Mechanism: is_suid_exec is not set, but the combination of uid_is_root and euid_root suggests a privilege escalation attempt."", ""Behavioural anomaly: unique_syscalls is high, indicating a novel syscall pattern, and ephemeral_privileged is set, suggesting a short-lived privileged process."", ""Benign-explanation test: the short lifetime and high throughput do not strongly suggest a routine admin script or health-check."", ""Decide: the combination of privilege escalation indicators and novel syscall pattern outweighs XGBoost's benign call; this supports the CNN.""]","[""uid_is_root"", ""euid_root"", ""unique_syscalls"", ""ephemeral_privileged"", ""max_uid_euid_delta""]","{
  ""verdict"": ""MALICIOUS"",
  ""confidence"": 0.83,
  ""rationale_steps"": [
    ""Privilege state: uid_is_root and euid_root are both set, indicating a root context."",
    ""Mechanism: is_suid_exec is not set, but the combination of uid_is_root and euid_root suggests a privilege escalation attempt."",
    ""Behavioural anomaly: unique_syscalls is high, indicating a novel syscall pattern, and ephemeral_privileged is set, suggesting a short-lived privileged process."",
    ""Benign-explanation test: the short lifetime and high throughput do not strongly suggest a routine admin script or health-check."",
    ""Decide: the combination of privilege escalation indicators and novel syscall pattern outweighs XGBoost's benign call; this supports the CNN.""
  ],
  ""key_features"": [""uid_is_root"", ""euid_root"", ""unique_syscalls"", ""ephemeral_privileged"", ""max_uid_euid_delta""],
  ""agrees_with"": ""cnn""
}"
51958,3,0,benign,0,1,0.6923177242279053,0.7595603466033936,xgb_benign_cnn_malicious,MALICIOUS,1,0.83,cnn,ok,"[""Privilege state: uid_is_root and euid_root are both set, indicating a root context."", ""Mechanism: is_suid_exec is not set, but the combination of uid_is_root and euid_root suggests a privilege escalation attempt."", ""Behavioural anomaly: unique_syscalls is high, indicating a novel syscall pattern, and ephemeral_privileged is set, suggesting a short-lived privileged process."", ""Benign-explanation test: the short lifetime and high throughput do not strongly suggest a routine admin script or health-check."", ""Decide: the combination of privilege escalation indicators and novel syscall pattern outweighs XGBoost's benign call; this supports the CNN.""]","[""uid_is_root"", ""euid_root"", ""unique_syscalls"", ""ephemeral_privileged"", ""max_uid_euid_delta""]","{
  ""verdict"": ""MALICIOUS"",
  ""confidence"": 0.83,
  ""rationale_steps"": [
    ""Privilege state: uid_is_root and euid_root are both set, indicating a root context."",
    ""Mechanism: is_suid_exec is not set, but the combination of uid_is_root and euid_root suggests a privilege escalation attempt."",
    ""Behavioural anomaly: unique_syscalls is high, indicating a novel syscall pattern, and ephemeral_privileged is set, suggesting a short-lived privileged process."",
    ""Benign-explanation test: the short lifetime and high throughput do not strongly suggest a routine admin script or health-check."",
    ""Decide: the combination of privilege escalation indicators and novel syscall pattern outweighs XGBoost's benign call; this supports the CNN.""
  ],
  ""key_features"": [""uid_is_root"", ""euid_root"", ""unique_syscalls"", ""ephemeral_privileged"", ""max_uid_euid_delta""],
  ""agrees_with"": ""cnn""
}"
52003,3,1,T1078_Valid_Accounts,0,1,0.3220290243625641,0.5545240044593811,xgb_benign_cnn_malicious,MALICIOUS,1,0.83,cnn,ok,"[""Privilege state: uid_is_root and euid_root are both set, indicating a genuine root context."", ""Mechanism: is_suid_exec is not set, but the combination of uid_is_root, euid_root, and auid_euid_mismatch suggests a privilege escalation attempt."", ""Behavioural anomaly: ephemeral_privileged is set, indicating a short-lived process that held privilege, and file_access_count is low, suggesting a focused attack."", ""Benign-explanation test: the short lifetime and lack of throughput argue against a routine admin script, cron job, or health-check."", ""Decide: the combination of privilege escalation indicators and behavioural anomalies outweighs XGBoost's benign call; this supports the CNN.""]","[""uid_is_root"", ""euid_root"", ""auid_euid_mismatch"", ""ephemeral_privileged"", ""priv_op_count""]","{
  ""verdict"": ""MALICIOUS"",
  ""confidence"": 0.83,
  ""rationale_steps"": [
    ""Privilege state: uid_is_root and euid_root are both set, indicating a genuine root context."",
    ""Mechanism: is_suid_exec is not set, but the combination of uid_is_root, euid_root, and auid_euid_mismatch suggests a privilege escalation attempt."",
    ""Behavioural anomaly: ephemeral_privileged is set, indicating a short-lived process that held privilege, and file_access_count is low, suggesting a focused attack."",
    ""Benign-explanation test: the short lifetime and lack of throughput argue against a routine admin script, cron job, or health-check."",
    ""Decide: the combination of privilege escalation indicators and behavioural anomalies outweighs XGBoost's benign call; this supports the CNN.""
  ],
  ""key_features"": [""uid_is_root"", ""euid_root"", ""auid_euid_mismatch"", ""ephemeral_privileged"", ""priv_op_count""],
  ""agrees_with"": ""cnn""
}"
52249,3,0,benign,0,1,0.6923177242279053,0.7595603466033936,xgb_benign_cnn_malicious,MALICIOUS,1,0.83,cnn,ok,"[""Privilege state: uid_is_root and euid_root are both set, indicating a root context."", ""Mechanism: is_suid_exec is not set, but the combination of uid_is_root and euid_root suggests a privilege escalation attempt."", ""Behavioural anomaly: unique_syscalls is high, indicating a novel syscall pattern, and ephemeral_privileged is set, suggesting a short-lived privileged process."", ""Benign-explanation test: the short lifetime and high throughput do not strongly suggest a routine admin script or health-check."", ""Decide: the combination of privilege escalation indicators and novel syscall pattern outweighs XGBoost's benign call; this supports the CNN.""]","[""uid_is_root"", ""euid_root"", ""unique_syscalls"", ""ephemeral_privileged"", ""max_uid_euid_delta""]","{
  ""verdict"": ""MALICIOUS"",
  ""confidence"": 0.83,
  ""rationale_steps"": [
    ""Privilege state: uid_is_root and euid_root are both set, indicating a root context."",
    ""Mechanism: is_suid_exec is not set, but the combination of uid_is_root and euid_root suggests a privilege escalation attempt."",
    ""Behavioural anomaly: unique_syscalls is high, indicating a novel syscall pattern, and ephemeral_privileged is set, suggesting a short-lived privileged process."",
    ""Benign-explanation test: the short lifetime and high throughput do not strongly suggest a routine admin script or health-check."",
    ""Decide: the combination of privilege escalation indicators and novel syscall pattern outweighs XGBoost's benign call; this supports the CNN.""
  ],
  ""key_features"": [""uid_is_root"", ""euid_root"", ""unique_syscalls"", ""ephemeral_privileged"", ""max_uid_euid_delta""],
  ""agrees_with"": ""cnn""
}"
54437,4,1,T1078_Valid_Accounts,0,1,0.4733957052230835,0.7111262083053589,xgb_benign_cnn_malicious,MALICIOUS,1,0.83,cnn,ok,"[""Privilege state: uid_is_root and euid_root are both set, indicating a root context."", ""Mechanism: is_suid_exec is not set, but auid_euid_mismatch and ephemeral_privileged are, suggesting a privilege escalation attempt."", ""Behavioural anomaly: failed_call_rate is high, indicating a high rate of failed syscalls, and priv_op_count is low, suggesting a lack of privileged operations."", ""Benign-explanation test: the short lifetime and high failed_call_rate make it unlikely to be a routine admin script or health-check."", ""Decide: the evidence supports CNN's call, despite XGBoost's benign prediction.""]","[""uid_is_root"", ""euid_root"", ""auid_euid_mismatch"", ""ephemeral_privileged"", ""failed_call_rate""]","{
  ""verdict"": ""MALICIOUS"",
  ""confidence"": 0.83,
  ""rationale_steps"": [
    ""Privilege state: uid_is_root and euid_root are both set, indicating a root context."",
    ""Mechanism: is_suid_exec is not set, but auid_euid_mismatch and ephemeral_privileged are, suggesting a privilege escalation attempt."",
    ""Behavioural anomaly: failed_call_rate is high, indicating a high rate of failed syscalls, and priv_op_count is low, suggesting a lack of privileged operations."",
    ""Benign-explanation test: the short lifetime and high failed_call_rate make it unlikely to be a routine admin script or health-check."",
    ""Decide: the evidence supports CNN's call, despite XGBoost's benign prediction.""
  ],
  ""key_features"": [""uid_is_root"", ""euid_root"", ""auid_euid_mismatch"", ""ephemeral_privileged"", ""failed_call_rate""],
  ""agrees_with"": ""cnn""
}"
55022,3,0,benign,0,1,0.6923177242279053,0.7595603466033936,xgb_benign_cnn_malicious,MALICIOUS,1,0.83,cnn,ok,"[""Privilege state: uid_is_root and euid_root are both set, indicating a root context."", ""Mechanism: is_suid_exec is not set, but the combination of uid_is_root and euid_root suggests a privilege escalation attempt."", ""Behavioural anomaly: unique_syscalls is high, indicating a novel syscall pattern, and ephemeral_privileged is set, suggesting a short-lived privileged process."", ""Benign-explanation test: the short lifetime and high throughput do not strongly suggest a routine admin script or health-check."", ""Decide: the combination of privilege escalation indicators and novel syscall pattern outweighs XGBoost's benign call; this supports the CNN.""]","[""uid_is_root"", ""euid_root"", ""unique_syscalls"", ""ephemeral_privileged"", ""max_uid_euid_delta""]","{
  ""verdict"": ""MALICIOUS"",
  ""confidence"": 0.83,
  ""rationale_steps"": [
    ""Privilege state: uid_is_root and euid_root are both set, indicating a root context."",
    ""Mechanism: is_suid_exec is not set, but the combination of uid_is_root and euid_root suggests a privilege escalation attempt."",
    ""Behavioural anomaly: unique_syscalls is high, indicating a novel syscall pattern, and ephemeral_privileged is set, suggesting a short-lived privileged process."",
    ""Benign-explanation test: the short lifetime and high throughput do not strongly suggest a routine admin script or health-check."",
    ""Decide: the combination of privilege escalation indicators and novel syscall pattern outweighs XGBoost's benign call; this supports the CNN.""
  ],
  ""key_features"": [""uid_is_root"", ""euid_root"", ""unique_syscalls"", ""ephemeral_privileged"", ""max_uid_euid_delta""],
  ""agrees_with"": ""cnn""
}"
55416,3,1,T1078_Valid_Accounts,0,1,0.6923177242279053,0.7595603466033936,xgb_benign_cnn_malicious,MALICIOUS,1,0.83,cnn,ok,"[""Privilege state: uid_is_root and euid_root are both set, indicating a root context."", ""Mechanism: is_suid_exec is not set, but the combination of uid_is_root and euid_root suggests a privilege escalation attempt."", ""Behavioural anomaly: unique_syscalls is high, indicating a novel syscall pattern, and ephemeral_privileged is set, suggesting a short-lived privileged process."", ""Benign-explanation test: the short lifetime and high throughput do not strongly suggest a routine admin script or health-check."", ""Decide: the combination of privilege escalation indicators and novel syscall pattern outweighs XGBoost's benign call; this supports the CNN.""]","[""uid_is_root"", ""euid_root"", ""unique_syscalls"", ""ephemeral_privileged"", ""max_uid_euid_delta""]","{
  ""verdict"": ""MALICIOUS"",
  ""confidence"": 0.83,
  ""rationale_steps"": [
    ""Privilege state: uid_is_root and euid_root are both set, indicating a root context."",
    ""Mechanism: is_suid_exec is not set, but the combination of uid_is_root and euid_root suggests a privilege escalation attempt."",
    ""Behavioural anomaly: unique_syscalls is high, indicating a novel syscall pattern, and ephemeral_privileged is set, suggesting a short-lived privileged process."",
    ""Benign-explanation test: the short lifetime and high throughput do not strongly suggest a routine admin script or health-check."",
    ""Decide: the combination of privilege escalation indicators and novel syscall pattern outweighs XGBoost's benign call; this supports the CNN.""
  ],
  ""key_features"": [""uid_is_root"", ""euid_root"", ""unique_syscalls"", ""ephemeral_privileged"", ""max_uid_euid_delta""],
  ""agrees_with"": ""cnn""
}"
55465,3,0,benign,0,1,0.6923177242279053,0.7595603466033936,xgb_benign_cnn_malicious,MALICIOUS,1,0.83,cnn,ok,"[""Privilege state: uid_is_root and euid_root are both set, indicating a root context."", ""Mechanism: is_suid_exec is not set, but the combination of uid_is_root and euid_root suggests a privilege escalation attempt."", ""Behavioural anomaly: unique_syscalls is high, indicating a novel syscall pattern, and ephemeral_privileged is set, suggesting a short-lived privileged process."", ""Benign-explanation test: the short lifetime and high throughput do not strongly suggest a routine admin script or health-check."", ""Decide: the combination of privilege escalation indicators and novel syscall pattern outweighs XGBoost's benign call; this supports the CNN.""]","[""uid_is_root"", ""euid_root"", ""unique_syscalls"", ""ephemeral_privileged"", ""max_uid_euid_delta""]","{
  ""verdict"": ""MALICIOUS"",
  ""confidence"": 0.83,
  ""rationale_steps"": [
    ""Privilege state: uid_is_root and euid_root are both set, indicating a root context."",
    ""Mechanism: is_suid_exec is not set, but the combination of uid_is_root and euid_root suggests a privilege escalation attempt."",
    ""Behavioural anomaly: unique_syscalls is high, indicating a novel syscall pattern, and ephemeral_privileged is set, suggesting a short-lived privileged process."",
    ""Benign-explanation test: the short lifetime and high throughput do not strongly suggest a routine admin script or health-check."",
    ""Decide: the combination of privilege escalation indicators and novel syscall pattern outweighs XGBoost's benign call; this supports the CNN.""
  ],
  ""key_features"": [""uid_is_root"", ""euid_root"", ""unique_syscalls"", ""ephemeral_privileged"", ""max_uid_euid_delta""],
  ""agrees_with"": ""cnn""
}"
55610,3,1,T1078_Valid_Accounts,0,1,0.6923177242279053,0.7595603466033936,xgb_benign_cnn_malicious,MALICIOUS,1,0.83,cnn,ok,"[""Privilege state: uid_is_root and euid_root are both set, indicating a root context."", ""Mechanism: is_suid_exec is not set, but the combination of uid_is_root and euid_root suggests a privilege escalation attempt."", ""Behavioural anomaly: unique_syscalls is high, indicating a novel syscall pattern, and ephemeral_privileged is set, suggesting a short-lived privileged process."", ""Benign-explanation test: the short lifetime and high throughput do not strongly suggest a routine admin script or health-check."", ""Decide: the combination of privilege escalation indicators and novel syscall pattern outweighs XGBoost's benign call; this supports the CNN.""]","[""uid_is_root"", ""euid_root"", ""unique_syscalls"", ""ephemeral_privileged"", ""max_uid_euid_delta""]","{
  ""verdict"": ""MALICIOUS"",
  ""confidence"": 0.83,
  ""rationale_steps"": [
    ""Privilege state: uid_is_root and euid_root are both set, indicating a root context."",
    ""Mechanism: is_suid_exec is not set, but the combination of uid_is_root and euid_root suggests a privilege escalation attempt."",
    ""Behavioural anomaly: unique_syscalls is high, indicating a novel syscall pattern, and ephemeral_privileged is set, suggesting a short-lived privileged process."",
    ""Benign-explanation test: the short lifetime and high throughput do not strongly suggest a routine admin script or health-check."",
    ""Decide: the combination of privilege escalation indicators and novel syscall pattern outweighs XGBoost's benign call; this supports the CNN.""
  ],
  ""key_features"": [""uid_is_root"", ""euid_root"", ""unique_syscalls"", ""ephemeral_privileged"", ""max_uid_euid_delta""],
  ""agrees_with"": ""cnn""
}"
55642,3,1,T1078_Valid_Accounts,0,1,0.6923177242279053,0.7595603466033936,xgb_benign_cnn_malicious,MALICIOUS,1,0.83,cnn,ok,"[""Privilege state: uid_is_root and euid_root are both set, indicating a root context."", ""Mechanism: is_suid_exec is not set, but the combination of uid_is_root and euid_root suggests a privilege escalation attempt."", ""Behavioural anomaly: unique_syscalls is high, indicating a novel syscall pattern, and ephemeral_privileged is set, suggesting a short-lived privileged process."", ""Benign-explanation test: the short lifetime and high throughput do not strongly suggest a routine admin script or health-check."", ""Decide: the combination of privilege escalation indicators and novel syscall pattern outweighs XGBoost's benign call; this supports the CNN.""]","[""uid_is_root"", ""euid_root"", ""unique_syscalls"", ""ephemeral_privileged"", ""max_uid_euid_delta""]","{
  ""verdict"": ""MALICIOUS"",
  ""confidence"": 0.83,
  ""rationale_steps"": [
    ""Privilege state: uid_is_root and euid_root are both set, indicating a root context."",
    ""Mechanism: is_suid_exec is not set, but the combination of uid_is_root and euid_root suggests a privilege escalation attempt."",
    ""Behavioural anomaly: unique_syscalls is high, indicating a novel syscall pattern, and ephemeral_privileged is set, suggesting a short-lived privileged process."",
    ""Benign-explanation test: the short lifetime and high throughput do not strongly suggest a routine admin script or health-check."",
    ""Decide: the combination of privilege escalation indicators and novel syscall pattern outweighs XGBoost's benign call; this supports the CNN.""
  ],
  ""key_features"": [""uid_is_root"", ""euid_root"", ""unique_syscalls"", ""ephemeral_privileged"", ""max_uid_euid_delta""],
  ""agrees_with"": ""cnn""
}"
55685,3,1,T1078_Valid_Accounts,0,1,0.6607770323753357,0.6625580787658691,xgb_benign_cnn_malicious,BENIGN,0,0.83,xgb,ok,"[""Privilege state: uid_is_root and euid_root are both set, but max_uid_euid_delta is 0, indicating no genuine UID/EUID transition."", ""Mechanism: is_suid_exec is 0, and there's no unusual exec chain or shell spawned by a service."", ""Behavioural anomaly: ephemeral_privileged is set, but network_count is 0, and there's no sensitive-path access."", ""Benign-explanation test: the process has a high throughput (uid_is_root and euid_root) and a short lifetime, consistent with a routine admin script or health-check."", ""Decide: the evidence supports XGBoost's benign call, as there's no clear escalation mechanism or behavioural anomaly.""]","[""uid_is_root"", ""euid_root"", ""max_uid_euid_delta"", ""is_suid_exec"", ""ephemeral_privileged""]","{
  ""verdict"": ""BENIGN"",
  ""confidence"": 0.83,
  ""rationale_steps"": [
    ""Privilege state: uid_is_root and euid_root are both set, but max_uid_euid_delta is 0, indicating no genuine UID/EUID transition."",
    ""Mechanism: is_suid_exec is 0, and there's no unusual exec chain or shell spawned by a service."",
    ""Behavioural anomaly: ephemeral_privileged is set, but network_count is 0, and there's no sensitive-path access."",
    ""Benign-explanation test: the process has a high throughput (uid_is_root and euid_root) and a short lifetime, consistent with a routine admin script or health-check."",
    ""Decide: the evidence supports XGBoost's benign call, as there's no clear escalation mechanism or behavioural anomaly.""
  ],
  ""key_features"": [""uid_is_root"", ""euid_root"", ""max_uid_euid_delta"", ""is_suid_exec"", ""ephemeral_privileged""],
  ""agrees_with"": ""xgb""
}"
56569,3,0,benign,0,1,0.6923177242279053,0.7595603466033936,xgb_benign_cnn_malicious,MALICIOUS,1,0.83,cnn,ok,"[""Privilege state: uid_is_root and euid_root are both set, indicating a root context."", ""Mechanism: is_suid_exec is not set, but the combination of uid_is_root and euid_root suggests a privilege escalation attempt."", ""Behavioural anomaly: unique_syscalls is high, indicating a novel syscall pattern, and ephemeral_privileged is set, suggesting a short-lived privileged process."", ""Benign-explanation test: the short lifetime and high throughput do not strongly suggest a routine admin script or health-check."", ""Decide: the combination of privilege escalation indicators and novel syscall pattern outweighs XGBoost's benign call; this supports the CNN.""]","[""uid_is_root"", ""euid_root"", ""unique_syscalls"", ""ephemeral_privileged"", ""max_uid_euid_delta""]","{
  ""verdict"": ""MALICIOUS"",
  ""confidence"": 0.83,
  ""rationale_steps"": [
    ""Privilege state: uid_is_root and euid_root are both set, indicating a root context."",
    ""Mechanism: is_suid_exec is not set, but the combination of uid_is_root and euid_root suggests a privilege escalation attempt."",
    ""Behavioural anomaly: unique_syscalls is high, indicating a novel syscall pattern, and ephemeral_privileged is set, suggesting a short-lived privileged process."",
    ""Benign-explanation test: the short lifetime and high throughput do not strongly suggest a routine admin script or health-check."",
    ""Decide: the combination of privilege escalation indicators and novel syscall pattern outweighs XGBoost's benign call; this supports the CNN.""
  ],
  ""key_features"": [""uid_is_root"", ""euid_root"", ""unique_syscalls"", ""ephemeral_privileged"", ""max_uid_euid_delta""],
  ""agrees_with"": ""cnn""
}"
57236,4,0,benign,0,1,0.4733957052230835,0.7111262083053589,xgb_benign_cnn_malicious,MALICIOUS,1,0.83,cnn,ok,"[""Privilege state: uid_is_root and euid_root are both set, indicating a root context."", ""Mechanism: is_suid_exec is not set, but auid_euid_mismatch and ephemeral_privileged are, suggesting a privilege escalation attempt."", ""Behavioural anomaly: failed_call_rate is high, indicating a high rate of failed syscalls, and priv_op_count is low, suggesting a lack of privileged operations."", ""Benign-explanation test: the short lifetime and high failed_call_rate make it unlikely to be a routine admin script or health-check."", ""Decide: the evidence supports CNN's call, despite XGBoost's benign prediction.""]","[""uid_is_root"", ""euid_root"", ""auid_euid_mismatch"", ""ephemeral_privileged"", ""failed_call_rate""]","{
  ""verdict"": ""MALICIOUS"",
  ""confidence"": 0.83,
  ""rationale_steps"": [
    ""Privilege state: uid_is_root and euid_root are both set, indicating a root context."",
    ""Mechanism: is_suid_exec is not set, but auid_euid_mismatch and ephemeral_privileged are, suggesting a privilege escalation attempt."",
    ""Behavioural anomaly: failed_call_rate is high, indicating a high rate of failed syscalls, and priv_op_count is low, suggesting a lack of privileged operations."",
    ""Benign-explanation test: the short lifetime and high failed_call_rate make it unlikely to be a routine admin script or health-check."",
    ""Decide: the evidence supports CNN's call, despite XGBoost's benign prediction.""
  ],
  ""key_features"": [""uid_is_root"", ""euid_root"", ""auid_euid_mismatch"", ""ephemeral_privileged"", ""failed_call_rate""],
  ""agrees_with"": ""cnn""
}"
57629,3,1,T1078_Valid_Accounts,0,1,0.6923177242279053,0.7595603466033936,xgb_benign_cnn_malicious,MALICIOUS,1,0.83,cnn,ok,"[""Privilege state: uid_is_root and euid_root are both set, indicating a root context."", ""Mechanism: is_suid_exec is not set, but the combination of uid_is_root and euid_root suggests a privilege escalation attempt."", ""Behavioural anomaly: unique_syscalls is high, indicating a novel syscall pattern, and ephemeral_privileged is set, suggesting a short-lived privileged process."", ""Benign-explanation test: the short lifetime and high throughput do not strongly suggest a routine admin script or health-check."", ""Decide: the combination of privilege escalation indicators and novel syscall pattern outweighs XGBoost's benign call; this supports the CNN.""]","[""uid_is_root"", ""euid_root"", ""unique_syscalls"", ""ephemeral_privileged"", ""max_uid_euid_delta""]","{
  ""verdict"": ""MALICIOUS"",
  ""confidence"": 0.83,
  ""rationale_steps"": [
    ""Privilege state: uid_is_root and euid_root are both set, indicating a root context."",
    ""Mechanism: is_suid_exec is not set, but the combination of uid_is_root and euid_root suggests a privilege escalation attempt."",
    ""Behavioural anomaly: unique_syscalls is high, indicating a novel syscall pattern, and ephemeral_privileged is set, suggesting a short-lived privileged process."",
    ""Benign-explanation test: the short lifetime and high throughput do not strongly suggest a routine admin script or health-check."",
    ""Decide: the combination of privilege escalation indicators and novel syscall pattern outweighs XGBoost's benign call; this supports the CNN.""
  ],
  ""key_features"": [""uid_is_root"", ""euid_root"", ""unique_syscalls"", ""ephemeral_privileged"", ""max_uid_euid_delta""],
  ""agrees_with"": ""cnn""
}"
57693,1,0,benign,0,1,0.6632530093193054,0.9899991750717163,xgb_benign_cnn_malicious,MALICIOUS,1,0.92,cnn,ok,"[""Privilege state: uid_is_root and euid_root are both set, indicating a genuine root context."", ""Mechanism: is_suid_exec is not set, but the combination of uid_is_root, euid_root, and auid_euid_mismatch suggests a privilege escalation attempt."", ""Behavioural anomaly: the process is ephemeral and privileged, with a high file-access count, indicating a potential attack."", ""Benign-explanation test: the short lifetime and high file-access count make it unlikely to be a routine admin script or health-check."", ""Decide: the combination of privilege escalation indicators and behavioural anomalies outweighs XGBoost's benign call; this supports the CNN.""]","[""uid_is_root"", ""euid_root"", ""auid_euid_mismatch"", ""ephemeral_privileged"", ""priv_op_count""]","{
  ""verdict"": ""MALICIOUS"",
  ""confidence"": 0.92,
  ""rationale_steps"": [
    ""Privilege state: uid_is_root and euid_root are both set, indicating a genuine root context."",
    ""Mechanism: is_suid_exec is not set, but the combination of uid_is_root, euid_root, and auid_euid_mismatch suggests a privilege escalation attempt."",
    ""Behavioural anomaly: the process is ephemeral and privileged, with a high file-access count, indicating a potential attack."",
    ""Benign-explanation test: the short lifetime and high file-access count make it unlikely to be a routine admin script or health-check."",
    ""Decide: the combination of privilege escalation indicators and behavioural anomalies outweighs XGBoost's benign call; this supports the CNN.""
  ],
  ""key_features"": [""uid_is_root"", ""euid_root"", ""auid_euid_mismatch"", ""ephemeral_privileged"", ""priv_op_count""],
  ""agrees_with"": ""cnn""
}"
58626,3,1,T1078_Valid_Accounts,0,1,0.46803539991378784,0.5545594096183777,xgb_benign_cnn_malicious,MALICIOUS,1,0.83,cnn,ok,"[""Privilege state: uid_is_root and euid_root are both set, indicating a root context."", ""Mechanism: is_suid_exec is not set, but auid_euid_mismatch and ephemeral_privileged are, suggesting a privilege escalation attempt."", ""Behavioural anomaly: max_uid_euid_delta is low, indicating no large privilege transition, but auid_euid_mismatch is set, indicating an identity inconsistency."", ""Benign-explanation test: the short-lived process with privilege and identity inconsistency does not match the profile of a routine admin script or health-check."", ""Decide: the evidence supports CNN's call, as the privilege escalation attempt and identity inconsistency outweigh XGBoost's benign call.""]","[""uid_is_root"", ""euid_root"", ""auid_euid_mismatch"", ""ephemeral_privileged"", ""max_uid_euid_delta""]","{
  ""verdict"": ""MALICIOUS"",
  ""confidence"": 0.83,
  ""rationale_steps"": [
    ""Privilege state: uid_is_root and euid_root are both set, indicating a root context."",
    ""Mechanism: is_suid_exec is not set, but auid_euid_mismatch and ephemeral_privileged are, suggesting a privilege escalation attempt."",
    ""Behavioural anomaly: max_uid_euid_delta is low, indicating no large privilege transition, but auid_euid_mismatch is set, indicating an identity inconsistency."",
    ""Benign-explanation test: the short-lived process with privilege and identity inconsistency does not match the profile of a routine admin script or health-check."",
    ""Decide: the evidence supports CNN's call, as the privilege escalation attempt and identity inconsistency outweigh XGBoost's benign call.""
  ],
  ""key_features"": [""uid_is_root"", ""euid_root"", ""auid_euid_mismatch"", ""ephemeral_privileged"", ""max_uid_euid_delta""],
  ""agrees_with"": ""cnn""
}"
58718,3,1,T1078_Valid_Accounts,0,1,0.6923177242279053,0.7595603466033936,xgb_benign_cnn_malicious,MALICIOUS,1,0.83,cnn,ok,"[""Privilege state: uid_is_root and euid_root are both set, indicating a root context."", ""Mechanism: is_suid_exec is not set, but the combination of uid_is_root and euid_root suggests a privilege escalation attempt."", ""Behavioural anomaly: unique_syscalls is high, indicating a novel syscall pattern, and ephemeral_privileged is set, suggesting a short-lived privileged process."", ""Benign-explanation test: the short lifetime and high throughput do not strongly suggest a routine admin script or health-check."", ""Decide: the combination of privilege escalation indicators and novel syscall pattern outweighs XGBoost's benign call; this supports the CNN.""]","[""uid_is_root"", ""euid_root"", ""unique_syscalls"", ""ephemeral_privileged"", ""max_uid_euid_delta""]","{
  ""verdict"": ""MALICIOUS"",
  ""confidence"": 0.83,
  ""rationale_steps"": [
    ""Privilege state: uid_is_root and euid_root are both set, indicating a root context."",
    ""Mechanism: is_suid_exec is not set, but the combination of uid_is_root and euid_root suggests a privilege escalation attempt."",
    ""Behavioural anomaly: unique_syscalls is high, indicating a novel syscall pattern, and ephemeral_privileged is set, suggesting a short-lived privileged process."",
    ""Benign-explanation test: the short lifetime and high throughput do not strongly suggest a routine admin script or health-check."",
    ""Decide: the combination of privilege escalation indicators and novel syscall pattern outweighs XGBoost's benign call; this supports the CNN.""
  ],
  ""key_features"": [""uid_is_root"", ""euid_root"", ""unique_syscalls"", ""ephemeral_privileged"", ""max_uid_euid_delta""],
  ""agrees_with"": ""cnn""
}"
59010,3,1,T1078_Valid_Accounts,0,1,0.3220290243625641,0.5545240044593811,xgb_benign_cnn_malicious,MALICIOUS,1,0.83,cnn,ok,"[""Privilege state: uid_is_root and euid_root are both set, indicating a genuine root context."", ""Mechanism: is_suid_exec is not set, but the combination of uid_is_root, euid_root, and auid_euid_mismatch suggests a privilege escalation attempt."", ""Behavioural anomaly: ephemeral_privileged is set, indicating a short-lived process that held privilege, and file_access_count is low, suggesting a focused attack."", ""Benign-explanation test: the short lifetime and lack of throughput argue against a routine admin script, cron job, or health-check."", ""Decide: the combination of privilege escalation indicators and behavioural anomalies outweighs XGBoost's benign call; this supports the CNN.""]","[""uid_is_root"", ""euid_root"", ""auid_euid_mismatch"", ""ephemeral_privileged"", ""priv_op_count""]","{
  ""verdict"": ""MALICIOUS"",
  ""confidence"": 0.83,
  ""rationale_steps"": [
    ""Privilege state: uid_is_root and euid_root are both set, indicating a genuine root context."",
    ""Mechanism: is_suid_exec is not set, but the combination of uid_is_root, euid_root, and auid_euid_mismatch suggests a privilege escalation attempt."",
    ""Behavioural anomaly: ephemeral_privileged is set, indicating a short-lived process that held privilege, and file_access_count is low, suggesting a focused attack."",
    ""Benign-explanation test: the short lifetime and lack of throughput argue against a routine admin script, cron job, or health-check."",
    ""Decide: the combination of privilege escalation indicators and behavioural anomalies outweighs XGBoost's benign call; this supports the CNN.""
  ],
  ""key_features"": [""uid_is_root"", ""euid_root"", ""auid_euid_mismatch"", ""ephemeral_privileged"", ""priv_op_count""],
  ""agrees_with"": ""cnn""
}"
59070,3,1,T1078_Valid_Accounts,0,1,0.6923177242279053,0.7595603466033936,xgb_benign_cnn_malicious,MALICIOUS,1,0.83,cnn,ok,"[""Privilege state: uid_is_root and euid_root are both set, indicating a root context."", ""Mechanism: is_suid_exec is not set, but the combination of uid_is_root and euid_root suggests a privilege escalation attempt."", ""Behavioural anomaly: unique_syscalls is high, indicating a novel syscall pattern, and ephemeral_privileged is set, suggesting a short-lived privileged process."", ""Benign-explanation test: the short lifetime and high throughput do not strongly suggest a routine admin script or health-check."", ""Decide: the combination of privilege escalation indicators and novel syscall pattern outweighs XGBoost's benign call; this supports the CNN.""]","[""uid_is_root"", ""euid_root"", ""unique_syscalls"", ""ephemeral_privileged"", ""max_uid_euid_delta""]","{
  ""verdict"": ""MALICIOUS"",
  ""confidence"": 0.83,
  ""rationale_steps"": [
    ""Privilege state: uid_is_root and euid_root are both set, indicating a root context."",
    ""Mechanism: is_suid_exec is not set, but the combination of uid_is_root and euid_root suggests a privilege escalation attempt."",
    ""Behavioural anomaly: unique_syscalls is high, indicating a novel syscall pattern, and ephemeral_privileged is set, suggesting a short-lived privileged process."",
    ""Benign-explanation test: the short lifetime and high throughput do not strongly suggest a routine admin script or health-check."",
    ""Decide: the combination of privilege escalation indicators and novel syscall pattern outweighs XGBoost's benign call; this supports the CNN.""
  ],
  ""key_features"": [""uid_is_root"", ""euid_root"", ""unique_syscalls"", ""ephemeral_privileged"", ""max_uid_euid_delta""],
  ""agrees_with"": ""cnn""
}"
61362,3,1,T1078_Valid_Accounts,0,1,0.6923177242279053,0.7595603466033936,xgb_benign_cnn_malicious,MALICIOUS,1,0.83,cnn,ok,"[""Privilege state: uid_is_root and euid_root are both set, indicating a root context."", ""Mechanism: is_suid_exec is not set, but the combination of uid_is_root and euid_root suggests a privilege escalation attempt."", ""Behavioural anomaly: unique_syscalls is high, indicating a novel syscall pattern, and ephemeral_privileged is set, suggesting a short-lived privileged process."", ""Benign-explanation test: the short lifetime and high throughput do not strongly suggest a routine admin script or health-check."", ""Decide: the combination of privilege escalation indicators and novel syscall pattern outweighs XGBoost's benign call; this supports the CNN.""]","[""uid_is_root"", ""euid_root"", ""unique_syscalls"", ""ephemeral_privileged"", ""max_uid_euid_delta""]","{
  ""verdict"": ""MALICIOUS"",
  ""confidence"": 0.83,
  ""rationale_steps"": [
    ""Privilege state: uid_is_root and euid_root are both set, indicating a root context."",
    ""Mechanism: is_suid_exec is not set, but the combination of uid_is_root and euid_root suggests a privilege escalation attempt."",
    ""Behavioural anomaly: unique_syscalls is high, indicating a novel syscall pattern, and ephemeral_privileged is set, suggesting a short-lived privileged process."",
    ""Benign-explanation test: the short lifetime and high throughput do not strongly suggest a routine admin script or health-check."",
    ""Decide: the combination of privilege escalation indicators and novel syscall pattern outweighs XGBoost's benign call; this supports the CNN.""
  ],
  ""key_features"": [""uid_is_root"", ""euid_root"", ""unique_syscalls"", ""ephemeral_privileged"", ""max_uid_euid_delta""],
  ""agrees_with"": ""cnn""
}"
62393,3,1,T1078_Valid_Accounts,0,1,0.6607770323753357,0.6625580787658691,xgb_benign_cnn_malicious,BENIGN,0,0.83,xgb,ok,"[""Privilege state: uid_is_root and euid_root are both set, but max_uid_euid_delta is 0, indicating no genuine UID/EUID transition."", ""Mechanism: is_suid_exec is 0, and there's no unusual exec chain or shell spawned by a service."", ""Behavioural anomaly: ephemeral_privileged is set, but network_count is 0, and there's no sensitive-path access."", ""Benign-explanation test: the process has a high throughput (uid_is_root and euid_root) and a short lifetime, consistent with a routine admin script or health-check."", ""Decide: the evidence supports XGBoost's benign call, as there's no clear escalation mechanism or behavioural anomaly.""]","[""uid_is_root"", ""euid_root"", ""max_uid_euid_delta"", ""is_suid_exec"", ""ephemeral_privileged""]","{
  ""verdict"": ""BENIGN"",
  ""confidence"": 0.83,
  ""rationale_steps"": [
    ""Privilege state: uid_is_root and euid_root are both set, but max_uid_euid_delta is 0, indicating no genuine UID/EUID transition."",
    ""Mechanism: is_suid_exec is 0, and there's no unusual exec chain or shell spawned by a service."",
    ""Behavioural anomaly: ephemeral_privileged is set, but network_count is 0, and there's no sensitive-path access."",
    ""Benign-explanation test: the process has a high throughput (uid_is_root and euid_root) and a short lifetime, consistent with a routine admin script or health-check."",
    ""Decide: the evidence supports XGBoost's benign call, as there's no clear escalation mechanism or behavioural anomaly.""
  ],
  ""key_features"": [""uid_is_root"", ""euid_root"", ""max_uid_euid_delta"", ""is_suid_exec"", ""ephemeral_privileged""],
  ""agrees_with"": ""xgb""
}"
62945,3,0,benign,0,1,0.6923177242279053,0.7595603466033936,xgb_benign_cnn_malicious,MALICIOUS,1,0.83,cnn,ok,"[""Privilege state: uid_is_root and euid_root are both set, indicating a root context."", ""Mechanism: is_suid_exec is not set, but the combination of uid_is_root and euid_root suggests a privilege escalation attempt."", ""Behavioural anomaly: unique_syscalls is high, indicating a novel syscall pattern, and ephemeral_privileged is set, suggesting a short-lived privileged process."", ""Benign-explanation test: the short lifetime and high throughput do not strongly suggest a routine admin script or health-check."", ""Decide: the combination of privilege escalation indicators and novel syscall pattern outweighs XGBoost's benign call; this supports the CNN.""]","[""uid_is_root"", ""euid_root"", ""unique_syscalls"", ""ephemeral_privileged"", ""max_uid_euid_delta""]","{
  ""verdict"": ""MALICIOUS"",
  ""confidence"": 0.83,
  ""rationale_steps"": [
    ""Privilege state: uid_is_root and euid_root are both set, indicating a root context."",
    ""Mechanism: is_suid_exec is not set, but the combination of uid_is_root and euid_root suggests a privilege escalation attempt."",
    ""Behavioural anomaly: unique_syscalls is high, indicating a novel syscall pattern, and ephemeral_privileged is set, suggesting a short-lived privileged process."",
    ""Benign-explanation test: the short lifetime and high throughput do not strongly suggest a routine admin script or health-check."",
    ""Decide: the combination of privilege escalation indicators and novel syscall pattern outweighs XGBoost's benign call; this supports the CNN.""
  ],
  ""key_features"": [""uid_is_root"", ""euid_root"", ""unique_syscalls"", ""ephemeral_privileged"", ""max_uid_euid_delta""],
  ""agrees_with"": ""cnn""
}"
63346,3,1,T1078_Valid_Accounts,0,1,0.6923177242279053,0.7595603466033936,xgb_benign_cnn_malicious,MALICIOUS,1,0.83,cnn,ok,"[""Privilege state: uid_is_root and euid_root are both set, indicating a root context."", ""Mechanism: is_suid_exec is not set, but the combination of uid_is_root and euid_root suggests a privilege escalation attempt."", ""Behavioural anomaly: unique_syscalls is high, indicating a novel syscall pattern, and ephemeral_privileged is set, suggesting a short-lived privileged process."", ""Benign-explanation test: the short lifetime and high throughput do not strongly suggest a routine admin script or health-check."", ""Decide: the combination of privilege escalation indicators and novel syscall pattern outweighs XGBoost's benign call; this supports the CNN.""]","[""uid_is_root"", ""euid_root"", ""unique_syscalls"", ""ephemeral_privileged"", ""max_uid_euid_delta""]","{
  ""verdict"": ""MALICIOUS"",
  ""confidence"": 0.83,
  ""rationale_steps"": [
    ""Privilege state: uid_is_root and euid_root are both set, indicating a root context."",
    ""Mechanism: is_suid_exec is not set, but the combination of uid_is_root and euid_root suggests a privilege escalation attempt."",
    ""Behavioural anomaly: unique_syscalls is high, indicating a novel syscall pattern, and ephemeral_privileged is set, suggesting a short-lived privileged process."",
    ""Benign-explanation test: the short lifetime and high throughput do not strongly suggest a routine admin script or health-check."",
    ""Decide: the combination of privilege escalation indicators and novel syscall pattern outweighs XGBoost's benign call; this supports the CNN.""
  ],
  ""key_features"": [""uid_is_root"", ""euid_root"", ""unique_syscalls"", ""ephemeral_privileged"", ""max_uid_euid_delta""],
  ""agrees_with"": ""cnn""
}"
63551,3,0,benign,0,1,0.6923177242279053,0.7595603466033936,xgb_benign_cnn_malicious,MALICIOUS,1,0.83,cnn,ok,"[""Privilege state: uid_is_root and euid_root are both set, indicating a root context."", ""Mechanism: is_suid_exec is not set, but the combination of uid_is_root and euid_root suggests a privilege escalation attempt."", ""Behavioural anomaly: unique_syscalls is high, indicating a novel syscall pattern, and ephemeral_privileged is set, suggesting a short-lived privileged process."", ""Benign-explanation test: the short lifetime and high throughput do not strongly suggest a routine admin script or health-check."", ""Decide: the combination of privilege escalation indicators and novel syscall pattern outweighs XGBoost's benign call; this supports the CNN.""]","[""uid_is_root"", ""euid_root"", ""unique_syscalls"", ""ephemeral_privileged"", ""max_uid_euid_delta""]","{
  ""verdict"": ""MALICIOUS"",
  ""confidence"": 0.83,
  ""rationale_steps"": [
    ""Privilege state: uid_is_root and euid_root are both set, indicating a root context."",
    ""Mechanism: is_suid_exec is not set, but the combination of uid_is_root and euid_root suggests a privilege escalation attempt."",
    ""Behavioural anomaly: unique_syscalls is high, indicating a novel syscall pattern, and ephemeral_privileged is set, suggesting a short-lived privileged process."",
    ""Benign-explanation test: the short lifetime and high throughput do not strongly suggest a routine admin script or health-check."",
    ""Decide: the combination of privilege escalation indicators and novel syscall pattern outweighs XGBoost's benign call; this supports the CNN.""
  ],
  ""key_features"": [""uid_is_root"", ""euid_root"", ""unique_syscalls"", ""ephemeral_privileged"", ""max_uid_euid_delta""],
  ""agrees_with"": ""cnn""
}"
63958,3,0,benign,0,1,0.6923177242279053,0.7595603466033936,xgb_benign_cnn_malicious,MALICIOUS,1,0.83,cnn,ok,"[""Privilege state: uid_is_root and euid_root are both set, indicating a root context."", ""Mechanism: is_suid_exec is not set, but the combination of uid_is_root and euid_root suggests a privilege escalation attempt."", ""Behavioural anomaly: unique_syscalls is high, indicating a novel syscall pattern, and ephemeral_privileged is set, suggesting a short-lived privileged process."", ""Benign-explanation test: the short lifetime and high throughput do not strongly suggest a routine admin script or health-check."", ""Decide: the combination of privilege escalation indicators and novel syscall pattern outweighs XGBoost's benign call; this supports the CNN.""]","[""uid_is_root"", ""euid_root"", ""unique_syscalls"", ""ephemeral_privileged"", ""max_uid_euid_delta""]","{
  ""verdict"": ""MALICIOUS"",
  ""confidence"": 0.83,
  ""rationale_steps"": [
    ""Privilege state: uid_is_root and euid_root are both set, indicating a root context."",
    ""Mechanism: is_suid_exec is not set, but the combination of uid_is_root and euid_root suggests a privilege escalation attempt."",
    ""Behavioural anomaly: unique_syscalls is high, indicating a novel syscall pattern, and ephemeral_privileged is set, suggesting a short-lived privileged process."",
    ""Benign-explanation test: the short lifetime and high throughput do not strongly suggest a routine admin script or health-check."",
    ""Decide: the combination of privilege escalation indicators and novel syscall pattern outweighs XGBoost's benign call; this supports the CNN.""
  ],
  ""key_features"": [""uid_is_root"", ""euid_root"", ""unique_syscalls"", ""ephemeral_privileged"", ""max_uid_euid_delta""],
  ""agrees_with"": ""cnn""
}"
64295,3,0,benign,0,1,0.6923177242279053,0.7595603466033936,xgb_benign_cnn_malicious,MALICIOUS,1,0.83,cnn,ok,"[""Privilege state: uid_is_root and euid_root are both set, indicating a root context."", ""Mechanism: is_suid_exec is not set, but the combination of uid_is_root and euid_root suggests a privilege escalation attempt."", ""Behavioural anomaly: unique_syscalls is high, indicating a novel syscall pattern, and ephemeral_privileged is set, suggesting a short-lived privileged process."", ""Benign-explanation test: the short lifetime and high throughput do not strongly suggest a routine admin script or health-check."", ""Decide: the combination of privilege escalation indicators and novel syscall pattern outweighs XGBoost's benign call; this supports the CNN.""]","[""uid_is_root"", ""euid_root"", ""unique_syscalls"", ""ephemeral_privileged"", ""max_uid_euid_delta""]","{
  ""verdict"": ""MALICIOUS"",
  ""confidence"": 0.83,
  ""rationale_steps"": [
    ""Privilege state: uid_is_root and euid_root are both set, indicating a root context."",
    ""Mechanism: is_suid_exec is not set, but the combination of uid_is_root and euid_root suggests a privilege escalation attempt."",
    ""Behavioural anomaly: unique_syscalls is high, indicating a novel syscall pattern, and ephemeral_privileged is set, suggesting a short-lived privileged process."",
    ""Benign-explanation test: the short lifetime and high throughput do not strongly suggest a routine admin script or health-check."",
    ""Decide: the combination of privilege escalation indicators and novel syscall pattern outweighs XGBoost's benign call; this supports the CNN.""
  ],
  ""key_features"": [""uid_is_root"", ""euid_root"", ""unique_syscalls"", ""ephemeral_privileged"", ""max_uid_euid_delta""],
  ""agrees_with"": ""cnn""
}"
64432,3,0,benign,0,1,0.3220290243625641,0.5545240044593811,xgb_benign_cnn_malicious,MALICIOUS,1,0.83,cnn,ok,"[""Privilege state: uid_is_root and euid_root are both set, indicating a genuine root context."", ""Mechanism: is_suid_exec is not set, but the combination of uid_is_root, euid_root, and auid_euid_mismatch suggests a privilege escalation attempt."", ""Behavioural anomaly: ephemeral_privileged is set, indicating a short-lived process that held privilege, and file_access_count is low, suggesting a focused attack."", ""Benign-explanation test: the short lifetime and lack of throughput argue against a routine admin script, cron job, or health-check."", ""Decide: the combination of privilege escalation indicators and behavioural anomalies outweighs XGBoost's benign call; this supports the CNN.""]","[""uid_is_root"", ""euid_root"", ""auid_euid_mismatch"", ""ephemeral_privileged"", ""priv_op_count""]","{
  ""verdict"": ""MALICIOUS"",
  ""confidence"": 0.83,
  ""rationale_steps"": [
    ""Privilege state: uid_is_root and euid_root are both set, indicating a genuine root context."",
    ""Mechanism: is_suid_exec is not set, but the combination of uid_is_root, euid_root, and auid_euid_mismatch suggests a privilege escalation attempt."",
    ""Behavioural anomaly: ephemeral_privileged is set, indicating a short-lived process that held privilege, and file_access_count is low, suggesting a focused attack."",
    ""Benign-explanation test: the short lifetime and lack of throughput argue against a routine admin script, cron job, or health-check."",
    ""Decide: the combination of privilege escalation indicators and behavioural anomalies outweighs XGBoost's benign call; this supports the CNN.""
  ],
  ""key_features"": [""uid_is_root"", ""euid_root"", ""auid_euid_mismatch"", ""ephemeral_privileged"", ""priv_op_count""],
  ""agrees_with"": ""cnn""
}"
65351,3,0,benign,0,1,0.6923177242279053,0.7595603466033936,xgb_benign_cnn_malicious,MALICIOUS,1,0.83,cnn,ok,"[""Privilege state: uid_is_root and euid_root are both set, indicating a root context."", ""Mechanism: is_suid_exec is not set, but the combination of uid_is_root and euid_root suggests a privilege escalation attempt."", ""Behavioural anomaly: unique_syscalls is high, indicating a novel syscall pattern, and ephemeral_privileged is set, suggesting a short-lived privileged process."", ""Benign-explanation test: the short lifetime and high throughput do not strongly suggest a routine admin script or health-check."", ""Decide: the combination of privilege escalation indicators and novel syscall pattern outweighs XGBoost's benign call; this supports the CNN.""]","[""uid_is_root"", ""euid_root"", ""unique_syscalls"", ""ephemeral_privileged"", ""max_uid_euid_delta""]","{
  ""verdict"": ""MALICIOUS"",
  ""confidence"": 0.83,
  ""rationale_steps"": [
    ""Privilege state: uid_is_root and euid_root are both set, indicating a root context."",
    ""Mechanism: is_suid_exec is not set, but the combination of uid_is_root and euid_root suggests a privilege escalation attempt."",
    ""Behavioural anomaly: unique_syscalls is high, indicating a novel syscall pattern, and ephemeral_privileged is set, suggesting a short-lived privileged process."",
    ""Benign-explanation test: the short lifetime and high throughput do not strongly suggest a routine admin script or health-check."",
    ""Decide: the combination of privilege escalation indicators and novel syscall pattern outweighs XGBoost's benign call; this supports the CNN.""
  ],
  ""key_features"": [""uid_is_root"", ""euid_root"", ""unique_syscalls"", ""ephemeral_privileged"", ""max_uid_euid_delta""],
  ""agrees_with"": ""cnn""
}"
65497,3,0,benign,0,1,0.6923177242279053,0.7595603466033936,xgb_benign_cnn_malicious,MALICIOUS,1,0.83,cnn,ok,"[""Privilege state: uid_is_root and euid_root are both set, indicating a root context."", ""Mechanism: is_suid_exec is not set, but the combination of uid_is_root and euid_root suggests a privilege escalation attempt."", ""Behavioural anomaly: unique_syscalls is high, indicating a novel syscall pattern, and ephemeral_privileged is set, suggesting a short-lived privileged process."", ""Benign-explanation test: the short lifetime and high throughput do not strongly suggest a routine admin script or health-check."", ""Decide: the combination of privilege escalation indicators and novel syscall pattern outweighs XGBoost's benign call; this supports the CNN.""]","[""uid_is_root"", ""euid_root"", ""unique_syscalls"", ""ephemeral_privileged"", ""max_uid_euid_delta""]","{
  ""verdict"": ""MALICIOUS"",
  ""confidence"": 0.83,
  ""rationale_steps"": [
    ""Privilege state: uid_is_root and euid_root are both set, indicating a root context."",
    ""Mechanism: is_suid_exec is not set, but the combination of uid_is_root and euid_root suggests a privilege escalation attempt."",
    ""Behavioural anomaly: unique_syscalls is high, indicating a novel syscall pattern, and ephemeral_privileged is set, suggesting a short-lived privileged process."",
    ""Benign-explanation test: the short lifetime and high throughput do not strongly suggest a routine admin script or health-check."",
    ""Decide: the combination of privilege escalation indicators and novel syscall pattern outweighs XGBoost's benign call; this supports the CNN.""
  ],
  ""key_features"": [""uid_is_root"", ""euid_root"", ""unique_syscalls"", ""ephemeral_privileged"", ""max_uid_euid_delta""],
  ""agrees_with"": ""cnn""
}"
65567,3,0,benign,0,1,0.6607770323753357,0.6625580787658691,xgb_benign_cnn_malicious,BENIGN,0,0.83,xgb,ok,"[""Privilege state: uid_is_root and euid_root are both set, but max_uid_euid_delta is 0, indicating no genuine UID/EUID transition."", ""Mechanism: is_suid_exec is 0, and there's no unusual exec chain or shell spawned by a service."", ""Behavioural anomaly: ephemeral_privileged is set, but network_count is 0, and there's no sensitive-path access."", ""Benign-explanation test: the process has a high throughput (uid_is_root and euid_root) and a short lifetime, consistent with a routine admin script or health-check."", ""Decide: the evidence supports XGBoost's benign call, as there's no clear escalation mechanism or behavioural anomaly.""]","[""uid_is_root"", ""euid_root"", ""max_uid_euid_delta"", ""is_suid_exec"", ""ephemeral_privileged""]","{
  ""verdict"": ""BENIGN"",
  ""confidence"": 0.83,
  ""rationale_steps"": [
    ""Privilege state: uid_is_root and euid_root are both set, but max_uid_euid_delta is 0, indicating no genuine UID/EUID transition."",
    ""Mechanism: is_suid_exec is 0, and there's no unusual exec chain or shell spawned by a service."",
    ""Behavioural anomaly: ephemeral_privileged is set, but network_count is 0, and there's no sensitive-path access."",
    ""Benign-explanation test: the process has a high throughput (uid_is_root and euid_root) and a short lifetime, consistent with a routine admin script or health-check."",
    ""Decide: the evidence supports XGBoost's benign call, as there's no clear escalation mechanism or behavioural anomaly.""
  ],
  ""key_features"": [""uid_is_root"", ""euid_root"", ""max_uid_euid_delta"", ""is_suid_exec"", ""ephemeral_privileged""],
  ""agrees_with"": ""xgb""
}"
65731,1,0,benign,0,1,0.39246416091918945,1.0,xgb_benign_cnn_malicious,MALICIOUS,1,0.92,cnn,ok,"[""Privilege state: uid_is_root, euid_root, and max_uid_euid_delta are all at p99+, indicating a genuine root context and privilege transition."", ""Mechanism: is_suid_exec is set, indicating a setuid/setgid binary execution, and priv_op_count is elevated, suggesting a privileged operation."", ""Behavioural anomaly: uid_changed and ephemeral_privileged are both set, indicating a UID change and a short-lived privileged process."", ""Benign-explanation test: the short lifetime and elevated file-access syscalls argue against a routine admin script or health-check."", ""Decide: the combination of privilege transition, setuid execution, and elevated privileged operations outweighs XGBoost's benign call; this supports the CNN.""]","[""uid_is_root"", ""uid_changed"", ""euid_root"", ""max_uid_euid_delta"", ""is_suid_exec""]","{
  ""verdict"": ""MALICIOUS"",
  ""confidence"": 0.92,
  ""rationale_steps"": [
    ""Privilege state: uid_is_root, euid_root, and max_uid_euid_delta are all at p99+, indicating a genuine root context and privilege transition."",
    ""Mechanism: is_suid_exec is set, indicating a setuid/setgid binary execution, and priv_op_count is elevated, suggesting a privileged operation."",
    ""Behavioural anomaly: uid_changed and ephemeral_privileged are both set, indicating a UID change and a short-lived privileged process."",
    ""Benign-explanation test: the short lifetime and elevated file-access syscalls argue against a routine admin script or health-check."",
    ""Decide: the combination of privilege transition, setuid execution, and elevated privileged operations outweighs XGBoost's benign call; this supports the CNN.""
  ],
  ""key_features"": [""uid_is_root"", ""uid_changed"", ""euid_root"", ""max_uid_euid_delta"", ""is_suid_exec""],
  ""agrees_with"": ""cnn""
}"
65900,3,0,benign,0,1,0.6923177242279053,0.7595603466033936,xgb_benign_cnn_malicious,MALICIOUS,1,0.83,cnn,ok,"[""Privilege state: uid_is_root and euid_root are both set, indicating a root context."", ""Mechanism: is_suid_exec is not set, but the combination of uid_is_root and euid_root suggests a privilege escalation attempt."", ""Behavioural anomaly: unique_syscalls is high, indicating a novel syscall pattern, and ephemeral_privileged is set, suggesting a short-lived privileged process."", ""Benign-explanation test: the short lifetime and high throughput do not strongly suggest a routine admin script or health-check."", ""Decide: the combination of privilege escalation indicators and novel syscall pattern outweighs XGBoost's benign call; this supports the CNN.""]","[""uid_is_root"", ""euid_root"", ""unique_syscalls"", ""ephemeral_privileged"", ""max_uid_euid_delta""]","{
  ""verdict"": ""MALICIOUS"",
  ""confidence"": 0.83,
  ""rationale_steps"": [
    ""Privilege state: uid_is_root and euid_root are both set, indicating a root context."",
    ""Mechanism: is_suid_exec is not set, but the combination of uid_is_root and euid_root suggests a privilege escalation attempt."",
    ""Behavioural anomaly: unique_syscalls is high, indicating a novel syscall pattern, and ephemeral_privileged is set, suggesting a short-lived privileged process."",
    ""Benign-explanation test: the short lifetime and high throughput do not strongly suggest a routine admin script or health-check."",
    ""Decide: the combination of privilege escalation indicators and novel syscall pattern outweighs XGBoost's benign call; this supports the CNN.""
  ],
  ""key_features"": [""uid_is_root"", ""euid_root"", ""unique_syscalls"", ""ephemeral_privileged"", ""max_uid_euid_delta""],
  ""agrees_with"": ""cnn""
}"
65944,4,1,T1078_Valid_Accounts,0,1,0.612684965133667,0.8049503564834595,xgb_benign_cnn_malicious,MALICIOUS,1,0.92,cnn,ok,"[""Privilege state: uid_is_root and euid_root are both set, indicating a genuine root context."", ""Mechanism: is_suid_exec is not set, but the combination of uid_is_root, euid_root, and auid_euid_mismatch suggests a privilege escalation attempt."", ""Behavioural anomaly: events_per_second is extremely high, indicating a potential attack, and ephemeral_privileged is set, suggesting a short-lived privileged process."", ""Benign-explanation test: the short lifetime and high throughput make it unlikely to be a routine admin script, cron job, or health-check."", ""Decide: the combination of privilege escalation indicators and behavioural anomalies outweighs XGBoost's benign call; this supports the CNN.""]","[""events_per_second"", ""uid_is_root"", ""euid_root"", ""auid_euid_mismatch"", ""ephemeral_privileged""]","{
  ""verdict"": ""MALICIOUS"",
  ""confidence"": 0.92,
  ""rationale_steps"": [
    ""Privilege state: uid_is_root and euid_root are both set, indicating a genuine root context."",
    ""Mechanism: is_suid_exec is not set, but the combination of uid_is_root, euid_root, and auid_euid_mismatch suggests a privilege escalation attempt."",
    ""Behavioural anomaly: events_per_second is extremely high, indicating a potential attack, and ephemeral_privileged is set, suggesting a short-lived privileged process."",
    ""Benign-explanation test: the short lifetime and high throughput make it unlikely to be a routine admin script, cron job, or health-check."",
    ""Decide: the combination of privilege escalation indicators and behavioural anomalies outweighs XGBoost's benign call; this supports the CNN.""
  ],
  ""key_features"": [""events_per_second"", ""uid_is_root"", ""euid_root"", ""auid_euid_mismatch"", ""ephemeral_privileged""],
  ""agrees_with"": ""cnn""
}"
66809,3,1,T1078_Valid_Accounts,0,1,0.6923177242279053,0.7595603466033936,xgb_benign_cnn_malicious,MALICIOUS,1,0.83,cnn,ok,"[""Privilege state: uid_is_root and euid_root are both set, indicating a root context."", ""Mechanism: is_suid_exec is not set, but the combination of uid_is_root and euid_root suggests a privilege escalation attempt."", ""Behavioural anomaly: unique_syscalls is high, indicating a novel syscall pattern, and ephemeral_privileged is set, suggesting a short-lived privileged process."", ""Benign-explanation test: the short lifetime and high throughput do not strongly suggest a routine admin script or health-check."", ""Decide: the combination of privilege escalation indicators and novel syscall pattern outweighs XGBoost's benign call; this supports the CNN.""]","[""uid_is_root"", ""euid_root"", ""unique_syscalls"", ""ephemeral_privileged"", ""max_uid_euid_delta""]","{
  ""verdict"": ""MALICIOUS"",
  ""confidence"": 0.83,
  ""rationale_steps"": [
    ""Privilege state: uid_is_root and euid_root are both set, indicating a root context."",
    ""Mechanism: is_suid_exec is not set, but the combination of uid_is_root and euid_root suggests a privilege escalation attempt."",
    ""Behavioural anomaly: unique_syscalls is high, indicating a novel syscall pattern, and ephemeral_privileged is set, suggesting a short-lived privileged process."",
    ""Benign-explanation test: the short lifetime and high throughput do not strongly suggest a routine admin script or health-check."",
    ""Decide: the combination of privilege escalation indicators and novel syscall pattern outweighs XGBoost's benign call; this supports the CNN.""
  ],
  ""key_features"": [""uid_is_root"", ""euid_root"", ""unique_syscalls"", ""ephemeral_privileged"", ""max_uid_euid_delta""],
  ""agrees_with"": ""cnn""
}"
67315,3,1,T1078_Valid_Accounts,0,1,0.6923177242279053,0.7595603466033936,xgb_benign_cnn_malicious,MALICIOUS,1,0.83,cnn,ok,"[""Privilege state: uid_is_root and euid_root are both set, indicating a root context."", ""Mechanism: is_suid_exec is not set, but the combination of uid_is_root and euid_root suggests a privilege escalation attempt."", ""Behavioural anomaly: unique_syscalls is high, indicating a novel syscall pattern, and ephemeral_privileged is set, suggesting a short-lived privileged process."", ""Benign-explanation test: the short lifetime and high throughput do not strongly suggest a routine admin script or health-check."", ""Decide: the combination of privilege escalation indicators and novel syscall pattern outweighs XGBoost's benign call; this supports the CNN.""]","[""uid_is_root"", ""euid_root"", ""unique_syscalls"", ""ephemeral_privileged"", ""max_uid_euid_delta""]","{
  ""verdict"": ""MALICIOUS"",
  ""confidence"": 0.83,
  ""rationale_steps"": [
    ""Privilege state: uid_is_root and euid_root are both set, indicating a root context."",
    ""Mechanism: is_suid_exec is not set, but the combination of uid_is_root and euid_root suggests a privilege escalation attempt."",
    ""Behavioural anomaly: unique_syscalls is high, indicating a novel syscall pattern, and ephemeral_privileged is set, suggesting a short-lived privileged process."",
    ""Benign-explanation test: the short lifetime and high throughput do not strongly suggest a routine admin script or health-check."",
    ""Decide: the combination of privilege escalation indicators and novel syscall pattern outweighs XGBoost's benign call; this supports the CNN.""
  ],
  ""key_features"": [""uid_is_root"", ""euid_root"", ""unique_syscalls"", ""ephemeral_privileged"", ""max_uid_euid_delta""],
  ""agrees_with"": ""cnn""
}"
67450,4,0,benign,0,1,0.4733957052230835,0.7111262083053589,xgb_benign_cnn_malicious,MALICIOUS,1,0.83,cnn,ok,"[""Privilege state: uid_is_root and euid_root are both set, indicating a root context."", ""Mechanism: is_suid_exec is not set, but auid_euid_mismatch and ephemeral_privileged are, suggesting a privilege escalation attempt."", ""Behavioural anomaly: failed_call_rate is high, indicating a high rate of failed syscalls, and priv_op_count is low, suggesting a lack of privileged operations."", ""Benign-explanation test: the short lifetime and high failed_call_rate make it unlikely to be a routine admin script or health-check."", ""Decide: the evidence supports CNN's call, despite XGBoost's benign prediction.""]","[""uid_is_root"", ""euid_root"", ""auid_euid_mismatch"", ""ephemeral_privileged"", ""failed_call_rate""]","{
  ""verdict"": ""MALICIOUS"",
  ""confidence"": 0.83,
  ""rationale_steps"": [
    ""Privilege state: uid_is_root and euid_root are both set, indicating a root context."",
    ""Mechanism: is_suid_exec is not set, but auid_euid_mismatch and ephemeral_privileged are, suggesting a privilege escalation attempt."",
    ""Behavioural anomaly: failed_call_rate is high, indicating a high rate of failed syscalls, and priv_op_count is low, suggesting a lack of privileged operations."",
    ""Benign-explanation test: the short lifetime and high failed_call_rate make it unlikely to be a routine admin script or health-check."",
    ""Decide: the evidence supports CNN's call, despite XGBoost's benign prediction.""
  ],
  ""key_features"": [""uid_is_root"", ""euid_root"", ""auid_euid_mismatch"", ""ephemeral_privileged"", ""failed_call_rate""],
  ""agrees_with"": ""cnn""
}"
67501,4,0,benign,0,1,0.3904956877231598,0.9322004318237305,xgb_benign_cnn_malicious,MALICIOUS,1,0.93,cnn,ok,"[""Privilege state: uid_is_root and euid_root are both set, indicating a genuine root context."", ""Mechanism: is_suid_exec is not set, but the presence of a root context and an ephemeral-privileged process suggests a potential escalation attempt."", ""Behavioural anomaly: failed_call_rate and failed_call_count are both high, indicating a high rate of failed syscalls, which is unusual for benign activity."", ""Benign-explanation test: the short lifetime and high throughput of the process make it unlikely to be a routine admin script, cron job, or health-check."", ""Decide: the presence of a root context, high failed syscall rate, and short lifetime outweigh XGBoost's benign call; this supports the CNN's flag.""]","[""uid_is_root"", ""euid_root"", ""max_uid_euid_delta"", ""ephemeral_privileged"", ""failed_call_rate""]","{
  ""verdict"": ""MALICIOUS"",
  ""confidence"": 0.93,
  ""rationale_steps"": [
    ""Privilege state: uid_is_root and euid_root are both set, indicating a genuine root context."",
    ""Mechanism: is_suid_exec is not set, but the presence of a root context and an ephemeral-privileged process suggests a potential escalation attempt."",
    ""Behavioural anomaly: failed_call_rate and failed_call_count are both high, indicating a high rate of failed syscalls, which is unusual for benign activity."",
    ""Benign-explanation test: the short lifetime and high throughput of the process make it unlikely to be a routine admin script, cron job, or health-check."",
    ""Decide: the presence of a root context, high failed syscall rate, and short lifetime outweigh XGBoost's benign call; this supports the CNN's flag.""
  ],
  ""key_features"": [""uid_is_root"", ""euid_root"", ""max_uid_euid_delta"", ""ephemeral_privileged"", ""failed_call_rate""],
  ""agrees_with"": ""cnn""
}"
67674,3,0,benign,0,1,0.3220290243625641,0.5545240044593811,xgb_benign_cnn_malicious,MALICIOUS,1,0.83,cnn,ok,"[""Privilege state: uid_is_root and euid_root are both set, indicating a genuine root context."", ""Mechanism: is_suid_exec is not set, but the combination of uid_is_root, euid_root, and auid_euid_mismatch suggests a privilege escalation attempt."", ""Behavioural anomaly: ephemeral_privileged is set, indicating a short-lived process that held privilege, and file_access_count is low, suggesting a focused attack."", ""Benign-explanation test: the short lifetime and lack of throughput argue against a routine admin script, cron job, or health-check."", ""Decide: the combination of privilege escalation indicators and behavioural anomalies outweighs XGBoost's benign call; this supports the CNN.""]","[""uid_is_root"", ""euid_root"", ""auid_euid_mismatch"", ""ephemeral_privileged"", ""priv_op_count""]","{
  ""verdict"": ""MALICIOUS"",
  ""confidence"": 0.83,
  ""rationale_steps"": [
    ""Privilege state: uid_is_root and euid_root are both set, indicating a genuine root context."",
    ""Mechanism: is_suid_exec is not set, but the combination of uid_is_root, euid_root, and auid_euid_mismatch suggests a privilege escalation attempt."",
    ""Behavioural anomaly: ephemeral_privileged is set, indicating a short-lived process that held privilege, and file_access_count is low, suggesting a focused attack."",
    ""Benign-explanation test: the short lifetime and lack of throughput argue against a routine admin script, cron job, or health-check."",
    ""Decide: the combination of privilege escalation indicators and behavioural anomalies outweighs XGBoost's benign call; this supports the CNN.""
  ],
  ""key_features"": [""uid_is_root"", ""euid_root"", ""auid_euid_mismatch"", ""ephemeral_privileged"", ""priv_op_count""],
  ""agrees_with"": ""cnn""
}"
67876,3,1,T1078_Valid_Accounts,0,1,0.6923177242279053,0.7595603466033936,xgb_benign_cnn_malicious,MALICIOUS,1,0.83,cnn,ok,"[""Privilege state: uid_is_root and euid_root are both set, indicating a root context."", ""Mechanism: is_suid_exec is not set, but the combination of uid_is_root and euid_root suggests a privilege escalation attempt."", ""Behavioural anomaly: unique_syscalls is high, indicating a novel syscall pattern, and ephemeral_privileged is set, suggesting a short-lived privileged process."", ""Benign-explanation test: the short lifetime and high throughput do not strongly suggest a routine admin script or health-check."", ""Decide: the combination of privilege escalation indicators and novel syscall pattern outweighs XGBoost's benign call; this supports the CNN.""]","[""uid_is_root"", ""euid_root"", ""unique_syscalls"", ""ephemeral_privileged"", ""max_uid_euid_delta""]","{
  ""verdict"": ""MALICIOUS"",
  ""confidence"": 0.83,
  ""rationale_steps"": [
    ""Privilege state: uid_is_root and euid_root are both set, indicating a root context."",
    ""Mechanism: is_suid_exec is not set, but the combination of uid_is_root and euid_root suggests a privilege escalation attempt."",
    ""Behavioural anomaly: unique_syscalls is high, indicating a novel syscall pattern, and ephemeral_privileged is set, suggesting a short-lived privileged process."",
    ""Benign-explanation test: the short lifetime and high throughput do not strongly suggest a routine admin script or health-check."",
    ""Decide: the combination of privilege escalation indicators and novel syscall pattern outweighs XGBoost's benign call; this supports the CNN.""
  ],
  ""key_features"": [""uid_is_root"", ""euid_root"", ""unique_syscalls"", ""ephemeral_privileged"", ""max_uid_euid_delta""],
  ""agrees_with"": ""cnn""
}"
67960,3,0,benign,0,1,0.6923177242279053,0.7595603466033936,xgb_benign_cnn_malicious,MALICIOUS,1,0.83,cnn,ok,"[""Privilege state: uid_is_root and euid_root are both set, indicating a root context."", ""Mechanism: is_suid_exec is not set, but the combination of uid_is_root and euid_root suggests a privilege escalation attempt."", ""Behavioural anomaly: unique_syscalls is high, indicating a novel syscall pattern, and ephemeral_privileged is set, suggesting a short-lived privileged process."", ""Benign-explanation test: the short lifetime and high throughput do not strongly suggest a routine admin script or health-check."", ""Decide: the combination of privilege escalation indicators and novel syscall pattern outweighs XGBoost's benign call; this supports the CNN.""]","[""uid_is_root"", ""euid_root"", ""unique_syscalls"", ""ephemeral_privileged"", ""max_uid_euid_delta""]","{
  ""verdict"": ""MALICIOUS"",
  ""confidence"": 0.83,
  ""rationale_steps"": [
    ""Privilege state: uid_is_root and euid_root are both set, indicating a root context."",
    ""Mechanism: is_suid_exec is not set, but the combination of uid_is_root and euid_root suggests a privilege escalation attempt."",
    ""Behavioural anomaly: unique_syscalls is high, indicating a novel syscall pattern, and ephemeral_privileged is set, suggesting a short-lived privileged process."",
    ""Benign-explanation test: the short lifetime and high throughput do not strongly suggest a routine admin script or health-check."",
    ""Decide: the combination of privilege escalation indicators and novel syscall pattern outweighs XGBoost's benign call; this supports the CNN.""
  ],
  ""key_features"": [""uid_is_root"", ""euid_root"", ""unique_syscalls"", ""ephemeral_privileged"", ""max_uid_euid_delta""],
  ""agrees_with"": ""cnn""
}"
68255,3,0,benign,0,1,0.45945414900779724,0.5329562425613403,xgb_benign_cnn_malicious,MALICIOUS,1,0.83,cnn,ok,"[""Privilege state: uid_is_root and euid_root are both set, indicating a root context."", ""Mechanism: is_suid_exec is not set, but the presence of uid_is_root and euid_root suggests a privilege escalation attempt."", ""Behavioural anomaly: failed_call_rate is high, indicating a potential anomaly in system call behavior."", ""Benign-explanation test: the short-lived, privileged process with high failed_call_rate does not match the profile of a routine admin script or health-check."", ""Decide: the presence of uid_is_root and euid_root, combined with the high failed_call_rate, supports the CNN's call over XGBoost's benign call.""]","[""uid_is_root"", ""euid_root"", ""max_uid_euid_delta"", ""failed_call_rate"", ""ephemeral_privileged""]","{
  ""verdict"": ""MALICIOUS"",
  ""confidence"": 0.83,
  ""rationale_steps"": [
    ""Privilege state: uid_is_root and euid_root are both set, indicating a root context."",
    ""Mechanism: is_suid_exec is not set, but the presence of uid_is_root and euid_root suggests a privilege escalation attempt."",
    ""Behavioural anomaly: failed_call_rate is high, indicating a potential anomaly in system call behavior."",
    ""Benign-explanation test: the short-lived, privileged process with high failed_call_rate does not match the profile of a routine admin script or health-check."",
    ""Decide: the presence of uid_is_root and euid_root, combined with the high failed_call_rate, supports the CNN's call over XGBoost's benign call.""
  ],
  ""key_features"": [""uid_is_root"", ""euid_root"", ""max_uid_euid_delta"", ""failed_call_rate"", ""ephemeral_privileged""],
  ""agrees_with"": ""cnn""
}"
